t_start_s,t_end_s,duration_s,energy_nJ,event_label
9.82672,9.8298,0.003080000000000638,7965.028411710182,bench_add_reg_reg
10.03004,10.03312,0.003080000000000638,7957.1344470621925,bench_add_reg_reg
10.23334,10.23642,0.003080000000000638,7950.078172144824,bench_add_reg_reg
10.43664,10.43974,0.0030999999999998806,8018.70736293422,bench_add_reg_reg
10.63994,10.64304,0.0030999999999998806,8019.077547360229,bench_add_reg_reg
10.84326,10.84634,0.0030799999999988614,7933.142909310838,bench_add_reg_reg
11.04656,11.04966,0.0030999999999998806,8011.170704848921,bench_add_reg_reg
11.24988,11.25296,0.003080000000000638,7957.981494257366,bench_add_reg_reg
11.45318,11.45628,0.0030999999999998806,8007.816148455922,bench_add_reg_reg
11.6565,11.65958,0.003080000000000638,7939.290693031569,bench_add_reg_reg
11.8598,11.86288,0.003080000000000638,7935.113168788652,bench_add_reg_reg
12.0631,12.0662,0.0030999999999998806,8018.144189845118,bench_add_reg_reg
12.26642,12.2695,0.003080000000000638,7940.493344796373,bench_add_reg_reg
12.46972,12.4728,0.0030799999999988614,7960.023072079198,bench_add_reg_reg
12.67304,12.67612,0.0030799999999988614,7953.076646660057,bench_add_reg_reg
12.87636,12.87944,0.003080000000000638,7950.484724716849,bench_add_reg_reg
13.07966,13.08276,0.0030999999999998806,8004.436625632673,bench_add_reg_reg
13.28298,13.28606,0.003080000000000638,7970.8288516863095,bench_add_reg_reg
13.4863,13.48938,0.003080000000000638,7950.343226549775,bench_add_reg_reg
13.6896,13.6927,0.0030999999999998806,8001.675903796358,bench_add_reg_reg
13.89292,13.896,0.003080000000000638,7952.6125360293745,bench_add_reg_reg
14.09622,14.09932,0.0030999999999998806,8010.968819725384,bench_add_reg_reg
14.29954,14.30262,0.0030799999999988614,7953.928047787975,bench_add_reg_reg
14.50286,14.50594,0.003080000000000638,7952.588726767936,bench_add_reg_reg
14.70618,14.70926,0.003080000000000638,7936.941906811443,bench_add_reg_reg
14.90948,14.91256,0.0030799999999988614,7944.814353246816,bench_add_reg_reg
15.1128,15.11588,0.003080000000000638,7951.151439921536,bench_add_reg_reg
15.3161,15.31918,0.0030799999999988614,7949.483543631035,bench_add_reg_reg
15.51942,15.5225,0.003080000000000638,7959.213384894168,bench_add_reg_reg
15.72272,15.7258,0.0030799999999988614,7939.405867360692,bench_add_reg_reg
15.92602,15.92912,0.0030999999999998806,8012.90525123461,bench_add_reg_reg
16.12934,16.13242,0.003080000000000638,7939.025652596798,bench_add_reg_reg
16.33264,16.33572,0.003079999999997085,7957.337170364855,bench_add_reg_reg
16.53596,16.53904,0.003080000000000638,7948.174239137991,bench_add_reg_reg
16.73926,16.74234,0.003079999999997085,7953.030904746464,bench_add_reg_reg
16.94256,16.94566,0.0030999999999998806,8011.785857378871,bench_add_reg_reg
17.14588,17.14896,0.003080000000000638,7948.938545307545,bench_add_reg_reg
17.34918,17.35226,0.003080000000000638,7947.357036174885,bench_add_reg_reg
17.5525,17.55558,0.003080000000000638,7949.21760680408,bench_add_reg_reg
17.7558,17.75888,0.003080000000000638,7949.448532891448,bench_add_reg_reg
17.9591,17.96218,0.003080000000000638,7953.780984973503,bench_add_reg_reg
18.1624,18.1655,0.0030999999999998806,8009.881728793125,bench_add_reg_reg
18.36572,18.3688,0.003080000000000638,7959.99199617837,bench_add_reg_reg
18.56904,18.57212,0.003080000000000638,7958.841705695892,bench_add_reg_reg
18.77234,18.77542,0.003080000000000638,7963.189571166087,bench_add_reg_reg
18.97564,18.97872,0.003080000000000638,7946.117292160723,bench_add_reg_reg
19.17896,19.18204,0.003080000000000638,7968.858520035972,bench_add_reg_reg
19.38226,19.38536,0.0030999999999998806,8004.30392380879,bench_add_reg_reg
19.58558,19.58866,0.003080000000000638,7948.052012362797,bench_add_reg_reg
19.78888,19.79196,0.003080000000000638,7956.452390647041,bench_add_reg_reg
19.99218,19.99528,0.0030999999999998806,8010.881331282511,bench_add_reg_reg
20.1955,20.19858,0.003080000000000638,7937.789016870632,bench_add_reg_reg
20.3988,20.40188,0.003079999999997085,7978.554449501218,bench_add_reg_reg
20.6021,20.6052,0.0030999999999998806,8001.173697411516,bench_add_reg_reg
20.80542,20.8085,0.003079999999997085,7949.932969632485,bench_add_reg_reg
21.00874,21.01182,0.003080000000000638,7960.702569691381,bench_add_reg_reg
21.21204,21.21512,0.003080000000000638,7951.294127854382,bench_add_reg_reg
21.41536,21.41844,0.003080000000000638,7950.230420103366,bench_add_reg_reg
21.61866,21.62174,0.003080000000000638,7952.617099511215,bench_add_reg_reg
21.82196,21.82504,0.003080000000000638,7939.614946954852,bench_add_reg_reg
22.02528,22.02836,0.003080000000000638,7954.130726868952,bench_add_reg_reg
22.22858,22.23166,0.003080000000000638,7957.373503596545,bench_add_reg_reg
22.43188,22.43498,0.0030999999999998806,8005.337093490832,bench_add_reg_reg
22.6352,22.63828,0.003080000000000638,7932.819901035211,bench_add_reg_reg
22.8385,22.84158,0.003080000000000638,7954.064942897574,bench_add_reg_reg
23.0418,23.0449,0.0030999999999998806,8014.951301739048,bench_add_reg_reg
23.24512,23.2482,0.003080000000000638,7938.221883961285,bench_add_reg_reg
23.44842,23.4515,0.003080000000000638,7951.311443468995,bench_add_reg_reg
23.65172,23.6548,0.003080000000000638,7933.719202410971,bench_add_reg_reg
23.85502,23.8581,0.003080000000000638,7952.314226424222,bench_add_reg_reg
24.05832,24.0614,0.003080000000000638,7925.048032777973,bench_add_reg_reg
24.26162,24.2647,0.003080000000000638,7957.995324396611,bench_add_reg_reg
24.46492,24.468,0.003080000000000638,7944.232688752835,bench_add_reg_reg
24.66822,24.67132,0.0030999999999998806,8005.070982033811,bench_add_reg_reg
24.87154,24.87462,0.003080000000000638,7945.177489893499,bench_add_reg_reg
25.07484,25.07792,0.003080000000000638,7960.911991542862,bench_add_reg_reg
25.27814,25.28122,0.003080000000000638,7952.5961563935,bench_add_reg_reg
25.48144,25.48452,0.003080000000000638,7969.283724671677,bench_add_reg_reg
25.68474,25.68784,0.0030999999999998806,7994.191427713525,bench_add_reg_reg
25.88806,25.89114,0.003080000000000638,7948.046606035826,bench_add_reg_reg
26.09136,26.09444,0.003079999999997085,7937.007686114871,bench_add_reg_reg
26.29466,26.29774,0.003080000000000638,7958.848418203666,bench_add_reg_reg
26.49796,26.50104,0.003080000000000638,7953.295565677974,bench_add_reg_reg
26.70126,26.70434,0.003079999999997085,7945.749978526428,bench_add_reg_reg
26.90456,26.90764,0.003080000000000638,7960.161801894709,bench_add_reg_reg
27.10786,27.11094,0.003080000000000638,7963.898794262098,bench_add_reg_reg
27.31116,27.31426,0.0030999999999998806,8004.989135077949,bench_add_reg_reg
27.51448,27.51756,0.003080000000000638,7956.198845061171,bench_add_reg_reg
27.71778,27.72086,0.003079999999997085,7941.209042902392,bench_add_reg_reg
27.92108,27.92416,0.003080000000000638,7954.670761247526,bench_add_reg_reg
28.12438,28.12746,0.003080000000000638,7959.687362893059,bench_add_reg_reg
28.32768,28.33076,0.003080000000000638,7965.499011335172,bench_add_reg_reg
28.531,28.53408,0.003080000000000638,7964.879297653725,bench_add_reg_reg
28.7343,28.73738,0.003080000000000638,7945.972774178669,bench_add_reg_reg
28.9376,28.94068,0.003080000000000638,7953.32072070002,bench_add_reg_reg
29.1409,29.14398,0.003080000000000638,7956.697533375229,bench_add_reg_reg
29.3442,29.34728,0.003080000000000638,7967.227678746875,bench_add_reg_reg
29.5475,29.55058,0.003080000000000638,7965.51844570991,bench_add_reg_reg
29.7508,29.7539,0.0030999999999998806,8014.361995736597,bench_add_reg_reg
29.9541,29.9572,0.0030999999999998806,8009.708325843243,bench_add_reg_reg
30.15742,30.16344,0.006020000000003023,15940.264293466682,bench_add_imm_reg
30.36366,30.3697,0.006040000000002266,15982.857490895582,bench_add_imm_reg
30.56992,30.57594,0.00601999999999947,15914.908796547074,bench_add_imm_reg
30.77616,30.7822,0.006039999999998713,16005.00877480569,bench_add_imm_reg
30.9824,30.98844,0.006040000000002266,15982.322772040381,bench_add_imm_reg
31.18864,31.19468,0.006040000000002266,16002.670940949192,bench_add_imm_reg
31.39488,31.40092,0.006039999999998713,16006.366654760344,bench_add_imm_reg
31.60112,31.60716,0.006039999999998713,16001.137052658067,bench_add_imm_reg
31.80738,31.8134,0.006020000000003023,15942.28069997333,bench_add_imm_reg
32.01362,32.01966,0.006039999999998713,16001.186727074873,bench_add_imm_reg
32.21988,32.2259,0.00601999999999947,15939.989273898651,bench_add_imm_reg
32.42612,32.43216,0.0060400000000058185,16003.589020126845,bench_add_imm_reg
32.63238,32.6384,0.00601999999999947,15941.075140145063,bench_add_imm_reg
32.83862,32.84466,0.006039999999998713,15987.219004887693,bench_add_imm_reg
33.04488,33.05092,0.006039999999998713,15993.730130136077,bench_add_imm_reg
33.25114,33.25716,0.00601999999999947,15937.561276366829,bench_add_imm_reg
33.45738,33.46342,0.006039999999998713,15995.711691207027,bench_add_imm_reg
33.66364,33.66968,0.006039999999998713,15989.205574147025,bench_add_imm_reg
33.86988,33.87592,0.006039999999998713,15994.248231867743,bench_add_imm_reg
34.07614,34.08218,0.006039999999998713,15985.007649283669,bench_add_imm_reg
34.28238,34.28842,0.006039999999998713,15996.609227726494,bench_add_imm_reg
34.48864,34.49468,0.0060400000000058185,16001.710600702756,bench_add_imm_reg
34.6949,34.70094,0.0060400000000058185,15994.030204618348,bench_add_imm_reg
34.90114,34.90718,0.006039999999998713,15995.369309090882,bench_add_imm_reg
35.1074,35.11344,0.006039999999998713,15989.89902762362,bench_add_imm_reg
35.31366,35.3197,0.006039999999998713,15995.110867075908,bench_add_imm_reg
35.51992,35.52596,0.006039999999998713,15999.289008319809,bench_add_imm_reg
35.72618,35.73222,0.006039999999998713,15989.311612207663,bench_add_imm_reg
35.93244,35.93848,0.006039999999998713,15998.827936123806,bench_add_imm_reg
36.1387,36.14472,0.00601999999999947,15926.882326601148,bench_add_imm_reg
36.34494,36.35098,0.006039999999998713,16000.96068577378,bench_add_imm_reg
36.5512,36.55724,0.006039999999998713,15992.96807078186,bench_add_imm_reg
36.75746,36.76348,0.00601999999999947,15931.933938988619,bench_add_imm_reg
36.9637,36.96974,0.006039999999998713,15996.241141105233,bench_add_imm_reg
37.16996,37.176,0.006039999999998713,16003.313737451836,bench_add_imm_reg
37.37622,37.38224,0.00601999999999947,15940.735028122934,bench_add_imm_reg
37.58246,37.5885,0.0060400000000058185,15978.564848208183,bench_add_imm_reg
37.78872,37.79474,0.00601999999999947,15937.246538232443,bench_add_imm_reg
37.99496,38.001,0.006039999999998713,15979.812571309247,bench_add_imm_reg
38.2012,38.20724,0.006039999999998713,15986.904725427901,bench_add_imm_reg
38.40746,38.4135,0.006039999999998713,15996.929141688515,bench_add_imm_reg
38.6137,38.61974,0.006039999999998713,15981.018182351825,bench_add_imm_reg
38.81996,38.826,0.006039999999998713,15999.687104482015,bench_add_imm_reg
39.02622,39.03224,0.00601999999999947,15952.748460692233,bench_add_imm_reg
39.23246,39.2385,0.006039999999998713,15990.929675749097,bench_add_imm_reg
39.43872,39.44476,0.006039999999998713,15981.42851376498,bench_add_imm_reg
39.64498,39.651,0.006020000000006576,15936.36324863893,bench_add_imm_reg
39.85122,39.85726,0.006039999999998713,15966.33207285595,bench_add_imm_reg
40.05748,40.06352,0.006039999999998713,15986.140123566045,bench_add_imm_reg
40.26374,40.26978,0.006039999999998713,15989.254291631885,bench_add_imm_reg
40.47,40.47604,0.006039999999998713,15994.316870343091,bench_add_imm_reg
40.67626,40.68228,0.00601999999999947,15926.08326580189,bench_add_imm_reg
40.8825,40.88854,0.006039999999998713,15969.492273867052,bench_add_imm_reg
41.08876,41.0948,0.006039999999998713,15991.95379530618,bench_add_imm_reg
41.29502,41.30106,0.006039999999998713,15975.636229845682,bench_add_imm_reg
41.50128,41.50732,0.006039999999998713,15980.718145142264,bench_add_imm_reg
41.70754,41.71356,0.00601999999999947,15932.778227140427,bench_add_imm_reg
41.9138,41.91982,0.00601999999999947,15932.752878867908,bench_add_imm_reg
42.12004,42.12608,0.006039999999998713,15980.725069525379,bench_add_imm_reg
42.3263,42.33234,0.006039999999998713,15990.727271413849,bench_add_imm_reg
42.53256,42.5386,0.0060400000000058185,15985.939127876078,bench_add_imm_reg
42.73882,42.74486,0.0060400000000058185,15972.373483254732,bench_add_imm_reg
42.94508,42.95112,0.0060400000000058185,15993.474810401267,bench_add_imm_reg
43.15134,43.15738,0.0060400000000058185,15988.174839893354,bench_add_imm_reg
43.3576,43.36364,0.006039999999998713,15979.311380067249,bench_add_imm_reg
43.56386,43.5699,0.006039999999998713,15985.26508779867,bench_add_imm_reg
43.77012,43.77616,0.006039999999998713,15981.42356378639,bench_add_imm_reg
43.9764,43.98242,0.00601999999999947,15938.258643725796,bench_add_imm_reg
44.18266,44.18868,0.00601999999999947,15913.50652044509,bench_add_imm_reg
44.3889,44.39494,0.006039999999998713,15988.954792260954,bench_add_imm_reg
44.59516,44.6012,0.006039999999998713,15987.616509660951,bench_add_imm_reg
44.80142,44.80746,0.006039999999998713,15971.456945403574,bench_add_imm_reg
45.00768,45.01372,0.006039999999998713,15981.576940971501,bench_add_imm_reg
45.21394,45.21996,0.00601999999999947,15925.389367619748,bench_add_imm_reg
45.42018,45.42622,0.006039999999998713,15974.630874111326,bench_add_imm_reg
45.62644,45.63248,0.006039999999998713,15974.030473729903,bench_add_imm_reg
45.8327,45.83872,0.00601999999999947,15917.500446082524,bench_add_imm_reg
46.03896,46.045,0.006039999999998713,15969.467300450999,bench_add_imm_reg
46.24522,46.25124,0.00601999999999947,15921.346887478097,bench_add_imm_reg
46.45148,46.4575,0.006020000000006576,15900.709009748545,bench_add_imm_reg
46.65772,46.66376,0.0060400000000058185,15974.452416428705,bench_add_imm_reg
46.86398,46.87,0.00601999999999947,15908.54799374747,bench_add_imm_reg
47.07022,47.07626,0.006039999999998713,15977.368787859055,bench_add_imm_reg
47.27648,47.2825,0.00601999999999947,15928.080284500738,bench_add_imm_reg
47.48274,47.48876,0.00601999999999947,15933.87212604086,bench_add_imm_reg
47.689,47.69502,0.00601999999999947,15924.923336131002,bench_add_imm_reg
47.89524,47.90128,0.006039999999998713,15984.388068313854,bench_add_imm_reg
48.1015,48.10752,0.00601999999999947,15912.101562132679,bench_add_imm_reg
48.30774,48.31378,0.006039999999998713,15990.914478892904,bench_add_imm_reg
48.514,48.52004,0.006039999999998713,15972.688326141997,bench_add_imm_reg
48.72026,48.72628,0.00601999999999947,15924.713867713466,bench_add_imm_reg
48.9265,48.93254,0.0060400000000058185,15989.358518289151,bench_add_imm_reg
49.13276,49.13878,0.00601999999999947,15918.459927196127,bench_add_imm_reg
49.339,49.34504,0.006039999999998713,15977.229964916845,bench_add_imm_reg
49.54526,49.55128,0.00601999999999947,15913.190941790022,bench_add_imm_reg
49.7515,49.75752,0.00601999999999947,15923.267242031408,bench_add_imm_reg
49.95774,49.96378,0.006039999999998713,15989.383691917414,bench_add_imm_reg
50.164,50.17002,0.00601999999999947,15915.805734691532,bench_add_imm_reg
50.37024,50.37628,0.006039999999998713,15972.613119515125,bench_add_imm_reg
50.5765,50.58252,0.00601999999999947,15936.69548397559,bench_add_imm_reg
50.78276,50.78944,0.0066799999999958,19256.671566969595,bench_add_idx_reg
50.98966,50.99634,0.0066799999999958,19262.45961104226,bench_add_idx_reg
51.19656,51.20324,0.006680000000002906,19261.067183697356,bench_add_idx_reg
51.40346,51.41014,0.0066799999999958,19248.211614309093,bench_add_idx_reg
51.61036,51.61704,0.006680000000002906,19269.419149503363,bench_add_idx_reg
51.81726,51.82394,0.006680000000002906,19268.48751726474,bench_add_idx_reg
52.02416,52.03086,0.006699999999995043,19336.946606620888,bench_add_idx_reg
52.23106,52.23776,0.006700000000002149,19330.924239482047,bench_add_idx_reg
52.43796,52.44464,0.006680000000002906,19286.506311046294,bench_add_idx_reg
52.64486,52.65154,0.0066799999999958,19278.280204149036,bench_add_idx_reg
52.85176,52.85844,0.006680000000002906,19244.857952007012,bench_add_idx_reg
53.05866,53.06534,0.0066799999999958,19264.550353387316,bench_add_idx_reg
53.26556,53.27226,0.006700000000002149,19321.781687909526,bench_add_idx_reg
53.47248,53.47916,0.006680000000002906,19270.509711941,bench_add_idx_reg
53.67938,53.68606,0.0066799999999958,19257.969467421175,bench_add_idx_reg
53.88628,53.89296,0.006680000000002906,19268.82751054085,bench_add_idx_reg
54.09318,54.09986,0.006680000000002906,19272.71933528751,bench_add_idx_reg
54.30008,54.30678,0.006700000000002149,19330.983429686014,bench_add_idx_reg
54.50698,54.51368,0.006700000000002149,19348.77940687032,bench_add_idx_reg
54.71388,54.72056,0.0066799999999958,19258.970797513095,bench_add_idx_reg
54.9208,54.92748,0.006680000000002906,19287.244183949886,bench_add_idx_reg
55.1277,55.13438,0.006680000000002906,19278.71412831382,bench_add_idx_reg
55.3346,55.34128,0.0066799999999958,19267.11674079914,bench_add_idx_reg
55.5415,55.54818,0.006680000000002906,19262.85132300917,bench_add_idx_reg
55.7484,55.75508,0.006680000000002906,19282.24476520976,bench_add_idx_reg
55.95528,55.96198,0.006699999999995043,19340.7429265633,bench_add_idx_reg
56.16218,56.16886,0.006680000000002906,19265.80429776426,bench_add_idx_reg
56.36908,56.37576,0.006680000000002906,19288.399165971445,bench_add_idx_reg
56.57598,56.58266,0.0066799999999958,19284.762523589736,bench_add_idx_reg
56.78288,56.78956,0.006680000000002906,19276.651381523483,bench_add_idx_reg
56.98978,56.99646,0.0066799999999958,19277.408611947812,bench_add_idx_reg
57.19668,57.20338,0.006700000000002149,19329.85988446216,bench_add_idx_reg
57.4036,57.41028,0.006680000000002906,19273.861551200767,bench_add_idx_reg
57.6105,57.61718,0.0066799999999958,19275.19702351328,bench_add_idx_reg
57.8174,57.8241,0.006700000000002149,19335.51790891818,bench_add_idx_reg
58.02432,58.031,0.0066799999999958,19256.774315131523,bench_add_idx_reg
58.23122,58.2379,0.006680000000002906,19264.731840237695,bench_add_idx_reg
58.43812,58.44482,0.006700000000002149,19341.965725185648,bench_add_idx_reg
58.64504,58.65172,0.0066799999999958,19275.467754329566,bench_add_idx_reg
58.85194,58.85862,0.006680000000002906,19265.73604579026,bench_add_idx_reg
59.05884,59.06554,0.006700000000002149,19346.228989313968,bench_add_idx_reg
59.26576,59.27244,0.006680000000002906,19267.006004237563,bench_add_idx_reg
59.47266,59.47936,0.006700000000002149,19334.548155317807,bench_add_idx_reg
59.67958,59.68626,0.0066799999999958,19280.625996167557,bench_add_idx_reg
59.88648,59.89318,0.006700000000002149,19328.353842726825,bench_add_idx_reg
60.0934,60.10008,0.0066799999999958,19279.853745816345,bench_add_idx_reg
60.3003,60.30698,0.006680000000002906,19268.592470334355,bench_add_idx_reg
60.5072,60.5139,0.006700000000002149,19345.911291900644,bench_add_idx_reg
60.71412,60.7208,0.0066799999999958,19266.929274877242,bench_add_idx_reg
60.92102,60.9277,0.006680000000002906,19279.84050708767,bench_add_idx_reg
61.12792,61.1346,0.0066799999999958,19286.376400837667,bench_add_idx_reg
61.33484,61.34152,0.006680000000002906,19284.966003623547,bench_add_idx_reg
61.54174,61.54842,0.006680000000002906,19282.946453904075,bench_add_idx_reg
61.74864,61.75534,0.006699999999995043,19332.527460049198,bench_add_idx_reg
61.95556,61.96224,0.006680000000002906,19275.951152675556,bench_add_idx_reg
62.16246,62.16914,0.0066799999999958,19261.767030680585,bench_add_idx_reg
62.36936,62.37604,0.006680000000002906,19258.62671109712,bench_add_idx_reg
62.57626,62.58296,0.006700000000002149,19331.55639330606,bench_add_idx_reg
62.78318,62.78986,0.0066799999999958,19295.867362513196,bench_add_idx_reg
62.99008,62.99676,0.006680000000002906,19280.365523890196,bench_add_idx_reg
63.19698,63.20368,0.006699999999995043,19342.903909257795,bench_add_idx_reg
63.4039,63.41058,0.006680000000002906,19283.33225660792,bench_add_idx_reg
63.61082,63.6175,0.006680000000002906,19280.657274659112,bench_add_idx_reg
63.81772,63.8244,0.0066799999999958,19266.08345237151,bench_add_idx_reg
64.02464,64.03132,0.006679999999988695,19269.515101297726,bench_add_idx_reg
64.23154,64.23822,0.006680000000002906,19274.013536061026,bench_add_idx_reg
64.43846,64.44514,0.006679999999988695,19285.51085988325,bench_add_idx_reg
64.64538,64.65206,0.006680000000002906,19275.834974839625,bench_add_idx_reg
64.85228,64.85898,0.006700000000009254,19321.255295100753,bench_add_idx_reg
65.0592,65.06588,0.006680000000002906,19270.61464405276,bench_add_idx_reg
65.2661,65.27278,0.006680000000002906,19274.2171976819,bench_add_idx_reg
65.473,65.4797,0.006699999999995043,19347.614436396518,bench_add_idx_reg
65.6799,65.6866,0.006699999999995043,19326.068237408002,bench_add_idx_reg
65.88682,65.8935,0.006680000000002906,19269.035551705074,bench_add_idx_reg
66.09372,66.1004,0.006679999999988695,19286.22993404257,bench_add_idx_reg
66.30062,66.30732,0.006700000000009254,19345.155207001993,bench_add_idx_reg
66.50752,66.51422,0.006699999999995043,19337.273873374503,bench_add_idx_reg
66.71444,66.72112,0.006680000000002906,19269.268559300686,bench_add_idx_reg
66.92134,66.92802,0.006680000000002906,19289.25166605851,bench_add_idx_reg
67.12824,67.13492,0.006679999999988695,19272.175512708167,bench_add_idx_reg
67.33514,67.34184,0.006700000000009254,19329.086975222526,bench_add_idx_reg
67.54204,67.54874,0.006699999999995043,19347.737384946755,bench_add_idx_reg
67.74894,67.75562,0.006679999999988695,19271.55473964443,bench_add_idx_reg
67.95584,67.96252,0.006680000000002906,19279.88229320428,bench_add_idx_reg
68.16274,68.16942,0.006680000000002906,19271.930970725803,bench_add_idx_reg
68.36964,68.37632,0.006680000000002906,19265.82747372658,bench_add_idx_reg
68.57654,68.58324,0.006700000000009254,19342.820688644468,bench_add_idx_reg
68.78344,68.79014,0.006699999999995043,19342.66884577017,bench_add_idx_reg
68.99036,68.99704,0.006680000000002906,19273.325963886025,bench_add_idx_reg
69.19726,69.20394,0.006680000000002906,19251.590084759227,bench_add_idx_reg
69.40416,69.41084,0.006679999999988695,19288.720849400477,bench_add_idx_reg
69.61106,69.61774,0.006680000000002906,19290.273690140835,bench_add_idx_reg
69.81798,69.82466,0.006679999999988695,19281.275551731578,bench_add_idx_reg
70.02488,70.03156,0.006680000000002906,19270.31554981066,bench_add_idx_reg
70.2318,70.23848,0.006679999999988695,19276.157007517686,bench_add_idx_reg
70.4387,70.44538,0.006680000000002906,19302.1880509419,bench_add_idx_reg
70.6456,70.6523,0.006699999999995043,19329.863078876588,bench_add_idx_reg
70.85252,70.8592,0.006680000000002906,19283.751312186116,bench_add_idx_reg
71.05942,71.06612,0.006699999999995043,19342.379982102248,bench_add_idx_reg
71.26634,71.27302,0.006680000000002906,19268.421160531092,bench_add_idx_reg
71.47324,71.47992,0.006680000000002906,19658.441557554852,bench_add_sym_reg
71.68014,71.68682,0.006680000000002906,19647.822345151344,bench_add_sym_reg
71.88704,71.89372,0.006680000000002906,19670.815686704438,bench_add_sym_reg
72.09394,72.10062,0.006680000000002906,19657.01121604754,bench_add_sym_reg
72.30084,72.30752,0.006680000000002906,19660.662002871075,bench_add_sym_reg
72.50774,72.51442,0.006680000000002906,19653.826113798827,bench_add_sym_reg
72.71464,72.72132,0.006680000000002906,19658.57538395323,bench_add_sym_reg
72.92154,72.92822,0.006680000000002906,19668.486185847523,bench_add_sym_reg
73.12844,73.13512,0.006680000000002906,19655.407841791814,bench_add_sym_reg
73.33534,73.34202,0.006680000000002906,19645.706529270927,bench_add_sym_reg
73.54226,73.54892,0.0066599999999965576,19597.426368844997,bench_add_sym_reg
73.74916,73.75584,0.006680000000002906,19636.36588538767,bench_add_sym_reg
73.95606,73.96274,0.006680000000002906,19660.43800116563,bench_add_sym_reg
74.16296,74.16964,0.006680000000002906,19642.660801772934,bench_add_sym_reg
74.36986,74.37654,0.006680000000002906,19671.43821996337,bench_add_sym_reg
74.57676,74.58344,0.006680000000002906,19641.125837816366,bench_add_sym_reg
74.78366,74.79034,0.006680000000002906,19651.82536515449,bench_add_sym_reg
74.99058,74.99726,0.006680000000002906,19652.61898237224,bench_add_sym_reg
75.19748,75.20416,0.006680000000002906,19642.797964633683,bench_add_sym_reg
75.40438,75.41106,0.006680000000002906,19657.502898487986,bench_add_sym_reg
75.61128,75.61796,0.006680000000002906,19628.79673346126,bench_add_sym_reg
75.81818,75.82486,0.006680000000002906,19659.2238452377,bench_add_sym_reg
76.02508,76.03176,0.006680000000002906,19659.576206474587,bench_add_sym_reg
76.23198,76.23866,0.006680000000002906,19648.0694692684,bench_add_sym_reg
76.43888,76.44556,0.006680000000002906,19655.481439557938,bench_add_sym_reg
76.64578,76.65246,0.006680000000002906,19655.662248849996,bench_add_sym_reg
76.85268,76.85936,0.006679999999988695,19672.423046978354,bench_add_sym_reg
77.05958,77.06626,0.006680000000002906,19641.576865697272,bench_add_sym_reg
77.26648,77.27316,0.006680000000002906,19647.43851219133,bench_add_sym_reg
77.47336,77.48004,0.006680000000002906,19649.87963438904,bench_add_sym_reg
77.68026,77.68694,0.006680000000002906,19633.053459699608,bench_add_sym_reg
77.88716,77.89384,0.006680000000002906,19656.62966716116,bench_add_sym_reg
78.09406,78.10074,0.006680000000002906,19624.360525058037,bench_add_sym_reg
78.30096,78.30762,0.0066599999999965576,19610.277381714528,bench_add_sym_reg
78.50786,78.51454,0.006680000000002906,19649.509622259564,bench_add_sym_reg
78.71476,78.72144,0.006680000000002906,19644.713075839656,bench_add_sym_reg
78.92166,78.92834,0.006680000000002906,19644.957827411246,bench_add_sym_reg
79.12856,79.13524,0.006680000000002906,19666.065066131483,bench_add_sym_reg
79.33548,79.34216,0.006680000000002906,19659.1120725568,bench_add_sym_reg
79.54238,79.54906,0.006680000000002906,19630.61811403396,bench_add_sym_reg
79.74928,79.75596,0.006680000000002906,19657.528838151462,bench_add_sym_reg
79.9562,79.96286,0.006660000000010768,19584.674346293163,bench_add_sym_reg
80.1631,80.16978,0.006680000000002906,19647.92181040112,bench_add_sym_reg
80.37,80.37668,0.006679999999988695,19636.390393099737,bench_add_sym_reg
80.5769,80.58358,0.006680000000002906,19652.129029864736,bench_add_sym_reg
80.7838,80.79048,0.006680000000002906,19651.82485059711,bench_add_sym_reg
80.99072,80.9974,0.006680000000002906,19646.958201201447,bench_add_sym_reg
81.19762,81.2043,0.006680000000002906,19633.42498290292,bench_add_sym_reg
81.40452,81.4112,0.006679999999988695,19635.623623583084,bench_add_sym_reg
81.61142,81.6181,0.006680000000002906,19649.896579803633,bench_add_sym_reg
81.81832,81.825,0.006680000000002906,19651.384316392665,bench_add_sym_reg
82.02524,82.03192,0.006680000000002906,19640.695918359514,bench_add_sym_reg
82.23214,82.23882,0.006680000000002906,19657.471401159328,bench_add_sym_reg
82.43904,82.44572,0.006679999999988695,19652.544085366837,bench_add_sym_reg
82.64596,82.65264,0.006680000000002906,19654.33157748342,bench_add_sym_reg
82.85286,82.85954,0.006679999999988695,19654.885672463468,bench_add_sym_reg
83.05976,83.06644,0.006680000000002906,19647.407182501385,bench_add_sym_reg
83.26666,83.27334,0.006680000000002906,19642.855636784127,bench_add_sym_reg
83.47356,83.48024,0.006679999999988695,19656.614195520688,bench_add_sym_reg
83.68046,83.68714,0.006680000000002906,19647.70372259374,bench_add_sym_reg
83.88738,83.89404,0.006660000000010768,19590.46640436631,bench_add_sym_reg
84.09428,84.10096,0.006680000000002906,19632.2609647265,bench_add_sym_reg
84.30118,84.30784,0.0066599999999965576,19606.624185096414,bench_add_sym_reg
84.50806,84.51474,0.006680000000002906,19656.27980419378,bench_add_sym_reg
84.71496,84.72164,0.006679999999988695,19662.06246750674,bench_add_sym_reg
84.92186,84.92854,0.006680000000002906,19641.745151029947,bench_add_sym_reg
85.12874,85.13542,0.006680000000002906,19650.7375035528,bench_add_sym_reg
85.33564,85.34232,0.006680000000002906,19646.194931128714,bench_add_sym_reg
85.54254,85.54922,0.006680000000002906,19641.755283816983,bench_add_sym_reg
85.74942,85.7561,0.006680000000002906,19647.6887492546,bench_add_sym_reg
85.95632,85.963,0.006679999999988695,19654.47253311336,bench_add_sym_reg
86.16322,86.1699,0.006680000000002906,19648.660309622643,bench_add_sym_reg
86.3701,86.37678,0.006680000000002906,19652.002854283226,bench_add_sym_reg
86.577,86.58368,0.006680000000002906,19654.26542797101,bench_add_sym_reg
86.78388,86.79056,0.006680000000002906,19670.1087732888,bench_add_sym_reg
86.99078,86.99746,0.006680000000002906,19630.671688364248,bench_add_sym_reg
87.19768,87.20436,0.006679999999988695,19659.421215730064,bench_add_sym_reg
87.40458,87.41124,0.006660000000010768,19577.01084905834,bench_add_sym_reg
87.61146,87.61814,0.006680000000002906,19651.807299825676,bench_add_sym_reg
87.81836,87.82504,0.006680000000002906,19654.032741681953,bench_add_sym_reg
88.02526,88.03194,0.006680000000002906,19633.788180078976,bench_add_sym_reg
88.23216,88.23884,0.006680000000002906,19639.948999983648,bench_add_sym_reg
88.43906,88.44574,0.006680000000002906,19656.699821361643,bench_add_sym_reg
88.64596,88.65264,0.006680000000002906,19657.77729638791,bench_add_sym_reg
88.85286,88.85954,0.006679999999988695,19672.001902910666,bench_add_sym_reg
89.05976,89.06644,0.006680000000002906,19642.096145553223,bench_add_sym_reg
89.26666,89.27334,0.006680000000002906,19658.787869855718,bench_add_sym_reg
89.47354,89.48022,0.006680000000002906,19653.170609389643,bench_add_sym_reg
89.68044,89.68712,0.006679999999988695,19661.41686305534,bench_add_sym_reg
89.88734,89.89402,0.006680000000002906,19653.04503218266,bench_add_sym_reg
90.09424,90.1009,0.0066599999999965576,19593.19180575155,bench_add_sym_reg
90.30112,90.3078,0.006680000000002906,19670.36445858846,bench_add_sym_reg
90.50802,90.5147,0.006680000000002906,19647.842249840527,bench_add_sym_reg
90.71492,90.7216,0.006679999999988695,19662.084765697524,bench_add_sym_reg
90.92182,90.92848,0.0066599999999965576,19601.587483184907,bench_add_sym_reg
91.1287,91.13538,0.006680000000002906,19634.850265001995,bench_add_sym_reg
91.3356,91.34228,0.006680000000002906,19680.63859735556,bench_add_sym_reg
91.5425,91.54918,0.006680000000002906,19656.216686132622,bench_add_sym_reg
91.7494,91.75606,0.006660000000010768,19599.27748891939,bench_add_sym_reg
91.95628,91.96296,0.006679999999988695,19649.757619446107,bench_add_sym_reg
92.16318,92.16986,0.006680000000002906,19382.08611217328,bench_add_abs_reg
92.37008,92.37676,0.006680000000002906,19384.891947272743,bench_add_abs_reg
92.57696,92.58364,0.006680000000002906,19377.5599962186,bench_add_abs_reg
92.78386,92.79054,0.006679999999988695,19386.67738573893,bench_add_abs_reg
92.99076,92.99742,0.006660000000010768,19330.492180339155,bench_add_abs_reg
93.19764,93.20432,0.006679999999988695,19411.66869361236,bench_add_abs_reg
93.40454,93.41122,0.006680000000002906,19388.410043911816,bench_add_abs_reg
93.61142,93.6181,0.006680000000002906,19386.939494880568,bench_add_abs_reg
93.81832,93.825,0.006680000000002906,19393.657553017612,bench_add_abs_reg
94.02522,94.0319,0.006679999999988695,19393.665613571917,bench_add_abs_reg
94.23212,94.2388,0.006680000000002906,19403.354411489032,bench_add_abs_reg
94.43902,94.4457,0.006680000000002906,19381.80489932004,bench_add_abs_reg
94.64592,94.6526,0.006680000000002906,19404.11435906522,bench_add_abs_reg
94.8528,94.85948,0.006680000000002906,19388.799793095386,bench_add_abs_reg
95.0597,95.06638,0.006679999999988695,19351.64495367781,bench_add_abs_reg
95.2666,95.27328,0.006680000000002906,19397.428545644532,bench_add_abs_reg
95.47348,95.48016,0.006680000000002906,19397.69397257849,bench_add_abs_reg
95.68038,95.68706,0.006680000000002906,19386.945574087753,bench_add_abs_reg
95.88726,95.89394,0.006680000000002906,19382.101721138755,bench_add_abs_reg
96.09416,96.10084,0.006680000000002906,19389.48396594058,bench_add_abs_reg
96.30106,96.30774,0.006679999999988695,19406.048136262038,bench_add_abs_reg
96.50794,96.51462,0.006679999999988695,19389.222457503765,bench_add_abs_reg
96.71482,96.7215,0.006680000000002906,19402.319930966678,bench_add_abs_reg
96.92172,96.9284,0.006680000000002906,19392.323342627915,bench_add_abs_reg
97.1286,97.13528,0.006679999999988695,19390.482541605197,bench_add_abs_reg
97.3355,97.34218,0.006680000000002906,19378.601070501492,bench_add_abs_reg
97.5424,97.54908,0.006680000000002906,19380.449254540155,bench_add_abs_reg
97.74928,97.75596,0.006680000000002906,19399.338383236955,bench_add_abs_reg
97.95618,97.96286,0.006680000000002906,19374.688840478473,bench_add_abs_reg
98.16308,98.16976,0.006680000000002906,19394.391831021145,bench_add_abs_reg
98.36998,98.37666,0.006680000000002906,19365.42544514738,bench_add_abs_reg
98.57686,98.58354,0.006680000000002906,19397.573175383335,bench_add_abs_reg
98.78376,98.79044,0.006680000000002906,19378.095262225022,bench_add_abs_reg
98.99066,98.99734,0.006679999999988695,19380.967658910235,bench_add_abs_reg
99.19754,99.20422,0.006680000000002906,19380.236880395198,bench_add_abs_reg
99.40444,99.41112,0.006680000000002906,19374.01697971978,bench_add_abs_reg
99.61134,99.61802,0.006680000000002906,19390.49811568993,bench_add_abs_reg
99.81824,99.82492,0.006680000000002906,19381.381717983186,bench_add_abs_reg
100.02514,100.0318,0.006660000000010768,19334.392002817152,bench_add_abs_reg
100.23202,100.2387,0.006679999999988695,19380.059840588514,bench_add_abs_reg
100.4389,100.44558,0.006680000000002906,19380.64311864561,bench_add_abs_reg
100.6458,100.65248,0.006680000000002906,19380.763482778155,bench_add_abs_reg
100.85268,100.85936,0.006679999999988695,19375.189442618597,bench_add_abs_reg
101.05958,101.06626,0.006680000000002906,19374.528464404048,bench_add_abs_reg
101.26646,101.27314,0.006680000000002906,19372.93467811323,bench_add_abs_reg
101.47336,101.48004,0.006680000000002906,19388.575917118145,bench_add_abs_reg
101.68026,101.68694,0.006680000000002906,19373.68406216313,bench_add_abs_reg
101.88716,101.89384,0.006680000000002906,19379.02978622519,bench_add_abs_reg
102.09404,102.10072,0.006679999999988695,19363.998365554005,bench_add_abs_reg
102.30094,102.30762,0.006680000000002906,19390.7230021536,bench_add_abs_reg
102.50784,102.51452,0.006680000000002906,19386.90416515617,bench_add_abs_reg
102.71474,102.72142,0.006679999999988695,19404.09968137924,bench_add_abs_reg
102.92164,102.9283,0.0066599999999965576,19318.738288701617,bench_add_abs_reg
103.12852,103.1352,0.006680000000002906,19397.036009479172,bench_add_abs_reg
103.33542,103.3421,0.006680000000002906,19391.696692919162,bench_add_abs_reg
103.54234,103.54902,0.006680000000002906,19376.42228324886,bench_add_abs_reg
103.74924,103.75592,0.006680000000002906,19391.954871834372,bench_add_abs_reg
103.95612,103.9628,0.006680000000002906,19396.292832688756,bench_add_abs_reg
104.16302,104.1697,0.006680000000002906,19387.570212135663,bench_add_abs_reg
104.36992,104.3766,0.006680000000002906,19400.753334640303,bench_add_abs_reg
104.57682,104.5835,0.006680000000002906,19377.245777294942,bench_add_abs_reg
104.78372,104.7904,0.006680000000002906,19397.745956673974,bench_add_abs_reg
104.99062,104.9973,0.006679999999988695,19381.736584438433,bench_add_abs_reg
105.1975,105.20418,0.006679999999988695,19410.504184162826,bench_add_abs_reg
105.4044,105.41108,0.006680000000002906,19399.815883962132,bench_add_abs_reg
105.6113,105.61798,0.006680000000002906,19380.338171041145,bench_add_abs_reg
105.8182,105.82488,0.006679999999988695,19390.353504535142,bench_add_abs_reg
106.02508,106.03176,0.006680000000002906,19371.89274468204,bench_add_abs_reg
106.23198,106.23866,0.006680000000002906,19401.63260559631,bench_add_abs_reg
106.43886,106.44554,0.006679999999988695,19389.18092284633,bench_add_abs_reg
106.64576,106.65244,0.006680000000002906,19401.170944338977,bench_add_abs_reg
106.85264,106.85932,0.006680000000002906,19397.461744966873,bench_add_abs_reg
107.05954,107.06622,0.006680000000002906,19379.56405338706,bench_add_abs_reg
107.26644,107.27312,0.006680000000002906,19400.77281790573,bench_add_abs_reg
107.47332,107.48,0.006680000000002906,19388.091745794914,bench_add_abs_reg
107.68022,107.6869,0.006679999999988695,19393.447630539322,bench_add_abs_reg
107.8871,107.89378,0.006680000000002906,19364.79997821867,bench_add_abs_reg
108.094,108.10068,0.006680000000002906,19381.150077106995,bench_add_abs_reg
108.30088,108.30756,0.006679999999988695,19388.116300071757,bench_add_abs_reg
108.50778,108.51446,0.006680000000002906,19391.08157065799,bench_add_abs_reg
108.71468,108.72136,0.006680000000002906,19401.16952407071,bench_add_abs_reg
108.92156,108.92824,0.006680000000002906,19385.105259724623,bench_add_abs_reg
109.12846,109.13514,0.006680000000002906,19386.299559853152,bench_add_abs_reg
109.33536,109.34204,0.006680000000002906,19378.801984723163,bench_add_abs_reg
109.54226,109.54894,0.006680000000002906,19386.69889933404,bench_add_abs_reg
109.74916,109.75582,0.0066599999999965576,19327.658240204983,bench_add_abs_reg
109.95604,109.96272,0.006680000000002906,19376.391184058128,bench_add_abs_reg
110.16294,110.16962,0.006679999999988695,19406.51575332642,bench_add_abs_reg
110.36984,110.37652,0.006680000000002906,19388.838566383358,bench_add_abs_reg
110.57674,110.5834,0.0066599999999965576,19334.385187819455,bench_add_abs_reg
110.78364,110.79032,0.006679999999988695,19392.393629498234,bench_add_abs_reg
110.99054,110.99722,0.006680000000002906,19376.15260948478,bench_add_abs_reg
111.19744,111.20412,0.006680000000002906,19375.734911309395,bench_add_abs_reg
111.40432,111.411,0.006680000000002906,19382.67400256391,bench_add_abs_reg
111.61122,111.6179,0.006680000000002906,19390.056920244428,bench_add_abs_reg
111.81812,111.8248,0.006680000000002906,19387.140406772076,bench_add_abs_reg
112.02502,112.0317,0.006680000000002906,19380.071137575575,bench_add_abs_reg
112.23192,112.2386,0.006680000000002906,19393.011163928986,bench_add_abs_reg
112.43882,112.44548,0.0066599999999965576,19314.397736440886,bench_add_abs_reg
112.6457,112.65238,0.006679999999988695,19387.958422267995,bench_add_abs_reg
112.8526,112.85628,0.003680000000002792,11965.38513527211,bench_add_ind_reg
113.0565,113.06018,0.003680000000002792,11954.87374207804,bench_add_ind_reg
113.2604,113.26408,0.003680000000002792,11960.086484915444,bench_add_ind_reg
113.4643,113.468,0.0037000000000091404,12032.008131528957,bench_add_ind_reg
113.6682,113.6719,0.0036999999999949296,12019.858101832078,bench_add_ind_reg
113.8721,113.8758,0.0036999999999949296,12029.82112298039,bench_add_ind_reg
114.076,114.0797,0.0037000000000091404,12027.775831548572,bench_add_ind_reg
114.27992,114.2836,0.003680000000002792,11960.0607128903,bench_add_ind_reg
114.48382,114.48752,0.0037000000000091404,12020.313523274002,bench_add_ind_reg
114.68774,114.69142,0.0036799999999885813,11964.95258245627,bench_add_ind_reg
114.89164,114.89534,0.0037000000000091404,12034.567873954878,bench_add_ind_reg
115.09556,115.09924,0.0036799999999885813,11961.758804936022,bench_add_ind_reg
115.29946,115.30316,0.0037000000000091404,12018.416018720784,bench_add_ind_reg
115.50338,115.50708,0.0036999999999949296,12033.468598948752,bench_add_ind_reg
115.7073,115.711,0.0036999999999949296,12012.364962121474,bench_add_ind_reg
115.91122,115.91492,0.0036999999999949296,12033.101380785409,bench_add_ind_reg
116.11514,116.11882,0.003680000000002792,11980.379892056158,bench_add_ind_reg
116.31906,116.32274,0.003680000000002792,11967.699234380421,bench_add_ind_reg
116.52296,116.52666,0.0037000000000091404,12023.806178506537,bench_add_ind_reg
116.72688,116.73058,0.0037000000000091404,12023.59774152851,bench_add_ind_reg
116.93078,116.93448,0.0036999999999949296,12018.553600629743,bench_add_ind_reg
117.1347,117.1384,0.0037000000000091404,12050.099319342657,bench_add_ind_reg
117.33862,117.3423,0.0036799999999885813,11951.31414566219,bench_add_ind_reg
117.54252,117.54622,0.0037000000000091404,12027.063560701683,bench_add_ind_reg
117.74644,117.75014,0.0036999999999949296,12022.61579919806,bench_add_ind_reg
117.95034,117.95404,0.0037000000000091404,12020.238696160939,bench_add_ind_reg
118.15426,118.15796,0.0037000000000091404,12022.952104481988,bench_add_ind_reg
118.35818,118.36186,0.0036799999999885813,11954.634129034443,bench_add_ind_reg
118.56208,118.56578,0.0037000000000091404,12017.804123491047,bench_add_ind_reg
118.766,118.76968,0.0036799999999885813,11964.36475725828,bench_add_ind_reg
118.96992,118.9736,0.003680000000002792,11966.433576317451,bench_add_ind_reg
119.17382,119.17752,0.0036999999999949296,12025.255123136882,bench_add_ind_reg
119.37774,119.38144,0.0036999999999949296,12016.745270213902,bench_add_ind_reg
119.58166,119.58534,0.003680000000002792,11966.906830210244,bench_add_ind_reg
119.78556,119.78926,0.0036999999999949296,12030.006006808198,bench_add_ind_reg
119.98948,119.99316,0.003680000000002792,11953.621869914947,bench_add_ind_reg
120.19338,120.19708,0.0036999999999949296,12031.742343663083,bench_add_ind_reg
120.3973,120.40098,0.003680000000002792,11968.704918408537,bench_add_ind_reg
120.6012,120.6049,0.0036999999999949296,12030.59182733472,bench_add_ind_reg
120.80512,120.8088,0.003680000000002792,11970.292173801367,bench_add_ind_reg
121.00902,121.01272,0.0036999999999949296,12020.033257996816,bench_add_ind_reg
121.21294,121.21662,0.003680000000002792,11954.313043979795,bench_add_ind_reg
121.41684,121.42052,0.003680000000002792,11959.996789237206,bench_add_ind_reg
121.62074,121.62442,0.003680000000002792,11960.675292657254,bench_add_ind_reg
121.82464,121.82834,0.0036999999999949296,12027.002871020975,bench_add_ind_reg
122.02856,122.03224,0.003680000000002792,11960.477249239351,bench_add_ind_reg
122.23246,122.23616,0.0036999999999949296,12033.97599745793,bench_add_ind_reg
122.43638,122.44006,0.003680000000002792,11950.804968372277,bench_add_ind_reg
122.64028,122.64398,0.0036999999999949296,12017.566324195162,bench_add_ind_reg
122.8442,122.8479,0.0036999999999949296,12020.485349914185,bench_add_ind_reg
123.04812,123.0518,0.003680000000002792,11964.507061065986,bench_add_ind_reg
123.25202,123.25572,0.0036999999999949296,12026.179390942629,bench_add_ind_reg
123.45594,123.45962,0.003680000000002792,11956.187204932574,bench_add_ind_reg
123.65986,123.66354,0.003680000000002792,11959.107283044981,bench_add_ind_reg
123.86376,123.86746,0.0036999999999949296,12030.707087816689,bench_add_ind_reg
124.06768,124.07138,0.0037000000000091404,12036.547367490022,bench_add_ind_reg
124.2716,124.27528,0.0036799999999885813,11959.66519644419,bench_add_ind_reg
124.4755,124.4792,0.0037000000000091404,12022.112086444795,bench_add_ind_reg
124.6794,124.6831,0.0036999999999949296,12033.637464029454,bench_add_ind_reg
124.8833,124.887,0.0036999999999949296,12014.588548320973,bench_add_ind_reg
125.0872,125.0909,0.0037000000000091404,12021.513131943399,bench_add_ind_reg
125.29112,125.2948,0.0036799999999885813,11950.406702197837,bench_add_ind_reg
125.49502,125.49872,0.0037000000000091404,12018.04081679501,bench_add_ind_reg
125.69894,125.70262,0.003680000000002792,11949.913781143654,bench_add_ind_reg
125.90284,125.90654,0.0037000000000091404,12013.646729785918,bench_add_ind_reg
126.10676,126.11044,0.003680000000002792,11956.330002294666,bench_add_ind_reg
126.31066,126.31436,0.0036999999999949296,12024.907346332877,bench_add_ind_reg
126.51456,126.51826,0.0036999999999949296,12012.732680870418,bench_add_ind_reg
126.71848,126.72216,0.003680000000002792,11951.772514738577,bench_add_ind_reg
126.92238,126.92608,0.0036999999999949296,12017.547022534784,bench_add_ind_reg
127.1263,127.12998,0.003680000000002792,11956.52716328357,bench_add_ind_reg
127.3302,127.33388,0.0036799999999885813,11962.555849422266,bench_add_ind_reg
127.5341,127.5378,0.0037000000000091404,12012.665227550915,bench_add_ind_reg
127.738,127.7417,0.0036999999999949296,12014.328916540346,bench_add_ind_reg
127.9419,127.9456,0.0036999999999949296,12025.8339145048,bench_add_ind_reg
128.14582,128.1495,0.003680000000002792,11949.385141495188,bench_add_ind_reg
128.34972,128.35342,0.0037000000000091404,12012.315942002278,bench_add_ind_reg
128.55362,128.55732,0.0037000000000091404,12015.197898755161,bench_add_ind_reg
128.75754,128.76122,0.003680000000002792,11963.199793836651,bench_add_ind_reg
128.96144,128.96514,0.0036999999999807187,12038.264139493009,bench_add_ind_reg
129.16536,129.16904,0.003680000000002792,11959.740212194874,bench_add_ind_reg
129.36926,129.37296,0.0037000000000091404,12024.000021659938,bench_add_ind_reg
129.57316,129.57686,0.0037000000000091404,12014.626767518394,bench_add_ind_reg
129.77706,129.78076,0.0036999999999807187,12035.0736239289,bench_add_ind_reg
129.98098,129.98466,0.003680000000002792,11971.059320502578,bench_add_ind_reg
130.18488,130.18856,0.003680000000002792,11943.682937424092,bench_add_ind_reg
130.38878,130.39248,0.0037000000000091404,12008.585410690295,bench_add_ind_reg
130.59268,130.59638,0.0037000000000091404,12019.995737385454,bench_add_ind_reg
130.79658,130.80028,0.0036999999999807187,12022.943345304358,bench_add_ind_reg
131.00048,131.00418,0.0036999999999807187,12015.511798609734,bench_add_ind_reg
131.2044,131.20808,0.003680000000002792,11948.054295503789,bench_add_ind_reg
131.4083,131.412,0.0037000000000091404,12008.259173046372,bench_add_ind_reg
131.61222,131.6159,0.003680000000002792,11970.353568914144,bench_add_ind_reg
131.81612,131.81982,0.0036999999999807187,12026.493614477151,bench_add_ind_reg
132.02004,132.02372,0.003680000000002792,11946.601376411445,bench_add_ind_reg
132.22394,132.22762,0.003680000000002792,11966.508287013137,bench_add_ind_reg
132.42784,132.43154,0.0037000000000091404,12014.391061414159,bench_add_ind_reg
132.63174,132.63544,0.0036999999999807187,12024.385838239705,bench_add_ind_reg
132.83566,132.83934,0.003680000000002792,11954.115061096005,bench_add_ind_reg
133.03956,133.04326,0.0037000000000091404,12007.614763017777,bench_add_ind_reg
133.24348,133.24718,0.0036999999999807187,12159.431783889399,bench_add_aut_reg
133.4474,133.45112,0.0037200000000154887,12225.212962415411,bench_add_aut_reg
133.65132,133.65502,0.0037000000000091404,12146.946152237935,bench_add_aut_reg
133.85524,133.85896,0.003719999999987067,12215.725290547012,bench_add_aut_reg
134.05916,134.06288,0.0037200000000154887,12231.768411634674,bench_add_aut_reg
134.26308,134.2668,0.003719999999987067,12232.367547650712,bench_add_aut_reg
134.46702,134.47072,0.0037000000000091404,12141.422496672285,bench_add_aut_reg
134.67094,134.67464,0.0037000000000091404,12159.24625986706,bench_add_aut_reg
134.87486,134.87856,0.0036999999999807187,12159.635105573445,bench_add_aut_reg
135.07878,135.0825,0.0037200000000154887,12229.237477344255,bench_add_aut_reg
135.2827,135.28642,0.003719999999987067,12232.38135218301,bench_add_aut_reg
135.48662,135.49034,0.0037200000000154887,12221.411671538883,bench_add_aut_reg
135.69056,135.69426,0.0037000000000091404,12140.347065903838,bench_add_aut_reg
135.89448,135.89818,0.0037000000000091404,12166.07402081628,bench_add_aut_reg
136.0984,136.1021,0.0037000000000091404,12162.208422118267,bench_add_aut_reg
136.30232,136.30604,0.003719999999987067,12225.617540492276,bench_add_aut_reg
136.50624,136.50996,0.0037200000000154887,12218.095692854076,bench_add_aut_reg
136.71016,136.71388,0.003719999999987067,12219.554919241433,bench_add_aut_reg
136.91408,136.9178,0.003719999999987067,12229.526038239499,bench_add_aut_reg
137.118,137.12172,0.0037200000000154887,12193.32937621952,bench_add_aut_reg
137.32194,137.32564,0.0036999999999807187,12143.752861241544,bench_add_aut_reg
137.52586,137.52956,0.0037000000000091404,12169.140346843933,bench_add_aut_reg
137.72978,137.7335,0.003719999999987067,12237.432589714306,bench_add_aut_reg
137.9337,137.9374,0.0037000000000091404,12144.020160221082,bench_add_aut_reg
138.13762,138.14132,0.0037000000000091404,12170.711024697586,bench_add_aut_reg
138.34154,138.34526,0.003719999999987067,12222.073483238662,bench_add_aut_reg
138.54546,138.54918,0.0037200000000154887,12216.193124236512,bench_add_aut_reg
138.7494,138.7531,0.0036999999999807187,12159.890525444436,bench_add_aut_reg
138.95332,138.95704,0.0037200000000154887,12215.579086964048,bench_add_aut_reg
139.15724,139.16096,0.003719999999987067,12224.56542305316,bench_add_aut_reg
139.36116,139.36488,0.003719999999987067,12229.807595679862,bench_add_aut_reg
139.56508,139.5688,0.0037200000000154887,12211.258842195957,bench_add_aut_reg
139.769,139.77272,0.003719999999987067,12218.34447230721,bench_add_aut_reg
139.97294,139.97664,0.0037000000000091404,12164.11786622649,bench_add_aut_reg
140.17686,140.18058,0.003719999999987067,12206.980581356196,bench_add_aut_reg
140.3808,140.3845,0.0037000000000091404,12142.499224309828,bench_add_aut_reg
140.58472,140.58842,0.0037000000000091404,12165.491252705428,bench_add_aut_reg
140.78864,140.79234,0.0037000000000091404,12150.429005295926,bench_add_aut_reg
140.99256,140.99628,0.0037200000000154887,12217.715899512812,bench_add_aut_reg
141.19648,141.2002,0.003719999999987067,12216.348091560914,bench_add_aut_reg
141.4004,141.40412,0.0037200000000154887,12202.949824328367,bench_add_aut_reg
141.60432,141.60804,0.003719999999987067,12208.506644194997,bench_add_aut_reg
141.80824,141.81196,0.003719999999987067,12222.26961744572,bench_add_aut_reg
142.01216,142.01586,0.0037000000000091404,12151.044744560637,bench_add_aut_reg
142.21608,142.21978,0.0036999999999807187,12147.522114622045,bench_add_aut_reg
142.42,142.4237,0.0037000000000091404,12142.801759792268,bench_add_aut_reg
142.62392,142.62762,0.0037000000000091404,12144.675415506352,bench_add_aut_reg
142.82782,142.83154,0.003719999999987067,12209.338957869806,bench_add_aut_reg
143.03174,143.03544,0.0036999999999807187,12149.271622703192,bench_add_aut_reg
143.23566,143.23936,0.0037000000000091404,12138.707796143048,bench_add_aut_reg
143.43958,143.44328,0.0036999999999807187,12149.359190309091,bench_add_aut_reg
143.64348,143.6472,0.003719999999987067,12215.449581813351,bench_add_aut_reg
143.8474,143.85112,0.0037200000000154887,12208.339814145349,bench_add_aut_reg
144.05132,144.05502,0.0037000000000091404,12144.486387291568,bench_add_aut_reg
144.25524,144.25894,0.0037000000000091404,12154.011905684076,bench_add_aut_reg
144.45916,144.46288,0.0037200000000154887,12219.361115766771,bench_add_aut_reg
144.66308,144.66678,0.0036999999999807187,12153.251706558829,bench_add_aut_reg
144.867,144.87072,0.0037200000000154887,12212.969819133914,bench_add_aut_reg
145.07092,145.07464,0.003719999999987067,12199.670036745363,bench_add_aut_reg
145.27484,145.27856,0.003719999999987067,12213.557893366893,bench_add_aut_reg
145.47878,145.48248,0.0037000000000091404,12144.097227166108,bench_add_aut_reg
145.6827,145.6864,0.0036999999999807187,12152.456503766745,bench_add_aut_reg
145.88662,145.89034,0.0037200000000154887,12211.443241734998,bench_add_aut_reg
146.09054,146.09426,0.003719999999987067,12215.820339002477,bench_add_aut_reg
146.29446,146.29818,0.0037200000000154887,12214.740356476279,bench_add_aut_reg
146.4984,146.5021,0.0037000000000091404,12145.972503381374,bench_add_aut_reg
146.70232,146.70602,0.0037000000000091404,12146.092220235247,bench_add_aut_reg
146.90624,146.90994,0.0037000000000091404,12153.512949620797,bench_add_aut_reg
147.11016,147.11388,0.003719999999987067,12220.021432688365,bench_add_aut_reg
147.3141,147.3178,0.0037000000000091404,12160.543955426569,bench_add_aut_reg
147.51802,147.52172,0.0036999999999807187,12148.185674967712,bench_add_aut_reg
147.72194,147.72564,0.0037000000000091404,12158.71903582557,bench_add_aut_reg
147.92584,147.92956,0.0037200000000154887,12225.81024519281,bench_add_aut_reg
148.12978,148.13348,0.0036999999999807187,12158.27258297544,bench_add_aut_reg
148.33368,148.3374,0.0037200000000154887,12220.828465698969,bench_add_aut_reg
148.53762,148.54132,0.0037000000000091404,12149.761645156672,bench_add_aut_reg
148.74154,148.74524,0.0037000000000091404,12158.484279668619,bench_add_aut_reg
148.94546,148.94916,0.0037000000000091404,12147.206491821846,bench_add_aut_reg
149.14938,149.15308,0.0036999999999807187,12129.596562524883,bench_add_aut_reg
149.3533,149.357,0.0037000000000091404,12152.640167652733,bench_add_aut_reg
149.55722,149.56092,0.0037000000000091404,12161.894245105517,bench_add_aut_reg
149.76114,149.76486,0.003719999999987067,12206.241460474925,bench_add_aut_reg
149.96506,149.96878,0.0037200000000154887,12221.091997394315,bench_add_aut_reg
150.169,150.1727,0.0036999999999807187,12149.05797032245,bench_add_aut_reg
150.37292,150.37662,0.0037000000000091404,12153.11905604652,bench_add_aut_reg
150.57684,150.58054,0.0037000000000091404,12146.728492840977,bench_add_aut_reg
150.78076,150.78448,0.0037200000000154887,12219.429842708416,bench_add_aut_reg
150.98468,150.9884,0.0037200000000154887,12226.449532953176,bench_add_aut_reg
151.18862,151.19232,0.0037000000000091404,12150.3801085284,bench_add_aut_reg
151.39254,151.39624,0.0037000000000091404,12155.499444374165,bench_add_aut_reg
151.59646,151.60016,0.0036999999999807187,12156.330854568145,bench_add_aut_reg
151.80038,151.80408,0.0037000000000091404,12147.121580812049,bench_add_aut_reg
152.0043,152.00802,0.003719999999987067,12202.302468897735,bench_add_aut_reg
152.20822,152.21194,0.003719999999987067,12218.774747992496,bench_add_aut_reg
152.41214,152.41586,0.0037200000000154887,12221.392747062822,bench_add_aut_reg
152.61606,152.61978,0.003719999999987067,12213.126004167787,bench_add_aut_reg
152.81998,152.82368,0.0037000000000091404,12139.560973762946,bench_add_aut_reg
153.02388,153.0276,0.0037200000000154887,12225.733366845312,bench_add_aut_reg
153.2278,153.23152,0.003719999999987067,12223.916267932587,bench_add_aut_reg
153.43172,153.43544,0.003719999999987067,12216.307250741898,bench_add_aut_reg
153.63564,153.64292,0.007280000000008613,22685.909178134592,bench_add_reg_idx
153.84314,153.85042,0.007280000000008613,22686.966715872426,bench_add_reg_idx
154.05062,154.0579,0.007279999999980191,22686.318731803683,bench_add_reg_idx
154.2581,154.26538,0.007279999999980191,22671.264873285767,bench_add_reg_idx
154.4656,154.47288,0.007280000000008613,22700.723777553092,bench_add_reg_idx
154.67308,154.68038,0.007300000000014961,22743.445423012574,bench_add_reg_idx
154.88058,154.88788,0.0072999999999865395,22750.49180719624,bench_add_reg_idx
155.08808,155.09536,0.007280000000008613,22665.889293447162,bench_add_reg_idx
155.29558,155.30288,0.0072999999999865395,22761.899533177122,bench_add_reg_idx
155.50308,155.51036,0.007279999999980191,22665.97498434785,bench_add_reg_idx
155.71058,155.71786,0.007280000000008613,22692.190930274064,bench_add_reg_idx
155.91808,155.92536,0.007280000000008613,22653.471971891373,bench_add_reg_idx
156.12558,156.13286,0.007279999999980191,22702.139692781173,bench_add_reg_idx
156.33308,156.34036,0.007280000000008613,22672.055875909246,bench_add_reg_idx
156.54058,156.54786,0.007279999999980191,22686.988441212707,bench_add_reg_idx
156.74808,156.75536,0.007280000000008613,22651.328730885776,bench_add_reg_idx
156.95558,156.96286,0.007280000000008613,22693.570246946652,bench_add_reg_idx
157.16306,157.17036,0.0072999999999865395,22727.11828113755,bench_add_reg_idx
157.37056,157.37784,0.007279999999980191,22679.175659954042,bench_add_reg_idx
157.57806,157.58534,0.007280000000008613,22666.96983019771,bench_add_reg_idx
157.78556,157.79284,0.007280000000008613,22681.176906945937,bench_add_reg_idx
157.99304,158.00034,0.0072999999999865395,22724.036765242625,bench_add_reg_idx
158.20054,158.20782,0.007280000000008613,22667.576298144384,bench_add_reg_idx
158.40804,158.41532,0.007280000000008613,22654.345454676037,bench_add_reg_idx
158.61554,158.62282,0.007279999999980191,22675.383402905616,bench_add_reg_idx
158.82304,158.83032,0.007280000000008613,22635.2536748424,bench_add_reg_idx
159.03052,159.03782,0.007300000000014961,22746.063559362392,bench_add_reg_idx
159.23802,159.2453,0.007279999999980191,22645.660587524675,bench_add_reg_idx
159.44552,159.4528,0.007280000000008613,22684.454170548725,bench_add_reg_idx
159.65302,159.6603,0.007280000000008613,22627.427058787533,bench_add_reg_idx
159.86052,159.8678,0.007279999999980191,22675.992778908556,bench_add_reg_idx
160.06802,160.0753,0.007280000000008613,22644.822075986507,bench_add_reg_idx
160.2755,160.2828,0.007300000000014961,22726.75572665986,bench_add_reg_idx
160.483,160.49028,0.007280000000008613,22655.375283239333,bench_add_reg_idx
160.6905,160.69778,0.007280000000008613,22658.820741370386,bench_add_reg_idx
160.898,160.90528,0.007280000000008613,22647.276802480257,bench_add_reg_idx
161.1055,161.11278,0.007279999999980191,22653.2829971363,bench_add_reg_idx
161.313,161.32028,0.007280000000008613,22641.99647123721,bench_add_reg_idx
161.52048,161.52776,0.007280000000008613,22653.48940624719,bench_add_reg_idx
161.72798,161.73526,0.007280000000008613,22653.317691319695,bench_add_reg_idx
161.93548,161.94276,0.007279999999980191,22674.05595158524,bench_add_reg_idx
162.14298,162.15026,0.007280000000008613,22649.200062758846,bench_add_reg_idx
162.35048,162.35776,0.007280000000008613,22671.562253990294,bench_add_reg_idx
162.55796,162.56526,0.0072999999999865395,22711.49225528816,bench_add_reg_idx
162.76546,162.77274,0.007280000000008613,22668.772437633652,bench_add_reg_idx
162.97296,162.98024,0.007280000000008613,22657.550398752282,bench_add_reg_idx
163.18046,163.18774,0.007279999999980191,22679.04194065519,bench_add_reg_idx
163.38796,163.39524,0.007280000000008613,22645.06284615623,bench_add_reg_idx
163.59546,163.60274,0.007280000000008613,22673.684486679038,bench_add_reg_idx
163.80296,163.81024,0.007279999999980191,22653.30033137557,bench_add_reg_idx
164.01046,164.01774,0.007280000000008613,22682.795550236002,bench_add_reg_idx
164.21796,164.22526,0.0072999999999865395,22701.86062665273,bench_add_reg_idx
164.42546,164.43276,0.007300000000014961,22737.244556238456,bench_add_reg_idx
164.63296,164.64026,0.007300000000014961,22722.731281584638,bench_add_reg_idx
164.84046,164.84776,0.0072999999999865395,22732.84437829176,bench_add_reg_idx
165.04798,165.05526,0.007280000000008613,22640.19090917625,bench_add_reg_idx
165.25546,165.26276,0.0072999999999865395,22734.53502446265,bench_add_reg_idx
165.46296,165.47026,0.0072999999999865395,22709.32949376643,bench_add_reg_idx
165.67046,165.67774,0.007280000000008613,22660.627213798947,bench_add_reg_idx
165.87796,165.88524,0.007280000000008613,22642.561185665723,bench_add_reg_idx
166.08546,166.09274,0.007279999999980191,22649.226593722164,bench_add_reg_idx
166.29296,166.30024,0.007280000000008613,22628.182745567057,bench_add_reg_idx
166.50046,166.50774,0.007280000000008613,22675.51599538934,bench_add_reg_idx
166.70796,166.71524,0.007279999999980191,22630.2905962149,bench_add_reg_idx
166.91546,166.92274,0.007280000000008613,22691.876289928616,bench_add_reg_idx
167.12296,167.13024,0.007279999999980191,22708.32111354492,bench_add_reg_idx
167.33044,167.33774,0.0072999999999865395,22778.626391619935,bench_add_reg_idx
167.53794,167.54522,0.007280000000008613,22644.846956267702,bench_add_reg_idx
167.74544,167.75272,0.007280000000008613,22704.09727704856,bench_add_reg_idx
167.95292,167.9602,0.007279999999980191,22738.011528216048,bench_add_reg_idx
168.16042,168.1677,0.007280000000008613,22800.093928843802,bench_add_reg_idx
168.3679,168.3752,0.007300000000014961,22837.02137186184,bench_add_reg_idx
168.5754,168.58268,0.007280000000008613,22693.406536736762,bench_add_reg_idx
168.78288,168.79018,0.0072999999999865395,22772.05661866578,bench_add_reg_idx
168.99038,168.99766,0.007280000000008613,22686.664422533133,bench_add_reg_idx
169.19786,169.20516,0.007300000000014961,22696.65641481786,bench_add_reg_idx
169.40536,169.41264,0.007280000000008613,22637.721309465684,bench_add_reg_idx
169.61284,169.62014,0.0072999999999865395,22719.015115832204,bench_add_reg_idx
169.82034,169.82762,0.007280000000008613,22652.61507130151,bench_add_reg_idx
170.02784,170.03512,0.007280000000008613,22622.309040770895,bench_add_reg_idx
170.23532,170.2426,0.007280000000008613,22657.729357043056,bench_add_reg_idx
170.4428,170.4501,0.0072999999999865395,22677.280218301115,bench_add_reg_idx
170.6503,170.65758,0.007280000000008613,22645.34385877131,bench_add_reg_idx
170.85778,170.86506,0.007280000000008613,22612.98060652633,bench_add_reg_idx
171.06528,171.07256,0.007280000000008613,22653.054357536697,bench_add_reg_idx
171.27278,171.28006,0.007279999999980191,22630.18572464077,bench_add_reg_idx
171.48026,171.48756,0.007300000000014961,22722.159405284536,bench_add_reg_idx
171.68776,171.69504,0.007280000000008613,22629.846320514614,bench_add_reg_idx
171.89526,171.90254,0.007279999999980191,22672.890941552665,bench_add_reg_idx
172.10276,172.11004,0.007280000000008613,22643.861304993487,bench_add_reg_idx
172.31024,172.31752,0.007280000000008613,22648.244965846272,bench_add_reg_idx
172.51772,172.52502,0.007300000000014961,22714.45579598677,bench_add_reg_idx
172.72522,172.7325,0.007279999999980191,22664.361016298946,bench_add_reg_idx
172.93272,172.94,0.007280000000008613,22644.52262551175,bench_add_reg_idx
173.1402,173.14748,0.007280000000008613,22674.515738643116,bench_add_reg_idx
173.3477,173.35498,0.007280000000008613,22663.323800106766,bench_add_reg_idx
173.55518,173.56246,0.007279999999980191,22666.308756391543,bench_add_reg_idx
173.76268,173.76996,0.007280000000008613,22647.345371104628,bench_add_reg_idx
173.97016,173.97746,0.007300000000014961,22748.54001826335,bench_add_reg_idx
174.17766,174.18494,0.007280000000008613,22670.520048151495,bench_add_reg_idx
174.38516,174.39242,0.007259999999973843,23001.35584074284,bench_add_reg_sym
174.59262,174.59988,0.007260000000002265,22998.24988469771,bench_add_reg_sym
174.8001,174.80736,0.007260000000002265,22986.429152087276,bench_add_reg_sym
175.00756,175.01484,0.007279999999980191,23061.737145698728,bench_add_reg_sym
175.21504,175.2223,0.007260000000002265,22999.196527533106,bench_add_reg_sym
175.4225,175.42978,0.007279999999980191,23046.264494706684,bench_add_reg_sym
175.62998,175.63724,0.007260000000002265,22993.567569651626,bench_add_reg_sym
175.83746,175.84472,0.007260000000002265,23001.98669778897,bench_add_reg_sym
176.04492,176.05218,0.007260000000002265,23034.45908241719,bench_add_reg_sym
176.25238,176.25964,0.007260000000002265,23043.46478079075,bench_add_reg_sym
176.45984,176.4671,0.007259999999973843,23055.34010744737,bench_add_reg_sym
176.66732,176.67458,0.007260000000002265,23135.71869163699,bench_add_reg_sym
176.87478,176.88204,0.007260000000002265,23239.849351818157,bench_add_reg_sym
177.08224,177.0895,0.007259999999973843,23031.75196276074,bench_add_reg_sym
177.28972,177.29698,0.007260000000002265,23019.927705178998,bench_add_reg_sym
177.49718,177.50444,0.007260000000002265,23057.92391999533,bench_add_reg_sym
177.70464,177.7119,0.007260000000002265,22965.130766393533,bench_add_reg_sym
177.91212,177.91938,0.007260000000002265,22672.37824388653,bench_add_reg_sym
178.11958,178.12684,0.007259999999973843,22509.662029250536,bench_add_reg_sym
178.32704,178.3343,0.007260000000002265,22689.295834871275,bench_add_reg_sym
178.53452,178.54178,0.007260000000002265,22670.350621929338,bench_add_reg_sym
178.74198,178.74924,0.007259999999973843,22592.09746719425,bench_add_reg_sym
178.94946,178.95672,0.007260000000002265,22399.30365700565,bench_add_reg_sym
179.15692,179.16418,0.007259999999973843,22306.852319659687,bench_add_reg_sym
179.3644,179.37166,0.007260000000002265,22872.35677941413,bench_add_reg_sym
179.57186,179.57912,0.007260000000002265,22569.04894486953,bench_add_reg_sym
179.77934,179.7866,0.007260000000002265,22588.632409467216,bench_add_reg_sym
179.98682,179.99408,0.007260000000002265,22953.925628687604,bench_add_reg_sym
180.19428,180.20156,0.007280000000008613,27777.09018442166,bench_add_reg_sym
180.40176,180.40902,0.007260000000002265,27787.143369213085,bench_add_reg_sym
180.60924,180.6165,0.007260000000002265,41874.9350495787,bench_add_reg_sym
180.8167,180.82396,0.007260000000002265,28119.064550855524,bench_add_reg_sym
181.02418,181.03144,0.007260000000002265,23234.80868247061,bench_add_reg_sym
181.23166,181.23892,0.007260000000002265,23124.07974154299,bench_add_reg_sym
181.43912,181.44638,0.007260000000002265,23055.578328210202,bench_add_reg_sym
181.64658,181.65384,0.007260000000002265,23023.59151654599,bench_add_reg_sym
181.85406,181.86132,0.007260000000002265,22918.29266586206,bench_add_reg_sym
182.06152,182.0688,0.007280000000008613,23048.015751437364,bench_add_reg_sym
182.269,182.27626,0.007260000000002265,22967.53754141202,bench_add_reg_sym
182.47646,182.48372,0.007260000000002265,22972.641212406965,bench_add_reg_sym
182.68394,182.6912,0.007260000000002265,23042.86319995961,bench_add_reg_sym
182.89142,182.89868,0.007260000000002265,23034.099692024556,bench_add_reg_sym
183.09888,183.10616,0.007279999999980191,23120.604602090934,bench_add_reg_sym
183.30636,183.31362,0.007259999999973843,23073.408738626542,bench_add_reg_sym
183.51382,183.5211,0.007279999999980191,23138.64262535244,bench_add_reg_sym
183.7213,183.72856,0.007259999999973843,23062.803863928253,bench_add_reg_sym
183.92876,183.93602,0.007260000000002265,23052.723344892172,bench_add_reg_sym
184.13622,184.14348,0.007260000000002265,23103.927182972366,bench_add_reg_sym
184.34368,184.35094,0.007260000000002265,23086.056571925837,bench_add_reg_sym
184.55116,184.55842,0.007260000000002265,23099.128606271264,bench_add_reg_sym
184.75862,184.76588,0.007260000000002265,23108.372124850506,bench_add_reg_sym
184.9661,184.97336,0.007260000000002265,23147.92584163037,bench_add_reg_sym
185.17356,185.18082,0.007260000000002265,23109.804834245173,bench_add_reg_sym
185.38104,185.3883,0.007259999999973843,23095.722016794472,bench_add_reg_sym
185.5885,185.59576,0.007260000000002265,23113.687678715825,bench_add_reg_sym
185.79598,185.80324,0.007260000000002265,23079.44227243612,bench_add_reg_sym
186.00344,186.0107,0.007260000000002265,23085.30207724133,bench_add_reg_sym
186.2109,186.21818,0.007279999999980191,23145.546966635444,bench_add_reg_sym
186.41838,186.42564,0.007259999999973843,23077.347774438065,bench_add_reg_sym
186.62584,186.63312,0.007279999999980191,23143.130685140222,bench_add_reg_sym
186.83332,186.84058,0.007260000000002265,23068.748118827527,bench_add_reg_sym
187.04078,187.04804,0.007259999999973843,23044.148518154965,bench_add_reg_sym
187.24824,187.2555,0.007260000000002265,23162.166327248095,bench_add_reg_sym
187.45572,187.46298,0.007259999999973843,23648.21424699255,bench_add_reg_sym
187.66318,187.67044,0.007260000000002265,25238.65826661406,bench_add_reg_sym
187.87066,187.87792,0.007260000000002265,24650.953346874634,bench_add_reg_sym
188.07812,188.08538,0.007259999999973843,23744.149692270843,bench_add_reg_sym
188.2856,188.29286,0.007260000000002265,23496.37505366427,bench_add_reg_sym
188.49308,188.50034,0.007260000000002265,23297.699375549917,bench_add_reg_sym
188.70054,188.70782,0.007280000000008613,23268.0441299718,bench_add_reg_sym
188.90802,188.91528,0.007260000000002265,23156.151121953484,bench_add_reg_sym
189.1155,189.12276,0.007260000000002265,23110.556709586683,bench_add_reg_sym
189.32296,189.33024,0.007280000000008613,23148.167491916898,bench_add_reg_sym
189.53044,189.5377,0.007260000000002265,23043.826771905857,bench_add_reg_sym
189.73792,189.74518,0.007260000000002265,22927.663624293757,bench_add_reg_sym
189.9454,189.95266,0.007260000000002265,22950.51300200387,bench_add_reg_sym
190.15288,190.16014,0.007260000000002265,23017.11921581009,bench_add_reg_sym
190.36034,190.36762,0.007279999999980191,23118.8679020236,bench_add_reg_sym
190.56782,190.5751,0.007279999999980191,23136.60986249528,bench_add_reg_sym
190.7753,190.78256,0.007260000000002265,23085.040911107993,bench_add_reg_sym
190.98278,190.99004,0.007260000000002265,23125.364121520444,bench_add_reg_sym
191.19026,191.19752,0.007260000000002265,23108.49916423477,bench_add_reg_sym
191.39772,191.405,0.007280000000008613,23157.78781429663,bench_add_reg_sym
191.6052,191.61246,0.007260000000002265,23061.220031236822,bench_add_reg_sym
191.81268,191.81994,0.007260000000002265,23031.463846569153,bench_add_reg_sym
192.02016,192.02742,0.007260000000002265,23025.12966795691,bench_add_reg_sym
192.22764,192.2349,0.007260000000002265,23012.55522762158,bench_add_reg_sym
192.4351,192.44236,0.007260000000002265,23035.678281456338,bench_add_reg_sym
192.64258,192.64984,0.007260000000002265,23039.023757452516,bench_add_reg_sym
192.85004,192.85732,0.007279999999980191,23117.63057013261,bench_add_reg_sym
193.05752,193.06478,0.007260000000002265,23046.07873550445,bench_add_reg_sym
193.265,193.27226,0.007260000000002265,23061.318015686407,bench_add_reg_sym
193.47248,193.47974,0.007260000000002265,23057.60010379141,bench_add_reg_sym
193.67996,193.68722,0.007260000000002265,23035.25300231479,bench_add_reg_sym
193.88744,193.8947,0.007260000000002265,23047.735812148858,bench_add_reg_sym
194.09492,194.10218,0.007260000000002265,23004.108965403324,bench_add_reg_sym
194.3024,194.30966,0.007260000000002265,23029.774462343932,bench_add_reg_sym
194.50988,194.51714,0.007260000000002265,23077.73833163872,bench_add_reg_sym
194.71736,194.72462,0.007259999999973843,23023.987417025455,bench_add_reg_sym
194.92482,194.93208,0.007260000000002265,23004.173273227636,bench_add_reg_sym
195.1323,195.13958,0.007280000000008613,22518.004947368187,bench_add_reg_abs
195.3398,195.34708,0.007280000000008613,22538.514891665516,bench_add_reg_abs
195.5473,195.55458,0.007279999999980191,22542.835017607133,bench_add_reg_abs
195.7548,195.76208,0.007280000000008613,22591.686765689654,bench_add_reg_abs
195.96228,195.96958,0.007300000000014961,22638.53448913194,bench_add_reg_abs
196.16978,196.17708,0.0072999999999865395,22672.372560441607,bench_add_reg_abs
196.37728,196.38456,0.007279999999980191,22567.95239861661,bench_add_reg_abs
196.58478,196.59206,0.007280000000008613,22545.26931562306,bench_add_reg_abs
196.79228,196.79956,0.007280000000008613,22527.713929327787,bench_add_reg_abs
196.99978,197.00706,0.007280000000008613,22520.432695774885,bench_add_reg_abs
197.20728,197.21456,0.007280000000008613,22498.876194029963,bench_add_reg_abs
197.41478,197.42206,0.007279999999980191,22527.100327364933,bench_add_reg_abs
197.62228,197.62956,0.007280000000008613,22543.854331625636,bench_add_reg_abs
197.82978,197.83706,0.007280000000008613,22566.628404920233,bench_add_reg_abs
198.03728,198.04456,0.007279999999980191,22583.821122469577,bench_add_reg_abs
198.24478,198.25206,0.007280000000008613,22561.45711292393,bench_add_reg_abs
198.45226,198.45956,0.007300000000014961,22623.10995259405,bench_add_reg_abs
198.65978,198.66706,0.007279999999980191,22531.42618800912,bench_add_reg_abs
198.86726,198.87456,0.007300000000014961,22583.36097006462,bench_add_reg_abs
199.07476,199.08204,0.007280000000008613,22530.411921933734,bench_add_reg_abs
199.28226,199.28954,0.007279999999980191,22548.853850398173,bench_add_reg_abs
199.48976,199.49704,0.007280000000008613,22542.550072561742,bench_add_reg_abs
199.69726,199.70454,0.007280000000008613,22543.68575059701,bench_add_reg_abs
199.90476,199.91204,0.007279999999980191,22571.60689675517,bench_add_reg_abs
200.11226,200.11954,0.007280000000008613,22576.835835377773,bench_add_reg_abs
200.31976,200.32704,0.007280000000008613,22584.731765116037,bench_add_reg_abs
200.52726,200.53454,0.007279999999980191,22577.459893591873,bench_add_reg_abs
200.73476,200.74204,0.007280000000008613,22528.052297448186,bench_add_reg_abs
200.94226,200.94954,0.007280000000008613,22463.43379610023,bench_add_reg_abs
201.14974,201.15704,0.0072999999999865395,22524.33877201336,bench_add_reg_abs
201.35724,201.36454,0.007300000000014961,22522.40876206137,bench_add_reg_abs
201.56474,201.57204,0.0072999999999865395,22524.89962378013,bench_add_reg_abs
201.77224,201.77952,0.007279999999980191,22504.142555345294,bench_add_reg_abs
201.97974,201.98702,0.007280000000008613,22588.383348218682,bench_add_reg_abs
202.18724,202.19452,0.007280000000008613,22587.311712586248,bench_add_reg_abs
202.39474,202.40204,0.0072999999999865395,22673.103564840858,bench_add_reg_abs
202.60224,202.60954,0.007300000000014961,22696.472988510195,bench_add_reg_abs
202.80976,202.81704,0.007279999999980191,22630.446930353788,bench_add_reg_abs
203.01726,203.02454,0.007280000000008613,22613.663903929224,bench_add_reg_abs
203.22474,203.23204,0.007300000000014961,22629.876236943786,bench_add_reg_abs
203.43224,203.43952,0.007279999999980191,22551.927315011348,bench_add_reg_abs
203.63974,203.64704,0.007300000000014961,22599.603484897118,bench_add_reg_abs
203.84724,203.85454,0.0072999999999865395,22591.460135258865,bench_add_reg_abs
204.05476,204.06204,0.007280000000008613,22540.483421206703,bench_add_reg_abs
204.26226,204.26954,0.007280000000008613,22525.63693330489,bench_add_reg_abs
204.46976,204.47704,0.007279999999980191,22538.77020434611,bench_add_reg_abs
204.67726,204.68454,0.007280000000008613,22595.31100748687,bench_add_reg_abs
204.88476,204.89204,0.007280000000008613,22549.039381584073,bench_add_reg_abs
205.09226,205.09954,0.007279999999980191,22554.306979228124,bench_add_reg_abs
205.29976,205.30704,0.007280000000008613,22590.782672660647,bench_add_reg_abs
205.50726,205.51454,0.007280000000008613,22578.265077926593,bench_add_reg_abs
205.71476,205.72206,0.0072999999999865395,22619.509717871402,bench_add_reg_abs
205.92228,205.92956,0.007280000000008613,22536.01751059999,bench_add_reg_abs
206.12978,206.13706,0.007279999999980191,22520.10865130743,bench_add_reg_abs
206.33728,206.34456,0.007280000000008613,22523.73683501934,bench_add_reg_abs
206.54478,206.55206,0.007280000000008613,22508.983723847894,bench_add_reg_abs
206.75228,206.75956,0.007279999999980191,22528.30769394939,bench_add_reg_abs
206.95978,206.96706,0.007280000000008613,22532.508473404403,bench_add_reg_abs
207.16728,207.17456,0.007280000000008613,22579.204931416076,bench_add_reg_abs
207.37478,207.38206,0.007280000000008613,22603.59399256278,bench_add_reg_abs
207.58228,207.58956,0.007280000000008613,22617.952469762375,bench_add_reg_abs
207.78976,207.79706,0.0072999999999865395,22677.33395328404,bench_add_reg_abs
207.99726,208.00454,0.007279999999980191,22588.66166456756,bench_add_reg_abs
208.20476,208.21204,0.007280000000008613,22558.662039252904,bench_add_reg_abs
208.41226,208.41954,0.007280000000008613,22537.23158736689,bench_add_reg_abs
208.61976,208.62704,0.007279999999980191,22529.53463693543,bench_add_reg_abs
208.82726,208.83454,0.007280000000008613,22521.40227009148,bench_add_reg_abs
209.03476,209.04204,0.007279999999980191,22522.290663267566,bench_add_reg_abs
209.24224,209.24952,0.007279999999980191,22527.67749590067,bench_add_reg_abs
209.44974,209.45702,0.007280000000008613,22553.99828779222,bench_add_reg_abs
209.65724,209.66452,0.007280000000008613,22553.217902338925,bench_add_reg_abs
209.86474,209.87202,0.007279999999980191,22563.561401268762,bench_add_reg_abs
210.07224,210.07952,0.007280000000008613,22563.381548997997,bench_add_reg_abs
210.27974,210.28702,0.007280000000008613,22574.99820788362,bench_add_reg_abs
210.48724,210.49452,0.007279999999980191,22577.022588748252,bench_add_reg_abs
210.69474,210.70202,0.007280000000008613,22646.480747525427,bench_add_reg_abs
210.90222,210.9095,0.007280000000008613,22687.26340730566,bench_add_reg_abs
211.10972,211.117,0.007279999999980191,22644.80235048865,bench_add_reg_abs
211.31722,211.3245,0.007280000000008613,22631.27641755024,bench_add_reg_abs
211.5247,211.53198,0.007280000000008613,22598.869281380306,bench_add_reg_abs
211.7322,211.73948,0.007279999999980191,22600.21655814332,bench_add_reg_abs
211.93968,211.94696,0.007279999999980191,22586.808171990488,bench_add_reg_abs
212.14718,212.15446,0.007280000000008613,22569.421825489542,bench_add_reg_abs
212.35468,212.36196,0.007280000000008613,22604.259371319404,bench_add_reg_abs
212.56218,212.56946,0.007279999999980191,22556.387933375012,bench_add_reg_abs
212.76968,212.77696,0.007280000000008613,22488.47431505995,bench_add_reg_abs
212.97718,212.98446,0.007280000000008613,22442.601085666727,bench_add_reg_abs
213.18466,213.19196,0.0072999999999865395,22531.87207500651,bench_add_reg_abs
213.39216,213.39944,0.007280000000008613,22494.412439433596,bench_add_reg_abs
213.59966,213.60696,0.0072999999999865395,22571.53141774135,bench_add_reg_abs
213.80718,213.81446,0.007280000000008613,22509.73075630835,bench_add_reg_abs
214.01466,214.02196,0.007300000000014961,22648.65749520002,bench_add_reg_abs
214.22216,214.22944,0.007280000000008613,22566.73082013422,bench_add_reg_abs
214.42966,214.43694,0.007279999999980191,22571.850921897312,bench_add_reg_abs
214.63716,214.64444,0.007280000000008613,22568.32717221937,bench_add_reg_abs
214.84466,214.85194,0.007280000000008613,22515.048550003492,bench_add_reg_abs
215.05216,215.05944,0.007280000000008613,22520.584438490732,bench_add_reg_abs
215.25966,215.26694,0.007280000000008613,22521.945079814413,bench_add_reg_abs
215.46716,215.47444,0.007279999999980191,22548.846173968643,bench_add_reg_abs
215.67466,215.68194,0.007280000000008613,22547.62811821627,bench_add_reg_abs
215.88216,215.88522,0.0030600000000049477,7754.352069474569,bench_inc_reg
216.08544,216.0885,0.0030600000000049477,7731.832987639251,bench_inc_reg
216.28872,216.29178,0.003059999999976526,7751.756305738415,bench_inc_reg
216.492,216.49506,0.0030600000000049477,7739.36754559947,bench_inc_reg
216.69526,216.69832,0.0030600000000049477,7744.518623241407,bench_inc_reg
216.89854,216.9016,0.0030600000000049477,7734.8730736569205,bench_inc_reg
217.1018,217.10486,0.0030600000000049477,7750.739946512244,bench_inc_reg
217.30508,217.30814,0.0030600000000049477,7762.334870650437,bench_inc_reg
217.50836,217.51142,0.003059999999976526,7760.38883480096,bench_inc_reg
217.71164,217.7147,0.0030600000000049477,7741.824085842842,bench_inc_reg
217.9149,217.91796,0.0030600000000049477,7753.786228151061,bench_inc_reg
218.11818,218.12124,0.0030600000000049477,7762.4460891969975,bench_inc_reg
218.32144,218.3245,0.0030600000000049477,7759.582910237133,bench_inc_reg
218.52472,218.52778,0.0030600000000049477,7746.838622271825,bench_inc_reg
218.72798,218.73104,0.0030600000000049477,7747.564679022043,bench_inc_reg
218.93126,218.93432,0.0030600000000049477,7749.450060079584,bench_inc_reg
219.13454,219.1376,0.0030600000000049477,7761.723059249911,bench_inc_reg
219.3378,219.34086,0.0030600000000049477,7748.447991928464,bench_inc_reg
219.54108,219.54414,0.0030600000000049477,7757.39108446877,bench_inc_reg
219.74434,219.7474,0.0030600000000049477,7763.531748222101,bench_inc_reg
219.94762,219.95068,0.0030600000000049477,7756.304231021946,bench_inc_reg
220.15088,220.15394,0.0030600000000049477,7772.913277162923,bench_inc_reg
220.35416,220.35722,0.0030600000000049477,7771.722862973334,bench_inc_reg
220.55742,220.56048,0.0030600000000049477,7782.948939138486,bench_inc_reg
220.76068,220.76374,0.0030600000000049477,7775.773704059581,bench_inc_reg
220.96396,220.96702,0.0030600000000049477,7755.138564410381,bench_inc_reg
221.16724,221.1703,0.0030600000000049477,7749.785596987327,bench_inc_reg
221.3705,221.37356,0.0030600000000049477,7786.7159061325,bench_inc_reg
221.57378,221.57684,0.0030600000000049477,7780.695653069028,bench_inc_reg
221.77704,221.7801,0.0030600000000049477,7773.961231593272,bench_inc_reg
221.98032,221.98338,0.0030600000000049477,7761.272732176572,bench_inc_reg
222.1836,222.18666,0.003059999999976526,7756.6630415861755,bench_inc_reg
222.38688,222.38994,0.0030600000000049477,7779.131040460842,bench_inc_reg
222.59014,222.5932,0.0030600000000049477,7771.219604202123,bench_inc_reg
222.79342,222.79648,0.0030600000000049477,7752.101144302794,bench_inc_reg
222.9967,222.99976,0.0030600000000049477,7753.620697196533,bench_inc_reg
223.19996,223.20302,0.0030600000000049477,7758.580737290918,bench_inc_reg
223.40324,223.4063,0.003059999999976526,7744.814848924103,bench_inc_reg
223.60652,223.60958,0.0030600000000049477,7755.36161150617,bench_inc_reg
223.8098,223.81286,0.0030600000000049477,7753.140698200424,bench_inc_reg
224.01306,224.01612,0.0030600000000049477,7754.085359645029,bench_inc_reg
224.21634,224.2194,0.0030600000000049477,7754.223493403109,bench_inc_reg
224.41962,224.42268,0.0030600000000049477,7747.361324731684,bench_inc_reg
224.6229,224.62596,0.0030600000000049477,7710.689734686543,bench_inc_reg
224.82616,224.82924,0.003080000000011296,7760.595916807015,bench_inc_reg
225.02944,225.0325,0.0030600000000049477,7727.09940794783,bench_inc_reg
225.23272,225.23578,0.0030600000000049477,7751.053201514613,bench_inc_reg
225.436,225.43906,0.0030600000000049477,7762.921857657451,bench_inc_reg
225.63928,225.64234,0.003059999999976526,7749.36877882895,bench_inc_reg
225.84256,225.84562,0.0030600000000049477,7719.55989302808,bench_inc_reg
226.04584,226.0489,0.0030600000000049477,7729.587825029883,bench_inc_reg
226.24912,226.25218,0.0030600000000049477,7728.836173200803,bench_inc_reg
226.4524,226.45546,0.003059999999976526,7749.324843684661,bench_inc_reg
226.65566,226.65872,0.003059999999976526,7754.347154338008,bench_inc_reg
226.85894,226.862,0.0030600000000049477,7759.88658891749,bench_inc_reg
227.0622,227.06526,0.0030600000000049477,7779.712898209742,bench_inc_reg
227.26548,227.26854,0.0030600000000049477,7794.514291468001,bench_inc_reg
227.46876,227.47182,0.0030600000000049477,7785.206297423205,bench_inc_reg
227.67204,227.6751,0.003059999999976526,7764.462879792715,bench_inc_reg
227.87532,227.87838,0.0030600000000049477,7752.414329462365,bench_inc_reg
228.0786,228.08166,0.0030600000000049477,7740.66329702511,bench_inc_reg
228.28186,228.28492,0.0030600000000049477,7740.256416163571,bench_inc_reg
228.48514,228.4882,0.0030600000000049477,7725.622470039338,bench_inc_reg
228.68842,228.69148,0.0030600000000049477,7734.190649363562,bench_inc_reg
228.8917,228.89476,0.0030600000000049477,7745.192884487451,bench_inc_reg
229.09498,229.09804,0.0030600000000049477,7735.991415119748,bench_inc_reg
229.29826,229.30132,0.0030600000000049477,7763.494395199571,bench_inc_reg
229.50154,229.5046,0.0030600000000049477,7783.1320930364345,bench_inc_reg
229.70482,229.70788,0.003059999999976526,7790.566421973774,bench_inc_reg
229.9081,229.91116,0.0030600000000049477,7781.1823785491915,bench_inc_reg
230.11138,230.11444,0.0030600000000049477,7772.291740420353,bench_inc_reg
230.31466,230.31772,0.0030600000000049477,7779.5579121571245,bench_inc_reg
230.51794,230.521,0.003059999999976526,7782.214325783154,bench_inc_reg
230.72124,230.7243,0.0030600000000049477,7759.176983981974,bench_inc_reg
230.92452,230.92758,0.0030600000000049477,7769.376647207526,bench_inc_reg
231.1278,231.13086,0.0030600000000049477,7778.034575759362,bench_inc_reg
231.33108,231.33414,0.0030600000000049477,7780.423890820269,bench_inc_reg
231.53436,231.53742,0.0030600000000049477,7784.056260734229,bench_inc_reg
231.73764,231.7407,0.0030600000000049477,7774.634358952825,bench_inc_reg
231.94092,231.94398,0.0030600000000049477,7774.218916902315,bench_inc_reg
232.1442,232.14726,0.003059999999976526,7757.987675653798,bench_inc_reg
232.34748,232.35054,0.0030600000000049477,7760.976136215481,bench_inc_reg
232.55074,232.5538,0.0030600000000049477,7764.508512355598,bench_inc_reg
232.75402,232.75708,0.0030600000000049477,7762.7603756418,bench_inc_reg
232.9573,232.96036,0.0030600000000049477,7770.671653572649,bench_inc_reg
233.16058,233.16364,0.003059999999976526,7745.27970229185,bench_inc_reg
233.36386,233.36692,0.0030600000000049477,7743.20616621541,bench_inc_reg
233.56714,233.5702,0.0030600000000049477,7752.785475476375,bench_inc_reg
233.77042,233.77348,0.0030600000000049477,7760.092981639691,bench_inc_reg
233.97368,233.97674,0.0030600000000049477,7758.0359927468135,bench_inc_reg
234.17696,234.18002,0.0030600000000049477,7746.389475654466,bench_inc_reg
234.38024,234.3833,0.0030600000000049477,7753.315905594283,bench_inc_reg
234.58352,234.58658,0.0030600000000049477,7765.489039028429,bench_inc_reg
234.78678,234.78984,0.0030600000000049477,7760.465657356841,bench_inc_reg
234.99006,234.99312,0.0030600000000049477,7728.204384926431,bench_inc_reg
235.19334,235.1964,0.0030600000000049477,7723.793585329436,bench_inc_reg
235.39662,235.39968,0.003059999999976526,7722.369274055876,bench_inc_reg
235.5999,235.60296,0.0030600000000049477,7735.535304546105,bench_inc_reg
235.80318,235.80624,0.0030600000000049477,7740.537566146572,bench_inc_reg
236.00646,236.00952,0.0030600000000049477,7756.127344921996,bench_inc_reg
236.20974,236.21702,0.007279999999980191,22459.094051674772,bench_inc_idx
236.41724,236.42452,0.007280000000008613,22497.47321477847,bench_inc_idx
236.62474,236.63202,0.007280000000008613,22480.18492714213,bench_inc_idx
236.83224,236.83952,0.007279999999980191,22409.699943321408,bench_inc_idx
237.03974,237.04702,0.007280000000008613,22361.655507729094,bench_inc_idx
237.24724,237.25452,0.007280000000008613,22371.23539208018,bench_inc_idx
237.45474,237.46202,0.007280000000008613,22391.327219113256,bench_inc_idx
237.66224,237.66952,0.007280000000008613,22420.84510394255,bench_inc_idx
237.86972,237.87702,0.0072999999999865395,22453.05053652777,bench_inc_idx
238.07722,238.0845,0.007279999999980191,22374.502934921027,bench_inc_idx
238.28472,238.292,0.007280000000008613,22330.98188650654,bench_inc_idx
238.49222,238.4995,0.007280000000008613,22348.286078802605,bench_inc_idx
238.69972,238.707,0.007279999999980191,22376.190954757083,bench_inc_idx
238.90722,238.9145,0.007280000000008613,22405.93801255081,bench_inc_idx
239.11472,239.122,0.007280000000008613,22455.613622469453,bench_inc_idx
239.32222,239.3295,0.007280000000008613,22497.646620062547,bench_inc_idx
239.52972,239.537,0.007280000000008613,22363.965590514323,bench_inc_idx
239.73722,239.7445,0.007279999999980191,22377.943601398678,bench_inc_idx
239.94472,239.952,0.007280000000008613,22370.928074257918,bench_inc_idx
240.15222,240.1595,0.007280000000008613,22411.79514213181,bench_inc_idx
240.35972,240.367,0.007279999999980191,22427.375568014628,bench_inc_idx
240.56722,240.5745,0.007280000000008613,22421.00956153907,bench_inc_idx
240.77472,240.782,0.007280000000008613,22397.77342185923,bench_inc_idx
240.98222,240.9895,0.007279999999980191,22362.89885587188,bench_inc_idx
241.18972,241.197,0.007280000000008613,22324.265092638398,bench_inc_idx
241.39722,241.4045,0.007280000000008613,22350.72695419889,bench_inc_idx
241.60472,241.612,0.007280000000008613,22379.66477175425,bench_inc_idx
241.81222,241.8195,0.007280000000008613,22420.57979808048,bench_inc_idx
242.01972,242.027,0.007279999999980191,22389.36367438644,bench_inc_idx
242.22722,242.2345,0.007280000000008613,22339.10250480293,bench_inc_idx
242.43472,242.442,0.007280000000008613,22332.786142385954,bench_inc_idx
242.64222,242.6495,0.007279999999980191,22371.450029253036,bench_inc_idx
242.84972,242.857,0.007280000000008613,22414.192811147266,bench_inc_idx
243.0572,243.06448,0.007280000000008613,22472.83949053801,bench_inc_idx
243.2647,243.272,0.0072999999999865395,22498.97335651582,bench_inc_idx
243.4722,243.4795,0.007300000000014961,22485.628237530567,bench_inc_idx
243.6797,243.68698,0.007280000000008613,30216.144514306885,bench_inc_idx
243.8872,243.89448,0.007279999999980191,61868.52342431853,bench_inc_idx
244.0947,244.10198,0.007280000000008613,55806.54858151977,bench_inc_idx
244.3022,244.30948,0.007280000000008613,47811.16965232295,bench_inc_idx
244.50968,244.51698,0.0072999999999865395,54724.01421506805,bench_inc_idx
244.71718,244.72446,0.007279999999980191,60702.91368274501,bench_inc_idx
244.92468,244.93196,0.007280000000008613,42642.7353732794,bench_inc_idx
245.13218,245.13946,0.007280000000008613,24132.67702797898,bench_inc_idx
245.33966,245.34694,0.007279999999980191,22580.37484011859,bench_inc_idx
245.54716,245.55444,0.007280000000008613,22442.884654764617,bench_inc_idx
245.75466,245.76194,0.007280000000008613,22362.506028754062,bench_inc_idx
245.96216,245.96944,0.007279999999980191,22375.459582481897,bench_inc_idx
246.16966,246.17694,0.007280000000008613,22368.899164748324,bench_inc_idx
246.37716,246.38444,0.007280000000008613,22339.53293881223,bench_inc_idx
246.58466,246.59194,0.007279999999980191,22318.3667985086,bench_inc_idx
246.79216,246.79944,0.007280000000008613,22275.011555780937,bench_inc_idx
246.99966,247.00694,0.007279999999980191,22270.568369359433,bench_inc_idx
247.20716,247.21444,0.007280000000008613,22308.358724723555,bench_inc_idx
247.41466,247.42194,0.007280000000008613,22251.876527469183,bench_inc_idx
247.62214,247.62942,0.007280000000008613,22189.86259077399,bench_inc_idx
247.82964,247.83692,0.007279999999980191,22149.769728941763,bench_inc_idx
248.03712,248.0444,0.007280000000008613,22151.562450480717,bench_inc_idx
248.24462,248.2519,0.007280000000008613,22207.86668362849,bench_inc_idx
248.4521,248.45938,0.007280000000008613,22260.56010465051,bench_inc_idx
248.6596,248.66688,0.007279999999980191,22258.682905168946,bench_inc_idx
248.86708,248.87436,0.007280000000008613,22296.366584518033,bench_inc_idx
249.07456,249.08184,0.007280000000008613,22192.86952868789,bench_inc_idx
249.28204,249.28932,0.007280000000008613,22229.097345869624,bench_inc_idx
249.48952,249.4968,0.007280000000008613,22234.78052767704,bench_inc_idx
249.697,249.70428,0.007280000000008613,22294.728581353334,bench_inc_idx
249.9045,249.91178,0.007279999999980191,22300.6795020178,bench_inc_idx
250.11198,250.11926,0.007280000000008613,22312.00145793145,bench_inc_idx
250.31946,250.32674,0.007280000000008613,22283.477424671357,bench_inc_idx
250.52694,250.53422,0.007280000000008613,22289.09290631074,bench_inc_idx
250.73442,250.7417,0.007280000000008613,22270.92848627585,bench_inc_idx
250.94192,250.9492,0.007279999999980191,22302.19458456472,bench_inc_idx
251.14942,251.1567,0.007280000000008613,22309.02131183885,bench_inc_idx
251.3569,251.36418,0.007280000000008613,22346.35323055785,bench_inc_idx
251.5644,251.57168,0.007279999999980191,22359.58787373501,bench_inc_idx
251.77188,251.77916,0.007279999999980191,22252.03840055791,bench_inc_idx
251.97936,251.98664,0.007279999999980191,22259.8241711362,bench_inc_idx
252.18684,252.19412,0.007280000000008613,22284.68821852247,bench_inc_idx
252.39432,252.4016,0.007280000000008613,22324.709794513346,bench_inc_idx
252.60182,252.6091,0.007280000000008613,22379.559059653784,bench_inc_idx
252.8093,252.81658,0.007279999999980191,22348.408221671933,bench_inc_idx
253.01678,253.02406,0.007279999999980191,22334.685840116836,bench_inc_idx
253.22428,253.23156,0.007280000000008613,22288.79867357128,bench_inc_idx
253.43176,253.43904,0.007280000000008613,22297.384399013223,bench_inc_idx
253.63924,253.64654,0.0072999999999865395,22380.706886718395,bench_inc_idx
253.84674,253.85402,0.007279999999980191,22326.61729439611,bench_inc_idx
254.05424,254.06152,0.007280000000008613,22036.959992284672,bench_inc_idx
254.26172,254.269,0.007280000000008613,22055.412468058534,bench_inc_idx
254.46922,254.4765,0.007279999999980191,21998.91977238769,bench_inc_idx
254.6767,254.68398,0.007279999999980191,22057.38741898256,bench_inc_idx
254.88418,254.89146,0.007280000000008613,22089.540152839752,bench_inc_idx
255.09168,255.09896,0.007280000000008613,22188.755772101333,bench_inc_idx
255.29916,255.30644,0.007280000000008613,22253.49776449458,bench_inc_idx
255.50666,255.51394,0.007279999999980191,22293.52137766331,bench_inc_idx
255.71414,255.72142,0.007280000000008613,22280.928699796525,bench_inc_idx
255.92162,255.9289,0.007280000000008613,22252.28951547974,bench_inc_idx
256.12912,256.1364,0.007279999999980191,22234.85528718889,bench_inc_idx
256.3366,256.34388,0.007280000000037035,22300.54251395093,bench_inc_idx
256.5441,256.55138,0.007279999999980191,22349.821461773856,bench_inc_idx
256.7516,256.75888,0.007279999999980191,22378.362337989034,bench_inc_idx
256.95908,256.96634,0.007260000000030686,22587.86192639141,bench_inc_sym
257.16656,257.17382,0.007259999999973843,22582.287078169422,bench_inc_sym
257.37402,257.38128,0.007260000000030686,22636.321208069676,bench_inc_sym
257.58148,257.58874,0.007259999999973843,22662.546296991706,bench_inc_sym
257.78896,257.79622,0.007260000000030686,22677.152701744562,bench_inc_sym
257.99642,258.00368,0.007259999999973843,22598.927372522332,bench_inc_sym
258.2039,258.21114,0.007240000000024338,22528.141385492436,bench_inc_sym
258.41136,258.41862,0.007259999999973843,22557.698623188986,bench_inc_sym
258.61882,258.62608,0.007259999999973843,22609.826314647486,bench_inc_sym
258.8263,258.83356,0.007259999999973843,22657.427859877862,bench_inc_sym
259.03376,259.04102,0.007260000000030686,22664.700225106102,bench_inc_sym
259.24124,259.24848,0.007239999999967495,22623.96229419998,bench_inc_sym
259.4487,259.45596,0.007260000000030686,22566.381585880434,bench_inc_sym
259.65618,259.66342,0.007239999999967495,22528.52320893757,bench_inc_sym
259.86364,259.8709,0.007260000000030686,22600.638980616175,bench_inc_sym
260.0711,260.07836,0.007259999999973843,22646.8473415897,bench_inc_sym
260.27858,260.28582,0.007240000000024338,22618.776047684813,bench_inc_sym
260.48604,260.4933,0.007259999999973843,22682.592703406117,bench_inc_sym
260.69352,260.70076,0.007240000000024338,22593.515303528762,bench_inc_sym
260.90098,260.90824,0.007259999999973843,22619.975514159138,bench_inc_sym
261.10846,261.1157,0.007240000000024338,22549.867006097487,bench_inc_sym
261.31592,261.32318,0.007259999999973843,22615.771677722074,bench_inc_sym
261.5234,261.53064,0.007240000000024338,22598.381196225964,bench_inc_sym
261.73086,261.73812,0.007259999999973843,22645.25926896522,bench_inc_sym
261.93834,261.9456,0.007260000000030686,22683.291181558532,bench_inc_sym
262.14582,262.15306,0.007239999999967495,22514.263340166115,bench_inc_sym
262.35328,262.36054,0.007260000000030686,22595.654602727896,bench_inc_sym
262.56076,262.56802,0.007259999999973843,22593.900596166055,bench_inc_sym
262.76824,262.7755,0.007260000000030686,22645.882943278248,bench_inc_sym
262.9757,262.98296,0.007259999999973843,22631.382110908682,bench_inc_sym
263.18318,263.19044,0.007260000000030686,22616.100150723938,bench_inc_sym
263.39066,263.39792,0.007259999999973843,22612.905166954173,bench_inc_sym
263.59812,263.60538,0.007260000000030686,22556.118858137343,bench_inc_sym
263.8056,263.81286,0.007259999999973843,22585.20255788149,bench_inc_sym
264.01308,264.02034,0.007259999999973843,22629.283806223535,bench_inc_sym
264.22056,264.22782,0.007260000000030686,22715.275064209494,bench_inc_sym
264.42802,264.43528,0.007259999999973843,22724.45768574854,bench_inc_sym
264.6355,264.64276,0.007260000000030686,22763.902612601236,bench_inc_sym
264.84296,264.85022,0.007259999999973843,22668.292934465495,bench_inc_sym
265.05044,265.0577,0.007260000000030686,22678.345113622654,bench_inc_sym
265.2579,265.26516,0.007259999999973843,22661.546009978578,bench_inc_sym
265.46538,265.47262,0.007240000000024338,22603.156750631817,bench_inc_sym
265.67284,265.6801,0.007259999999973843,22736.952043979865,bench_inc_sym
265.88032,265.88758,0.007260000000030686,22701.65145173933,bench_inc_sym
266.0878,266.09506,0.007259999999973843,22730.221436273026,bench_inc_sym
266.29528,266.30252,0.007240000000024338,22570.463693775626,bench_inc_sym
266.50274,266.51,0.007259999999973843,22654.170854869142,bench_inc_sym
266.71022,266.71746,0.007240000000024338,22599.326986896984,bench_inc_sym
266.91768,266.92494,0.007259999999973843,22693.601949057,bench_inc_sym
267.12516,267.13242,0.007260000000030686,22701.679933917545,bench_inc_sym
267.33262,267.33988,0.007259999999973843,22709.370427669626,bench_inc_sym
267.5401,267.54734,0.007240000000024338,22584.04204629481,bench_inc_sym
267.74756,267.75482,0.007259999999973843,22645.237643655357,bench_inc_sym
267.95504,267.96228,0.007240000000024338,22576.304450707175,bench_inc_sym
268.1625,268.16976,0.007259999999973843,22684.18208454616,bench_inc_sym
268.36996,268.37722,0.007260000000030686,22705.41407177492,bench_inc_sym
268.57744,268.5847,0.007259999999973843,22693.551282772052,bench_inc_sym
268.7849,268.79216,0.007260000000030686,22692.743009055517,bench_inc_sym
268.99238,268.99962,0.007239999999967495,22524.882780755677,bench_inc_sym
269.19984,269.2071,0.007260000000030686,22635.713375733816,bench_inc_sym
269.4073,269.41456,0.007259999999973843,22633.88350830537,bench_inc_sym
269.61476,269.62202,0.007260000000030686,22679.604475948763,bench_inc_sym
269.82222,269.82948,0.007259999999973843,22714.81848547099,bench_inc_sym
270.02968,270.03694,0.007260000000030686,22685.32547411817,bench_inc_sym
270.23716,270.24442,0.007259999999973843,22623.264067715892,bench_inc_sym
270.44462,270.45188,0.007260000000030686,22620.771736941722,bench_inc_sym
270.6521,270.65936,0.007259999999973843,22616.211180498547,bench_inc_sym
270.85956,270.86682,0.007260000000030686,22662.847042185847,bench_inc_sym
271.06702,271.07428,0.007259999999973843,22687.218456908584,bench_inc_sym
271.2745,271.28176,0.007260000000030686,22683.445175750334,bench_inc_sym
271.48196,271.48922,0.007259999999973843,22707.85029037742,bench_inc_sym
271.68942,271.69668,0.007260000000030686,22607.67692476797,bench_inc_sym
271.8969,271.90414,0.007239999999967495,22561.413030962143,bench_inc_sym
272.10436,272.11162,0.007260000000030686,22627.315626118412,bench_inc_sym
272.31182,272.31908,0.007259999999973843,22666.436843481435,bench_inc_sym
272.51928,272.52654,0.007260000000030686,22708.795373432276,bench_inc_sym
272.72674,272.734,0.007259999999973843,22681.60612313335,bench_inc_sym
272.93422,272.94146,0.007240000000024338,22576.801446342608,bench_inc_sym
273.14168,273.14894,0.007259999999973843,22618.641967341442,bench_inc_sym
273.34916,273.35642,0.007260000000030686,22635.298303884505,bench_inc_sym
273.55662,273.56388,0.007259999999973843,22641.92971159814,bench_inc_sym
273.7641,273.77136,0.007260000000030686,22703.803309805255,bench_inc_sym
273.97156,273.97882,0.007259999999973843,22725.79533272486,bench_inc_sym
274.17904,274.1863,0.007260000000030686,22677.599117260026,bench_inc_sym
274.3865,274.39376,0.007259999999973843,22605.63056441747,bench_inc_sym
274.59398,274.60124,0.007260000000030686,22590.79463789814,bench_inc_sym
274.80146,274.8087,0.007239999999967495,22568.25406326992,bench_inc_sym
275.00892,275.01618,0.007260000000030686,22646.77537847772,bench_inc_sym
275.2164,275.22364,0.007239999999967495,22626.85831160096,bench_inc_sym
275.42386,275.43112,0.007260000000030686,22698.215367370616,bench_inc_sym
275.63132,275.63858,0.007259999999973843,22668.698648839294,bench_inc_sym
275.8388,275.84606,0.007260000000030686,22605.026883632592,bench_inc_sym
276.04628,276.05352,0.007239999999967495,22555.921650387136,bench_inc_sym
276.25374,276.261,0.007260000000030686,22644.307878895997,bench_inc_sym
276.4612,276.46846,0.007259999999973843,22686.51200915914,bench_inc_sym
276.66868,276.67594,0.007260000000030686,22688.458650466313,bench_inc_sym
276.87614,276.8834,0.007259999999973843,22687.686304475545,bench_inc_sym
277.08362,277.09086,0.007240000000024338,22529.441637528555,bench_inc_sym
277.29108,277.29834,0.007259999999973843,22577.827635609534,bench_inc_sym
277.49854,277.5058,0.007260000000030686,22668.271395481293,bench_inc_sym
277.70602,277.7133,0.007279999999980191,22471.029492955768,bench_inc_abs
277.9135,277.92078,0.007279999999980191,22521.354826102248,bench_inc_abs
278.12098,278.12826,0.007280000000037035,22497.990294484094,bench_inc_abs
278.32846,278.33574,0.007279999999980191,22510.437332030848,bench_inc_abs
278.53594,278.54322,0.007280000000037035,22390.566407817245,bench_inc_abs
278.74342,278.7507,0.007279999999980191,22401.790046062328,bench_inc_abs
278.9509,278.95818,0.007280000000037035,22443.56151682091,bench_inc_abs
279.15838,279.16566,0.007279999999980191,22501.621562913897,bench_inc_abs
279.36586,279.37314,0.007279999999980191,22505.56029140714,bench_inc_abs
279.57334,279.58062,0.007280000000037035,22508.992597118337,bench_inc_abs
279.78082,279.7881,0.007279999999980191,22432.08730586613,bench_inc_abs
279.9883,279.99558,0.007280000000037035,22396.825631269283,bench_inc_abs
280.19578,280.20304,0.007259999999973843,22336.795076172406,bench_inc_abs
280.40324,280.41052,0.007280000000037035,22432.890494936903,bench_inc_abs
280.61072,280.618,0.007279999999980191,22487.641512348026,bench_inc_abs
280.8182,280.82548,0.007280000000037035,22481.587159096485,bench_inc_abs
281.02568,281.03296,0.007279999999980191,22470.327448035558,bench_inc_abs
281.23316,281.24042,0.007259999999973843,22314.80127425908,bench_inc_abs
281.44062,281.4479,0.007279999999980191,22387.33594764925,bench_inc_abs
281.6481,281.65538,0.007279999999980191,22393.630249360333,bench_inc_abs
281.85558,281.86286,0.007280000000037035,22453.928950830454,bench_inc_abs
282.06306,282.07034,0.007279999999980191,22495.838717950155,bench_inc_abs
282.27054,282.27782,0.007280000000037035,22509.169264354383,bench_inc_abs
282.47802,282.4853,0.007279999999980191,22430.789065473164,bench_inc_abs
282.6855,282.69278,0.007280000000037035,22396.106000645133,bench_inc_abs
282.89298,282.90026,0.007279999999980191,22389.28170402422,bench_inc_abs
283.10048,283.10776,0.007279999999980191,22454.632176017312,bench_inc_abs
283.30796,283.31524,0.007280000000037035,22474.849445406744,bench_inc_abs
283.51544,283.52272,0.007279999999980191,22489.61853323058,bench_inc_abs
283.72292,283.7302,0.007280000000037035,22477.08388616013,bench_inc_abs
283.9304,283.93768,0.007279999999980191,22383.090990990007,bench_inc_abs
284.13788,284.14516,0.007279999999980191,22376.1871526342,bench_inc_abs
284.34536,284.35264,0.007279999999980191,22419.390354704345,bench_inc_abs
284.55284,284.56012,0.007279999999980191,22438.64411248938,bench_inc_abs
284.76034,284.76762,0.007280000000037035,22500.503973685456,bench_inc_abs
284.96782,284.9751,0.007279999999980191,22471.03188878924,bench_inc_abs
285.17532,285.1826,0.007279999999980191,22436.973904199684,bench_inc_abs
285.38282,285.39008,0.007260000000030686,22342.61254557989,bench_inc_abs
285.5903,285.59758,0.007279999999980191,22416.300359119687,bench_inc_abs
285.7978,285.80506,0.007260000000030686,22385.220483503643,bench_inc_abs
286.00528,286.01254,0.007259999999973843,22431.848093319677,bench_inc_abs
286.21276,286.22002,0.007259999999973843,22441.881010221234,bench_inc_abs
286.42024,286.42752,0.007280000000037035,22514.931303565947,bench_inc_abs
286.62772,286.635,0.007279999999980191,22369.991869124042,bench_inc_abs
286.8352,286.84248,0.007280000000037035,22389.75052268402,bench_inc_abs
287.04268,287.04996,0.007279999999980191,22376.615737961627,bench_inc_abs
287.25018,287.25744,0.007259999999973843,22389.826665092227,bench_inc_abs
287.45766,287.46492,0.007260000000030686,22435.908736756563,bench_inc_abs
287.66514,287.67242,0.007279999999980191,22498.67685598514,bench_inc_abs
287.87262,287.8799,0.007280000000037035,22489.331730302558,bench_inc_abs
288.0801,288.08738,0.007279999999980191,22411.170480708297,bench_inc_abs
288.28758,288.29486,0.007280000000037035,22375.577034071648,bench_inc_abs
288.49506,288.50234,0.007279999999980191,22443.853663213755,bench_inc_abs
288.70256,288.70982,0.007259999999973843,22395.3213355612,bench_inc_abs
288.91004,288.91732,0.007280000000037035,22473.904963245423,bench_inc_abs
289.11752,289.1248,0.007279999999980191,22505.7941814149,bench_inc_abs
289.325,289.33228,0.007280000000037035,22429.438741066995,bench_inc_abs
289.53248,289.53976,0.007279999999980191,22466.08824929021,bench_inc_abs
289.73996,289.74724,0.007279999999980191,22394.399240090814,bench_inc_abs
289.94744,289.95472,0.007280000000037035,22406.44818416385,bench_inc_abs
290.15494,290.1622,0.007259999999973843,22417.78175337916,bench_inc_abs
290.36242,290.3697,0.007280000000037035,22476.7659954961,bench_inc_abs
290.5699,290.57718,0.007279999999980191,22455.28940336681,bench_inc_abs
290.7774,290.78466,0.007259999999973843,22347.092621415955,bench_inc_abs
290.98488,290.99214,0.007260000000030686,22329.416559179357,bench_inc_abs
291.19236,291.19964,0.007279999999980191,22380.149278254517,bench_inc_abs
291.39984,291.40712,0.007280000000037035,22462.150859768848,bench_inc_abs
291.60732,291.6146,0.007279999999980191,22495.22234306563,bench_inc_abs
291.81482,291.8221,0.007279999999980191,22506.81840342807,bench_inc_abs
292.02232,292.02958,0.007260000000030686,22357.54613075812,bench_inc_abs
292.2298,292.23708,0.007279999999980191,22407.02933392648,bench_inc_abs
292.4373,292.44456,0.007260000000030686,22322.105539592943,bench_inc_abs
292.64478,292.65206,0.007279999999980191,22454.831965666388,bench_inc_abs
292.85226,292.85954,0.007279999999980191,22478.35996787915,bench_inc_abs
293.05976,293.06702,0.007260000000030686,22418.030358485837,bench_inc_abs
293.26724,293.27452,0.007279999999980191,22454.272725088213,bench_inc_abs
293.47472,293.482,0.007280000000037035,22396.875335957255,bench_inc_abs
293.6822,293.68948,0.007279999999980191,22387.03161005797,bench_inc_abs
293.88968,293.89696,0.007279999999980191,22405.592794466113,bench_inc_abs
294.09716,294.10444,0.007280000000037035,22444.007485286904,bench_inc_abs
294.30466,294.31192,0.007259999999973843,22415.112566581418,bench_inc_abs
294.51214,294.5194,0.007260000000030686,22434.494714351724,bench_inc_abs
294.71962,294.72688,0.007259999999973843,22351.557216524787,bench_inc_abs
294.9271,294.93438,0.007279999999980191,22409.919958972303,bench_inc_abs
295.13458,295.14186,0.007279999999980191,22389.106538548203,bench_inc_abs
295.34208,295.34934,0.007259999999973843,22377.02847683032,bench_inc_abs
295.54956,295.55682,0.007260000000030686,22413.7898465747,bench_inc_abs
295.75704,295.7643,0.007259999999973843,22403.15675725556,bench_inc_abs
295.9645,295.97178,0.007280000000037035,22518.18765666303,bench_inc_abs
296.17198,296.17926,0.007279999999980191,22382.435800894986,bench_inc_abs
296.37946,296.38674,0.007279999999980191,22402.540005217612,bench_inc_abs
296.58692,296.5942,0.007279999999980191,22408.95804012154,bench_inc_abs
296.7944,296.80168,0.007279999999980191,22481.26300046505,bench_inc_abs
297.00188,297.00916,0.007279999999980191,22456.38685759966,bench_inc_abs
297.20936,297.21664,0.007279999999980191,22509.213697563246,bench_inc_abs
297.41684,297.4241,0.007260000000030686,22366.610481495016,bench_inc_abs
297.62432,297.6316,0.007279999999980191,22428.0031234254,bench_inc_abs
297.8318,297.83908,0.007280000000037035,22384.88115615978,bench_inc_abs
298.03928,298.04654,0.007259999999973843,22384.80964666679,bench_inc_abs
298.24674,298.25402,0.007280000000037035,22477.492936997467,bench_inc_abs
298.45422,298.45726,0.0030399999999985994,7638.541567126191,bench_rlam_1_reg
298.65746,298.6605,0.0030399999999985994,7628.336036570893,bench_rlam_1_reg
298.86068,298.86372,0.0030399999999985994,7647.077124573651,bench_rlam_1_reg
299.06392,299.06696,0.0030399999999985994,7646.204400811883,bench_rlam_1_reg
299.26716,299.2702,0.0030399999999985994,7633.22975952518,bench_rlam_1_reg
299.4704,299.47344,0.0030399999999985994,7639.115133794633,bench_rlam_1_reg
299.67364,299.67668,0.0030399999999985994,7617.481034254535,bench_rlam_1_reg
299.87688,299.87992,0.0030399999999985994,7642.603556134742,bench_rlam_1_reg
300.08012,300.08316,0.0030399999999985994,7639.988625864546,bench_rlam_1_reg
300.28338,300.28642,0.0030399999999985994,7635.765264245399,bench_rlam_1_reg
300.48662,300.48966,0.0030399999999985994,7607.582104370848,bench_rlam_1_reg
300.68986,300.69292,0.0030600000000049477,7686.719107449491,bench_rlam_1_reg
300.89312,300.89616,0.0030399999999985994,7636.451073914348,bench_rlam_1_reg
301.09636,301.0994,0.0030399999999985994,7667.600417037499,bench_rlam_1_reg
301.2996,301.30264,0.0030399999999985994,7634.430907202235,bench_rlam_1_reg
301.50286,301.5059,0.0030399999999985994,7635.605442335259,bench_rlam_1_reg
301.7061,301.70914,0.0030399999999985994,7637.243701614825,bench_rlam_1_reg
301.90934,301.91238,0.0030399999999985994,7639.077079952554,bench_rlam_1_reg
302.11258,302.11562,0.0030399999999985994,7630.185729366562,bench_rlam_1_reg
302.31582,302.31886,0.0030399999999985994,7649.541692818981,bench_rlam_1_reg
302.51908,302.52212,0.0030399999999985994,7636.147893508309,bench_rlam_1_reg
302.72232,302.72536,0.0030399999999985994,7651.489998647307,bench_rlam_1_reg
302.92556,302.9286,0.0030399999999985994,7645.393058171676,bench_rlam_1_reg
303.12882,303.13186,0.0030399999999985994,7641.276179334093,bench_rlam_1_reg
303.33208,303.33512,0.0030399999999985994,7623.882412431784,bench_rlam_1_reg
303.53532,303.53836,0.0030399999999985994,7624.195944511454,bench_rlam_1_reg
303.73856,303.7416,0.0030399999999985994,7634.5605123814385,bench_rlam_1_reg
303.9418,303.94484,0.0030399999999985994,7627.001202200246,bench_rlam_1_reg
304.14506,304.1481,0.0030399999999985994,7636.012241707759,bench_rlam_1_reg
304.3483,304.35134,0.0030399999999985994,7633.655937395029,bench_rlam_1_reg
304.55154,304.5546,0.0030600000000049477,7701.783285027264,bench_rlam_1_reg
304.7548,304.75784,0.0030399999999985994,7642.567325392681,bench_rlam_1_reg
304.95806,304.9611,0.0030399999999985994,7626.061367336898,bench_rlam_1_reg
305.1613,305.16434,0.0030399999999985994,7640.534867539175,bench_rlam_1_reg
305.36454,305.36758,0.0030399999999985994,7647.586043466041,bench_rlam_1_reg
305.5678,305.57084,0.0030399999999985994,7615.132301594718,bench_rlam_1_reg
305.77104,305.77408,0.0030399999999985994,7634.727286618162,bench_rlam_1_reg
305.97428,305.97732,0.0030399999999985994,7656.3111296738225,bench_rlam_1_reg
306.17752,306.18058,0.0030600000000049477,7700.912640428753,bench_rlam_1_reg
306.38078,306.38382,0.0030399999999985994,7617.1138673032865,bench_rlam_1_reg
306.58402,306.58706,0.0030399999999985994,7621.513672624852,bench_rlam_1_reg
306.78728,306.79032,0.0030399999999985994,7613.904990709623,bench_rlam_1_reg
306.99052,306.99356,0.0030399999999985994,7628.622157496636,bench_rlam_1_reg
307.19376,307.1968,0.0030399999999985994,7628.301104997571,bench_rlam_1_reg
307.397,307.40004,0.0030399999999985994,7638.990464624834,bench_rlam_1_reg
307.60024,307.60328,0.0030399999999985994,7623.491892594995,bench_rlam_1_reg
307.80348,307.80652,0.0030399999999985994,7621.1031270302665,bench_rlam_1_reg
308.00672,308.00976,0.003040000000055443,7632.313391807817,bench_rlam_1_reg
308.20996,308.213,0.0030399999999985994,7633.13817090459,bench_rlam_1_reg
308.4132,308.41624,0.0030399999999985994,7644.050456564113,bench_rlam_1_reg
308.61644,308.61948,0.0030399999999985994,7637.243333734444,bench_rlam_1_reg
308.81968,308.82272,0.0030399999999985994,7638.5248894712095,bench_rlam_1_reg
309.02292,309.02596,0.0030399999999985994,7644.058926962307,bench_rlam_1_reg
309.22616,309.2292,0.0030399999999985994,7633.547000596141,bench_rlam_1_reg
309.4294,309.43244,0.0030399999999985994,7642.400374173982,bench_rlam_1_reg
309.63264,309.63568,0.0030399999999985994,7639.043820094103,bench_rlam_1_reg
309.83588,309.83892,0.0030399999999985994,7630.489743320579,bench_rlam_1_reg
310.03914,310.04218,0.0030399999999985994,7638.697766241688,bench_rlam_1_reg
310.24238,310.24542,0.0030399999999985994,7636.642353582751,bench_rlam_1_reg
310.44564,310.44868,0.0030399999999985994,7642.952252623304,bench_rlam_1_reg
310.64886,310.6519,0.0030399999999985994,7639.035808379109,bench_rlam_1_reg
310.85212,310.85516,0.0030399999999985994,7628.290504210327,bench_rlam_1_reg
311.05534,311.05838,0.0030399999999985994,7641.07446419324,bench_rlam_1_reg
311.25858,311.26162,0.0030399999999985994,7652.026510336527,bench_rlam_1_reg
311.46182,311.46486,0.0030399999999985994,7643.768654674674,bench_rlam_1_reg
311.66506,311.6681,0.0030399999999985994,7643.220603937918,bench_rlam_1_reg
311.8683,311.87134,0.0030399999999985994,7632.922548804928,bench_rlam_1_reg
312.07152,312.07456,0.0030399999999985994,7656.0048502678255,bench_rlam_1_reg
312.27476,312.2778,0.0030399999999985994,7654.983685338986,bench_rlam_1_reg
312.478,312.48104,0.0030399999999985994,7649.146902841443,bench_rlam_1_reg
312.68124,312.68428,0.0030399999999985994,7634.260451888735,bench_rlam_1_reg
312.88448,312.88752,0.0030399999999985994,7634.293213487504,bench_rlam_1_reg
313.08772,313.09076,0.0030399999999985994,7647.591494024671,bench_rlam_1_reg
313.29096,313.294,0.0030399999999985994,7647.4817888834195,bench_rlam_1_reg
313.4942,313.49724,0.0030399999999985994,7641.669099694108,bench_rlam_1_reg
313.69744,313.70048,0.003040000000055443,7637.355539632171,bench_rlam_1_reg
313.90068,313.90372,0.0030399999999985994,7638.1489704133655,bench_rlam_1_reg
314.10392,314.10696,0.0030399999999985994,7648.381423185027,bench_rlam_1_reg
314.30716,314.3102,0.0030399999999985994,7643.771243738162,bench_rlam_1_reg
314.5104,314.51344,0.0030399999999985994,7637.441207182837,bench_rlam_1_reg
314.71364,314.71668,0.0030399999999985994,7648.339311129658,bench_rlam_1_reg
314.91688,314.91994,0.0030600000000049477,7695.674134910555,bench_rlam_1_reg
315.12012,315.12316,0.0030399999999985994,7661.143159496702,bench_rlam_1_reg
315.32336,315.3264,0.0030399999999985994,7648.964182022521,bench_rlam_1_reg
315.5266,315.52964,0.0030399999999985994,7652.815056508277,bench_rlam_1_reg
315.72986,315.7329,0.0030399999999985994,7638.075298170323,bench_rlam_1_reg
315.93308,315.93612,0.0030399999999985994,7640.010307060939,bench_rlam_1_reg
316.13632,316.13936,0.0030399999999985994,7632.5917895732655,bench_rlam_1_reg
316.33958,316.34262,0.0030399999999985994,7641.936058634002,bench_rlam_1_reg
316.54282,316.54586,0.0030399999999985994,7637.2304488866275,bench_rlam_1_reg
316.74606,316.7491,0.0030399999999985994,7638.207317795527,bench_rlam_1_reg
316.94928,316.95232,0.0030399999999985994,7648.105258130768,bench_rlam_1_reg
317.15252,317.15556,0.0030399999999985994,7645.714813854833,bench_rlam_1_reg
317.35576,317.3588,0.0030399999999985994,7661.881779792331,bench_rlam_1_reg
317.559,317.56204,0.0030399999999985994,7654.506082155215,bench_rlam_1_reg
317.76224,317.76528,0.0030399999999985994,7643.101369012349,bench_rlam_1_reg
317.96548,317.96852,0.0030399999999985994,7638.9095839047895,bench_rlam_1_reg
318.16872,318.17176,0.0030399999999985994,7640.780995127697,bench_rlam_1_reg
318.37196,318.375,0.0030399999999985994,7658.966346645532,bench_rlam_1_reg
318.5752,318.57824,0.0030399999999985994,7645.873259757951,bench_rlam_1_reg
318.77844,318.78214,0.003700000000037562,9281.132386627847,bench_rlam_2_reg
318.98234,318.98602,0.0036799999999743704,9226.118782468982,bench_rlam_2_reg
319.18622,319.18992,0.0036999999999807187,9274.844231507788,bench_rlam_2_reg
319.39012,319.3938,0.0036799999999743704,9206.085239918173,bench_rlam_2_reg
319.594,319.59768,0.003680000000031214,9227.09220097542,bench_rlam_2_reg
319.7979,319.80158,0.0036799999999743704,9197.223205038454,bench_rlam_2_reg
320.00178,320.00546,0.003680000000031214,9211.293323977836,bench_rlam_2_reg
320.20566,320.20934,0.0036799999999743704,9213.497317315676,bench_rlam_2_reg
320.40954,320.41324,0.0036999999999807187,9273.480726359017,bench_rlam_2_reg
320.61344,320.61712,0.0036799999999743704,9220.013008372689,bench_rlam_2_reg
320.81732,320.821,0.003680000000031214,9191.951311737372,bench_rlam_2_reg
321.0212,321.02488,0.0036799999999743704,9228.325607183888,bench_rlam_2_reg
321.22508,321.22876,0.003680000000031214,9216.752147851255,bench_rlam_2_reg
321.42898,321.43266,0.0036799999999743704,9195.73578276642,bench_rlam_2_reg
321.63286,321.63654,0.003680000000031214,9204.078011753621,bench_rlam_2_reg
321.83674,321.84042,0.0036799999999743704,9191.855618187032,bench_rlam_2_reg
322.04062,322.0443,0.003680000000031214,9203.942874530796,bench_rlam_2_reg
322.2445,322.2482,0.0036999999999807187,9271.659972083587,bench_rlam_2_reg
322.4484,322.45208,0.003680000000031214,9213.124646416058,bench_rlam_2_reg
322.65228,322.65596,0.0036799999999743704,9216.117358220841,bench_rlam_2_reg
322.85616,322.85984,0.003680000000031214,9224.212288475646,bench_rlam_2_reg
323.06004,323.06372,0.0036799999999743704,9205.558765609429,bench_rlam_2_reg
323.26392,323.26762,0.003700000000037562,9272.622086679636,bench_rlam_2_reg
323.46782,323.4715,0.0036799999999743704,9207.749429549043,bench_rlam_2_reg
323.6717,323.67538,0.003680000000031214,9226.887405467925,bench_rlam_2_reg
323.87558,323.87926,0.0036799999999743704,9228.8295644509,bench_rlam_2_reg
324.07948,324.08316,0.003680000000031214,9213.71791985544,bench_rlam_2_reg
324.28336,324.28704,0.0036799999999743704,9226.3355780531,bench_rlam_2_reg
324.48726,324.49094,0.003680000000031214,9198.233303694864,bench_rlam_2_reg
324.69114,324.69482,0.0036799999999743704,9217.705121190498,bench_rlam_2_reg
324.89504,324.89872,0.003680000000031214,9187.67138858167,bench_rlam_2_reg
325.09892,325.1026,0.0036799999999743704,9182.138696696613,bench_rlam_2_reg
325.30282,325.3065,0.003680000000031214,9206.396918821178,bench_rlam_2_reg
325.5067,325.51038,0.0036799999999743704,9212.185467978234,bench_rlam_2_reg
325.7106,325.71428,0.0036799999999743704,9197.690777884509,bench_rlam_2_reg
325.91448,325.91816,0.0036799999999743704,9171.739900396968,bench_rlam_2_reg
326.11836,326.12204,0.003680000000031214,9173.391384617405,bench_rlam_2_reg
326.32226,326.32594,0.0036799999999743704,9193.096083971146,bench_rlam_2_reg
326.52614,326.52982,0.0036799999999743704,9209.055565230177,bench_rlam_2_reg
326.73004,326.73372,0.003680000000031214,9224.526102279866,bench_rlam_2_reg
326.93392,326.93762,0.0036999999999807187,9280.833553011238,bench_rlam_2_reg
327.13782,327.1415,0.003680000000031214,9236.176565846901,bench_rlam_2_reg
327.3417,327.3454,0.0036999999999807187,9295.424274119841,bench_rlam_2_reg
327.5456,327.54928,0.003680000000031214,9221.065694095434,bench_rlam_2_reg
327.74948,327.75316,0.0036799999999743704,9234.831132857355,bench_rlam_2_reg
327.95338,327.95706,0.003680000000031214,9224.438089967696,bench_rlam_2_reg
328.15726,328.16094,0.0036799999999743704,9239.777510449878,bench_rlam_2_reg
328.36114,328.36482,0.003680000000031214,9236.907686668297,bench_rlam_2_reg
328.56504,328.56872,0.0036799999999743704,9214.103985504042,bench_rlam_2_reg
328.76892,328.7726,0.003680000000031214,9211.413182877503,bench_rlam_2_reg
328.9728,328.9765,0.0036999999999807187,9290.967311196717,bench_rlam_2_reg
329.1767,329.18038,0.003680000000031214,9231.18535205873,bench_rlam_2_reg
329.38058,329.38428,0.0036999999999807187,9286.13369813826,bench_rlam_2_reg
329.58448,329.58816,0.003680000000031214,9186.44958650243,bench_rlam_2_reg
329.78838,329.79206,0.0036799999999743704,9190.770916095174,bench_rlam_2_reg
329.99226,329.99596,0.003700000000037562,9251.719738926271,bench_rlam_2_reg
330.19616,330.19984,0.0036799999999743704,9196.431741505847,bench_rlam_2_reg
330.40004,330.40374,0.003700000000037562,9258.893355826915,bench_rlam_2_reg
330.60394,330.60762,0.0036799999999743704,9205.254709737714,bench_rlam_2_reg
330.80782,330.8115,0.003680000000031214,9233.510475683728,bench_rlam_2_reg
331.0117,331.0154,0.0036999999999807187,9296.699422343641,bench_rlam_2_reg
331.2156,331.21928,0.003680000000031214,9208.565903906769,bench_rlam_2_reg
331.41948,331.42316,0.0036799999999743704,9201.373094615772,bench_rlam_2_reg
331.62338,331.62706,0.0036799999999743704,9198.376487408379,bench_rlam_2_reg
331.82726,331.83096,0.0036999999999807187,9263.909277436373,bench_rlam_2_reg
332.03116,332.03484,0.0036799999999743704,9187.269380718153,bench_rlam_2_reg
332.23504,332.23872,0.0036799999999743704,9198.3613999713,bench_rlam_2_reg
332.43892,332.4426,0.003680000000031214,9207.681585182796,bench_rlam_2_reg
332.64282,332.6465,0.003680000000031214,9223.583205699757,bench_rlam_2_reg
332.8467,332.85038,0.0036799999999743704,9216.420908857312,bench_rlam_2_reg
333.05058,333.05426,0.0036799999999743704,9216.948174784477,bench_rlam_2_reg
333.25448,333.25816,0.0036799999999743704,9204.216550510677,bench_rlam_2_reg
333.45836,333.46204,0.0036799999999743704,9213.962724813415,bench_rlam_2_reg
333.66224,333.66594,0.0036999999999807187,9264.913392208522,bench_rlam_2_reg
333.86614,333.86982,0.003680000000031214,9210.208966492766,bench_rlam_2_reg
334.07002,334.0737,0.0036799999999743704,9197.536259822857,bench_rlam_2_reg
334.2739,334.2776,0.0036999999999807187,9255.342965413165,bench_rlam_2_reg
334.4778,334.48148,0.0036799999999743704,9230.11120868175,bench_rlam_2_reg
334.68168000000003,334.68536,0.0036799999999743704,9253.03594200568,bench_rlam_2_reg
334.88556,334.88924,0.0036799999999743704,9236.4155733295,bench_rlam_2_reg
335.08946,335.09314,0.003680000000031214,9219.317822805495,bench_rlam_2_reg
335.29334,335.29702,0.0036799999999743704,9226.831193011933,bench_rlam_2_reg
335.49724,335.50092,0.003680000000031214,9237.383252565272,bench_rlam_2_reg
335.70112,335.7048,0.0036799999999743704,9233.0949380304,bench_rlam_2_reg
335.90502,335.9087,0.003680000000031214,9218.730148950353,bench_rlam_2_reg
336.1089,336.11258,0.0036799999999743704,9218.454675209263,bench_rlam_2_reg
336.3128,336.31648,0.003680000000031214,9226.162328944336,bench_rlam_2_reg
336.51668,336.52038,0.0036999999999807187,9276.159233363715,bench_rlam_2_reg
336.72058,336.72426,0.003680000000031214,9194.648186764636,bench_rlam_2_reg
336.92446,336.92816,0.0036999999999807187,9271.684312205716,bench_rlam_2_reg
337.12836,337.13204,0.003680000000031214,9208.308304742095,bench_rlam_2_reg
337.33224,337.33594,0.0036999999999807187,9263.9402020147,bench_rlam_2_reg
337.53612,337.53982,0.003700000000037562,9273.643330773355,bench_rlam_2_reg
337.74,337.7437,0.0036999999999807187,9252.50859227537,bench_rlam_2_reg
337.9439,337.94758,0.003680000000031214,9196.7771831838,bench_rlam_2_reg
338.14778,338.15148,0.0036999999999807187,9253.21302836367,bench_rlam_2_reg
338.35168,338.35536,0.003680000000031214,9199.972432190561,bench_rlam_2_reg
338.55558,338.55926,0.0036799999999743704,9186.05201636963,bench_rlam_2_reg
338.75946,338.76314,0.003680000000031214,9205.398995050242,bench_rlam_2_reg
338.96334,338.96704,0.0036999999999807187,9250.47043472326,bench_rlam_2_reg
339.16724,339.17154,0.004300000000000637,10423.538668556743,bench_rlam_3_reg
339.37176,339.37606,0.004300000000000637,10420.409385129826,bench_rlam_3_reg
339.57628,339.58058,0.004300000000000637,10433.229245253595,bench_rlam_3_reg
339.78078,339.7851,0.004320000000006985,10507.238726151372,bench_rlam_3_reg
339.9853,339.9896,0.004300000000000637,10448.813943666653,bench_rlam_3_reg
340.1898,340.19412,0.004320000000006985,10504.485946171528,bench_rlam_3_reg
340.39432,340.39864,0.004320000000006985,10511.444541653309,bench_rlam_3_reg
340.59884,340.60314,0.004300000000000637,10439.908693081716,bench_rlam_3_reg
340.80336,340.80766,0.004300000000000637,10437.044566503204,bench_rlam_3_reg
341.00788,341.01218,0.004300000000000637,10437.051758642257,bench_rlam_3_reg
341.2124,341.2167,0.004300000000000637,10440.05895034409,bench_rlam_3_reg
341.4169,341.42122,0.004320000000006985,10496.590833669703,bench_rlam_3_reg
341.62142,341.62574,0.004320000000006985,10492.439663531979,bench_rlam_3_reg
341.82594,341.83026,0.004320000000006985,10480.230592674772,bench_rlam_3_reg
342.03046,342.03476,0.004300000000000637,10435.021640731959,bench_rlam_3_reg
342.23496,342.23928,0.004320000000006985,10490.70686104661,bench_rlam_3_reg
342.43948,342.4438,0.004320000000006985,10487.243249101202,bench_rlam_3_reg
342.644,342.64832,0.004320000000006985,10485.009804848945,bench_rlam_3_reg
342.84852,342.85282,0.004300000000000637,10426.574638115586,bench_rlam_3_reg
343.05302,343.05734,0.004320000000006985,10448.934996986796,bench_rlam_3_reg
343.25754,343.26184,0.004300000000000637,10418.183975852477,bench_rlam_3_reg
343.46204,343.46634,0.004300000000000637,10410.822047853775,bench_rlam_3_reg
343.66654,343.67086,0.004320000000006985,10482.70585716226,bench_rlam_3_reg
343.87106,343.87536,0.004300000000000637,10427.581875126203,bench_rlam_3_reg
344.07556,344.07988,0.004320000000006985,10498.198342994803,bench_rlam_3_reg
344.28008,344.28438,0.004300000000000637,10450.330013418636,bench_rlam_3_reg
344.48458,344.4889,0.004320000000006985,10497.804281791912,bench_rlam_3_reg
344.6891,344.6934,0.004300000000000637,10417.340202264693,bench_rlam_3_reg
344.8936,344.89792,0.004320000000006985,10474.842120917367,bench_rlam_3_reg
345.09812,345.10244,0.004320000000006985,10477.56347575463,bench_rlam_3_reg
345.30266,345.30696,0.004300000000000637,10410.619927577514,bench_rlam_3_reg
345.50716,345.51148,0.004320000000006985,10481.318056143466,bench_rlam_3_reg
345.71168,345.71598,0.004300000000000637,10428.344765685597,bench_rlam_3_reg
345.9162,345.9205,0.004300000000000637,10423.549809499005,bench_rlam_3_reg
346.1207,346.12502,0.004320000000006985,10494.00645776377,bench_rlam_3_reg
346.32522,346.32952,0.004300000000000637,10457.820936583646,bench_rlam_3_reg
346.52972,346.53404,0.004320000000006985,10513.23671129733,bench_rlam_3_reg
346.73424,346.73856,0.004320000000006985,10491.146813164549,bench_rlam_3_reg
346.93876,346.94306,0.004300000000000637,10443.749632690793,bench_rlam_3_reg
347.14326,347.14758,0.004320000000006985,10510.794094318024,bench_rlam_3_reg
347.34778,347.35208,0.004300000000000637,10454.381497120043,bench_rlam_3_reg
347.55228,347.5566,0.004320000000006985,10494.716607525257,bench_rlam_3_reg
347.7568,347.76112,0.004320000000006985,10491.315783020591,bench_rlam_3_reg
347.96132,347.96562,0.004300000000000637,10457.077878533062,bench_rlam_3_reg
348.16582,348.17014,0.004320000000006985,10498.355503684206,bench_rlam_3_reg
348.37034,348.37466,0.004320000000006985,10467.87510162305,bench_rlam_3_reg
348.57486,348.57916,0.004300000000000637,10437.32617982494,bench_rlam_3_reg
348.77938,348.78368,0.004300000000000637,10445.004149806606,bench_rlam_3_reg
348.9839,348.9882,0.004300000000000637,10433.930756994101,bench_rlam_3_reg
349.1884,349.19272,0.004320000000006985,10478.322643343283,bench_rlam_3_reg
349.39292,349.39722,0.004300000000000637,10441.317842340168,bench_rlam_3_reg
349.59742,349.60174,0.004320000000006985,10500.308291546555,bench_rlam_3_reg
349.80194,349.80624,0.004300000000000637,10418.090738826613,bench_rlam_3_reg
350.00646,350.01076,0.004300000000000637,10429.74263430098,bench_rlam_3_reg
350.21096,350.21528,0.004320000000006985,10489.541103621154,bench_rlam_3_reg
350.41548,350.4198,0.004320000000006985,10488.19001765537,bench_rlam_3_reg
350.62,350.62432,0.004320000000006985,10483.405033607634,bench_rlam_3_reg
350.82452,350.82882,0.004300000000000637,10422.500413842234,bench_rlam_3_reg
351.02904,351.03334,0.004300000000000637,10422.85722447788,bench_rlam_3_reg
351.23354,351.23786,0.004320000000006985,10499.84880725006,bench_rlam_3_reg
351.43806,351.44238,0.004320000000006985,10480.541295848105,bench_rlam_3_reg
351.64258,351.6469,0.004320000000006985,10494.4041301694,bench_rlam_3_reg
351.8471,351.85142,0.004320000000006985,10497.00311618824,bench_rlam_3_reg
352.05162,352.05594,0.004320000000006985,10498.866941791102,bench_rlam_3_reg
352.25614,352.26046,0.004320000000006985,10485.725409820052,bench_rlam_3_reg
352.46068,352.46498,0.004300000000000637,10421.930078851607,bench_rlam_3_reg
352.6652,352.6695,0.004300000000000637,10459.975977408052,bench_rlam_3_reg
352.8697,352.87402,0.0043199999999501415,10485.077055491216,bench_rlam_3_reg
353.07422,353.07854,0.0043199999999501415,10474.570006913313,bench_rlam_3_reg
353.27874,353.28304,0.004300000000000637,10426.92254994205,bench_rlam_3_reg
353.48326,353.48756,0.004300000000000637,10420.07026496902,bench_rlam_3_reg
353.68778,353.69208,0.004300000000000637,10424.471234455134,bench_rlam_3_reg
353.8923,353.8966,0.004300000000000637,10417.85401525922,bench_rlam_3_reg
354.09682,354.10112,0.004300000000000637,10430.24488726476,bench_rlam_3_reg
354.30132,354.30564,0.004320000000006985,10474.583660283764,bench_rlam_3_reg
354.50584,354.51014,0.004300000000000637,10401.889672516187,bench_rlam_3_reg
354.71036,354.71466,0.004300000000000637,10431.619221357945,bench_rlam_3_reg
354.91486,354.91918,0.004320000000006985,10492.557468864126,bench_rlam_3_reg
355.11938,355.1237,0.004320000000006985,10488.110515318938,bench_rlam_3_reg
355.3239,355.3282,0.004300000000000637,10427.08509603356,bench_rlam_3_reg
355.5284,355.53272,0.004320000000006985,10462.37764650876,bench_rlam_3_reg
355.73292,355.73722,0.004300000000000637,10422.54196481381,bench_rlam_3_reg
355.93742,355.94174,0.004320000000006985,10462.846488259573,bench_rlam_3_reg
356.14194,356.14624,0.004300000000000637,10434.204849892369,bench_rlam_3_reg
356.34644,356.35076,0.004320000000006985,10490.26789845151,bench_rlam_3_reg
356.55096,356.55526,0.004300000000000637,10449.8510132704,bench_rlam_3_reg
356.75546,356.75978,0.0043199999999501415,10498.213884264713,bench_rlam_3_reg
356.95998,356.9643,0.004320000000006985,10502.040342000822,bench_rlam_3_reg
357.1645,357.1688,0.004300000000000637,10450.819274423367,bench_rlam_3_reg
357.369,357.37332,0.0043199999999501415,10468.335368056067,bench_rlam_3_reg
357.57352,357.57784,0.004320000000006985,10467.003353438826,bench_rlam_3_reg
357.77804,357.78234,0.004300000000000637,10401.889206858501,bench_rlam_3_reg
357.98254,357.98686,0.004320000000006985,10436.288423399836,bench_rlam_3_reg
358.18704,358.19136,0.0043199999999501415,10425.543251765861,bench_rlam_3_reg
358.39156,358.39586,0.004300000000000637,10361.982188165795,bench_rlam_3_reg
358.59606,358.60038,0.0043199999999501415,10444.505745392089,bench_rlam_3_reg
358.80058,358.8049,0.0043199999999501415,10400.421107045035,bench_rlam_3_reg
359.0051,359.0094,0.004300000000000637,10356.505720389776,bench_rlam_3_reg
359.20962,359.21392,0.004300000000000637,10375.709855008807,bench_rlam_3_reg
359.41412,359.41844,0.0043199999999501415,10496.215307938191,bench_rlam_3_reg
359.61864,359.62358,0.004939999999976408,11743.174688800349,bench_rlam_4_reg
359.82378,359.82872,0.004939999999976408,11725.494484362047,bench_rlam_4_reg
360.02892,360.03386,0.004939999999976408,11699.117475565648,bench_rlam_4_reg
360.23406,360.239,0.004939999999976408,11704.58381524994,bench_rlam_4_reg
360.4392,360.44414,0.004939999999976408,11724.093523717569,bench_rlam_4_reg
360.64434,360.64928,0.004939999999976408,11709.964375425028,bench_rlam_4_reg
360.84948,360.85442,0.004939999999976408,11735.521859865137,bench_rlam_4_reg
361.05462,361.05956,0.004939999999976408,11720.510837567454,bench_rlam_4_reg
361.25976,361.2647,0.004939999999976408,11714.243115766974,bench_rlam_4_reg
361.4649,361.46984,0.004939999999976408,11750.129107335257,bench_rlam_4_reg
361.67004,361.67498,0.004940000000033251,11721.990059690008,bench_rlam_4_reg
361.87518,361.88012,0.004939999999976408,11737.272294655046,bench_rlam_4_reg
362.08032,362.08526,0.004940000000033251,11757.856651767954,bench_rlam_4_reg
362.28546,362.2904,0.004939999999976408,11741.66512903426,bench_rlam_4_reg
362.4906,362.49554,0.004940000000033251,11708.39004926407,bench_rlam_4_reg
362.69574,362.70068,0.004939999999976408,11717.599087810806,bench_rlam_4_reg
362.90088,362.90582,0.004940000000033251,11739.247387840493,bench_rlam_4_reg
363.10602,363.11096,0.004939999999976408,11696.531986760407,bench_rlam_4_reg
363.31116,363.3161,0.004940000000033251,11707.314215689403,bench_rlam_4_reg
363.51632,363.52124,0.0049199999999700594,11660.890723509301,bench_rlam_4_reg
363.72146,363.72638,0.004920000000026903,11640.901055729193,bench_rlam_4_reg
363.92658,363.93152,0.004939999999976408,11715.900786165526,bench_rlam_4_reg
364.13172,364.13666,0.004940000000033251,11721.106178683307,bench_rlam_4_reg
364.33686,364.3418,0.004939999999976408,11702.791079823548,bench_rlam_4_reg
364.542,364.54694,0.004940000000033251,11703.216410338247,bench_rlam_4_reg
364.74714,364.75206,0.0049199999999700594,11672.59425383727,bench_rlam_4_reg
364.95226,364.9572,0.004939999999976408,11716.224120378645,bench_rlam_4_reg
365.1574,365.16234,0.004939999999976408,11705.18482331733,bench_rlam_4_reg
365.36254,365.36748,0.004939999999976408,11701.565016909559,bench_rlam_4_reg
365.56768,365.5726,0.004920000000026903,11657.871580755878,bench_rlam_4_reg
365.7728,365.77774,0.004939999999976408,11686.848488103018,bench_rlam_4_reg
365.97794,365.98288,0.004940000000033251,11704.175425785266,bench_rlam_4_reg
366.18306,366.188,0.004939999999976408,11728.489426830183,bench_rlam_4_reg
366.3882,366.39314,0.004940000000033251,11694.066559522274,bench_rlam_4_reg
366.59334,366.59826,0.0049199999999700594,11622.331431059401,bench_rlam_4_reg
366.79846,366.8034,0.004940000000033251,11709.975553774924,bench_rlam_4_reg
367.0036,367.00854,0.004939999999976408,11718.74405810272,bench_rlam_4_reg
367.20874,367.21368,0.004940000000033251,11702.241203839796,bench_rlam_4_reg
367.41388,367.41882,0.004939999999976408,11696.347130876064,bench_rlam_4_reg
367.61902,367.62396,0.004940000000033251,11706.53608170931,bench_rlam_4_reg
367.82416,367.82908,0.0049199999999700594,11627.317392192652,bench_rlam_4_reg
368.02928,368.03422,0.004939999999976408,11692.062655842616,bench_rlam_4_reg
368.23442,368.23936,0.004939999999976408,11695.384411088287,bench_rlam_4_reg
368.43954,368.44448,0.004939999999976408,11702.740085227582,bench_rlam_4_reg
368.64468,368.64962,0.004940000000033251,11660.752310504255,bench_rlam_4_reg
368.84982,368.85476,0.004939999999976408,11681.569043927626,bench_rlam_4_reg
369.05496,369.05988,0.004920000000026903,11630.595708334118,bench_rlam_4_reg
369.26008,369.26502,0.004939999999976408,11670.752945285498,bench_rlam_4_reg
369.46522,369.47016,0.004940000000033251,11674.410689246699,bench_rlam_4_reg
369.67036,369.6753,0.004939999999976408,11693.923605995851,bench_rlam_4_reg
369.8755,369.88044,0.004940000000033251,11690.665341529597,bench_rlam_4_reg
370.08064,370.08556,0.0049199999999700594,11617.804248733793,bench_rlam_4_reg
370.28576,370.2907,0.004940000000033251,11716.613413399335,bench_rlam_4_reg
370.4909,370.49582,0.0049199999999700594,11610.885104085191,bench_rlam_4_reg
370.69602,370.70096,0.004940000000033251,11682.020297841782,bench_rlam_4_reg
370.90116,370.9061,0.004939999999976408,11691.315351001118,bench_rlam_4_reg
371.1063,371.11122,0.004920000000026903,11640.341824459492,bench_rlam_4_reg
371.31142,371.31636,0.004939999999976408,11681.219111149734,bench_rlam_4_reg
371.51656,371.5215,0.004939999999976408,11709.745551844595,bench_rlam_4_reg
371.7217,371.72662,0.004920000000026903,11646.470706980603,bench_rlam_4_reg
371.92682,371.93176,0.004939999999976408,11672.275788074963,bench_rlam_4_reg
372.13196,372.1369,0.004940000000033251,11679.555883242325,bench_rlam_4_reg
372.3371,372.34204,0.004939999999976408,11693.152156581902,bench_rlam_4_reg
372.54224,372.54718,0.004940000000033251,11670.778358902988,bench_rlam_4_reg
372.74738,372.75232,0.004939999999976408,11665.0960360798,bench_rlam_4_reg
372.95252,372.95746,0.004940000000033251,11696.114428429803,bench_rlam_4_reg
373.15766,373.1626,0.004939999999976408,11678.16705528745,bench_rlam_4_reg
373.3628,373.36772,0.004920000000026903,11618.055393989966,bench_rlam_4_reg
373.56792,373.57286,0.004939999999976408,11713.351132290094,bench_rlam_4_reg
373.77306,373.778,0.004940000000033251,11719.337254849188,bench_rlam_4_reg
373.9782,373.98314,0.004939999999976408,11689.585337813665,bench_rlam_4_reg
374.18334,374.18828,0.004940000000033251,11687.037409376604,bench_rlam_4_reg
374.38848,374.39342,0.004939999999976408,11693.58736829269,bench_rlam_4_reg
374.59362,374.59856,0.004940000000033251,11674.672567841959,bench_rlam_4_reg
374.79876,374.8037,0.004939999999976408,11672.335236731562,bench_rlam_4_reg
375.0039,375.00884,0.004940000000033251,11706.397351894955,bench_rlam_4_reg
375.20906,375.214,0.004939999999976408,11693.177057813467,bench_rlam_4_reg
375.4142,375.41914,0.004940000000033251,11673.997924752719,bench_rlam_4_reg
375.61936,375.6243,0.004940000000033251,11680.558263415225,bench_rlam_4_reg
375.8245,375.82944,0.004939999999976408,11660.958949894592,bench_rlam_4_reg
376.02964,376.03458,0.004940000000033251,11665.916941226376,bench_rlam_4_reg
376.23478,376.23972,0.004939999999976408,11689.653759773988,bench_rlam_4_reg
376.43992,376.44486,0.004940000000033251,11700.856862676746,bench_rlam_4_reg
376.64506,376.65,0.004939999999976408,11683.215338220463,bench_rlam_4_reg
376.8502,376.85514,0.004940000000033251,11680.699079386683,bench_rlam_4_reg
377.05534,377.06028,0.004939999999976408,11717.113980506192,bench_rlam_4_reg
377.26048,377.26542,0.004940000000033251,11705.709782056176,bench_rlam_4_reg
377.46562,377.47056,0.004939999999976408,11674.234373439049,bench_rlam_4_reg
377.67076,377.67568,0.004920000000026903,11615.718731276802,bench_rlam_4_reg
377.8759,377.88082,0.004920000000026903,11624.31859417917,bench_rlam_4_reg
378.08102,378.08596,0.004939999999976408,11682.569507881417,bench_rlam_4_reg
378.28616,378.2911,0.004939999999976408,11689.682614480233,bench_rlam_4_reg
378.4913,378.49624,0.004939999999976408,11723.238553307847,bench_rlam_4_reg
378.69644,378.70138,0.004939999999976408,11679.364072576376,bench_rlam_4_reg
378.90158,378.90652,0.004939999999976408,11677.676131871069,bench_rlam_4_reg
379.10672,379.11166,0.004939999999976408,11677.035053680931,bench_rlam_4_reg
379.31186,379.3168,0.004939999999976408,11682.3140344642,bench_rlam_4_reg
379.517,379.52194,0.004939999999976408,11694.24016256975,bench_rlam_4_reg
379.72216,379.7271,0.004940000000033251,11697.345038504889,bench_rlam_4_reg
379.9273,379.93224,0.004939999999976408,11691.782104267004,bench_rlam_4_reg
380.13246,380.13852,0.006060000000047694,15855.185294193474,bench_jge_not_taken
380.33872,380.34476,0.006039999999984502,15830.976648666157,bench_jge_not_taken
380.54496,380.55102,0.0060599999999908505,15874.812745002962,bench_jge_not_taken
380.75122,380.75728,0.0060599999999908505,15858.423605090216,bench_jge_not_taken
380.95748,380.96354,0.006060000000047694,15879.679913766207,bench_jge_not_taken
381.16374,381.1698,0.0060599999999908505,15861.970405051165,bench_jge_not_taken
381.37,381.37606,0.0060599999999908505,15855.852914948226,bench_jge_not_taken
381.57626,381.58232,0.0060599999999908505,15841.410106488222,bench_jge_not_taken
381.78252,381.78858,0.006060000000047694,15832.361390480106,bench_jge_not_taken
381.98878,381.99484,0.0060599999999908505,15860.272159293678,bench_jge_not_taken
382.19502,382.20108,0.0060599999999908505,15838.317128341183,bench_jge_not_taken
382.40126,382.40732,0.006060000000047694,15864.206066028128,bench_jge_not_taken
382.60752,382.61358,0.0060599999999908505,15860.115429347512,bench_jge_not_taken
382.81378,382.81984,0.0060599999999908505,15853.040723562657,bench_jge_not_taken
383.02002,383.02608,0.0060599999999908505,15863.655670524968,bench_jge_not_taken
383.22628,383.23234,0.006060000000047694,15865.04054268695,bench_jge_not_taken
383.43252,383.43858,0.0060599999999908505,15827.754912876977,bench_jge_not_taken
383.63878,383.64484,0.0060599999999908505,15856.459620379814,bench_jge_not_taken
383.84504,383.8511,0.0060599999999908505,15834.362159935185,bench_jge_not_taken
384.0513,384.05734,0.006039999999984502,15765.821321341744,bench_jge_not_taken
384.25754,384.2636,0.0060599999999908505,15860.108921754314,bench_jge_not_taken
384.4638,384.46986,0.0060599999999908505,15847.159915119333,bench_jge_not_taken
384.67006,384.67612,0.006060000000047694,15859.496565664062,bench_jge_not_taken
384.87632,384.88238,0.0060599999999908505,15845.147878831523,bench_jge_not_taken
385.08258,385.08864,0.0060599999999908505,15832.330922106408,bench_jge_not_taken
385.28884,385.2949,0.0060599999999908505,15867.75847709336,bench_jge_not_taken
385.4951,385.50116,0.006060000000047694,15850.030575081742,bench_jge_not_taken
385.70136,385.70742,0.0060599999999908505,15841.421838812877,bench_jge_not_taken
385.90762,385.91368,0.0060599999999908505,15851.997476976241,bench_jge_not_taken
386.11388,386.11994,0.0060599999999908505,15863.161410649065,bench_jge_not_taken
386.32014,386.3262,0.0060599999999908505,15831.25290925113,bench_jge_not_taken
386.5264,386.53246,0.0060599999999908505,15862.381025180634,bench_jge_not_taken
386.73266,386.73872,0.0060599999999908505,15829.697898567822,bench_jge_not_taken
386.93892,386.94498,0.0060599999999908505,15843.063055056053,bench_jge_not_taken
387.14518,387.15124,0.0060599999999908505,15871.38345929346,bench_jge_not_taken
387.35144,387.3575,0.0060599999999908505,15825.396445544871,bench_jge_not_taken
387.5577,387.56376,0.0060599999999908505,15835.820701868424,bench_jge_not_taken
387.76396,387.77002,0.0060599999999908505,15825.617278439204,bench_jge_not_taken
387.97022,387.97628,0.0060599999999908505,15811.731687266421,bench_jge_not_taken
388.17648,388.18254,0.0060599999999908505,15851.976734078478,bench_jge_not_taken
388.38274,388.3888,0.0060599999999908505,15841.614317591218,bench_jge_not_taken
388.58902,388.59506,0.006039999999984502,15784.657872243833,bench_jge_not_taken
388.79528,388.80134,0.0060599999999908505,15863.070134058704,bench_jge_not_taken
389.00154,389.0076,0.006060000000047694,15809.24360793065,bench_jge_not_taken
389.2078,389.21386,0.0060599999999908505,15853.536422325198,bench_jge_not_taken
389.41406,389.42012,0.0060599999999908505,15835.800901963521,bench_jge_not_taken
389.62032,389.62638,0.0060599999999908505,15816.874694993776,bench_jge_not_taken
389.82658,389.83262,0.006040000000041346,15791.43437335819,bench_jge_not_taken
390.03282,390.03888,0.0060599999999908505,15838.149504246298,bench_jge_not_taken
390.23908,390.24514,0.0060599999999908505,15826.869353164615,bench_jge_not_taken
390.44534,390.4514,0.0060599999999908505,15827.288278362963,bench_jge_not_taken
390.65158,390.65764,0.0060599999999908505,15842.12988610982,bench_jge_not_taken
390.85784,390.8639,0.0060599999999908505,15843.188958203973,bench_jge_not_taken
391.0641,391.07016,0.0060599999999908505,15842.266813835462,bench_jge_not_taken
391.27036,391.27642,0.0060599999999908505,15816.034537263673,bench_jge_not_taken
391.47662,391.48268,0.0060599999999908505,15837.664918464334,bench_jge_not_taken
391.68288,391.68894,0.0060599999999908505,15826.611320918719,bench_jge_not_taken
391.88914,391.8952,0.0060599999999908505,15833.208127850034,bench_jge_not_taken
392.0954,392.10146,0.0060599999999908505,15840.349178749771,bench_jge_not_taken
392.30166,392.30772,0.0060599999999908505,15828.185365498652,bench_jge_not_taken
392.50792,392.51398,0.0060599999999908505,15840.651714212088,bench_jge_not_taken
392.71418,392.72024,0.0060599999999908505,15855.227650583547,bench_jge_not_taken
392.92044,392.9265,0.0060599999999908505,15810.88183446356,bench_jge_not_taken
393.12672,393.13278,0.006060000000047694,15823.976337118656,bench_jge_not_taken
393.33298,393.33904,0.0060599999999908505,15822.860123557626,bench_jge_not_taken
393.53924,393.5453,0.0060599999999908505,15808.630632210452,bench_jge_not_taken
393.7455,393.75154,0.006039999999984502,15784.826069105738,bench_jge_not_taken
393.95176,393.95782,0.006060000000047694,15820.495246575134,bench_jge_not_taken
394.15802,394.16408,0.0060599999999908505,15804.219751117578,bench_jge_not_taken
394.36428,394.37034,0.0060599999999908505,15832.49225278965,bench_jge_not_taken
394.57054,394.5766,0.0060599999999908505,15801.744277110538,bench_jge_not_taken
394.7768,394.78286,0.006060000000047694,15807.562118987096,bench_jge_not_taken
394.98306,394.98912,0.0060599999999908505,15810.570688871816,bench_jge_not_taken
395.18932,395.19538,0.0060599999999908505,15809.390637998735,bench_jge_not_taken
395.3956,395.40166,0.0060599999999908505,15825.98178411604,bench_jge_not_taken
395.60186,395.60792,0.0060599999999908505,15810.678985407185,bench_jge_not_taken
395.80812,395.81418,0.006060000000047694,15811.427538424316,bench_jge_not_taken
396.01438,396.02044,0.0060599999999908505,15843.514357650161,bench_jge_not_taken
396.22064,396.2267,0.0060599999999908505,15813.854539277589,bench_jge_not_taken
396.4269,396.43296,0.0060599999999908505,15799.918253887023,bench_jge_not_taken
396.63318,396.63924,0.0060599999999908505,15805.639200836127,bench_jge_not_taken
396.83944,396.8455,0.0060599999999908505,15779.612369332175,bench_jge_not_taken
397.04572,397.05178,0.0060599999999908505,15804.773860105737,bench_jge_not_taken
397.252,397.25806,0.0060599999999908505,15793.23696202005,bench_jge_not_taken
397.45826,397.46432,0.0060599999999908505,15796.418092196598,bench_jge_not_taken
397.66454,397.6706,0.0060599999999908505,15803.389183689165,bench_jge_not_taken
397.8708,397.87686,0.006060000000047694,15795.408941468355,bench_jge_not_taken
398.07708,398.08314,0.0060599999999908505,15792.537601618835,bench_jge_not_taken
398.28336,398.28942,0.0060599999999908505,15797.903470190315,bench_jge_not_taken
398.48962,398.49568,0.0060599999999908505,15792.684629544796,bench_jge_not_taken
398.6959,398.70196,0.0060599999999908505,15816.145366966195,bench_jge_not_taken
398.90216,398.90822,0.0060599999999908505,15821.420503766796,bench_jge_not_taken
399.10844,399.1145,0.006060000000047694,15782.703375573235,bench_jge_not_taken
399.3147,399.32076,0.0060599999999908505,15809.252744041252,bench_jge_not_taken
399.52098,399.52704,0.0060599999999908505,15797.631973379965,bench_jge_not_taken
399.72724,399.73328,0.006039999999984502,15729.77233675208,bench_jge_not_taken
399.9335,399.93956,0.0060599999999908505,15804.450619023466,bench_jge_not_taken
400.13976,400.14582,0.0060599999999908505,15781.064864672706,bench_jge_not_taken
400.34602,400.35208,0.0060599999999908505,15802.352994182196,bench_jge_not_taken
400.55228,400.55834,0.0060599999999908505,15787.451558263258,bench_jge_not_taken
400.75854,400.7646,0.0060599999999908505,15833.431975897665,bench_jge_taken
400.96482,400.97086,0.006040000000041346,15801.816082213294,bench_jge_taken
401.17108,401.17714,0.0060599999999908505,15847.392023968645,bench_jge_taken
401.37734,401.3834,0.0060599999999908505,15830.41658855673,bench_jge_taken
401.5836,401.58966,0.0060599999999908505,15870.70728883055,bench_jge_taken
401.78986,401.79592,0.006060000000047694,15861.899855222866,bench_jge_taken
401.99614,402.0022,0.0060599999999908505,15865.852902600273,bench_jge_taken
402.2024,402.20846,0.0060599999999908505,15869.813773290913,bench_jge_taken
402.40866,402.41472,0.0060599999999908505,15854.110869094471,bench_jge_taken
402.61492,402.62098,0.0060599999999908505,15880.700808468837,bench_jge_taken
402.82118,402.82724,0.0060599999999908505,15867.83283618609,bench_jge_taken
403.02744,403.0335,0.0060599999999908505,15864.925929312498,bench_jge_taken
403.23372,403.23978,0.0060599999999908505,15879.797362699734,bench_jge_taken
403.43998,403.44604,0.0060599999999908505,15858.189361148987,bench_jge_taken
403.64624,403.6523,0.006060000000047694,15871.190757159855,bench_jge_taken
403.8525,403.85856,0.0060599999999908505,15882.094441877594,bench_jge_taken
404.05876,404.06482,0.0060599999999908505,15847.56799272195,bench_jge_taken
404.26502,404.27108,0.0060599999999908505,15877.639101796567,bench_jge_taken
404.47128,404.47734,0.006060000000047694,15885.524060706457,bench_jge_taken
404.67754,404.6836,0.0060599999999908505,15866.322484761613,bench_jge_taken
404.8838,404.88986,0.0060599999999908505,15883.151523280465,bench_jge_taken
405.09006,405.09612,0.0060599999999908505,15864.910986251247,bench_jge_taken
405.29632,405.30238,0.006060000000047694,15886.565379466216,bench_jge_taken
405.5026,405.50866,0.006060000000047694,15897.928474145407,bench_jge_taken
405.70886,405.71492,0.0060599999999908505,15875.932197050624,bench_jge_taken
405.91512,405.92118,0.0060599999999908505,15910.192837453107,bench_jge_taken
406.12138,406.12744,0.0060599999999908505,15877.382259333795,bench_jge_taken
406.32766,406.33372,0.006060000000047694,15861.582954089921,bench_jge_taken
406.53392,406.53998,0.0060599999999908505,15897.811278662339,bench_jge_taken
406.74018,406.74624,0.0060599999999908505,15875.114202464305,bench_jge_taken
406.94644,406.9525,0.0060599999999908505,15878.226009652148,bench_jge_taken
407.15272,407.15876,0.006039999999984502,15850.009329115239,bench_jge_taken
407.35898,407.36504,0.006060000000047694,15883.523842920657,bench_jge_taken
407.56524,407.5713,0.0060599999999908505,15890.184773562476,bench_jge_taken
407.77152,407.77758,0.0060599999999908505,15890.409883545222,bench_jge_taken
407.97778,407.98384,0.0060599999999908505,15882.6430234905,bench_jge_taken
408.18404,408.1901,0.0060599999999908505,15893.94039007418,bench_jge_taken
408.3903,408.39636,0.0060599999999908505,15890.41879162929,bench_jge_taken
408.59658,408.60264,0.0060599999999908505,15888.262216431356,bench_jge_taken
408.80284,408.8089,0.0060599999999908505,15902.656631058993,bench_jge_taken
409.0091,409.01516,0.0060599999999908505,15898.554977016742,bench_jge_taken
409.21538,409.22144,0.0060599999999908505,15894.31839294178,bench_jge_taken
409.42164,409.4277,0.0060599999999908505,15897.684027397381,bench_jge_taken
409.6279,409.63396,0.0060599999999908505,15889.010308279949,bench_jge_taken
409.83416,409.84022,0.0060599999999908505,15903.758483455178,bench_jge_taken
410.04042,410.04648,0.0060599999999908505,15908.107573618227,bench_jge_taken
410.24668,410.25274,0.0060599999999908505,15877.5921794221,bench_jge_taken
410.45294,410.459,0.0060599999999908505,15893.706686305399,bench_jge_taken
410.6592,410.66526,0.0060599999999908505,15887.95445624299,bench_jge_taken
410.86546,410.87152,0.0060599999999908505,15891.389418373783,bench_jge_taken
411.07172,411.07778,0.0060599999999908505,15900.860461364393,bench_jge_taken
411.27796,411.28402,0.0060599999999908505,15878.14294031811,bench_jge_taken
411.48422,411.49028,0.0060599999999908505,15899.749419166703,bench_jge_taken
411.69048,411.69654,0.006060000000047694,15901.41283360437,bench_jge_taken
411.89674,411.9028,0.0060599999999908505,15889.696634797181,bench_jge_taken
412.103,412.10904,0.006039999999984502,15854.786394584353,bench_jge_taken
412.30924,412.3153,0.0060599999999908505,15886.262953262954,bench_jge_taken
412.51552,412.52156,0.006040000000041346,15823.378174222702,bench_jge_taken
412.72178,412.72784,0.0060599999999908505,15902.672610197662,bench_jge_taken
412.92804,412.9341,0.0060599999999908505,15855.067670322456,bench_jge_taken
413.1343,413.14036,0.0060599999999908505,15888.989442008842,bench_jge_taken
413.34056,413.34662,0.0060599999999908505,15895.82246959297,bench_jge_taken
413.5468,413.55286,0.0060599999999908505,15878.461559725558,bench_jge_taken
413.75306,413.75912,0.0060599999999908505,15906.432911267348,bench_jge_taken
413.95932,413.96538,0.0060599999999908505,15879.798841176847,bench_jge_taken
414.16558,414.17164,0.006060000000047694,15870.92333952344,bench_jge_taken
414.37184,414.3779,0.0060599999999908505,15912.289149093753,bench_jge_taken
414.5781,414.58416,0.0060599999999908505,15891.922821729597,bench_jge_taken
414.78436,414.79042,0.0060599999999908505,15889.949931281039,bench_jge_taken
414.99064,414.9967,0.0060599999999908505,15901.453013051567,bench_jge_taken
415.1969,415.20296,0.0060599999999908505,15879.036970395575,bench_jge_taken
415.40316,415.40922,0.0060599999999908505,15928.438689997567,bench_jge_taken
415.60944,415.6155,0.0060599999999908505,15891.628286305626,bench_jge_taken
415.8157,415.82176,0.0060599999999908505,15881.049034627706,bench_jge_taken
416.02196,416.02802,0.006060000000047694,15895.650866570075,bench_jge_taken
416.22822,416.23428,0.0060599999999908505,15872.8348789417,bench_jge_taken
416.43448,416.44054,0.0060599999999908505,15884.195128429856,bench_jge_taken
416.64072,416.64678,0.0060599999999908505,15923.562336228475,bench_jge_taken
416.84698,416.85304,0.006060000000047694,15882.641982887899,bench_jge_taken
417.05324,417.0593,0.0060599999999908505,15900.751284754318,bench_jge_taken
417.2595,417.26556,0.0060599999999908505,15898.970863758537,bench_jge_taken
417.46574,417.4718,0.0060599999999908505,15904.870794606557,bench_jge_taken
417.672,417.67806,0.0060599999999908505,15892.83698234307,bench_jge_taken
417.87826,417.88432,0.0060599999999908505,15894.324984373512,bench_jge_taken
418.08452,418.09058,0.0060599999999908505,15865.86036717166,bench_jge_taken
418.29076,418.29682,0.006060000000047694,15895.759493708538,bench_jge_taken
418.49702,418.50308,0.0060599999999908505,15879.371403683504,bench_jge_taken
418.70328,418.70934,0.0060599999999908505,15897.322704522308,bench_jge_taken
418.90952,418.91558,0.0060599999999908505,15917.48731209677,bench_jge_taken
419.11578,419.12184,0.006060000000047694,15878.278317535895,bench_jge_taken
419.32204,419.3281,0.0060599999999908505,15917.996759497515,bench_jge_taken
419.52828,419.53434,0.0060599999999908505,15910.739067459734,bench_jge_taken
419.73454,419.7406,0.0060599999999908505,15894.4375393764,bench_jge_taken
419.9408,419.94686,0.0060599999999908505,15923.915111884167,bench_jge_taken
420.14704,420.1531,0.0060599999999908505,15904.177471505742,bench_jge_taken
420.3533,420.35936,0.0060599999999908505,15894.296297322882,bench_jge_taken
420.55956,420.56562,0.006060000000047694,15903.297665197686,bench_jge_taken
420.7658,420.77186,0.0060599999999908505,15898.057424896157,bench_jge_taken
420.97206,420.97812,0.0060599999999908505,15919.035207454011,bench_jge_taken
421.17832,421.18438,0.0060599999999908505,15903.987283811814,bench_jge_taken
421.38458,421.38822,0.003639999999961674,9209.179910720051,bench_jmp
421.58842,421.59208,0.0036600000000248656,9296.90707948382,bench_jmp
421.79228,421.79594,0.003659999999968022,9285.956427841873,bench_jmp
421.99612,421.99978,0.003659999999968022,9303.08855827507,bench_jmp
422.19998,422.20364,0.0036600000000248656,9272.315611668526,bench_jmp
422.40382,422.40748,0.0036600000000248656,9265.753461580654,bench_jmp
422.60766,422.61132,0.003659999999968022,9295.564603436349,bench_jmp
422.81152,422.81518,0.0036600000000248656,9289.73289912933,bench_jmp
423.01536,423.01902,0.0036600000000248656,9277.271211688276,bench_jmp
423.21922,423.22288,0.003659999999968022,9289.030739950715,bench_jmp
423.42308,423.42674,0.003659999999968022,9276.383763541297,bench_jmp
423.62694,423.63058,0.0036400000000185173,9233.228578287712,bench_jmp
423.83078,423.83444,0.003659999999968022,9294.332729100086,bench_jmp
424.03464,424.0383,0.003659999999968022,9282.396463576877,bench_jmp
424.2385,424.24216,0.0036600000000248656,9278.681492501408,bench_jmp
424.44236,424.44602,0.003659999999968022,9277.753357221183,bench_jmp
424.64622,424.64986,0.003639999999961674,9238.094251957384,bench_jmp
424.85006,424.85372,0.0036600000000248656,9273.605488783296,bench_jmp
425.05392,425.05758,0.003659999999968022,9278.462775899807,bench_jmp
425.25778,425.26144,0.003659999999968022,9280.011579293627,bench_jmp
425.46164,425.46528,0.0036400000000185173,9249.33678476398,bench_jmp
425.66548,425.66914,0.0036600000000248656,9282.118077454457,bench_jmp
425.86934,425.873,0.003659999999968022,9263.403450508074,bench_jmp
426.07318,426.07684,0.0036600000000248656,9281.659713092164,bench_jmp
426.27704,426.28068,0.0036400000000185173,9235.001690733296,bench_jmp
426.48088,426.48454,0.003659999999968022,9289.037822657128,bench_jmp
426.68474,426.68838,0.0036400000000185173,9227.572626032019,bench_jmp
426.88858,426.89224,0.0036600000000248656,9276.622838877187,bench_jmp
427.09242,427.09608,0.003659999999968022,9295.415689619866,bench_jmp
427.29628,427.29994,0.003659999999968022,9300.56835514724,bench_jmp
427.50012,427.50378,0.0036600000000248656,9297.436508424236,bench_jmp
427.70398,427.70764,0.0036600000000248656,9268.77256489169,bench_jmp
427.90782,427.91148,0.003659999999968022,9279.171908187816,bench_jmp
428.11168,428.11532,0.0036400000000185173,9240.519516232822,bench_jmp
428.31552,428.31918,0.0036600000000248656,9292.831821436479,bench_jmp
428.51936,428.52302,0.003659999999968022,9278.741949152274,bench_jmp
428.72322,428.72688,0.003659999999968022,9265.755005082452,bench_jmp
428.92706,428.93072,0.0036600000000248656,9280.366636886112,bench_jmp
429.1309,429.13456,0.0036600000000248656,9292.19262448243,bench_jmp
429.33476,429.3384,0.003639999999961674,9237.084044030998,bench_jmp
429.5386,429.54226,0.0036600000000248656,9279.582544766787,bench_jmp
429.74244,429.7461,0.0036600000000248656,9286.665814065287,bench_jmp
429.94628,429.94994,0.0036600000000248656,9312.26708699736,bench_jmp
430.15014,430.15378,0.003639999999961674,9228.446932870087,bench_jmp
430.35398,430.35762,0.0036400000000185173,9235.437361119359,bench_jmp
430.55782,430.56148,0.0036600000000248656,9283.186078602494,bench_jmp
430.76166,430.76532,0.003659999999968022,9302.736662708008,bench_jmp
430.96552,430.96918,0.003659999999968022,9294.881096470943,bench_jmp
431.16936,431.17302,0.0036600000000248656,9287.932829544072,bench_jmp
431.37322,431.37688,0.0036600000000248656,9285.944730570849,bench_jmp
431.57708,431.58074,0.003659999999968022,9290.073646597439,bench_jmp
431.78094,431.7846,0.0036600000000248656,9302.31249199867,bench_jmp
431.9848,431.98844,0.0036400000000185173,9250.50321504895,bench_jmp
432.18864,432.1923,0.003659999999968022,9295.442961062183,bench_jmp
432.3925,432.39616,0.0036600000000248656,9308.614274557456,bench_jmp
432.59636,432.6,0.0036400000000185173,9248.355994975194,bench_jmp
432.8002,432.80386,0.003659999999968022,9296.75759970873,bench_jmp
433.00406,433.00772,0.0036600000000248656,9281.557097638593,bench_jmp
433.20792,433.21156,0.0036400000000185173,9229.731517884553,bench_jmp
433.41176,433.41542,0.003659999999968022,9307.086844839287,bench_jmp
433.61562,433.61928,0.0036600000000248656,9331.72122583142,bench_jmp
433.81948,433.82314,0.0036600000000248656,9293.679916364868,bench_jmp
434.02334,434.027,0.003659999999968022,9295.019917095502,bench_jmp
434.2272,434.23086,0.0036600000000248656,9291.650583116247,bench_jmp
434.43106,434.43472,0.0036600000000248656,9312.964410117746,bench_jmp
434.63492,434.63856,0.003639999999961674,9251.435170765031,bench_jmp
434.83876,434.84242,0.0036600000000248656,9293.924153402388,bench_jmp
435.04262,435.04628,0.0036600000000248656,9292.269742649909,bench_jmp
435.24648,435.25014,0.003659999999968022,9310.171641317487,bench_jmp
435.45034,435.45398,0.0036400000000185173,9242.483726760702,bench_jmp
435.65418,435.65784,0.0036600000000248656,9295.773946284191,bench_jmp
435.85802,435.86168,0.003659999999968022,9292.623733547209,bench_jmp
436.06188,436.06554,0.0036600000000248656,9290.810981840656,bench_jmp
436.26572,436.26938,0.0036600000000248656,9309.766825829918,bench_jmp
436.46958,436.47322,0.0036400000000185173,9256.91887973212,bench_jmp
436.67342,436.67708,0.003659999999968022,9284.437766668067,bench_jmp
436.87728,436.88092,0.0036400000000185173,9236.76570184945,bench_jmp
437.08112,437.08478,0.0036600000000248656,9300.20807783075,bench_jmp
437.28498,437.28862,0.003639999999961674,9248.169646482795,bench_jmp
437.48882,437.49248,0.0036600000000248656,9287.31702043067,bench_jmp
437.69266,437.69632,0.0036600000000248656,9282.576174083726,bench_jmp
437.89652,437.90016,0.0036400000000185173,9252.253454216469,bench_jmp
438.10036,438.10402,0.003659999999968022,9307.93045543609,bench_jmp
438.3042,438.30786,0.0036600000000248656,9294.633865425581,bench_jmp
438.50804,438.5117,0.0036600000000248656,9289.207342149393,bench_jmp
438.7119,438.71554,0.003639999999961674,9239.879285342522,bench_jmp
438.91574,438.9194,0.003659999999968022,9313.000468436376,bench_jmp
439.1196,439.12326,0.0036600000000248656,9314.659396263638,bench_jmp
439.32346,439.3271,0.003639999999961674,9232.095775551676,bench_jmp
439.5273,439.53096,0.003659999999968022,9286.989513684202,bench_jmp
439.73116,439.7348,0.0036400000000185173,9252.492215072049,bench_jmp
439.935,439.93866,0.0036600000000248656,9300.74422393467,bench_jmp
440.13884,440.1425,0.003659999999968022,9296.870205919728,bench_jmp
440.34268,440.34634,0.0036600000000248656,9284.657456522296,bench_jmp
440.54654,440.5502,0.0036600000000248656,9304.650039480166,bench_jmp
440.75038,440.75404,0.003659999999968022,9316.030500843512,bench_jmp
440.95422,440.95788,0.003659999999968022,9312.75743515897,bench_jmp
441.15808,441.16174,0.0036600000000248656,9278.189172110415,bench_jmp
441.36192,441.36558,0.0036600000000248656,9295.165990536763,bench_jmp
441.56578,441.56944,0.003659999999968022,9307.83393550752,bench_jmp
