t_start_s,t_end_s,duration_s,energy_nJ,event_label
9.83926,9.83994,0.0006800000000009021,1761.5685216177008,bench_add_reg_reg
10.0402,10.0409,0.000700000000000145,1810.6245575473315,bench_add_reg_reg
10.24116,10.24184,0.0006799999999991257,1746.7353073853246,bench_add_reg_reg
10.4421,10.44278,0.0006800000000009021,1763.7248174309655,bench_add_reg_reg
10.64304,10.64372,0.0006800000000009021,1745.5014819305707,bench_add_reg_reg
10.84398,10.84466,0.0006799999999991257,1756.0492595633314,bench_add_reg_reg
11.04492,11.0456,0.0006800000000009021,1757.593769582742,bench_add_reg_reg
11.24586,11.24656,0.000700000000000145,1811.8069949560731,bench_add_reg_reg
11.4468,11.4475,0.000700000000000145,1814.710462932088,bench_add_reg_reg
11.64774,11.64844,0.000700000000000145,1823.6011685801748,bench_add_reg_reg
11.8487,11.84938,0.0006800000000009021,1761.2429219325224,bench_add_reg_reg
12.04964,12.05034,0.000700000000000145,1817.0319544153924,bench_add_reg_reg
12.2506,12.25128,0.0006799999999991257,1745.732561682641,bench_add_reg_reg
12.45154,12.45222,0.0006800000000009021,1753.7759710128091,bench_add_reg_reg
12.65248,12.65316,0.0006799999999991257,1751.452931200418,bench_add_reg_reg
12.85342,12.8541,0.0006800000000009021,1763.5561921658393,bench_add_reg_reg
13.05436,13.05504,0.0006799999999991257,1760.4658077443141,bench_add_reg_reg
13.2553,13.256,0.000700000000000145,1800.5074677060727,bench_add_reg_reg
13.45626,13.45694,0.0006799999999991257,1758.1625259457376,bench_add_reg_reg
13.65722,13.6579,0.0006799999999991257,1763.2216168542989,bench_add_reg_reg
13.85816,13.85884,0.0006800000000009021,1764.0470038192584,bench_add_reg_reg
14.0591,14.0598,0.0006999999999983686,1822.6731684942695,bench_add_reg_reg
14.26006,14.26074,0.0006800000000009021,1757.8406748388513,bench_add_reg_reg
14.461,14.4617,0.000700000000000145,1813.850949984281,bench_add_reg_reg
14.66196,14.66264,0.0006799999999991257,1752.1013459165872,bench_add_reg_reg
14.8629,14.86358,0.0006800000000009021,1752.092060635459,bench_add_reg_reg
15.06384,15.06452,0.0006799999999991257,1763.3995134355937,bench_add_reg_reg
15.26478,15.26546,0.0006799999999991257,1765.329877377923,bench_add_reg_reg
15.46572,15.46642,0.000700000000000145,1813.9864038683343,bench_add_reg_reg
15.66668,15.66736,0.0006800000000009021,1759.2275445375285,bench_add_reg_reg
15.86762,15.8683,0.0006799999999991257,1758.6041148726722,bench_add_reg_reg
16.06856,16.06924,0.0006799999999991257,1760.3833111903825,bench_add_reg_reg
16.2695,16.27018,0.0006799999999991257,1762.6088857623777,bench_add_reg_reg
16.47044,16.47112,0.0006799999999991257,1756.8256868956917,bench_add_reg_reg
16.67138,16.67208,0.0007000000000019213,1814.165262045291,bench_add_reg_reg
16.87232,16.87302,0.0007000000000019213,1823.5993851036226,bench_add_reg_reg
17.07326,17.07396,0.0006999999999983686,1819.0985242788092,bench_add_reg_reg
17.2742,17.2749,0.0006999999999983686,1827.0896794230455,bench_add_reg_reg
17.47514,17.47584,0.0007000000000019213,1811.5168320999562,bench_add_reg_reg
17.67608,17.67678,0.0007000000000019213,1816.1027552618216,bench_add_reg_reg
17.87702,17.87772,0.0006999999999983686,1820.7004945674587,bench_add_reg_reg
18.07796,18.07866,0.0006999999999983686,1814.8763710585429,bench_add_reg_reg
18.2789,18.2796,0.0006999999999983686,1827.1247204348488,bench_add_reg_reg
18.47984,18.48054,0.0007000000000019213,1818.7392782472687,bench_add_reg_reg
18.68078,18.68148,0.0007000000000019213,1809.1304600297517,bench_add_reg_reg
18.88172,18.8824,0.0006799999999991257,1744.6472193084837,bench_add_reg_reg
19.08266,19.08334,0.0006799999999991257,1759.3067511887782,bench_add_reg_reg
19.2836,19.28428,0.0006799999999991257,1758.1162322289194,bench_add_reg_reg
19.48454,19.48522,0.0006800000000026785,1748.0089026575572,bench_add_reg_reg
19.68548,19.68616,0.0006800000000026785,1755.2343430076526,bench_add_reg_reg
19.88642,19.8871,0.0006799999999991257,1752.967722711157,bench_add_reg_reg
20.08734,20.08804,0.0006999999999983686,1818.4356973457382,bench_add_reg_reg
20.2883,20.28898,0.0006799999999991257,1752.1823104451516,bench_add_reg_reg
20.48924,20.48992,0.0006800000000026785,1756.7286198105082,bench_add_reg_reg
20.69016,20.69086,0.0007000000000019213,1821.815648587625,bench_add_reg_reg
20.8911,20.89178,0.0006799999999991257,1769.3120683512166,bench_add_reg_reg
21.09204,21.09272,0.0006799999999991257,1752.3356759892051,bench_add_reg_reg
21.29296,21.29364,0.0006799999999991257,1764.0003259265081,bench_add_reg_reg
21.49388,21.49458,0.0006999999999983686,1802.5030288798355,bench_add_reg_reg
21.69482,21.6955,0.0006799999999991257,1763.3138573703336,bench_add_reg_reg
21.89576,21.89644,0.0006799999999991257,1748.8686903358096,bench_add_reg_reg
22.09668,22.09738,0.0007000000000019213,1816.9007287414945,bench_add_reg_reg
22.29762,22.29832,0.0007000000000019213,1807.8648112775118,bench_add_reg_reg
22.49856,22.49924,0.0006799999999991257,1764.8277641245975,bench_add_reg_reg
22.6995,22.70018,0.0006799999999991257,1761.9359819194472,bench_add_reg_reg
22.90044,22.90112,0.0006799999999991257,1757.0136091652,bench_add_reg_reg
23.10138,23.10206,0.0006800000000026785,1764.4191044459315,bench_add_reg_reg
23.3023,23.303,0.0007000000000019213,1818.1700701884447,bench_add_reg_reg
23.50324,23.50394,0.0006999999999983686,1811.2041428634263,bench_add_reg_reg
23.70418,23.70488,0.0006999999999983686,1816.1620711859305,bench_add_reg_reg
23.90514,23.90582,0.0006799999999991257,1757.734995333279,bench_add_reg_reg
24.10608,24.10676,0.0006800000000026785,1752.3595783936235,bench_add_reg_reg
24.30702,24.3077,0.0006799999999991257,1760.436107867293,bench_add_reg_reg
24.50794,24.50864,0.0006999999999983686,1803.8379657030264,bench_add_reg_reg
24.7089,24.70958,0.0006799999999991257,1760.9271546802256,bench_add_reg_reg
24.90984,24.91052,0.0006800000000026785,1759.3210982230696,bench_add_reg_reg
25.11078,25.11146,0.0006800000000026785,1758.4813595828407,bench_add_reg_reg
25.31172,25.3124,0.0006799999999991257,1761.5402839119838,bench_add_reg_reg
25.51266,25.51334,0.0006799999999991257,1756.5783415896285,bench_add_reg_reg
25.7136,25.71428,0.0006799999999991257,1765.2954510392835,bench_add_reg_reg
25.91454,25.91522,0.0006800000000026785,1761.4598013537602,bench_add_reg_reg
26.11548,26.11616,0.0006799999999991257,1770.721259523891,bench_add_reg_reg
26.31642,26.3171,0.0006799999999991257,1771.2209769496576,bench_add_reg_reg
26.51736,26.51804,0.0006799999999991257,1773.4745214668337,bench_add_reg_reg
26.7183,26.71898,0.0006799999999991257,1761.905450837599,bench_add_reg_reg
26.91924,26.91994,0.0007000000000019213,1819.0291756822014,bench_add_reg_reg
27.12018,27.12088,0.0006999999999983686,1819.4802268356593,bench_add_reg_reg
27.32114,27.32182,0.0006799999999991257,1766.201825810013,bench_add_reg_reg
27.52208,27.52276,0.0006800000000026785,1755.8593652284758,bench_add_reg_reg
27.72302,27.7237,0.0006799999999991257,1759.2585366188603,bench_add_reg_reg
27.92396,27.92466,0.0006999999999983686,1798.7204180050546,bench_add_reg_reg
28.1249,28.12558,0.0006799999999991257,1775.6565962893276,bench_add_reg_reg
28.32584,28.32652,0.0006799999999991257,1769.6099937872586,bench_add_reg_reg
28.52678,28.52746,0.0006800000000026785,1746.3238537390082,bench_add_reg_reg
28.72772,28.7284,0.0006799999999991257,1764.8851475647878,bench_add_reg_reg
28.92866,28.92936,0.0006999999999983686,1810.5133855668198,bench_add_reg_reg
29.12962,29.1303,0.0006799999999991257,1745.5380433218845,bench_add_reg_reg
29.33056,29.33124,0.0006800000000026785,1767.9570592087177,bench_add_reg_reg
29.5315,29.53218,0.0006799999999991257,1767.6249635377371,bench_add_reg_reg
29.73244,29.73314,0.0006999999999983686,1816.5240832560532,bench_add_reg_reg
29.9334,29.93466,0.0012600000000020373,3291.9973856830343,bench_add_imm_reg
30.13492,30.1362,0.0012799999999977274,3347.74847607413,bench_add_imm_reg
30.33646,30.33774,0.0012800000000012801,3368.4526407201597,bench_add_imm_reg
30.538,30.53926,0.0012599999999984846,3295.056917700364,bench_add_imm_reg
30.73952,30.7408,0.0012800000000012801,3360.3701763827153,bench_add_imm_reg
30.94106,30.94234,0.0012800000000012801,3349.11804180893,bench_add_imm_reg
31.14258,31.14386,0.0012800000000012801,3375.315649904811,bench_add_imm_reg
31.34412,31.3454,0.0012800000000012801,3354.0054224462797,bench_add_imm_reg
31.54566,31.54692,0.0012599999999984846,3293.479185080977,bench_add_imm_reg
31.74718,31.74846,0.0012800000000012801,3344.798774927215,bench_add_imm_reg
31.94872,31.94998,0.0012599999999984846,3314.786334517332,bench_add_imm_reg
32.15024,32.15152,0.0012800000000012801,3355.2842144907554,bench_add_imm_reg
32.35178,32.35304,0.0012600000000020373,3306.5022551521333,bench_add_imm_reg
32.5533,32.55458,0.0012800000000012801,3368.526557463216,bench_add_imm_reg
32.75482,32.7561,0.0012800000000012801,3362.45120270369,bench_add_imm_reg
32.956360000000004,32.95762,0.0012599999999949318,3301.5044685309376,bench_add_imm_reg
33.15788,33.15916,0.0012800000000012801,3360.28519552551,bench_add_imm_reg
33.3594,33.36068,0.0012800000000012801,3363.409463784424,bench_add_imm_reg
33.56092,33.5622,0.0012799999999941747,3381.0149621983605,bench_add_imm_reg
33.76244,33.76372,0.0012800000000012801,3373.432294469924,bench_add_imm_reg
33.96398,33.96526,0.0012800000000012801,3332.734480503759,bench_add_imm_reg
34.1655,34.16678,0.0012800000000012801,3355.656496717115,bench_add_imm_reg
34.36704,34.36832,0.0012799999999941747,3356.3173678537846,bench_add_imm_reg
34.56858,34.56984,0.0012600000000020373,3284.4886207094532,bench_add_imm_reg
34.7701,34.77138,0.0012800000000012801,3344.9448063075247,bench_add_imm_reg
34.97164,34.9729,0.0012600000000020373,3291.5675826417273,bench_add_imm_reg
35.17316,35.17444,0.0012799999999941747,3344.947914576758,bench_add_imm_reg
35.37468,35.37596,0.0012800000000012801,3354.988200594683,bench_add_imm_reg
35.57622,35.5775,0.0012800000000012801,3345.2399726989693,bench_add_imm_reg
35.77776,35.77902,0.0012600000000020373,3300.326943867744,bench_add_imm_reg
35.97928,35.98056,0.0012799999999941747,3349.871414232025,bench_add_imm_reg
36.1808,36.18208,0.0012800000000012801,3368.0312405389595,bench_add_imm_reg
36.38234,36.38362,0.0012800000000012801,3351.1925465460567,bench_add_imm_reg
36.58386,36.58514,0.0012800000000012801,3369.610719384878,bench_add_imm_reg
36.7854,36.78666,0.0012599999999949318,3311.3602106318717,bench_add_imm_reg
36.98692,36.98818,0.0012600000000020373,3324.7075439495406,bench_add_imm_reg
37.18844,37.18972,0.0012800000000012801,3350.258395079015,bench_add_imm_reg
37.38996,37.39124,0.0012800000000012801,3359.7684348957687,bench_add_imm_reg
37.59148,37.59276,0.0012800000000012801,3361.7995586302154,bench_add_imm_reg
37.79302,37.7943,0.0012800000000012801,3361.751802735178,bench_add_imm_reg
37.99454,37.99582,0.0012800000000012801,3360.4012778985525,bench_add_imm_reg
38.19608,38.19736,0.0012800000000012801,3373.978955207889,bench_add_imm_reg
38.39762,38.3989,0.0012799999999941747,3359.1430005452494,bench_add_imm_reg
38.59914,38.60042,0.0012800000000012801,3369.0744056404824,bench_add_imm_reg
38.80068,38.80196,0.0012800000000012801,3344.0337213716803,bench_add_imm_reg
39.0022,39.00348,0.0012800000000012801,3371.1326215437593,bench_add_imm_reg
39.20374,39.205,0.0012599999999949318,3297.7752736623866,bench_add_imm_reg
39.40526,39.40654,0.0012800000000012801,3346.425825733834,bench_add_imm_reg
39.60678,39.60806,0.0012800000000012801,3366.2423444939377,bench_add_imm_reg
39.80832,39.80958,0.0012599999999949318,3296.681425985931,bench_add_imm_reg
40.00984,40.01112,0.0012800000000012801,3370.2814346231867,bench_add_imm_reg
40.21136,40.21264,0.0012800000000012801,3364.562741483752,bench_add_imm_reg
40.41288,40.41416,0.0012800000000012801,3364.1638443830284,bench_add_imm_reg
40.61442,40.6157,0.0012799999999941747,3350.581889955558,bench_add_imm_reg
40.81594,40.81722,0.0012800000000012801,3358.0857794779668,bench_add_imm_reg
41.01748,41.01876,0.0012800000000012801,3358.788583431011,bench_add_imm_reg
41.21902,41.2203,0.0012800000000012801,3347.5005952667116,bench_add_imm_reg
41.42056,41.42182,0.0012599999999949318,3306.136061423,bench_add_imm_reg
41.62208,41.62336,0.0012800000000012801,3364.7445146983214,bench_add_imm_reg
41.82362,41.8249,0.0012800000000012801,3355.1222574936355,bench_add_imm_reg
42.02516,42.02644,0.0012800000000012801,3358.696228827634,bench_add_imm_reg
42.2267,42.22798,0.0012800000000012801,3351.9398001975987,bench_add_imm_reg
42.42824,42.4295,0.0012599999999949318,3305.876629878825,bench_add_imm_reg
42.62976,42.63104,0.0012800000000012801,3368.7659003819203,bench_add_imm_reg
42.8313,42.83258,0.0012800000000012801,3362.413521394177,bench_add_imm_reg
43.03284,43.0341,0.0012600000000020373,3286.436272324793,bench_add_imm_reg
43.23436,43.23564,0.0012799999999941747,3365.9544261007536,bench_add_imm_reg
43.4359,43.43718,0.0012800000000012801,3361.2490235884466,bench_add_imm_reg
43.63742,43.6387,0.0012800000000012801,3368.5667743008053,bench_add_imm_reg
43.83896,43.84024,0.0012800000000012801,3364.012697714696,bench_add_imm_reg
44.04048,44.04176,0.0012799999999941747,3374.4056732228732,bench_add_imm_reg
44.24202,44.2433,0.0012800000000012801,3359.493245376288,bench_add_imm_reg
44.44354,44.44482,0.0012800000000012801,3363.6332373177183,bench_add_imm_reg
44.64508,44.64634,0.0012600000000020373,3302.379066595596,bench_add_imm_reg
44.8466,44.84788,0.0012800000000012801,3362.822877245857,bench_add_imm_reg
45.04814,45.0494,0.0012600000000020373,3277.922060813491,bench_add_imm_reg
45.24966,45.25094,0.0012800000000012801,3367.38190148408,bench_add_imm_reg
45.4512,45.45248,0.0012800000000012801,3361.7208618705754,bench_add_imm_reg
45.65274,45.654,0.0012600000000020373,3312.477178410362,bench_add_imm_reg
45.85426,45.85554,0.0012800000000012801,3365.0286169777196,bench_add_imm_reg
46.0558,46.05706,0.0012600000000020373,3281.178309123005,bench_add_imm_reg
46.25732,46.2586,0.0012800000000012801,3351.7011348188917,bench_add_imm_reg
46.45886,46.46014,0.0012800000000012801,3367.199136412189,bench_add_imm_reg
46.6604,46.66166,0.0012599999999949318,3301.832010023833,bench_add_imm_reg
46.86192,46.8632,0.0012800000000012801,3349.2120495115582,bench_add_imm_reg
47.06346,47.06474,0.0012800000000012801,3346.6893644106444,bench_add_imm_reg
47.26498,47.26626,0.0012800000000012801,3364.070798272771,bench_add_imm_reg
47.46652,47.46778,0.0012599999999949318,3291.6250382403573,bench_add_imm_reg
47.66804,47.66932,0.0012800000000012801,3358.3818981474988,bench_add_imm_reg
47.86958,47.87084,0.0012600000000020373,3298.7418561294403,bench_add_imm_reg
48.0711,48.07238,0.0012800000000012801,3364.6722021535456,bench_add_imm_reg
48.27264,48.2739,0.0012599999999949318,3314.418713547685,bench_add_imm_reg
48.47416,48.47544,0.0012800000000012801,3366.46282347362,bench_add_imm_reg
48.6757,48.67696,0.0012600000000020373,3308.6655451970278,bench_add_imm_reg
48.87722,48.8785,0.0012800000000012801,3348.752909807775,bench_add_imm_reg
49.07876,49.08004,0.0012799999999941747,3351.112492366224,bench_add_imm_reg
49.28028,49.28156,0.0012800000000012801,3351.370135792809,bench_add_imm_reg
49.48182,49.48308,0.0012600000000020373,3302.0434924451215,bench_add_imm_reg
49.68334,49.68462,0.0012800000000012801,3356.0869446978845,bench_add_imm_reg
49.88488,49.88614,0.0012599999999949318,3293.935174574183,bench_add_imm_reg
50.0864,50.0878,0.0014000000000038426,3983.7550441854873,bench_add_idx_reg
50.28806,50.28948,0.00141999999999598,4057.524292717524,bench_add_idx_reg
50.48972,50.49114,0.0014200000000030855,4062.841674322437,bench_add_idx_reg
50.69138,50.6928,0.00141999999999598,4052.300385653475,bench_add_idx_reg
50.89304,50.89446,0.0014200000000030855,4044.8057907718367,bench_add_idx_reg
51.09472,51.09612,0.0013999999999967372,3975.1970791162603,bench_add_idx_reg
51.29638,51.29778,0.0014000000000038426,3985.1821446902677,bench_add_idx_reg
51.49804,51.49944,0.0013999999999967372,3981.491168950909,bench_add_idx_reg
51.6997,51.7011,0.0013999999999967372,3990.60345486708,bench_add_idx_reg
51.90136,51.90278,0.0014200000000030855,4051.7032076707783,bench_add_idx_reg
52.10304,52.10444,0.0013999999999967372,3975.987494913517,bench_add_idx_reg
52.3047,52.3061,0.0014000000000038426,3991.2039786694877,bench_add_idx_reg
52.50638,52.50778,0.0013999999999967372,3993.40011178512,bench_add_idx_reg
52.70804,52.70944,0.0014000000000038426,3987.598663673662,bench_add_idx_reg
52.9097,52.9111,0.0013999999999967372,3993.1835117656833,bench_add_idx_reg
53.11136,53.11276,0.0014000000000038426,3983.3028055843242,bench_add_idx_reg
53.31302,53.31442,0.0013999999999967372,3978.439581104818,bench_add_idx_reg
53.51468,53.51608,0.0014000000000038426,3986.163651581764,bench_add_idx_reg
53.71634,53.71774,0.0013999999999967372,3984.754097172402,bench_add_idx_reg
53.918,53.9194,0.0014000000000038426,3975.482480611143,bench_add_idx_reg
54.11964,54.12106,0.0014200000000030855,4037.183856135976,bench_add_idx_reg
54.3213,54.32272,0.00141999999999598,4056.1976330237835,bench_add_idx_reg
54.52296,54.52438,0.0014200000000030855,4056.1666293170083,bench_add_idx_reg
54.72462,54.72604,0.00141999999999598,4051.4753921770644,bench_add_idx_reg
54.92628,54.9277,0.0014200000000030855,4051.4888637794566,bench_add_idx_reg
55.12796,55.12936,0.0013999999999967372,3981.534542972009,bench_add_idx_reg
55.32962,55.33102,0.0014000000000038426,4003.5007707883333,bench_add_idx_reg
55.53128,55.53268,0.0013999999999967372,3999.346904446642,bench_add_idx_reg
55.73294,55.73436,0.0014200000000030855,4036.097445068184,bench_add_idx_reg
55.93462,55.93602,0.0013999999999967372,3995.432262299126,bench_add_idx_reg
56.13628,56.13768,0.0014000000000038426,3986.89464434211,bench_add_idx_reg
56.33794,56.33934,0.0013999999999967372,3991.861997628069,bench_add_idx_reg
56.5396,56.54102,0.0014200000000030855,4048.901512295735,bench_add_idx_reg
56.74126,56.74268,0.0014200000000030855,4037.9902208321587,bench_add_idx_reg
56.94294,56.94434,0.0013999999999967372,3984.320382577943,bench_add_idx_reg
57.1446,57.146,0.0014000000000038426,3985.6031350913345,bench_add_idx_reg
57.34626,57.34766,0.0013999999999967372,3987.1706720344955,bench_add_idx_reg
57.54792,57.54932,0.0014000000000038426,4001.4147572333154,bench_add_idx_reg
57.74958,57.75098,0.0013999999999967372,3977.5080396694098,bench_add_idx_reg
57.95124,57.95264,0.0014000000000038426,3996.970630261726,bench_add_idx_reg
58.15288,58.15428,0.0013999999999967372,3993.799677108553,bench_add_idx_reg
58.35454,58.35594,0.0013999999999967372,3989.198545450077,bench_add_idx_reg
58.5562,58.5576,0.0014000000000038426,3989.919263415671,bench_add_idx_reg
58.75786,58.75926,0.0013999999999967372,3981.658082911223,bench_add_idx_reg
58.95952,58.96092,0.0014000000000038426,3998.173326265251,bench_add_idx_reg
59.16118,59.16258,0.0013999999999967372,3992.0327858900096,bench_add_idx_reg
59.36284,59.36424,0.0014000000000038426,3969.950794719278,bench_add_idx_reg
59.5645,59.5659,0.0013999999999967372,3998.2555596994457,bench_add_idx_reg
59.76614,59.76754,0.0013999999999967372,3993.5828768554543,bench_add_idx_reg
59.9678,59.9692,0.0014000000000038426,3991.345034458604,bench_add_idx_reg
60.16944,60.17086,0.00141999999999598,4040.0003455461906,bench_add_idx_reg
60.37112,60.37252,0.0014000000000038426,3982.9190424757867,bench_add_idx_reg
60.57278,60.57418,0.0013999999999967372,3984.8734624585245,bench_add_idx_reg
60.77444,60.77584,0.0014000000000038426,4002.328137878227,bench_add_idx_reg
60.9761,60.9775,0.0013999999999967372,3990.074302991017,bench_add_idx_reg
61.17776,61.17916,0.0014000000000038426,3986.030721582399,bench_add_idx_reg
61.37942,61.38082,0.0013999999999967372,3973.7964118729656,bench_add_idx_reg
61.58108,61.58248,0.0013999999999967372,3972.4754309189616,bench_add_idx_reg
61.78272,61.78414,0.0014200000000030855,4051.7744235788996,bench_add_idx_reg
61.9844,61.9858,0.0013999999999967372,3990.5764209012514,bench_add_idx_reg
62.18604,62.18746,0.0014200000000030855,4049.7031528594734,bench_add_idx_reg
62.3877,62.38912,0.00141999999999598,4052.3650287531905,bench_add_idx_reg
62.58936,62.59076,0.0014000000000038426,3983.342256408162,bench_add_idx_reg
62.79102,62.79242,0.0013999999999967372,3992.6251326589913,bench_add_idx_reg
62.99268,62.99408,0.0013999999999967372,3993.080693753513,bench_add_idx_reg
63.19434,63.19574,0.0014000000000038426,3989.553705335397,bench_add_idx_reg
63.396,63.3974,0.0013999999999967372,4000.600473945941,bench_add_idx_reg
63.59766,63.59906,0.0014000000000038426,3995.544363290892,bench_add_idx_reg
63.7993,63.80072,0.00141999999999598,4066.4934576367446,bench_add_idx_reg
64.00096,64.00236,0.0013999999999896318,3997.384752115387,bench_add_idx_reg
64.20262,64.20402,0.0014000000000038426,4000.580075673675,bench_add_idx_reg
64.40426,64.40568,0.0014200000000101909,4038.9200463278166,bench_add_idx_reg
64.60592,64.60732,0.0014000000000038426,3972.730760008317,bench_add_idx_reg
64.80758,64.80898,0.0014000000000038426,3996.4556880400096,bench_add_idx_reg
65.00924,65.01064,0.0013999999999896318,3995.7584137720078,bench_add_idx_reg
65.21088,65.2123,0.00141999999999598,4045.99378117026,bench_add_idx_reg
65.41254,65.41394,0.0013999999999896318,4016.6794834344373,bench_add_idx_reg
65.61418,65.61558,0.0013999999999896318,3986.9109750414777,bench_add_idx_reg
65.81582,65.81724,0.00141999999999598,4039.769284414929,bench_add_idx_reg
66.01748,66.01888,0.0013999999999896318,3992.0062361902005,bench_add_idx_reg
66.21914,66.22054,0.0014000000000038426,3978.9434732056593,bench_add_idx_reg
66.42078,66.42218,0.0014000000000038426,3989.3124252695316,bench_add_idx_reg
66.62242,66.62384,0.00141999999999598,4034.9272638423486,bench_add_idx_reg
66.82408,66.82548,0.0014000000000038426,3978.504424461141,bench_add_idx_reg
67.02572,67.02714,0.00141999999999598,4043.271685937121,bench_add_idx_reg
67.22738,67.22878,0.0014000000000038426,3994.573287211676,bench_add_idx_reg
67.42902,67.43044,0.0014200000000101909,4057.382051864131,bench_add_idx_reg
67.63068,67.63208,0.0014000000000038426,3978.0332520718407,bench_add_idx_reg
67.83234,67.83374,0.0014000000000038426,3984.9910442811947,bench_add_idx_reg
68.03398,68.0354,0.00141999999999598,4056.5563388990045,bench_add_idx_reg
68.23564,68.23704,0.0013999999999896318,3990.2659225901903,bench_add_idx_reg
68.4373,68.4387,0.0014000000000038426,4000.4753042143243,bench_add_idx_reg
68.63894,68.64036,0.00141999999999598,4051.066325032797,bench_add_idx_reg
68.8406,68.84202,0.0014200000000101909,4074.3928239989673,bench_add_idx_reg
69.04226,69.04368,0.00141999999999598,4053.0358487633243,bench_add_idx_reg
69.24392,69.24532,0.0014000000000038426,3999.9734819966034,bench_add_idx_reg
69.44558,69.44698,0.0013999999999896318,3992.861153061135,bench_add_idx_reg
69.64724,69.64864,0.0014000000000038426,3988.9652351968016,bench_add_idx_reg
69.84888,69.8503,0.0014200000000101909,4043.646496751846,bench_add_idx_reg
70.05054,70.05196,0.00141999999999598,4038.1354722080664,bench_add_idx_reg
70.2522,70.2536,0.0014000000000038426,4067.0093521585404,bench_add_sym_reg
70.45386,70.45526,0.0013999999999896318,4081.1896859352755,bench_add_sym_reg
70.65552,70.65692,0.0014000000000038426,4055.547022738259,bench_add_sym_reg
70.85716,70.85856,0.0014000000000038426,4070.2727087902344,bench_add_sym_reg
71.05882,71.06022,0.0014000000000038426,4055.449860181869,bench_add_sym_reg
71.26046,71.26186,0.0014000000000038426,4072.661239199892,bench_add_sym_reg
71.46212,71.46352,0.0014000000000038426,4071.7188012904285,bench_add_sym_reg
71.66376,71.66516,0.0014000000000038426,4074.5127084782716,bench_add_sym_reg
71.8654,71.8668,0.0014000000000038426,4086.3717021548077,bench_add_sym_reg
72.06704,72.06844,0.0013999999999896318,4075.0450687162997,bench_add_sym_reg
72.2687,72.2701,0.0014000000000038426,4084.498605237573,bench_add_sym_reg
72.47036,72.47176,0.0014000000000038426,4079.894174367614,bench_add_sym_reg
72.672,72.6734,0.0014000000000038426,4084.8559769913936,bench_add_sym_reg
72.87366,72.87506,0.0014000000000038426,4081.1259741996773,bench_add_sym_reg
73.0753,73.0767,0.0014000000000038426,4091.225515596468,bench_add_sym_reg
73.27696,73.27836,0.0014000000000038426,4088.0741202373724,bench_add_sym_reg
73.47862,73.48002,0.0013999999999896318,4081.2635887098777,bench_add_sym_reg
73.68026,73.68166,0.0013999999999896318,4093.845249121211,bench_add_sym_reg
73.88192,73.88332,0.0014000000000038426,4088.3097029412834,bench_add_sym_reg
74.08356,74.08496,0.0013999999999896318,4086.457733032475,bench_add_sym_reg
74.28522,74.28662,0.0014000000000038426,4085.6681973800833,bench_add_sym_reg
74.48688,74.48828,0.0014000000000038426,4082.1637609157715,bench_add_sym_reg
74.68852,74.68992,0.0014000000000038426,4082.996423833796,bench_add_sym_reg
74.89016,74.89156,0.0014000000000038426,4081.4059949602065,bench_add_sym_reg
75.0918,75.09322,0.00141999999999598,4130.769534954363,bench_add_sym_reg
75.29346,75.29486,0.0014000000000038426,4082.5632563909853,bench_add_sym_reg
75.4951,75.4965,0.0014000000000038426,4076.6458935228043,bench_add_sym_reg
75.69676,75.69816,0.0014000000000038426,4074.269181595127,bench_add_sym_reg
75.8984,75.89982,0.0014200000000101909,4144.776449568682,bench_add_sym_reg
76.10006,76.10146,0.0014000000000038426,4094.5978486096183,bench_add_sym_reg
76.3017,76.3031,0.0014000000000038426,4078.0011774155037,bench_add_sym_reg
76.50336,76.50476,0.0014000000000038426,4091.5115666688616,bench_add_sym_reg
76.70502,76.70642,0.0013999999999896318,4078.6039014038192,bench_add_sym_reg
76.90668,76.90808,0.0014000000000038426,4072.2437296189046,bench_add_sym_reg
77.10832,77.10972,0.0013999999999896318,4075.3736532905737,bench_add_sym_reg
77.30998,77.31138,0.0014000000000038426,4078.718239918868,bench_add_sym_reg
77.51162,77.51302,0.0014000000000038426,4093.9456690237885,bench_add_sym_reg
77.71328,77.71468,0.0014000000000038426,4082.763940107647,bench_add_sym_reg
77.91494,77.91634,0.0014000000000038426,4103.058304182855,bench_add_sym_reg
78.11658,78.11798,0.0014000000000038426,4098.110243224405,bench_add_sym_reg
78.31824,78.31964,0.0014000000000038426,4095.3364479456905,bench_add_sym_reg
78.5199,78.5213,0.0013999999999896318,4098.124587876417,bench_add_sym_reg
78.72154,78.72294,0.0013999999999896318,4087.092126688005,bench_add_sym_reg
78.9232,78.9246,0.0014000000000038426,4088.6213141627027,bench_add_sym_reg
79.12486,79.12626,0.0014000000000038426,4062.4788496760984,bench_add_sym_reg
79.3265,79.3279,0.0014000000000038426,4078.4547967031617,bench_add_sym_reg
79.52814,79.52956,0.0014200000000101909,4137.854871837329,bench_add_sym_reg
79.7298,79.7312,0.0014000000000038426,4063.686653983693,bench_add_sym_reg
79.93144,79.93284,0.0014000000000038426,4076.634638489057,bench_add_sym_reg
80.1331,80.1345,0.0014000000000038426,4078.664989222679,bench_add_sym_reg
80.33476,80.33616,0.0014000000000038426,4074.617102752888,bench_add_sym_reg
80.5364,80.5378,0.0014000000000038426,4094.620940752608,bench_add_sym_reg
80.73806,80.73946,0.0013999999999896318,4082.446834042059,bench_add_sym_reg
80.9397,80.9411,0.0014000000000038426,4071.786289579642,bench_add_sym_reg
81.14136,81.14276,0.0013999999999896318,4072.139407476433,bench_add_sym_reg
81.343,81.3444,0.0013999999999896318,4080.639446589223,bench_add_sym_reg
81.54466,81.54606,0.0014000000000038426,4069.6559171322892,bench_add_sym_reg
81.7463,81.7477,0.0013999999999896318,4071.583854934126,bench_add_sym_reg
81.94796,81.94936,0.0014000000000038426,4077.9892378609366,bench_add_sym_reg
82.14962,82.15102,0.0014000000000038426,4073.602212604302,bench_add_sym_reg
82.35126,82.35266,0.0014000000000038426,4083.90964848196,bench_add_sym_reg
82.55292,82.55432,0.0014000000000038426,4069.6817706454517,bench_add_sym_reg
82.75458,82.75598,0.0013999999999896318,4082.230916214867,bench_add_sym_reg
82.95622,82.95764,0.00141999999999598,4141.950055478234,bench_add_sym_reg
83.15788,83.1593,0.00141999999999598,4143.249215545614,bench_add_sym_reg
83.35956,83.36096,0.0014000000000038426,4054.9656096959156,bench_add_sym_reg
83.56122,83.56262,0.0013999999999896318,4071.2293656226107,bench_add_sym_reg
83.76288,83.76428,0.0014000000000038426,4069.5179696316063,bench_add_sym_reg
83.96454,83.96594,0.0014000000000038426,4078.625829435801,bench_add_sym_reg
84.1662,84.1676,0.0013999999999896318,4087.8795995065193,bench_add_sym_reg
84.36788,84.36928,0.0014000000000038426,4073.2068522019376,bench_add_sym_reg
84.56952,84.57092,0.0014000000000038426,4088.026476104146,bench_add_sym_reg
84.77118,84.77258,0.0014000000000038426,4088.6159893237746,bench_add_sym_reg
84.97284,84.97424,0.0013999999999896318,4086.2743486337345,bench_add_sym_reg
85.1745,85.1759,0.0014000000000038426,4070.2896774867827,bench_add_sym_reg
85.37616,85.37756,0.0014000000000038426,4085.852741275586,bench_add_sym_reg
85.57782,85.57922,0.0014000000000038426,4078.8374282522623,bench_add_sym_reg
85.77948,85.78088,0.0013999999999896318,4089.7279046153894,bench_add_sym_reg
85.98114,85.98254,0.0014000000000038426,4076.3912489756253,bench_add_sym_reg
86.1828,86.1842,0.0014000000000038426,4071.5694404320743,bench_add_sym_reg
86.38446,86.38586,0.0013999999999896318,4076.017141310607,bench_add_sym_reg
86.58612,86.58752,0.0014000000000038426,4090.0032897612696,bench_add_sym_reg
86.78778,86.78918,0.0014000000000038426,4090.863289322837,bench_add_sym_reg
86.98946,86.99086,0.0014000000000038426,4073.985493754543,bench_add_sym_reg
87.19112,87.19252,0.0014000000000038426,4084.557315812116,bench_add_sym_reg
87.3928,87.3942,0.0014000000000038426,4095.08365440527,bench_add_sym_reg
87.59446,87.59586,0.0014000000000038426,4061.6563568007987,bench_add_sym_reg
87.79612,87.79752,0.0014000000000038426,4090.4479101400852,bench_add_sym_reg
87.9978,87.9992,0.0014000000000038426,4065.87560196638,bench_add_sym_reg
88.19946,88.20086,0.0014000000000038426,4081.69669565884,bench_add_sym_reg
88.40112,88.40252,0.0013999999999896318,4080.9491462688366,bench_add_sym_reg
88.60278,88.60418,0.0014000000000038426,4086.330186122304,bench_add_sym_reg
88.80444,88.80584,0.0014000000000038426,4087.003273901084,bench_add_sym_reg
89.0061,89.0075,0.0013999999999896318,4088.2257674500534,bench_add_sym_reg
89.20776,89.20916,0.0014000000000038426,4087.848237262483,bench_add_sym_reg
89.40942,89.41082,0.0014000000000038426,4086.399667442824,bench_add_sym_reg
89.61108,89.61248,0.0014000000000038426,4077.684502127796,bench_add_sym_reg
89.81274,89.81414,0.0013999999999896318,4077.4872433076516,bench_add_sym_reg
90.0144,90.0158,0.0014000000000038426,4093.5329906759275,bench_add_sym_reg
90.21606,90.21746,0.0014000000000038426,4082.8196914052014,bench_add_sym_reg
90.41772,90.41912,0.0014000000000038426,3997.351364242205,bench_add_abs_reg
90.61938,90.62078,0.0013999999999896318,3997.4507013961593,bench_add_abs_reg
90.82104,90.82244,0.0014000000000038426,4004.737210937386,bench_add_abs_reg
91.0227,91.0241,0.0014000000000038426,3978.567826573269,bench_add_abs_reg
91.22436,91.22576,0.0013999999999896318,3991.3119561659296,bench_add_abs_reg
91.426,91.42742,0.00141999999999598,4058.8312409695222,bench_add_abs_reg
91.62766,91.62906,0.0013999999999896318,3994.6784451287217,bench_add_abs_reg
91.82932,91.83072,0.0014000000000038426,3981.946827856057,bench_add_abs_reg
92.03098,92.03238,0.0014000000000038426,3997.431455657321,bench_add_abs_reg
92.23264,92.23404,0.0013999999999896318,3993.5944741286153,bench_add_abs_reg
92.43428,92.4357,0.00141999999999598,4077.2191714372807,bench_add_abs_reg
92.63594,92.63734,0.0013999999999896318,4027.029985996101,bench_add_abs_reg
92.8376,92.839,0.0014000000000038426,4015.990071942564,bench_add_abs_reg
93.03926,93.04066,0.0014000000000038426,4025.098101713531,bench_add_abs_reg
93.24092,93.24232,0.0014000000000038426,4002.51061889376,bench_add_abs_reg
93.44258,93.44398,0.0013999999999896318,4003.1508356022205,bench_add_abs_reg
93.64422,93.64562,0.0013999999999896318,3982.8041544801135,bench_add_abs_reg
93.84588,93.84728,0.0014000000000038426,3975.6976161285456,bench_add_abs_reg
94.04754,94.04894,0.0014000000000038426,3971.6640440858882,bench_add_abs_reg
94.24918,94.2506,0.0014200000000101909,4048.2253860987275,bench_add_abs_reg
94.45084,94.45224,0.0014000000000038426,3979.853680368444,bench_add_abs_reg
94.6525,94.6539,0.0013999999999896318,4006.602265841598,bench_add_abs_reg
94.85416,94.85556,0.0014000000000038426,3980.686375884583,bench_add_abs_reg
95.05582,95.05722,0.0014000000000038426,3981.072369509093,bench_add_abs_reg
95.25748,95.25888,0.0014000000000038426,3997.15044769544,bench_add_abs_reg
95.45912,95.46052,0.0014000000000038426,3989.767772156906,bench_add_abs_reg
95.66078,95.66218,0.0014000000000038426,3997.576024858638,bench_add_abs_reg
95.86244,95.86384,0.0013999999999896318,3984.4993827551234,bench_add_abs_reg
96.0641,96.0655,0.0014000000000038426,3991.4454100771663,bench_add_abs_reg
96.26574,96.26714,0.0014000000000038426,3986.3151242157205,bench_add_abs_reg
96.46738,96.4688,0.00141999999999598,4055.866675903951,bench_add_abs_reg
96.66904,96.67044,0.0014000000000038426,3999.1664490785256,bench_add_abs_reg
96.87068,96.87208,0.0014000000000038426,3992.9709653503787,bench_add_abs_reg
97.07234,97.07374,0.0014000000000038426,4002.7060103727,bench_add_abs_reg
97.27398,97.27538,0.0014000000000038426,3988.5823940980927,bench_add_abs_reg
97.47564,97.47704,0.0014000000000038426,3995.1787213911552,bench_add_abs_reg
97.6773,97.6787,0.0014000000000038426,3983.9398302239742,bench_add_abs_reg
97.87894,97.88034,0.0014000000000038426,3993.3930803205376,bench_add_abs_reg
98.0806,98.082,0.0013999999999896318,3988.3503946168385,bench_add_abs_reg
98.28226,98.28366,0.0014000000000038426,3981.0081827584977,bench_add_abs_reg
98.4839,98.48532,0.00141999999999598,4069.944208008659,bench_add_abs_reg
98.68556,98.68696,0.0014000000000038426,4004.7668595922923,bench_add_abs_reg
98.88722,98.88862,0.0014000000000038426,4002.5484049810284,bench_add_abs_reg
99.08888,99.09028,0.0014000000000038426,3998.3042539191124,bench_add_abs_reg
99.29054,99.29194,0.0014000000000038426,3999.975512282936,bench_add_abs_reg
99.49218,99.49358,0.0013999999999896318,4012.979634540028,bench_add_abs_reg
99.69384,99.69524,0.0014000000000038426,4012.0991086706103,bench_add_abs_reg
99.89548,99.8969,0.00141999999999598,4051.329102353563,bench_add_abs_reg
100.09714,100.09854,0.0014000000000038426,3984.568244789104,bench_add_abs_reg
100.29878,100.30018,0.0014000000000038426,3981.4407774374235,bench_add_abs_reg
100.50044,100.50184,0.0014000000000038426,3994.269033439787,bench_add_abs_reg
100.70208,100.70348,0.0014000000000038426,3995.8098624021895,bench_add_abs_reg
100.90372,100.90512,0.0013999999999896318,4010.8534088049664,bench_add_abs_reg
101.10536,101.10676,0.0013999999999896318,3999.4460064602536,bench_add_abs_reg
101.30702,101.30842,0.0014000000000038426,4002.993267508074,bench_add_abs_reg
101.50866,101.51006,0.0013999999999896318,4008.5466066062236,bench_add_abs_reg
101.71032,101.71172,0.0014000000000038426,4002.5300393004845,bench_add_abs_reg
101.91196,101.91338,0.0014200000000101909,4041.7259070395553,bench_add_abs_reg
102.11362,102.11502,0.0014000000000038426,3996.462491352958,bench_add_abs_reg
102.31528,102.31668,0.0014000000000038426,3977.702639542079,bench_add_abs_reg
102.51692,102.51832,0.0014000000000038426,3990.399758343195,bench_add_abs_reg
102.71858,102.71998,0.0014000000000038426,3990.822213245761,bench_add_abs_reg
102.92024,102.92164,0.0013999999999896318,3989.9367792218645,bench_add_abs_reg
103.12188,103.12328,0.0013999999999896318,4009.6907131063963,bench_add_abs_reg
103.32352,103.32494,0.00141999999999598,4048.9499503620114,bench_add_abs_reg
103.52518,103.52658,0.0013999999999896318,4011.2577797522504,bench_add_abs_reg
103.72684,103.72824,0.0014000000000038426,4001.7670625939104,bench_add_abs_reg
103.92848,103.92988,0.0014000000000038426,4006.3175303064572,bench_add_abs_reg
104.13014,104.13154,0.0014000000000038426,3997.9460113804284,bench_add_abs_reg
104.3318,104.3332,0.0014000000000038426,3981.1511547407476,bench_add_abs_reg
104.53344,104.53484,0.0014000000000038426,4002.350198582071,bench_add_abs_reg
104.7351,104.7365,0.0014000000000038426,3988.5346870960707,bench_add_abs_reg
104.93676,104.93816,0.0013999999999896318,3989.1232433417467,bench_add_abs_reg
105.1384,105.1398,0.0013999999999896318,3992.9224620258665,bench_add_abs_reg
105.34004,105.34146,0.00141999999999598,4077.2273158534244,bench_add_abs_reg
105.5417,105.5431,0.0013999999999896318,4009.5103229083984,bench_add_abs_reg
105.74334,105.74474,0.0013999999999896318,4024.5652687427414,bench_add_abs_reg
105.94498,105.9464,0.00141999999999598,4047.7890195202694,bench_add_abs_reg
106.14664,106.14804,0.0013999999999896318,3992.3756685729713,bench_add_abs_reg
106.34828,106.34968,0.0014000000000038426,3992.512593987224,bench_add_abs_reg
106.54994,106.55134,0.0013999999999896318,3996.5912839091025,bench_add_abs_reg
106.75158,106.75298,0.0013999999999896318,4002.7172863173028,bench_add_abs_reg
106.95324,106.95464,0.0014000000000038426,3991.9639891141096,bench_add_abs_reg
107.1549,107.1563,0.0014000000000038426,3994.8878972911625,bench_add_abs_reg
107.35654,107.35794,0.0014000000000038426,4007.7281347594026,bench_add_abs_reg
107.5582,107.5596,0.0014000000000038426,4004.096314322065,bench_add_abs_reg
107.75986,107.76126,0.0013999999999896318,3987.6619516568067,bench_add_abs_reg
107.9615,107.9629,0.0014000000000038426,4003.1772898619333,bench_add_abs_reg
108.16316,108.16456,0.0013999999999896318,4007.1148215481526,bench_add_abs_reg
108.36482,108.36622,0.0014000000000038426,3976.901497238056,bench_add_abs_reg
108.56646,108.56786,0.0013999999999896318,3991.448760466435,bench_add_abs_reg
108.76812,108.76952,0.0014000000000038426,3994.8766492420473,bench_add_abs_reg
108.96978,108.97118,0.0014000000000038426,3993.3605003289367,bench_add_abs_reg
109.17144,109.17284,0.0013999999999896318,3992.7382347793823,bench_add_abs_reg
109.3731,109.3745,0.0014000000000038426,3995.3469159210235,bench_add_abs_reg
109.57474,109.57614,0.0013999999999896318,3990.102473149675,bench_add_abs_reg
109.7764,109.7778,0.0014000000000038426,4012.7032669385976,bench_add_abs_reg
109.97806,109.97946,0.0014000000000038426,3995.943579368734,bench_add_abs_reg
110.1797,110.1811,0.0014000000000038426,3999.0509138558436,bench_add_abs_reg
110.38134,110.38276,0.0014200000000101909,4051.7008793842956,bench_add_abs_reg
110.583,110.58382,0.0008200000000044838,2592.047359808274,bench_add_ind_reg
110.78406,110.78488,0.0008200000000044838,2593.4281200311143,bench_add_ind_reg
110.98512,110.98594,0.0008200000000044838,2604.2204233960265,bench_add_ind_reg
111.18618,111.18698,0.0008000000000123464,2526.632847769466,bench_add_ind_reg
111.38724,111.38804,0.0007999999999981355,2526.988449966141,bench_add_ind_reg
111.5883,111.5891,0.0007999999999981355,2539.5521498227367,bench_add_ind_reg
111.78934,111.79016,0.0008200000000044838,2595.2691910928706,bench_add_ind_reg
111.9904,111.99122,0.0008200000000044838,2600.3744965556903,bench_add_ind_reg
112.19146,112.19228,0.000819999999990273,2594.290387320115,bench_add_ind_reg
112.39252,112.39334,0.000819999999990273,2609.4087399235946,bench_add_ind_reg
112.59358,112.5944,0.000819999999990273,2594.819117772529,bench_add_ind_reg
112.79464,112.79544,0.0007999999999981355,2532.043808599526,bench_add_ind_reg
112.9957,112.9965,0.0007999999999981355,2528.79541133825,bench_add_ind_reg
113.19676,113.19756,0.0007999999999981355,2526.5229074223244,bench_add_ind_reg
113.39782,113.39862,0.0007999999999981355,2532.583798741378,bench_add_ind_reg
113.59888,113.59968,0.0008000000000123464,2536.749832836745,bench_add_ind_reg
113.79994,113.80074,0.0007999999999981355,2525.35442588248,bench_add_ind_reg
114.001,114.0018,0.0007999999999981355,2526.057583739294,bench_add_ind_reg
114.20204,114.20286,0.0008200000000044838,2601.512842826081,bench_add_ind_reg
114.4031,114.40392,0.0008200000000044838,2611.3386242789047,bench_add_ind_reg
114.60416,114.60498,0.0008200000000044838,2585.9382795314973,bench_add_ind_reg
114.80522,114.80604,0.000819999999990273,2597.8558021289464,bench_add_ind_reg
115.00628,115.00708,0.0007999999999981355,2539.7301698045017,bench_add_ind_reg
115.20734,115.20814,0.0007999999999981355,2540.517144364712,bench_add_ind_reg
115.40838,115.4092,0.0008200000000044838,2594.739017090881,bench_add_ind_reg
115.60944,115.61026,0.000819999999990273,2596.228569715274,bench_add_ind_reg
115.8105,115.8113,0.0007999999999981355,2529.1441730163147,bench_add_ind_reg
116.01154,116.01236,0.0008200000000044838,2579.0462969016044,bench_add_ind_reg
116.2126,116.21342,0.0008200000000044838,2605.8850577237154,bench_add_ind_reg
116.41366,116.41446,0.0008000000000123464,2544.3271384963564,bench_add_ind_reg
116.61472,116.61552,0.0007999999999981355,2534.0256281135253,bench_add_ind_reg
116.81576,116.81658,0.0008200000000044838,2592.4427597927242,bench_add_ind_reg
117.01682,117.01764,0.0008200000000044838,2592.984717353165,bench_add_ind_reg
117.21788,117.2187,0.0008200000000044838,2599.0470242824003,bench_add_ind_reg
117.41894,117.41976,0.000819999999990273,2593.8347214525197,bench_add_ind_reg
117.62,117.6208,0.0007999999999981355,2529.256392729987,bench_add_ind_reg
117.82104,117.82186,0.0008200000000044838,2591.7384214839876,bench_add_ind_reg
118.0221,118.0229,0.0008000000000123464,2525.8796406367373,bench_add_ind_reg
118.22314,118.22396,0.0008200000000044838,2587.154950029335,bench_add_ind_reg
118.4242,118.42502,0.0008200000000044838,2597.6265967036197,bench_add_ind_reg
118.62526,118.62608,0.0008200000000044838,2600.6687549083954,bench_add_ind_reg
118.82634,118.82714,0.0007999999999981355,2536.5057913526075,bench_add_ind_reg
119.0274,119.0282,0.0007999999999981355,2540.7980708344453,bench_add_ind_reg
119.22846,119.22926,0.0007999999999981355,2537.997737521214,bench_add_ind_reg
119.42952,119.43032,0.0007999999999981355,2527.184388593991,bench_add_ind_reg
119.63058,119.63138,0.0007999999999981355,2541.2961281776393,bench_add_ind_reg
119.83162,119.83244,0.0008200000000044838,2598.3888330078075,bench_add_ind_reg
120.03268,120.03348,0.0007999999999981355,2524.971766391601,bench_add_ind_reg
120.23372,120.23454,0.000819999999990273,2599.7997168143875,bench_add_ind_reg
120.43478,120.4356,0.000819999999990273,2594.1953179122115,bench_add_ind_reg
120.63582,120.63664,0.0008200000000044838,2602.8190320497256,bench_add_ind_reg
120.83688,120.8377,0.0008200000000044838,2592.8376591907067,bench_add_ind_reg
121.03792,121.03874,0.0008200000000044838,2597.5306960895327,bench_add_ind_reg
121.23898,121.23978,0.0007999999999981355,2539.571605151616,bench_add_ind_reg
121.44002,121.44084,0.000819999999990273,2591.1493133442773,bench_add_ind_reg
121.64108,121.6419,0.0008200000000044838,2594.859809629341,bench_add_ind_reg
121.84214,121.84294,0.0007999999999981355,2536.5116586848276,bench_add_ind_reg
122.04318,122.044,0.000819999999990273,2596.996508041977,bench_add_ind_reg
122.24424,122.24506,0.000819999999990273,2598.1158762858527,bench_add_ind_reg
122.4453,122.44612,0.000819999999990273,2594.2393927530434,bench_add_ind_reg
122.64636,122.64718,0.0008200000000044838,2591.988951913722,bench_add_ind_reg
122.84742,122.84822,0.0007999999999981355,2527.1485210335127,bench_add_ind_reg
123.04846,123.04928,0.000819999999990273,2605.4921489834082,bench_add_ind_reg
123.24952,123.25034,0.000819999999990273,2611.3404985204343,bench_add_ind_reg
123.45058,123.45138,0.0007999999999981355,2519.837459543252,bench_add_ind_reg
123.65162,123.65244,0.0008200000000044838,2596.7521779380036,bench_add_ind_reg
123.85268,123.85348,0.0007999999999981355,2539.679943578345,bench_add_ind_reg
124.05374,124.05454,0.0007999999999981355,2533.7012042225033,bench_add_ind_reg
124.25478,124.2556,0.0008200000000044838,2580.005845535168,bench_add_ind_reg
124.45584,124.45666,0.0008200000000044838,2592.0031569107286,bench_add_ind_reg
124.65688,124.6577,0.0008200000000044838,2596.539389356213,bench_add_ind_reg
124.85794,124.85876,0.0008200000000044838,2597.3287969968924,bench_add_ind_reg
125.059,125.05982,0.0008200000000044838,2606.1140606322347,bench_add_ind_reg
125.26006,125.26088,0.0008200000000044838,2587.0717247154653,bench_add_ind_reg
125.46112,125.46194,0.0008200000000044838,2597.7297849161223,bench_add_ind_reg
125.66218,125.663,0.000819999999990273,2597.4545068731277,bench_add_ind_reg
125.86324,125.86406,0.000819999999990273,2594.990457843002,bench_add_ind_reg
126.0643,126.0651,0.0007999999999981355,2521.728682325534,bench_add_ind_reg
126.26534,126.26616,0.0008200000000044838,2595.6753199135183,bench_add_ind_reg
126.4664,126.46722,0.0008200000000044838,2596.739886807683,bench_add_ind_reg
126.66746,126.66828,0.000819999999990273,2598.050346101444,bench_add_ind_reg
126.86852,126.86932,0.0007999999999981355,2535.5126848387526,bench_add_ind_reg
127.06958,127.07038,0.0007999999999981355,2538.032000878606,bench_add_ind_reg
127.27064,127.27144,0.0007999999999981355,2525.9454944114773,bench_add_ind_reg
127.4717,127.4725,0.0007999999999981355,2548.2361903349806,bench_add_ind_reg
127.67274,127.67356,0.000819999999990273,2586.021961147659,bench_add_ind_reg
127.87378,127.8746,0.0008200000000044838,2584.9352916846365,bench_add_ind_reg
128.07484,128.07566,0.0008200000000044838,2600.0896631880455,bench_add_ind_reg
128.2759,128.27672,0.0008200000000044838,2595.059741302825,bench_add_ind_reg
128.47696,128.47778,0.0008200000000044838,2602.8354489381736,bench_add_ind_reg
128.67802,128.67882,0.0007999999999981355,2537.061311298023,bench_add_ind_reg
128.87908,128.87988,0.0008000000000265572,2532.933657140306,bench_add_ind_reg
129.08014,129.08094,0.0007999999999981355,2535.16271011387,bench_add_ind_reg
129.28118,129.282,0.0008200000000044838,2602.100078962854,bench_add_ind_reg
129.48224,129.48306,0.0008200000000044838,2583.80031447441,bench_add_ind_reg
129.6833,129.68412,0.0008200000000044838,2598.47670795007,bench_add_ind_reg
129.88436,129.88516,0.0008000000000265572,2547.095499551496,bench_add_ind_reg
130.08542,130.08622,0.0007999999999981355,2532.159460236538,bench_add_ind_reg
130.28646,130.28728,0.0008200000000044838,2602.0574430148586,bench_add_ind_reg
130.48752,130.48834,0.0008200000000044838,2593.2556484027186,bench_add_ind_reg
130.6886,130.6894,0.0007999999999981355,2589.071383693737,bench_add_aut_reg
130.88964,130.89046,0.0008199999999760621,2635.2203799561335,bench_add_aut_reg
131.0907,131.09152,0.0008200000000044838,2655.1839756002096,bench_add_aut_reg
131.29176,131.29258,0.0008199999999760621,2659.9786336689963,bench_add_aut_reg
131.49282,131.49362,0.0007999999999981355,2598.1985777550553,bench_add_aut_reg
131.69388,131.69468,0.0007999999999981355,2602.9595732626844,bench_add_aut_reg
131.89492,131.89574,0.0008199999999760621,2660.230288669883,bench_add_aut_reg
132.09598,132.0968,0.0008200000000044838,2653.996925815551,bench_add_aut_reg
132.29704,132.29786,0.0008199999999760621,2666.816872002237,bench_add_aut_reg
132.4981,132.49892,0.0008200000000044838,2654.8529300047708,bench_add_aut_reg
132.69916,132.69998,0.0008200000000044838,2657.5074205321007,bench_add_aut_reg
132.90022,132.90104,0.0008200000000044838,2648.9256252669093,bench_add_aut_reg
133.10128,133.1021,0.0008200000000044838,2652.5543304307207,bench_add_aut_reg
133.30234,133.30316,0.0008200000000044838,2656.9359447010575,bench_add_aut_reg
133.5034,133.50422,0.0008200000000044838,2655.595906558225,bench_add_aut_reg
133.70448,133.70528,0.0007999999999981355,2594.5393997180067,bench_add_aut_reg
133.90554,133.90634,0.0007999999999981355,2592.4023613279705,bench_add_aut_reg
134.1066,134.10742,0.0008200000000044838,2671.6635958423562,bench_add_aut_reg
134.30766,134.30848,0.0008200000000044838,2662.97752970399,bench_add_aut_reg
134.50872,134.50954,0.0008199999999760621,2656.6194765429827,bench_add_aut_reg
134.70978,134.7106,0.0008200000000044838,2664.324690136362,bench_add_aut_reg
134.91084,134.91166,0.0008200000000044838,2671.053693644701,bench_add_aut_reg
135.1119,135.11272,0.0008200000000044838,2649.318873895899,bench_add_aut_reg
135.31296,135.31376,0.0007999999999981355,2598.189327395422,bench_add_aut_reg
135.51402,135.51482,0.0007999999999981355,2601.3497379544824,bench_add_aut_reg
135.71508,135.71588,0.0007999999999981355,2604.737631038878,bench_add_aut_reg
135.91614,135.91694,0.0007999999999981355,2598.6125809088107,bench_add_aut_reg
136.1172,136.118,0.0007999999999981355,2590.7875434430416,bench_add_aut_reg
136.31826,136.31906,0.0007999999999981355,2580.820950673458,bench_add_aut_reg
136.51932,136.52014,0.0008200000000044838,2653.0400733609094,bench_add_aut_reg
136.72038,136.7212,0.0008200000000044838,2664.507767201615,bench_add_aut_reg
136.92146,136.92226,0.0007999999999981355,2589.9210572181955,bench_add_aut_reg
137.1225,137.12332,0.0008200000000044838,2649.976674016036,bench_add_aut_reg
137.32356,137.32438,0.0008200000000044838,2653.670078156165,bench_add_aut_reg
137.52462,137.52544,0.0008200000000044838,2656.484262566372,bench_add_aut_reg
137.72568,137.72648,0.0007999999999981355,2594.928080211763,bench_add_aut_reg
137.92672,137.92754,0.0008200000000044838,2649.987437776048,bench_add_aut_reg
138.12778,138.1286,0.0008200000000044838,2656.2796463412305,bench_add_aut_reg
138.32884,138.32966,0.0008199999999760621,2651.453919165824,bench_add_aut_reg
138.5299,138.53072,0.0008200000000044838,2659.100550241492,bench_add_aut_reg
138.73096,138.73178,0.0008199999999760621,2659.618963876292,bench_add_aut_reg
138.93204,138.93284,0.0007999999999981355,2589.9821915600787,bench_add_aut_reg
139.13308,139.1339,0.0008200000000044838,2651.585706058354,bench_add_aut_reg
139.33414,139.33496,0.0008200000000044838,2653.5922265751756,bench_add_aut_reg
139.53522,139.53602,0.0007999999999981355,2592.5956014490093,bench_add_aut_reg
139.73628,139.7371,0.0008200000000044838,2654.4623961803777,bench_add_aut_reg
139.93734,139.93816,0.0008200000000044838,2682.117929231339,bench_add_aut_reg
140.1384,140.13922,0.0008200000000044838,2657.856952878047,bench_add_aut_reg
140.33946,140.34028,0.0008200000000044838,2671.7218104904946,bench_add_aut_reg
140.54052,140.54134,0.0008200000000044838,2647.0261812337726,bench_add_aut_reg
140.74158,140.74238,0.0007999999999981355,2587.0438548677625,bench_add_aut_reg
140.94262,140.94344,0.0008200000000044838,2661.6137917301944,bench_add_aut_reg
141.14368,141.14448,0.0007999999999981355,2593.5050006884076,bench_add_aut_reg
141.34474,141.34554,0.0007999999999981355,2600.5061226835514,bench_add_aut_reg
141.54578,141.5466,0.0008200000000044838,2663.2605213828297,bench_add_aut_reg
141.74684,141.74766,0.0008200000000044838,2669.3739160099644,bench_add_aut_reg
141.9479,141.9487,0.0007999999999981355,2598.2522778156176,bench_add_aut_reg
142.14894,142.14976,0.0008199999999760621,2653.6253396583115,bench_add_aut_reg
142.35,142.35082,0.0008200000000044838,2661.365091348921,bench_add_aut_reg
142.55106,142.55188,0.0008200000000044838,2656.5081393488763,bench_add_aut_reg
142.75212,142.75292,0.0007999999999981355,2595.4366312290904,bench_add_aut_reg
142.95316,142.95398,0.0008200000000044838,2650.868259384388,bench_add_aut_reg
143.15422,143.15504,0.0008200000000044838,2649.389021114066,bench_add_aut_reg
143.35528,143.3561,0.0008200000000044838,2658.2811516850043,bench_add_aut_reg
143.55634,143.55714,0.0007999999999981355,2605.1300764028483,bench_add_aut_reg
143.7574,143.7582,0.0007999999999981355,2583.227758289013,bench_add_aut_reg
143.95844,143.95926,0.0008200000000044838,2660.647036987506,bench_add_aut_reg
144.1595,144.16032,0.0008200000000044838,2669.28327504313,bench_add_aut_reg
144.36056,144.36136,0.0007999999999981355,2602.8311322369173,bench_add_aut_reg
144.5616,144.56242,0.0008200000000044838,2653.401505682067,bench_add_aut_reg
144.76266,144.76346,0.0007999999999981355,2584.898730268925,bench_add_aut_reg
144.9637,144.96452,0.0008200000000044838,2641.2175153516578,bench_add_aut_reg
145.16476,145.16556,0.0007999999999981355,2597.7699295551756,bench_add_aut_reg
145.3658,145.36662,0.0008200000000044838,2656.4117777307274,bench_add_aut_reg
145.56686,145.56768,0.0008200000000044838,2652.7957292416545,bench_add_aut_reg
145.76792,145.76872,0.0007999999999981355,2609.186971089571,bench_add_aut_reg
145.96896,145.96978,0.0008199999999760621,2661.681109961881,bench_add_aut_reg
146.17,146.17082,0.0008200000000044838,2657.7651640533245,bench_add_aut_reg
146.37106,146.37186,0.0007999999999981355,2593.1358057938705,bench_add_aut_reg
146.5721,146.57292,0.0008200000000044838,2654.2187249430053,bench_add_aut_reg
146.77316,146.77396,0.0007999999999981355,2596.6887408791154,bench_add_aut_reg
146.9742,146.97502,0.0008200000000044838,2644.160341020367,bench_add_aut_reg
147.17524,147.17606,0.0008200000000044838,2658.4708667510813,bench_add_aut_reg
147.3763,147.37712,0.0008200000000044838,2663.392841364946,bench_add_aut_reg
147.57736,147.57816,0.0007999999999981355,2591.0700205650674,bench_add_aut_reg
147.7784,147.77922,0.0008200000000044838,2661.4516042327846,bench_add_aut_reg
147.97944,147.98026,0.0008199999999760621,2656.742909379402,bench_add_aut_reg
148.1805,148.1813,0.0007999999999981355,2610.8488882821957,bench_add_aut_reg
148.38154,148.38236,0.0008200000000044838,2654.7045214250475,bench_add_aut_reg
148.5826,148.5834,0.0007999999999981355,2605.1022740965577,bench_add_aut_reg
148.78364,148.78446,0.0008200000000044838,2652.657292795953,bench_add_aut_reg
148.9847,148.98552,0.0008200000000044838,2663.8414012427133,bench_add_aut_reg
149.18574,149.18656,0.0008199999999760621,2664.9608276019494,bench_add_aut_reg
149.3868,149.3876,0.0007999999999981355,2593.7988352894827,bench_add_aut_reg
149.58784,149.58866,0.0008200000000044838,2650.9075635251083,bench_add_aut_reg
149.7889,149.78972,0.0008199999999760621,2654.8962014895287,bench_add_aut_reg
149.98996,149.99076,0.0007999999999981355,2595.499700395084,bench_add_aut_reg
150.191,150.19182,0.0008200000000044838,2647.8945440762923,bench_add_aut_reg
150.39206,150.39286,0.0008000000000265572,2592.1553444045976,bench_add_aut_reg
150.5931,150.59392,0.0008200000000044838,2666.1397516870525,bench_add_aut_reg
150.79416,150.79568,0.0015199999999992997,4626.896535043125,bench_add_reg_idx
150.99592,150.99744,0.0015199999999992997,4610.204936466852,bench_add_reg_idx
151.19768,151.1992,0.0015199999999992997,4608.820618593808,bench_add_reg_idx
151.39944,151.40098,0.001540000000005648,4674.130189249404,bench_add_reg_idx
151.60122,151.60274,0.0015199999999992997,4605.06541188297,bench_add_reg_idx
151.80298,151.8045,0.0015199999999992997,4598.534838295426,bench_add_reg_idx
152.00476,152.00628,0.0015199999999992997,4609.0138400881415,bench_add_reg_idx
152.20652,152.20804,0.0015199999999992997,4608.651823359962,bench_add_reg_idx
152.40828,152.4098,0.0015199999999992997,4605.280403047119,bench_add_reg_idx
152.61004,152.61156,0.0015199999999992997,4607.103702146232,bench_add_reg_idx
152.8118,152.81334,0.001540000000005648,4676.588003073318,bench_add_reg_idx
153.01358,153.0151,0.0015199999999992997,4603.844939265018,bench_add_reg_idx
153.21534,153.21688,0.001540000000005648,4674.937864783019,bench_add_reg_idx
153.41712,153.41864,0.0015199999999992997,4597.985134455383,bench_add_reg_idx
153.61888,153.62042,0.001540000000005648,4663.1682873875625,bench_add_reg_idx
153.82066,153.82218,0.0015199999999992997,4606.117419895348,bench_add_reg_idx
154.02242,154.02396,0.0015399999999772263,4684.81560463498,bench_add_reg_idx
154.2242,154.22574,0.001540000000005648,4658.908755536443,bench_add_reg_idx
154.42598,154.4275,0.0015199999999992997,4603.045962281282,bench_add_reg_idx
154.62776,154.62928,0.0015199999999992997,4614.915722048367,bench_add_reg_idx
154.82952,154.83104,0.0015199999999992997,4622.59958730842,bench_add_reg_idx
155.03128,155.03282,0.0015399999999772263,4667.945299226502,bench_add_reg_idx
155.23306,155.23458,0.0015199999999992997,4607.636916916235,bench_add_reg_idx
155.43482,155.43636,0.001540000000005648,4668.182509503443,bench_add_reg_idx
155.6366,155.63812,0.0015199999999992997,4600.285296328195,bench_add_reg_idx
155.83836,155.83988,0.0015199999999992997,4595.628629903502,bench_add_reg_idx
156.04014,156.04166,0.0015199999999992997,4599.394812244732,bench_add_reg_idx
156.24192,156.24344,0.0015199999999992997,4613.663589115246,bench_add_reg_idx
156.44368,156.44522,0.001540000000005648,4669.170510040882,bench_add_reg_idx
156.64546,156.647,0.0015399999999772263,4665.29135585137,bench_add_reg_idx
156.84724,156.84876,0.0015199999999992997,4610.297877806316,bench_add_reg_idx
157.04902,157.05054,0.0015199999999992997,4615.422263737497,bench_add_reg_idx
157.25078,157.25232,0.001540000000005648,4680.343789533176,bench_add_reg_idx
157.45256,157.45408,0.0015199999999992997,4615.460652854976,bench_add_reg_idx
157.65432,157.65586,0.0015399999999772263,4676.508598424749,bench_add_reg_idx
157.85608,157.85762,0.001540000000005648,4659.614297578387,bench_add_reg_idx
158.05786,158.05938,0.0015199999999992997,4607.535169923133,bench_add_reg_idx
158.25962,158.26114,0.0015199999999992997,4602.109794501177,bench_add_reg_idx
158.46138,158.46292,0.001540000000005648,4684.519148449229,bench_add_reg_idx
158.66316,158.66468,0.0015199999999992997,4607.750475403587,bench_add_reg_idx
158.86492,158.86644,0.0015199999999992997,4611.390230708651,bench_add_reg_idx
159.06668,159.06822,0.001540000000005648,4687.8813323751465,bench_add_reg_idx
159.26846,159.26998,0.0015199999999992997,4616.076520175512,bench_add_reg_idx
159.47022,159.47174,0.0015199999999992997,4603.682763404211,bench_add_reg_idx
159.67198,159.6735,0.0015199999999992997,4611.278544178911,bench_add_reg_idx
159.87374,159.87528,0.001540000000005648,4655.943294071909,bench_add_reg_idx
160.0755,160.07704,0.001540000000005648,4675.912191176819,bench_add_reg_idx
160.27728,160.2788,0.0015199999999992997,4595.709191634395,bench_add_reg_idx
160.47904,160.48056,0.0015199999999992997,4601.415693758418,bench_add_reg_idx
160.6808,160.68232,0.0015199999999992997,4592.27562881687,bench_add_reg_idx
160.88256,160.8841,0.0015399999999772263,4691.904587599986,bench_add_reg_idx
161.08434,161.08586,0.0015199999999992997,4605.260684619646,bench_add_reg_idx
161.2861,161.28764,0.001540000000005648,4692.266534565697,bench_add_reg_idx
161.48788,161.4894,0.0015199999999992997,4614.936399738705,bench_add_reg_idx
161.68964,161.69118,0.001540000000005648,4666.431986277532,bench_add_reg_idx
161.8914,161.89294,0.001540000000005648,4657.960215133778,bench_add_reg_idx
162.09316,162.0947,0.0015399999999772263,4670.10790242154,bench_add_reg_idx
162.29492,162.29646,0.001540000000005648,4667.651744111305,bench_add_reg_idx
162.49668,162.49822,0.001540000000005648,4691.328920906178,bench_add_reg_idx
162.69844,162.69998,0.001540000000005648,4675.253396870628,bench_add_reg_idx
162.9002,162.90174,0.0015399999999772263,4692.81062476592,bench_add_reg_idx
163.10196,163.1035,0.001540000000005648,4671.544779576753,bench_add_reg_idx
163.30372,163.30526,0.001540000000005648,4668.417486844102,bench_add_reg_idx
163.50548,163.50702,0.001540000000005648,4664.503899420022,bench_add_reg_idx
163.70726,163.70878,0.0015199999999992997,4612.902922090612,bench_add_reg_idx
163.90902,163.91054,0.0015199999999992997,4608.473652041362,bench_add_reg_idx
164.11078,164.11232,0.001540000000005648,4678.235270565727,bench_add_reg_idx
164.31254,164.31408,0.0015399999999772263,4668.9687528868335,bench_add_reg_idx
164.51432,164.51584,0.0015199999999992997,4603.773560373082,bench_add_reg_idx
164.71608,164.7176,0.0015199999999992997,4607.199695889092,bench_add_reg_idx
164.91784,164.91938,0.0015399999999772263,4680.06547067527,bench_add_reg_idx
165.11962,165.12114,0.0015199999999992997,4610.70978548078,bench_add_reg_idx
165.32138,165.3229,0.0015199999999992997,4598.743503444725,bench_add_reg_idx
165.52314,165.52468,0.0015399999999772263,4675.632573127076,bench_add_reg_idx
165.72492,165.72644,0.0015199999999992997,4598.8449733685575,bench_add_reg_idx
165.92668,165.9282,0.0015199999999992997,4614.305258726017,bench_add_reg_idx
166.12844,166.12996,0.0015199999999992997,4607.28409932569,bench_add_reg_idx
166.3302,166.33174,0.001540000000005648,4679.684273451442,bench_add_reg_idx
166.53198,166.5335,0.0015199999999992997,4609.272899103062,bench_add_reg_idx
166.73374,166.73528,0.0015399999999772263,4668.935742157206,bench_add_reg_idx
166.9355,166.93704,0.001540000000005648,4673.59625503588,bench_add_reg_idx
167.13728,167.1388,0.0015199999999992997,4608.954247085642,bench_add_reg_idx
167.33904,167.34056,0.0015199999999992997,4617.726705033682,bench_add_reg_idx
167.5408,167.54234,0.001540000000005648,4745.729558655046,bench_add_reg_idx
167.74258,167.7441,0.0015199999999992997,4684.510622170866,bench_add_reg_idx
167.94434,167.94586,0.0015199999999992997,4638.711670408511,bench_add_reg_idx
168.1461,168.14762,0.0015199999999992997,4619.136957914384,bench_add_reg_idx
168.34786,168.34938,0.0015199999999992997,4602.858372962407,bench_add_reg_idx
168.54962,168.55116,0.001540000000005648,4652.109199685489,bench_add_reg_idx
168.75138,168.75292,0.0015399999999772263,4642.188919170977,bench_add_reg_idx
168.95314,168.95468,0.001540000000005648,4632.0435195415475,bench_add_reg_idx
169.15492,169.15644,0.0015199999999992997,4584.291393401678,bench_add_reg_idx
169.35668,169.3582,0.0015199999999992997,4588.4784124755815,bench_add_reg_idx
169.55844,169.55996,0.0015199999999992997,4586.976701393777,bench_add_reg_idx
169.7602,169.76174,0.001540000000005648,4657.199361845223,bench_add_reg_idx
169.96198,169.9635,0.0015199999999992997,4592.865230511829,bench_add_reg_idx
170.16374,170.16526,0.0015199999999992997,4616.252547127956,bench_add_reg_idx
170.3655,170.36702,0.0015199999999992997,4622.980181591696,bench_add_reg_idx
170.56726,170.5688,0.001540000000005648,4769.331063161822,bench_add_reg_idx
170.76904,170.77056,0.0015199999999992997,4610.734363085483,bench_add_reg_idx
170.9708,170.9723,0.0014999999999929514,4655.59222966052,bench_add_reg_sym
171.17254,171.17404,0.0014999999999929514,4644.990132633794,bench_add_reg_sym
171.37428,171.37578,0.0014999999999929514,4662.625822217461,bench_add_reg_sym
171.57602,171.57752,0.0014999999999929514,4657.525010386108,bench_add_reg_sym
171.77776,171.77926,0.0014999999999929514,4661.918631733074,bench_add_reg_sym
171.9795,171.981,0.0014999999999929514,4652.762564342836,bench_add_reg_sym
172.18124,172.18274,0.0014999999999929514,4664.321511496636,bench_add_reg_sym
172.38296,172.38448,0.0015199999999992997,4714.058130045798,bench_add_reg_sym
172.5847,172.5862,0.0014999999999929514,4670.0071776072145,bench_add_reg_sym
172.78644,172.78794,0.0014999999999929514,4667.947003595529,bench_add_reg_sym
172.98818,172.98968,0.0014999999999929514,4658.836538415286,bench_add_reg_sym
173.18992,173.19144,0.0015199999999992997,4748.420445247265,bench_add_reg_sym
173.39168,173.39318,0.0014999999999929514,4675.4423179438345,bench_add_reg_sym
173.59342,173.59492,0.0014999999999929514,4667.3988201437505,bench_add_reg_sym
173.79516,173.79666,0.0014999999999929514,4679.359800625084,bench_add_reg_sym
173.9969,173.9984,0.0014999999999929514,4663.591564144822,bench_add_reg_sym
174.19864,174.20014,0.0014999999999929514,4662.869293219209,bench_add_reg_sym
174.4004,174.4019,0.0015000000000213731,4656.686065783346,bench_add_reg_sym
174.60214,174.60364,0.0015000000000213731,4663.473770553957,bench_add_reg_sym
174.80388,174.80538,0.0015000000000213731,4675.524681873701,bench_add_reg_sym
175.00562,175.00712,0.0014999999999929514,4668.707726501986,bench_add_reg_sym
175.20736,175.20886,0.0014999999999929514,4680.803636997411,bench_add_reg_sym
175.4091,175.4106,0.0014999999999929514,4713.769748319651,bench_add_reg_sym
175.61084,175.61234,0.0014999999999929514,4686.41847602576,bench_add_reg_sym
175.81258,175.81408,0.0014999999999929514,4683.912498855099,bench_add_reg_sym
176.01434,176.01584,0.0014999999999929514,4677.965072893711,bench_add_reg_sym
176.21608,176.21758,0.0014999999999929514,4674.285105407886,bench_add_reg_sym
176.41782,176.41934,0.0015199999999992997,4733.326432759074,bench_add_reg_sym
176.61958,176.62108,0.0014999999999929514,4681.083967420204,bench_add_reg_sym
176.82132,176.82282,0.0015000000000213731,4680.7672223750715,bench_add_reg_sym
177.02306,177.02458,0.0015199999999992997,4738.7089324159915,bench_add_reg_sym
177.22482,177.22632,0.0014999999999929514,4659.929973983561,bench_add_reg_sym
177.42656,177.42806,0.0014999999999929514,4663.28416250387,bench_add_reg_sym
177.6283,177.6298,0.0014999999999929514,4668.848544802516,bench_add_reg_sym
177.83004,177.83154,0.0014999999999929514,4668.647020567477,bench_add_reg_sym
178.0318,178.0333,0.0014999999999929514,4670.3383628977,bench_add_reg_sym
178.23354,178.23504,0.0014999999999929514,4661.518160697269,bench_add_reg_sym
178.43528,178.4368,0.0015199999999992997,4733.5760411786605,bench_add_reg_sym
178.63704,178.63854,0.0014999999999929514,4673.671056494002,bench_add_reg_sym
178.83878,178.8403,0.0015199999999992997,4733.954628459948,bench_add_reg_sym
179.04054,179.04204,0.0014999999999929514,4676.796025574233,bench_add_reg_sym
179.24228,179.24378,0.0014999999999929514,4665.000529473116,bench_add_reg_sym
179.44402,179.44554,0.0015199999999992997,4726.746592202404,bench_add_reg_sym
179.64578,179.64728,0.0014999999999929514,4662.783823419645,bench_add_reg_sym
179.84752,179.84902,0.0014999999999929514,4677.642174043292,bench_add_reg_sym
180.04928,180.05078,0.0014999999999929514,4663.473435190105,bench_add_reg_sym
180.25102,180.25252,0.0014999999999929514,4658.706348832331,bench_add_reg_sym
180.45276,180.45426,0.0014999999999929514,4660.95708541102,bench_add_reg_sym
180.6545,180.65602,0.0015199999999992997,4749.4773566683725,bench_add_reg_sym
180.85626,180.85776,0.0015000000000213731,4668.484523494829,bench_add_reg_sym
181.058,181.0595,0.0015000000000213731,4671.777901305353,bench_add_reg_sym
181.25974,181.26124,0.0014999999999929514,4677.506627027964,bench_add_reg_sym
181.46148,181.463,0.0015199999999992997,4740.549528502695,bench_add_reg_sym
181.66324,181.66474,0.0014999999999929514,4673.43309892042,bench_add_reg_sym
181.86498,181.86648,0.0014999999999929514,4665.25412162356,bench_add_reg_sym
182.06674,182.06824,0.0014999999999929514,4667.496555461868,bench_add_reg_sym
182.26848,182.26998,0.0014999999999929514,4662.923114352814,bench_add_reg_sym
182.47022,182.47174,0.0015199999999992997,4731.403123585129,bench_add_reg_sym
182.67198,182.67348,0.0015000000000213731,4646.007041513051,bench_add_reg_sym
182.87372,182.87522,0.0015000000000213731,4665.12301710644,bench_add_reg_sym
183.07546,183.07696,0.0015000000000213731,4729.992463320477,bench_add_reg_sym
183.2772,183.2787,0.0014999999999929514,4713.807059430561,bench_add_reg_sym
183.47894,183.48044,0.0014999999999929514,4708.788385591455,bench_add_reg_sym
183.68068,183.68218,0.0014999999999929514,4688.102435298561,bench_add_reg_sym
183.88242,183.88392,0.0014999999999929514,4691.2450063752985,bench_add_reg_sym
184.08416,184.08568,0.0015199999999992997,4728.366301859233,bench_add_reg_sym
184.28592,184.28742,0.0014999999999929514,4678.397523218279,bench_add_reg_sym
184.48766,184.48916,0.0014999999999929514,4669.262557267882,bench_add_reg_sym
184.68942,184.69092,0.0014999999999929514,4666.592432163166,bench_add_reg_sym
184.89116,184.89266,0.0014999999999929514,4651.40286364831,bench_add_reg_sym
185.09292,185.09442,0.0015000000000213731,4684.68665850378,bench_add_reg_sym
185.29466,185.29616,0.0014999999999929514,4667.675024808211,bench_add_reg_sym
185.4964,185.49792,0.0015199999999992997,4745.586013885043,bench_add_reg_sym
185.69816,185.69966,0.0014999999999929514,4667.080221674909,bench_add_reg_sym
185.8999,185.9014,0.0014999999999929514,4658.227919111868,bench_add_reg_sym
186.10164,186.10314,0.0014999999999929514,4682.731796034807,bench_add_reg_sym
186.30338,186.3049,0.0015199999999992997,4740.610250735168,bench_add_reg_sym
186.50512,186.50664,0.0015199999999992997,4721.4597277328285,bench_add_reg_sym
186.70688,186.70838,0.0014999999999929514,4662.735939468677,bench_add_reg_sym
186.90862,186.91012,0.0014999999999929514,4693.44201961147,bench_add_reg_sym
187.11038,187.11188,0.0015000000000213731,4677.788636248308,bench_add_reg_sym
187.31212,187.31362,0.0014999999999929514,4687.799401559621,bench_add_reg_sym
187.51388,187.51538,0.0014999999999929514,4676.483464405092,bench_add_reg_sym
187.71562,187.71712,0.0014999999999929514,4674.233109669149,bench_add_reg_sym
187.91738,187.91888,0.0014999999999929514,4678.431053157914,bench_add_reg_sym
188.11912,188.12062,0.0014999999999929514,4678.115725959538,bench_add_reg_sym
188.32088,188.32238,0.0015000000000213731,4676.592801764289,bench_add_reg_sym
188.52262,188.52412,0.0015000000000213731,4673.923356526036,bench_add_reg_sym
188.72436,188.72586,0.0015000000000213731,4674.419956349199,bench_add_reg_sym
188.9261,188.9276,0.0015000000000213731,4686.059246372777,bench_add_reg_sym
189.12784,189.12934,0.0015000000000213731,4674.083243656615,bench_add_reg_sym
189.32958,189.33108,0.0014999999999929514,4672.890573254187,bench_add_reg_sym
189.53132,189.53284,0.0015199999999992997,4738.227494524334,bench_add_reg_sym
189.73308,189.73458,0.0014999999999929514,4678.186525103569,bench_add_reg_sym
189.93482,189.93632,0.0014999999999929514,4664.462562629484,bench_add_reg_sym
190.13656,190.13806,0.0014999999999929514,4673.379552529567,bench_add_reg_sym
190.3383,190.3398,0.0014999999999929514,4657.613593131329,bench_add_reg_sym
190.54004,190.54154,0.0014999999999929514,4660.619618349352,bench_add_reg_sym
190.7418,190.7433,0.0014999999999929514,4675.626067887607,bench_add_reg_sym
190.94354,190.94504,0.0014999999999929514,4679.213250032727,bench_add_reg_sym
191.14528,191.14678,0.0014999999999929514,4574.673331784312,bench_add_reg_abs
191.34702,191.34852,0.0015000000000213731,4577.988926388888,bench_add_reg_abs
191.54876,191.55026,0.0015000000000213731,4578.591673700944,bench_add_reg_abs
191.75052,191.75202,0.0014999999999929514,4581.988227998572,bench_add_reg_abs
191.95226,191.95376,0.0014999999999929514,4581.365811150843,bench_add_reg_abs
192.154,192.1555,0.0014999999999929514,4566.8741711212915,bench_add_reg_abs
192.35574,192.35724,0.0014999999999929514,4579.503834225772,bench_add_reg_abs
192.55748,192.55898,0.0014999999999929514,4588.029107522953,bench_add_reg_abs
192.75922,192.76072,0.0014999999999929514,4580.95165898743,bench_add_reg_abs
192.96096,192.96246,0.0014999999999929514,4586.525834144619,bench_add_reg_abs
193.1627,193.16422,0.0015199999999992997,4646.209327036538,bench_add_reg_abs
193.36444,193.36596,0.0015199999999992997,4640.987021847271,bench_add_reg_abs
193.56618,193.5677,0.0015199999999992997,4638.263834638219,bench_add_reg_abs
193.76792,193.76942,0.0014999999999929514,4585.691934894262,bench_add_reg_abs
193.96966,193.97116,0.0014999999999929514,4577.500454593487,bench_add_reg_abs
194.1714,194.1729,0.0014999999999929514,4579.506125279125,bench_add_reg_abs
194.37314,194.37464,0.0014999999999929514,4579.695113911945,bench_add_reg_abs
194.57486,194.57636,0.0014999999999929514,4579.824211520416,bench_add_reg_abs
194.7766,194.7781,0.0014999999999929514,4589.969583300424,bench_add_reg_abs
194.97834,194.97984,0.0014999999999929514,4575.82547327173,bench_add_reg_abs
195.18006,195.18158,0.0015199999999992997,4644.516252445438,bench_add_reg_abs
195.3818,195.3833,0.0014999999999929514,4600.863822248912,bench_add_reg_abs
195.58354,195.58504,0.0014999999999929514,4588.857416508171,bench_add_reg_abs
195.78528,195.78678,0.0014999999999929514,4577.089291976419,bench_add_reg_abs
195.98702,195.98852,0.0014999999999929514,4580.0376869528545,bench_add_reg_abs
196.18874,196.19026,0.0015199999999992997,4636.033414862242,bench_add_reg_abs
196.39048,196.39198,0.0014999999999929514,4580.186314392383,bench_add_reg_abs
196.59222,196.59372,0.0014999999999929514,4577.933503293445,bench_add_reg_abs
196.79396,196.79546,0.0014999999999929514,4605.9427130756,bench_add_reg_abs
196.9957,196.9972,0.0014999999999929514,4589.400012024996,bench_add_reg_abs
197.19744,197.19894,0.0014999999999929514,4590.813179945771,bench_add_reg_abs
197.39918,197.40068,0.0014999999999929514,4590.428271309695,bench_add_reg_abs
197.60092,197.60242,0.0014999999999929514,4589.310702847058,bench_add_reg_abs
197.80266,197.80416,0.0014999999999929514,4593.675951451197,bench_add_reg_abs
198.0044,198.0059,0.0014999999999929514,4587.20960186383,bench_add_reg_abs
198.20614,198.20764,0.0014999999999929514,4578.823989701267,bench_add_reg_abs
198.40788,198.40938,0.0014999999999929514,4577.068744670199,bench_add_reg_abs
198.60962,198.61112,0.0014999999999929514,4589.706331003458,bench_add_reg_abs
198.81136,198.81286,0.0014999999999929514,4581.803784218741,bench_add_reg_abs
199.0131,199.0146,0.0014999999999929514,4591.06246705734,bench_add_reg_abs
199.21484,199.21634,0.0014999999999929514,4582.846728131238,bench_add_reg_abs
199.41656,199.41808,0.0015199999999992997,4645.458830052485,bench_add_reg_abs
199.6183,199.6198,0.0014999999999929514,4592.474941142065,bench_add_reg_abs
199.82004,199.82154,0.0014999999999929514,4589.288292895707,bench_add_reg_abs
200.02178,200.02328,0.0014999999999929514,4567.133432697411,bench_add_reg_abs
200.22352,200.22502,0.0014999999999929514,4583.001320693928,bench_add_reg_abs
200.42526,200.42676,0.0014999999999929514,4586.648948002812,bench_add_reg_abs
200.62698,200.6285,0.0015199999999992997,4640.250639056359,bench_add_reg_abs
200.82872,200.83024,0.0015199999999992997,4635.790688915325,bench_add_reg_abs
201.03048,201.03198,0.0014999999999929514,4585.305156629174,bench_add_reg_abs
201.23222,201.23372,0.0014999999999929514,4595.811923479243,bench_add_reg_abs
201.43396,201.43546,0.0014999999999929514,4592.055897205175,bench_add_reg_abs
201.6357,201.6372,0.0014999999999929514,4585.117984074772,bench_add_reg_abs
201.83744,201.83894,0.0015000000000213731,4593.5841510733435,bench_add_reg_abs
202.03918,202.04068,0.0015000000000213731,4582.794494995311,bench_add_reg_abs
202.24092,202.24242,0.0015000000000213731,4589.4257911209925,bench_add_reg_abs
202.44266,202.44416,0.0015000000000213731,4586.692981021507,bench_add_reg_abs
202.6444,202.6459,0.0015000000000213731,4595.9628327472965,bench_add_reg_abs
202.84614,202.84764,0.0015000000000213731,4581.440915419563,bench_add_reg_abs
203.04788,203.04938,0.0015000000000213731,4585.04625835429,bench_add_reg_abs
203.24962,203.25112,0.0014999999999929514,4582.258241695509,bench_add_reg_abs
203.45134,203.45286,0.0015199999999992997,4655.739343723932,bench_add_reg_abs
203.65308,203.6546,0.0015199999999992997,4634.203747844693,bench_add_reg_abs
203.85484,203.85634,0.0014999999999929514,4573.184323943062,bench_add_reg_abs
204.05658,204.05808,0.0014999999999929514,4567.047113065916,bench_add_reg_abs
204.25832,204.25982,0.0014999999999929514,4569.386057534858,bench_add_reg_abs
204.46006,204.46156,0.0014999999999929514,4564.597972182049,bench_add_reg_abs
204.66182,204.66332,0.0014999999999929514,4548.941513036923,bench_add_reg_abs
204.86356,204.86506,0.0014999999999929514,4573.209404457838,bench_add_reg_abs
205.0653,205.06682,0.0015199999999992997,4631.850235161511,bench_add_reg_abs
205.26704,205.26856,0.0015199999999992997,4615.463179065736,bench_add_reg_abs
205.4688,205.4703,0.0015000000000213731,4569.964243631215,bench_add_reg_abs
205.67054,205.67204,0.0015000000000213731,4563.776683128267,bench_add_reg_abs
205.87228,205.87378,0.0015000000000213731,4538.318291373299,bench_add_reg_abs
206.07402,206.07552,0.0015000000000213731,4547.430821761122,bench_add_reg_abs
206.27576,206.27726,0.0015000000000213731,4556.043741825277,bench_add_reg_abs
206.4775,206.479,0.0015000000000213731,4542.9900242666035,bench_add_reg_abs
206.67924,206.68074,0.0014999999999929514,4545.222537106168,bench_add_reg_abs
206.88098,206.88248,0.0014999999999929514,4548.134726917798,bench_add_reg_abs
207.08272,207.08422,0.0014999999999929514,4535.552321446847,bench_add_reg_abs
207.28446,207.28596,0.0014999999999929514,4536.588045280881,bench_add_reg_abs
207.4862,207.4877,0.0014999999999929514,4557.0258074228295,bench_add_reg_abs
207.68794,207.68944,0.0014999999999929514,4542.538216316375,bench_add_reg_abs
207.88968,207.89118,0.0014999999999929514,4549.288081449933,bench_add_reg_abs
208.09142,208.09294,0.0015199999999992997,4595.25243146169,bench_add_reg_abs
208.29318,208.29468,0.0014999999999929514,4542.951751479206,bench_add_reg_abs
208.4949,208.49642,0.0015199999999992997,4590.706592423707,bench_add_reg_abs
208.69664,208.69816,0.0015199999999992997,4595.363335681706,bench_add_reg_abs
208.8984,208.8999,0.0014999999999929514,4540.647510417237,bench_add_reg_abs
209.10014,209.10164,0.0014999999999929514,4535.3400590608635,bench_add_reg_abs
209.30188,209.30338,0.0014999999999929514,4538.867219793493,bench_add_reg_abs
209.50362,209.50512,0.0014999999999929514,4540.058248653071,bench_add_reg_abs
209.70536,209.70686,0.0014999999999929514,4531.9969486204955,bench_add_reg_abs
209.90712,209.90862,0.0015000000000213731,4530.094878346775,bench_add_reg_abs
210.10886,210.11036,0.0014999999999929514,4543.327523839748,bench_add_reg_abs
210.31062,210.31212,0.0014999999999929514,4540.5817287750915,bench_add_reg_abs
210.51236,210.51388,0.0015199999999992997,4608.708063603886,bench_add_reg_abs
210.71412,210.71562,0.0014999999999929514,4547.6444158491095,bench_add_reg_abs
210.91586,210.91736,0.0014999999999929514,4559.525891650712,bench_add_reg_abs
211.1176,211.1191,0.0014999999999929514,4559.436649992252,bench_add_reg_abs
211.31934,211.32,0.0006599999999821193,1687.8168563752881,bench_inc_reg
211.52024,211.52092,0.0006799999999884676,1730.9334012413435,bench_inc_reg
211.72116,211.72182,0.000660000000010541,1668.0165310684195,bench_inc_reg
211.92204,211.9227,0.0006599999999821193,1691.46977126884,bench_inc_reg
212.12294,212.1236,0.000660000000010541,1675.0209220043678,bench_inc_reg
212.32384,212.3245,0.000660000000010541,1685.1597326190656,bench_inc_reg
212.52474,212.5254,0.0006599999999821193,1686.751679465528,bench_inc_reg
212.72564,212.7263,0.000660000000010541,1676.5837697585014,bench_inc_reg
212.92654,212.9272,0.000660000000010541,1693.4240935712726,bench_inc_reg
213.12744,213.1281,0.0006599999999821193,1690.2491799079055,bench_inc_reg
213.32834,213.329,0.000660000000010541,1678.9280996008174,bench_inc_reg
213.52922,213.5299,0.0006799999999884676,1738.7651116224,bench_inc_reg
213.73012,213.73078,0.000660000000010541,1693.7544197112927,bench_inc_reg
213.93102,213.93168,0.000660000000010541,1679.4965905460015,bench_inc_reg
214.13192,214.13258,0.0006599999999821193,1668.194793112332,bench_inc_reg
214.33282,214.33348,0.000660000000010541,1689.1023447085483,bench_inc_reg
214.53372,214.53438,0.000660000000010541,1678.140338077402,bench_inc_reg
214.73462,214.73528,0.0006599999999821193,1695.6378169809714,bench_inc_reg
214.93552,214.93618,0.000660000000010541,1685.4758095291127,bench_inc_reg
215.13642,215.13708,0.000660000000010541,1679.7869280321627,bench_inc_reg
215.33732,215.33798,0.0006599999999821193,1681.667822364024,bench_inc_reg
215.53822,215.53888,0.000660000000010541,1677.4982540227627,bench_inc_reg
215.73912,215.73978,0.0006599999999821193,1700.203479212535,bench_inc_reg
215.94002,215.9407,0.0006799999999884676,1741.9474362083483,bench_inc_reg
216.14092,216.1416,0.0006800000000168893,1754.4063088028715,bench_inc_reg
216.34182,216.34248,0.0006599999999821193,1685.611144585803,bench_inc_reg
216.54272,216.54338,0.000660000000010541,1686.6332688615994,bench_inc_reg
216.74362,216.7443,0.0006800000000168893,1726.3126210790467,bench_inc_reg
216.94454,216.9452,0.000660000000010541,1665.9078863767418,bench_inc_reg
217.14544,217.1461,0.0006599999999821193,1659.2428716348713,bench_inc_reg
217.34634,217.347,0.000660000000010541,1680.1017802507606,bench_inc_reg
217.54724,217.5479,0.000660000000010541,1674.7952625491437,bench_inc_reg
217.74814,217.7488,0.0006599999999821193,1680.8418347013105,bench_inc_reg
217.94904,217.9497,0.000660000000010541,1689.5200219295732,bench_inc_reg
218.14994,218.1506,0.000660000000010541,1675.596025340137,bench_inc_reg
218.35084,218.3515,0.0006599999999821193,1670.513970263565,bench_inc_reg
218.55174,218.5524,0.000660000000010541,1668.5965191850437,bench_inc_reg
218.75264,218.7533,0.0006599999999821193,1681.2022891285571,bench_inc_reg
218.95354,218.9542,0.0006599999999821193,1687.3693861523825,bench_inc_reg
219.15444,219.1551,0.000660000000010541,1673.5214647212454,bench_inc_reg
219.35532,219.356,0.0006799999999884676,1745.5500852922494,bench_inc_reg
219.55622,219.55688,0.000660000000010541,1686.1441918003422,bench_inc_reg
219.75712,219.75778,0.000660000000010541,1693.6691571376855,bench_inc_reg
219.95802,219.95868,0.0006599999999821193,1696.0229887136068,bench_inc_reg
220.15892,220.15958,0.000660000000010541,1678.9163882227513,bench_inc_reg
220.3598,220.36048,0.0006799999999884676,1744.9360573331992,bench_inc_reg
220.5607,220.56136,0.000660000000010541,1691.4131003719401,bench_inc_reg
220.7616,220.76226,0.000660000000010541,1691.1768028851704,bench_inc_reg
220.9625,220.96316,0.0006599999999821193,1697.3983565809285,bench_inc_reg
221.16338,221.16404,0.000660000000010541,1676.4206136899438,bench_inc_reg
221.36428,221.36494,0.0006599999999821193,1696.1364214701841,bench_inc_reg
221.56518,221.56584,0.000660000000010541,1680.6898475915139,bench_inc_reg
221.76606,221.76674,0.0006799999999884676,1738.0106099515071,bench_inc_reg
221.96696,221.96762,0.000660000000010541,1687.8671408913706,bench_inc_reg
222.16786,222.16852,0.000660000000010541,1695.6262360639632,bench_inc_reg
222.36874,222.3694,0.000660000000010541,1691.2318161000846,bench_inc_reg
222.56962,222.5703,0.0006800000000168893,1749.9038321478522,bench_inc_reg
222.77052,222.77118,0.0006599999999821193,1692.1133570818924,bench_inc_reg
222.97142,222.97208,0.000660000000010541,1683.4995476848064,bench_inc_reg
223.17232,223.17298,0.0006599999999821193,1692.1530221054293,bench_inc_reg
223.37322,223.37388,0.000660000000010541,1684.4887263390096,bench_inc_reg
223.5741,223.57478,0.0006800000000168893,1741.4963408873953,bench_inc_reg
223.775,223.77568,0.0006799999999884676,1746.6836562049207,bench_inc_reg
223.9759,223.97658,0.0006800000000168893,1737.3973317903378,bench_inc_reg
224.1768,224.17748,0.0006800000000168893,1737.1666874318514,bench_inc_reg
224.3777,224.37836,0.0006599999999821193,1682.7429574439582,bench_inc_reg
224.57862,224.57928,0.000660000000010541,1686.6107867383269,bench_inc_reg
224.77952,224.78018,0.000660000000010541,1682.923671355971,bench_inc_reg
224.98042,224.98108,0.0006599999999821193,1695.835583324323,bench_inc_reg
225.1813,225.18198,0.0006800000000168893,1738.2084369208214,bench_inc_reg
225.3822,225.38288,0.0006799999999884676,1739.9812931740546,bench_inc_reg
225.5831,225.58376,0.000660000000010541,1690.956538101706,bench_inc_reg
225.784,225.78466,0.000660000000010541,1682.7964177677684,bench_inc_reg
225.9849,225.98556,0.0006599999999821193,1687.986843700637,bench_inc_reg
226.1858,226.18646,0.000660000000010541,1688.8137674238797,bench_inc_reg
226.38668,226.38736,0.0006799999999884676,1750.2413224037166,bench_inc_reg
226.58758,226.58826,0.0006799999999884676,1751.2428690359588,bench_inc_reg
226.78848,226.78916,0.0006800000000168893,1750.994254883473,bench_inc_reg
226.98938,226.99006,0.0006799999999884676,1751.191546170852,bench_inc_reg
227.19028,227.19094,0.000660000000010541,1696.9352192526965,bench_inc_reg
227.39118,227.39184,0.000660000000010541,1691.4778575618525,bench_inc_reg
227.59206,227.59272,0.000660000000010541,1708.506334133269,bench_inc_reg
227.79296,227.79362,0.000660000000010541,1690.3647966995063,bench_inc_reg
227.99384,227.9945,0.0006599999999821193,1687.902724323694,bench_inc_reg
228.19472,228.1954,0.0006800000000168893,1739.5000509472513,bench_inc_reg
228.39562,228.39628,0.0006599999999821193,1686.961338801768,bench_inc_reg
228.5965,228.59716,0.000660000000010541,1695.4692034379736,bench_inc_reg
228.7974,228.79806,0.0006599999999821193,1688.3623529626805,bench_inc_reg
228.9983,228.99896,0.000660000000010541,1682.7465128428696,bench_inc_reg
229.1992,229.19986,0.000660000000010541,1687.8126492120643,bench_inc_reg
229.4001,229.40076,0.0006599999999821193,1682.041040568084,bench_inc_reg
229.601,229.60168,0.0006799999999884676,1750.292538171704,bench_inc_reg
229.80192,229.80258,0.000660000000010541,1683.0502124789125,bench_inc_reg
230.00282,230.00348,0.0006599999999821193,1684.4763000885666,bench_inc_reg
230.20372,230.20438,0.0006599999999821193,1683.732331682908,bench_inc_reg
230.40462,230.40528,0.000660000000010541,1688.4596646147183,bench_inc_reg
230.60552,230.60618,0.0006599999999821193,1679.0340700585457,bench_inc_reg
230.80642,230.80708,0.000660000000010541,1677.3176356474437,bench_inc_reg
231.00732,231.00798,0.000660000000010541,1681.4673086939415,bench_inc_reg
231.20822,231.20888,0.0006599999999821193,1681.001824272417,bench_inc_reg
231.40912,231.41062,0.0014999999999929514,4620.990671661321,bench_inc_idx
231.61086,231.61236,0.0014999999999929514,4611.653129082604,bench_inc_idx
231.81258,231.8141,0.0015199999999992997,4663.721527901932,bench_inc_idx
232.01432,232.01582,0.0014999999999929514,4614.183164645702,bench_inc_idx
232.21606,232.21756,0.0014999999999929514,4616.824348900171,bench_inc_idx
232.4178,232.4193,0.0014999999999929514,4629.631408002266,bench_inc_idx
232.61954,232.62104,0.0014999999999929514,4624.39749154905,bench_inc_idx
232.82128,232.8228,0.0015199999999992997,4673.57383807861,bench_inc_idx
233.02302,233.02454,0.0015199999999992997,4679.774811954946,bench_inc_idx
233.22476,233.22628,0.0015199999999992997,4664.093309545382,bench_inc_idx
233.42652,233.42802,0.0014999999999929514,4585.41888275838,bench_inc_idx
233.62826,233.62976,0.0014999999999929514,4589.702477656191,bench_inc_idx
233.83,233.8315,0.0014999999999929514,4603.865251388481,bench_inc_idx
234.03174,234.03324,0.0014999999999929514,4621.805492766563,bench_inc_idx
234.23348,234.23498,0.0015000000000213731,4617.007903355809,bench_inc_idx
234.43522,234.43672,0.0015000000000213731,4597.502327589435,bench_inc_idx
234.63694,234.63846,0.0015199999999992997,4668.046943839814,bench_inc_idx
234.83868,234.8402,0.0015199999999992997,4658.59132585758,bench_inc_idx
235.04042,235.04194,0.0015199999999992997,4659.988686904731,bench_inc_idx
235.24216,235.24366,0.0014999999999929514,4598.274314751845,bench_inc_idx
235.4439,235.4454,0.0014999999999929514,4593.466017372713,bench_inc_idx
235.64564,235.64714,0.0015000000000213731,4592.280974677924,bench_inc_idx
235.84738,235.84888,0.0015000000000213731,4603.668162664033,bench_inc_idx
236.04912,236.05062,0.0015000000000213731,4608.784683579378,bench_inc_idx
236.25086,236.25236,0.0015000000000213731,4607.368530771605,bench_inc_idx
236.45258,236.45408,0.0014999999999929514,4618.459306634231,bench_inc_idx
236.65432,236.65582,0.0014999999999929514,4602.995782601818,bench_inc_idx
236.85606,236.85756,0.0014999999999929514,4599.828284676485,bench_inc_idx
237.0578,237.0593,0.0015000000000213731,4607.541055950866,bench_inc_idx
237.25954,237.26104,0.0015000000000213731,4619.813039966453,bench_inc_idx
237.46128,237.46278,0.0015000000000213731,4608.984522120886,bench_inc_idx
237.66302,237.66452,0.0015000000000213731,4625.606725524201,bench_inc_idx
237.86476,237.86626,0.0015000000000213731,4612.300349465388,bench_inc_idx
238.0665,238.068,0.0015000000000213731,4619.902328188627,bench_inc_idx
238.26824,238.26974,0.0015000000000213731,4614.999974213297,bench_inc_idx
238.46998,238.47148,0.0015000000000213731,4611.16747471659,bench_inc_idx
238.6717,238.6732,0.0015000000000213731,4615.562700267328,bench_inc_idx
238.87344,238.87494,0.0015000000000213731,4624.034285147039,bench_inc_idx
239.07518,239.07668,0.0015000000000213731,4620.7321412584,bench_inc_idx
239.27692,239.27842,0.0015000000000213731,4635.426767702668,bench_inc_idx
239.47866,239.48016,0.0015000000000213731,4621.873914796408,bench_inc_idx
239.6804,239.6819,0.0015000000000213731,4620.195110396294,bench_inc_idx
239.88214,239.88364,0.0015000000000213731,4604.315070967199,bench_inc_idx
240.08388,240.08538,0.0014999999999929514,4605.812819187793,bench_inc_idx
240.28562,240.28712,0.0014999999999929514,4582.4737986334885,bench_inc_idx
240.48736,240.48886,0.0014999999999929514,4593.870975056144,bench_inc_idx
240.6891,240.6906,0.0014999999999929514,4599.927794167537,bench_inc_idx
240.89084,240.89234,0.0014999999999929514,4602.097014408823,bench_inc_idx
241.09258,241.09408,0.0014999999999929514,4595.849665325471,bench_inc_idx
241.29432,241.29582,0.0014999999999929514,4586.039846742265,bench_inc_idx
241.49606,241.49756,0.0014999999999929514,4598.970692584211,bench_inc_idx
241.6978,241.6993,0.0014999999999929514,4590.0131435853,bench_inc_idx
241.89954,241.90106,0.0015199999999992997,4653.243136124958,bench_inc_idx
242.1013,242.1028,0.0014999999999929514,4600.104999240182,bench_inc_idx
242.30304,242.30454,0.0014999999999929514,4607.867300487547,bench_inc_idx
242.50478,242.50628,0.0014999999999929514,4604.174855608042,bench_inc_idx
242.70652,242.70802,0.0014999999999929514,4608.754054620549,bench_inc_idx
242.90826,242.90978,0.0015199999999992997,4666.977550365022,bench_inc_idx
243.11,243.11152,0.0015199999999992997,4685.950910203561,bench_inc_idx
243.31174,243.31324,0.0015000000000213731,4592.903258810747,bench_inc_idx
243.51348,243.515,0.0015199999999992997,4660.403158047406,bench_inc_idx
243.71522,243.71674,0.0015199999999992997,4677.108516914687,bench_inc_idx
243.91696,243.91846,0.0015000000000213731,4619.024680062097,bench_inc_idx
244.1187,244.1202,0.0015000000000213731,4625.013342660192,bench_inc_idx
244.32044,244.32196,0.0015199999999992997,4680.038380900132,bench_inc_idx
244.5222,244.5237,0.0014999999999929514,4625.941559183643,bench_inc_idx
244.72394,244.72544,0.0014999999999929514,4623.859929830281,bench_inc_idx
244.92568,244.92718,0.0014999999999929514,4615.770503856657,bench_inc_idx
245.12742,245.12894,0.0015199999999992997,4657.572938592892,bench_inc_idx
245.32918,245.33068,0.0014999999999929514,4596.636882028475,bench_inc_idx
245.53092,245.53242,0.0014999999999929514,4606.602299003687,bench_inc_idx
245.73266,245.73416,0.0014999999999929514,4615.700566187696,bench_inc_idx
245.9344,245.9359,0.0014999999999929514,4629.278010666225,bench_inc_idx
246.13614,246.13764,0.0014999999999929514,4633.185656252695,bench_inc_idx
246.33788,246.3394,0.0015199999999992997,4673.64403884529,bench_inc_idx
246.53964,246.54114,0.0015000000000213731,4581.677643648292,bench_inc_idx
246.74138,246.74288,0.0015000000000213731,4595.251469940757,bench_inc_idx
246.94312,246.94462,0.0014999999999929514,4587.88519024769,bench_inc_idx
247.14488,247.14638,0.0014999999999929514,4593.532644191093,bench_inc_idx
247.34662,247.34812,0.0014999999999929514,4593.677641802084,bench_inc_idx
247.54836,247.54986,0.0014999999999929514,4608.579156897195,bench_inc_idx
247.7501,247.7516,0.0014999999999929514,4594.561401732838,bench_inc_idx
247.95186,247.95336,0.0014999999999929514,4600.466731913156,bench_inc_idx
248.1536,248.1551,0.0014999999999929514,4580.365195847877,bench_inc_idx
248.35534,248.35684,0.0014999999999929514,4600.66044933688,bench_inc_idx
248.55708,248.55858,0.0014999999999929514,4585.652661021638,bench_inc_idx
248.75882,248.76032,0.0015000000000213731,4590.095910310865,bench_inc_idx
248.96056,248.96206,0.0015000000000213731,4595.045498638194,bench_inc_idx
249.1623,249.1638,0.0015000000000213731,4594.855646204201,bench_inc_idx
249.36402,249.36554,0.0015199999999992997,4658.151299223275,bench_inc_idx
249.56576,249.56726,0.0014999999999929514,4607.193502573648,bench_inc_idx
249.7675,249.769,0.0014999999999929514,4599.421920696718,bench_inc_idx
249.96924,249.97074,0.0014999999999929514,4608.149032552966,bench_inc_idx
250.17098,250.17248,0.0015000000000213731,4599.21189590453,bench_inc_idx
250.37272,250.37422,0.0015000000000213731,4609.11889567141,bench_inc_idx
250.57446,250.57596,0.0015000000000213731,4612.364308044546,bench_inc_idx
250.77618,250.77768,0.0014999999999929514,4618.374295510455,bench_inc_idx
250.97792,250.97942,0.0014999999999929514,4614.367517620751,bench_inc_idx
251.17964,251.18114,0.0014999999999929514,4625.614285446842,bench_inc_idx
251.38138,251.38288,0.0014999999999929514,4615.773523670786,bench_inc_idx
251.58312,251.58462,0.0014999999999929514,4638.261892808172,bench_inc_sym
251.78486,251.78634,0.0014799999999866031,4588.951324069982,bench_inc_sym
251.98658,251.98808,0.0014999999999929514,4646.122474201763,bench_inc_sym
252.18832,252.1898,0.0014799999999866031,4600.614840122962,bench_inc_sym
252.39004,252.39154,0.0014999999999929514,4654.689116846824,bench_inc_sym
252.59176,252.59326,0.0014999999999929514,4655.506385003669,bench_inc_sym
252.7935,252.795,0.0014999999999929514,4649.556018390069,bench_inc_sym
252.99522,252.99672,0.0015000000000213731,4638.159058589889,bench_inc_sym
253.19696,253.19846,0.0015000000000213731,4656.220360260658,bench_inc_sym
253.3987,253.4002,0.0015000000000213731,4656.875177819031,bench_inc_sym
253.60042,253.60192,0.0014999999999929514,4642.731375039168,bench_inc_sym
253.80216,253.80366,0.0015000000000213731,4643.534331184188,bench_inc_sym
254.00388,254.00538,0.0014999999999929514,4659.765288209976,bench_inc_sym
254.20562,254.20712,0.0014999999999929514,4662.424200191037,bench_inc_sym
254.40736,254.40886,0.0014999999999929514,4656.951620686613,bench_inc_sym
254.6091,254.61058,0.0014799999999866031,4588.368327780372,bench_inc_sym
254.81082,254.81232,0.0014999999999929514,4648.03150154349,bench_inc_sym
255.01256,255.01406,0.0014999999999929514,4628.81588840545,bench_inc_sym
255.21428,255.21578,0.0014999999999929514,4619.738333836759,bench_inc_sym
255.41602,255.41752,0.0014999999999929514,4628.406511596612,bench_inc_sym
255.61774,255.61924,0.0014999999999929514,4628.952990730858,bench_inc_sym
255.81946,255.82096,0.0015000000000213731,4651.72048664728,bench_inc_sym
256.0212,256.0227,0.0014999999999645297,4642.668329070522,bench_inc_sym
256.22292,256.22442,0.0015000000000213731,4653.433943236879,bench_inc_sym
256.42466,256.42616,0.0014999999999645297,4658.4868918948405,bench_inc_sym
256.6264,256.62788,0.0014800000000150249,4580.861970364347,bench_inc_sym
256.82812,256.82962,0.0014999999999645297,4633.0252451623855,bench_inc_sym
257.02984,257.03134,0.0015000000000213731,4636.336381151492,bench_inc_sym
257.23158,257.23308,0.0014999999999645297,4645.995637291758,bench_inc_sym
257.43332,257.43482,0.0015000000000213731,4645.582242006946,bench_inc_sym
257.63504,257.63654,0.0015000000000213731,4639.347472758767,bench_inc_sym
257.83678,257.83828,0.0015000000000213731,4649.079074217188,bench_inc_sym
258.03852,258.04002,0.0015000000000213731,4646.220768405519,bench_inc_sym
258.24026,258.24176,0.0015000000000213731,4641.752587701748,bench_inc_sym
258.442,258.4435,0.0014999999999645297,4639.560624381056,bench_inc_sym
258.64374,258.64524,0.0015000000000213731,4651.572126965926,bench_inc_sym
258.84548,258.84698,0.0014999999999645297,4639.460190553577,bench_inc_sym
259.04722,259.04872,0.0015000000000213731,4643.80888508113,bench_inc_sym
259.24894,259.25044,0.0015000000000213731,4639.721910999227,bench_inc_sym
259.45068,259.45218,0.0015000000000213731,4667.571527018488,bench_inc_sym
259.65242,259.65392,0.0015000000000213731,4649.706455010606,bench_inc_sym
259.85416,259.85566,0.0015000000000213731,4659.519691555727,bench_inc_sym
260.05588,260.05738,0.0015000000000213731,4654.2219957993175,bench_inc_sym
260.25762,260.25912,0.0015000000000213731,4663.117711966069,bench_inc_sym
260.45934,260.46084,0.0015000000000213731,4666.600860718733,bench_inc_sym
260.66108,260.66258,0.0014999999999645297,4656.318602970959,bench_inc_sym
260.86282,260.86432,0.0015000000000213731,4646.225399404262,bench_inc_sym
261.06456,261.06606,0.0015000000000213731,4646.575981820291,bench_inc_sym
261.2663,261.2678,0.0015000000000213731,4647.2601500091305,bench_inc_sym
261.46802,261.46952,0.0014999999999645297,4634.46917001034,bench_inc_sym
261.66978,261.67126,0.0014800000000150249,4567.726613068454,bench_inc_sym
261.8715,261.873,0.0014999999999645297,4625.70874474381,bench_inc_sym
262.07324,262.07474,0.0015000000000213731,4643.827136667003,bench_inc_sym
262.27498,262.27648,0.0014999999999645297,4638.792353102435,bench_inc_sym
262.47674,262.47824,0.0015000000000213731,4635.371328397661,bench_inc_sym
262.67848,262.67998,0.0015000000000213731,4649.173028371976,bench_inc_sym
262.88022,262.88172,0.0014999999999645297,4631.762418320545,bench_inc_sym
263.08196,263.08346,0.0015000000000213731,4621.082830777963,bench_inc_sym
263.2837,263.28518,0.0014800000000150249,4559.8581061203895,bench_inc_sym
263.48544,263.48692,0.0014800000000150249,4568.68803831687,bench_inc_sym
263.68716,263.68866,0.0015000000000213731,4621.981803860137,bench_inc_sym
263.8889,263.8904,0.0015000000000213731,4634.74615017891,bench_inc_sym
264.09064,264.09212,0.0014800000000150249,4573.851418727875,bench_inc_sym
264.29236,264.29386,0.0015000000000213731,4653.892610291948,bench_inc_sym
264.49408,264.49558,0.0015000000000213731,4641.302367737964,bench_inc_sym
264.69582,264.69732,0.0014999999999645297,4643.171359672816,bench_inc_sym
264.89754,264.89904,0.0015000000000213731,4640.921847961948,bench_inc_sym
265.09928,265.10078,0.0014999999999645297,4659.671110453492,bench_inc_sym
265.301,265.3025,0.0015000000000213731,4646.403070143729,bench_inc_sym
265.50274,265.50424,0.0014999999999645297,4648.552341276104,bench_inc_sym
265.70448,265.70598,0.0015000000000213731,4647.467900135443,bench_inc_sym
265.90622,265.90772,0.0014999999999645297,4659.818918329905,bench_inc_sym
266.10794,266.10944,0.0015000000000213731,4669.944278498752,bench_inc_sym
266.30968,266.31118,0.0014999999999645297,4668.683868255153,bench_inc_sym
266.5114,266.5129,0.0015000000000213731,4632.901975485778,bench_inc_sym
266.71314,266.71464,0.0014999999999645297,4638.097924068993,bench_inc_sym
266.91486,266.91636,0.0015000000000213731,4620.061868402937,bench_inc_sym
267.11658,267.11808,0.0015000000000213731,4636.66134287856,bench_inc_sym
267.31832,267.31982,0.0014999999999645297,4647.267749421987,bench_inc_sym
267.52004,267.52154,0.0015000000000213731,4658.750372543408,bench_inc_sym
267.72178,267.72328,0.0014999999999645297,4640.321945658733,bench_inc_sym
267.9235,267.925,0.0015000000000213731,4649.649532582067,bench_inc_sym
268.12524,268.12674,0.0014999999999645297,4635.584766395608,bench_inc_sym
268.32696,268.32846,0.0015000000000213731,4636.467285525211,bench_inc_sym
268.52868,268.53018,0.0014999999999645297,8255.491880504307,bench_inc_sym
268.73042,268.73192,0.0015000000000213731,10437.653507253915,bench_inc_sym
268.93214,268.93364,0.0015000000000213731,8538.27816911941,bench_inc_sym
269.13388,269.13536,0.0014800000000150249,6849.020440201364,bench_inc_sym
269.3356,269.3371,0.0015000000000213731,6693.219263201953,bench_inc_sym
269.53732,269.53882,0.0014999999999645297,5730.90544655027,bench_inc_sym
269.73904,269.74054,0.0015000000000213731,4710.740987278413,bench_inc_sym
269.94076,269.94226,0.0014999999999645297,4644.602315854605,bench_inc_sym
270.14248,270.14398,0.0015000000000213731,4633.320544447688,bench_inc_sym
270.3442,270.3457,0.0015000000000213731,4608.551906489532,bench_inc_sym
270.54592,270.54742,0.0014999999999645297,4623.712871576852,bench_inc_sym
270.74766,270.74916,0.0015000000000213731,4615.986130731657,bench_inc_sym
270.9494,270.9509,0.0014999999999645297,4611.626954174187,bench_inc_sym
271.15112,271.15262,0.0015000000000213731,4617.038224891204,bench_inc_sym
271.35284,271.35434,0.0014999999999645297,4633.86513281566,bench_inc_sym
271.55456,271.55606,0.0015000000000213731,4634.77826916955,bench_inc_sym
271.75628,271.75778,0.0015000000000213731,4572.026932208508,bench_inc_abs
271.95802,271.95952,0.0015000000000213731,4553.977255775873,bench_inc_abs
272.15974,272.16124,0.0015000000000213731,4560.285417893567,bench_inc_abs
272.36148,272.36298,0.0015000000000213731,4577.788889938262,bench_inc_abs
272.5632,272.5647,0.0015000000000213731,4579.059991583838,bench_inc_abs
272.76492,272.76642,0.0014999999999645297,4580.3329184465265,bench_inc_abs
272.96666,272.96816,0.0015000000000213731,4584.822729295671,bench_inc_abs
273.16838,273.16988,0.0014999999999645297,4563.368386480081,bench_inc_abs
273.37012,273.37162,0.0015000000000213731,4582.255969355763,bench_inc_abs
273.57184,273.57334,0.0014999999999645297,4593.892444279921,bench_inc_abs
273.77358,273.77508,0.0015000000000213731,4580.611880003972,bench_inc_abs
273.9753,273.9768,0.0015000000000213731,4597.399476982721,bench_inc_abs
274.17702,274.17852,0.0014999999999645297,4590.7178939159685,bench_inc_abs
274.37874,274.38024,0.0015000000000213731,4583.832882408963,bench_inc_abs
274.58048,274.58198,0.0014999999999645297,4599.335226119212,bench_inc_abs
274.7822,274.7837,0.0015000000000213731,4551.221178912404,bench_inc_abs
274.98392,274.98542,0.0014999999999645297,4565.142698010893,bench_inc_abs
275.18564,275.18714,0.0015000000000213731,4552.6524028489475,bench_inc_abs
275.38736,275.38886,0.0015000000000213731,4574.979946551939,bench_inc_abs
275.5891,275.5906,0.0015000000000213731,4577.16936951014,bench_inc_abs
275.79082,275.79232,0.0015000000000213731,4570.533083817296,bench_inc_abs
275.99252,275.99402,0.0014999999999645297,4571.203002596331,bench_inc_abs
276.19424,276.19574,0.0015000000000213731,4570.737779208148,bench_inc_abs
276.39596,276.39746,0.0015000000000213731,4559.8632656680375,bench_inc_abs
276.5977,276.59918,0.0014800000000150249,4496.853356297165,bench_inc_abs
276.79942,276.80092,0.0015000000000213731,4561.988189883606,bench_inc_abs
277.00114,277.00264,0.0014999999999645297,4573.264643437013,bench_inc_abs
277.20286,277.20436,0.0015000000000213731,4583.669204796772,bench_inc_abs
277.4046,277.4061,0.0014999999999645297,4582.331504098301,bench_inc_abs
277.60632,277.60782,0.0015000000000213731,4573.984264929757,bench_inc_abs
277.80804,277.80954,0.0015000000000213731,4577.127010626856,bench_inc_abs
278.00976,278.01126,0.0014999999999645297,4590.648740881091,bench_inc_abs
278.2115,278.213,0.0015000000000213731,4588.034148398361,bench_inc_abs
278.41322,278.41472,0.0014999999999645297,4572.460206576293,bench_inc_abs
278.61496,278.61646,0.0015000000000213731,4579.290899047676,bench_inc_abs
278.81668,278.81818,0.0014999999999645297,4577.538042682383,bench_inc_abs
279.01842,279.01992,0.0015000000000213731,4589.837885060436,bench_inc_abs
279.22014,279.22164,0.0014999999999645297,4593.612952047172,bench_inc_abs
279.42186,279.42336,0.0015000000000213731,4596.314646837189,bench_inc_abs
279.6236,279.6251,0.0014999999999645297,4591.499487759606,bench_inc_abs
279.82532,279.82682,0.0015000000000213731,4580.264661991199,bench_inc_abs
280.02706,280.02856,0.0015000000000213731,4584.774067691419,bench_inc_abs
280.22878,280.23028,0.0015000000000213731,4566.120209707864,bench_inc_abs
280.4305,280.432,0.0015000000000213731,4586.1963555871125,bench_inc_abs
280.63222,280.63372,0.0014999999999645297,4579.738040807158,bench_inc_abs
280.83396,280.83546,0.0015000000000213731,4584.575172113715,bench_inc_abs
281.03568,281.03718,0.0014999999999645297,4595.94841337439,bench_inc_abs
281.2374,281.2389,0.0015000000000213731,4589.389725655282,bench_inc_abs
281.43914,281.44064,0.0014999999999645297,4570.019559358484,bench_inc_abs
281.64086,281.64236,0.0015000000000213731,4568.073921904784,bench_inc_abs
281.84258,281.84408,0.0015000000000213731,4565.946655413364,bench_inc_abs
282.0443,282.0458,0.0014999999999645297,4571.64453098649,bench_inc_abs
282.24602,282.24752,0.0015000000000213731,4557.83486140082,bench_inc_abs
282.44774,282.44924,0.0014999999999645297,4575.495775678717,bench_inc_abs
282.64946,282.65096,0.0015000000000213731,4581.118752315871,bench_inc_abs
282.8512,282.8527,0.0015000000000213731,4575.319676724381,bench_inc_abs
283.05292,283.05442,0.0015000000000213731,4577.456617325927,bench_inc_abs
283.25464,283.25614,0.0015000000000213731,4585.660665829664,bench_inc_abs
283.45638,283.45788,0.0014999999999645297,4567.106247304162,bench_inc_abs
283.6581,283.6596,0.0015000000000213731,4566.128952495488,bench_inc_abs
283.85982,283.86132,0.0014999999999645297,4569.5964315769,bench_inc_abs
284.06154,284.06304,0.0015000000000213731,4598.981919765411,bench_inc_abs
284.26326,284.26476,0.0015000000000213731,4583.125268177265,bench_inc_abs
284.46498,284.46648,0.0014999999999645297,4593.2133657669,bench_inc_abs
284.6667,284.6682,0.0015000000000213731,4583.775892454858,bench_inc_abs
284.86844,284.86994,0.0014999999999645297,4577.70369004567,bench_inc_abs
285.07016,285.07166,0.0015000000000213731,4589.4444292140115,bench_inc_abs
285.27188,285.27338,0.0014999999999645297,4569.857229832786,bench_inc_abs
285.4736,285.4751,0.0015000000000213731,4583.525809061246,bench_inc_abs
285.67534,285.67684,0.0015000000000213731,4589.0920167531785,bench_inc_abs
285.87706,285.87856,0.0015000000000213731,4577.634234516664,bench_inc_abs
286.07878,286.08028,0.0015000000000213731,4594.391665953337,bench_inc_abs
286.2805,286.282,0.0014999999999645297,4598.964981157602,bench_inc_abs
286.48224,286.48372,0.0014800000000150249,4520.797603808439,bench_inc_abs
286.68396,286.68546,0.0014999999999645297,4582.536073757517,bench_inc_abs
286.88568,286.88718,0.0015000000000213731,4590.03405885065,bench_inc_abs
287.08742,287.08892,0.0014999999999645297,4582.591308168118,bench_inc_abs
287.28914,287.29064,0.0015000000000213731,4585.185675019365,bench_inc_abs
287.49088,287.49238,0.0015000000000213731,4586.588104783944,bench_inc_abs
287.6926,287.6941,0.0014999999999645297,4604.883915634071,bench_inc_abs
287.89434,287.89584,0.0015000000000213731,4578.50899321125,bench_inc_abs
288.09606,288.09756,0.0014999999999645297,4564.684294052372,bench_inc_abs
288.2978,288.2993,0.0015000000000213731,4555.604553379089,bench_inc_abs
288.49952,288.50102,0.0014999999999645297,4572.383451633046,bench_inc_abs
288.70126,288.70276,0.0015000000000213731,4576.941593612251,bench_inc_abs
288.90298,288.90448,0.0014999999999645297,4579.288130516402,bench_inc_abs
289.10472,289.10622,0.0015000000000213731,4578.982461308545,bench_inc_abs
289.30644,289.30794,0.0014999999999645297,4561.99365657238,bench_inc_abs
289.50816,289.50966,0.0015000000000213731,4585.750671169157,bench_inc_abs
289.7099,289.7114,0.0015000000000213731,4555.037545572023,bench_inc_abs
289.91162,289.91312,0.0014999999999645297,4567.542511392673,bench_inc_abs
290.11336,290.11486,0.0015000000000213731,4565.972038610815,bench_inc_abs
290.3151,290.31658,0.0014800000000150249,4500.907962257897,bench_inc_abs
290.51682,290.51832,0.0015000000000213731,4576.459988089393,bench_inc_abs
290.71854,290.72004,0.0014999999999645297,4577.867309453919,bench_inc_abs
290.92026,290.92176,0.0015000000000213731,4573.170000286898,bench_inc_abs
291.122,291.12348,0.0014799999999581814,4518.668204416078,bench_inc_abs
291.32372,291.32522,0.0015000000000213731,4590.746951355078,bench_inc_abs
291.52544,291.52694,0.0015000000000213731,4592.762647725225,bench_inc_abs
291.72718,291.72868,0.0015000000000213731,4583.9573466930315,bench_inc_abs
291.9289,291.92958,0.0006799999999884676,1718.6177405270564,bench_rlam_1_reg
292.12982,292.1305,0.0006799999999884676,1734.658204926918,bench_rlam_1_reg
292.33072,292.3314,0.0006799999999884676,1715.8831283252644,bench_rlam_1_reg
292.53164,292.53232,0.000680000000045311,1724.8036061707892,bench_rlam_1_reg
292.73256,292.73324,0.000680000000045311,1731.9371948341127,bench_rlam_1_reg
292.93346,292.93414,0.0006799999999884676,1737.4106170120838,bench_rlam_1_reg
293.13436,293.13504,0.0006799999999884676,1746.6789413841072,bench_rlam_1_reg
293.33526,293.33596,0.0006999999999948159,1789.768205475266,bench_rlam_1_reg
293.53618,293.53686,0.0006799999999884676,1723.884539650682,bench_rlam_1_reg
293.73708,293.73776,0.0006799999999884676,1735.9212576170482,bench_rlam_1_reg
293.93798,293.93866,0.000680000000045311,1725.6076309213413,bench_rlam_1_reg
294.13888,294.13956,0.000680000000045311,1728.884005116513,bench_rlam_1_reg
294.33978,294.34046,0.0006799999999884676,1738.6230406872708,bench_rlam_1_reg
294.54068,294.54136,0.0006799999999884676,1723.8191095816446,bench_rlam_1_reg
294.7416,294.74228,0.0006799999999884676,1734.9579417787982,bench_rlam_1_reg
294.94252,294.9432,0.0006799999999884676,1725.3857431671875,bench_rlam_1_reg
295.14342,295.1441,0.0006799999999884676,1716.7594935524978,bench_rlam_1_reg
295.34434,295.34502,0.0006799999999884676,1720.5537692385226,bench_rlam_1_reg
295.54524,295.54592,0.000680000000045311,1719.6108192500385,bench_rlam_1_reg
295.74614,295.74682,0.0006799999999884676,1741.1247337659406,bench_rlam_1_reg
295.94706,295.94774,0.0006799999999884676,1713.4645604124378,bench_rlam_1_reg
296.14796,296.14864,0.0006799999999884676,1727.2052331466423,bench_rlam_1_reg
296.34886,296.34956,0.0006999999999948159,1781.4027634350582,bench_rlam_1_reg
296.54978,296.55046,0.0006799999999884676,1701.565424420059,bench_rlam_1_reg
296.75068,296.75136,0.0006799999999884676,1734.5655150487657,bench_rlam_1_reg
296.95158,296.95226,0.000680000000045311,1733.0509076225426,bench_rlam_1_reg
297.15248,297.15318,0.0006999999999948159,1789.1169618469953,bench_rlam_1_reg
297.3534,297.35408,0.0006799999999884676,1726.5693796378641,bench_rlam_1_reg
297.55432,297.555,0.0006799999999884676,1711.2576448888747,bench_rlam_1_reg
297.75522,297.7559,0.0006799999999884676,1712.2622113379705,bench_rlam_1_reg
297.95612,297.9568,0.0006799999999884676,1733.5808905516349,bench_rlam_1_reg
298.15704,298.15772,0.0006799999999884676,1734.117520948948,bench_rlam_1_reg
298.35794,298.35862,0.0006799999999884676,1724.0708390954064,bench_rlam_1_reg
298.55884,298.55952,0.000680000000045311,1738.7024943151478,bench_rlam_1_reg
298.75976,298.76044,0.0006799999999884676,1731.2434105666994,bench_rlam_1_reg
298.96066,298.96134,0.0006799999999884676,1714.7686169086487,bench_rlam_1_reg
299.16158,299.16226,0.0006799999999884676,1724.175426608997,bench_rlam_1_reg
299.36248,299.36316,0.0006799999999884676,1736.7315943996125,bench_rlam_1_reg
299.5634,299.56408,0.0006799999999884676,1718.2621895098484,bench_rlam_1_reg
299.7643,299.76498,0.0006799999999884676,1727.607713522913,bench_rlam_1_reg
299.9652,299.96588,0.000680000000045311,1722.5016678061702,bench_rlam_1_reg
300.1661,300.16678,0.000680000000045311,1725.4795624249016,bench_rlam_1_reg
300.36702,300.3677,0.0006799999999884676,1724.0611626284074,bench_rlam_1_reg
300.56792,300.5686,0.0006799999999884676,1725.5849111473606,bench_rlam_1_reg
300.76882,300.7695,0.0006799999999884676,1716.8673500130953,bench_rlam_1_reg
300.96972,300.9704,0.0006799999999884676,1728.8929759303753,bench_rlam_1_reg
301.17062,301.1713,0.0006799999999884676,1738.5284113478815,bench_rlam_1_reg
301.37152,301.37222,0.0007000000000516593,1790.1017588130362,bench_rlam_1_reg
301.57244,301.57312,0.000680000000045311,1722.9958531742552,bench_rlam_1_reg
301.77334,301.77402,0.0006799999999884676,1731.1175632800228,bench_rlam_1_reg
301.97424,301.97492,0.0006799999999884676,1726.5798058068551,bench_rlam_1_reg
302.17514,302.17582,0.0006799999999884676,1728.7113517267228,bench_rlam_1_reg
302.37604,302.37672,0.0006799999999884676,1724.9732930050127,bench_rlam_1_reg
302.57694,302.57764,0.0006999999999948159,1779.121533034255,bench_rlam_1_reg
302.77786,302.77854,0.000680000000045311,1717.814139678814,bench_rlam_1_reg
302.97876,302.97944,0.0006799999999884676,1711.178144855945,bench_rlam_1_reg
303.17966,303.18034,0.0006799999999884676,1709.6444777790498,bench_rlam_1_reg
303.38056,303.38126,0.0006999999999948159,1774.0979883732734,bench_rlam_1_reg
303.58148,303.58216,0.0006799999999884676,1710.2701822055894,bench_rlam_1_reg
303.78238,303.78306,0.0006799999999884676,1729.526447579361,bench_rlam_1_reg
303.98328,303.98396,0.000680000000045311,1720.9191784611928,bench_rlam_1_reg
304.1842,304.18488,0.000680000000045311,1728.0654028388587,bench_rlam_1_reg
304.3851,304.38578,0.0006799999999884676,1751.6693309390603,bench_rlam_1_reg
304.586,304.58668,0.0006799999999884676,1750.732359906688,bench_rlam_1_reg
304.78692,304.7876,0.0006799999999884676,1731.128809013475,bench_rlam_1_reg
304.98782,304.9885,0.0006799999999884676,1727.8041224668593,bench_rlam_1_reg
305.18872,305.1894,0.0006799999999884676,1729.3170140869536,bench_rlam_1_reg
305.38964,305.39032,0.0006799999999884676,1721.6160637127393,bench_rlam_1_reg
305.59054,305.59122,0.000680000000045311,1724.6806739235071,bench_rlam_1_reg
305.79144,305.79212,0.0006799999999884676,1727.6822379283044,bench_rlam_1_reg
305.99234,305.99302,0.0006799999999884676,1729.7206679001897,bench_rlam_1_reg
306.19326,306.19394,0.0006799999999884676,1711.1862916212706,bench_rlam_1_reg
306.39416,306.39484,0.0006799999999884676,1723.591552558015,bench_rlam_1_reg
306.59506,306.59574,0.0006799999999884676,1733.1508383880785,bench_rlam_1_reg
306.79596,306.79664,0.000680000000045311,1730.886467392047,bench_rlam_1_reg
306.99688,306.99756,0.000680000000045311,1721.1849965452393,bench_rlam_1_reg
307.19778,307.19846,0.0006799999999884676,1713.8362628819748,bench_rlam_1_reg
307.39868,307.39936,0.0006799999999884676,1724.4724486589419,bench_rlam_1_reg
307.5996,307.60028,0.0006799999999884676,1709.2331614916384,bench_rlam_1_reg
307.8005,307.80118,0.0006799999999884676,1723.7198259439276,bench_rlam_1_reg
308.0014,308.0021,0.0006999999999948159,1788.1904472578349,bench_rlam_1_reg
308.20232,308.203,0.0006799999999884676,1731.785752324904,bench_rlam_1_reg
308.40322,308.4039,0.000680000000045311,1738.779561254325,bench_rlam_1_reg
308.60414,308.60482,0.000680000000045311,1720.0968765043092,bench_rlam_1_reg
308.80504,308.80572,0.0006799999999884676,1737.6296780607252,bench_rlam_1_reg
309.00594,309.00662,0.0006799999999884676,1720.533492011182,bench_rlam_1_reg
309.20684,309.20752,0.0006799999999884676,1725.4949384110764,bench_rlam_1_reg
309.40776,309.40844,0.0006799999999884676,1722.118684535537,bench_rlam_1_reg
309.60866,309.60934,0.0006799999999884676,1739.089603046805,bench_rlam_1_reg
309.80956,309.81024,0.000680000000045311,1733.1686128283532,bench_rlam_1_reg
310.01048,310.01116,0.000680000000045311,1729.172419414744,bench_rlam_1_reg
310.21138,310.21206,0.0006799999999884676,1720.8619671481665,bench_rlam_1_reg
310.41228,310.41296,0.0006799999999884676,1721.4034637069533,bench_rlam_1_reg
310.61318,310.61386,0.0006799999999884676,1725.0263830383476,bench_rlam_1_reg
310.81408,310.81478,0.0006999999999948159,1779.745456292662,bench_rlam_1_reg
311.015,311.01568,0.0006799999999884676,1725.9847535537783,bench_rlam_1_reg
311.2159,311.21658,0.000680000000045311,1714.4642236010357,bench_rlam_1_reg
311.4168,311.41748,0.0006799999999884676,1722.1713182031865,bench_rlam_1_reg
311.6177,311.61838,0.0006799999999884676,1727.480555383508,bench_rlam_1_reg
311.8186,311.81928,0.0006799999999884676,1729.8198607454124,bench_rlam_1_reg
312.0195,312.02032,0.0008200000000329055,2071.4342595045005,bench_rlam_2_reg
312.22054,312.22134,0.0007999999999697138,2031.2225910790787,bench_rlam_2_reg
312.42158,312.42238,0.0007999999999697138,2012.3007636704424,bench_rlam_2_reg
312.6226,312.62342,0.0008200000000329055,2068.9771837587323,bench_rlam_2_reg
312.82362,312.82444,0.0008199999999760621,2080.9727860023454,bench_rlam_2_reg
313.02464,313.02546,0.0008200000000329055,2076.4673409101574,bench_rlam_2_reg
313.22568,313.22648,0.0007999999999697138,2005.1399803823297,bench_rlam_2_reg
313.4267,313.42752,0.0008200000000329055,2077.582939619315,bench_rlam_2_reg
313.62774,313.62854,0.0007999999999697138,2004.0390942264428,bench_rlam_2_reg
313.82876,313.82958,0.0008200000000329055,2065.5954024748103,bench_rlam_2_reg
314.0298,314.0306,0.0007999999999697138,2012.1089670756178,bench_rlam_2_reg
314.23082,314.23162,0.0008000000000265572,2012.3886504016339,bench_rlam_2_reg
314.43184,314.43264,0.0007999999999697138,2012.455791601903,bench_rlam_2_reg
314.63286,314.63368,0.0008200000000329055,2075.461715083465,bench_rlam_2_reg
314.8339,314.8347,0.0007999999999697138,2003.7554133649007,bench_rlam_2_reg
315.03492,315.03572,0.0008000000000265572,2011.2273051166112,bench_rlam_2_reg
315.23594,315.23676,0.0008199999999760621,2075.1687022039323,bench_rlam_2_reg
315.43698,315.43778,0.0007999999999697138,2016.2307516817477,bench_rlam_2_reg
315.638,315.63882,0.0008200000000329055,2081.209619160671,bench_rlam_2_reg
315.83904,315.83984,0.0007999999999697138,2022.1957167717555,bench_rlam_2_reg
316.04006,316.04088,0.0008200000000329055,2087.7066907477983,bench_rlam_2_reg
316.2411,316.2419,0.0007999999999697138,2016.7233840628978,bench_rlam_2_reg
316.44212,316.44294,0.0008200000000329055,2067.8391564625044,bench_rlam_2_reg
316.64316,316.64396,0.0007999999999697138,2019.5737154181122,bench_rlam_2_reg
316.84418,316.845,0.0008200000000329055,2071.6503356539934,bench_rlam_2_reg
317.04522,317.04602,0.0008000000000265572,2007.4231597444195,bench_rlam_2_reg
317.24624,317.24704,0.0008000000000265572,2016.4663904113993,bench_rlam_2_reg
317.44726,317.44806,0.0007999999999697138,2015.7799309999416,bench_rlam_2_reg
317.64828,317.64908,0.0008000000000265572,2013.3076306200433,bench_rlam_2_reg
317.8493,317.85012,0.0008199999999760621,2077.4018204869103,bench_rlam_2_reg
318.05034,318.05114,0.0007999999999697138,2021.0345274943124,bench_rlam_2_reg
318.25136,318.25216,0.0008000000000265572,2010.7170404740955,bench_rlam_2_reg
318.45238,318.4532,0.0008199999999760621,2062.666825887446,bench_rlam_2_reg
318.65342,318.65422,0.0008000000000265572,2019.353234285114,bench_rlam_2_reg
318.85444,318.85524,0.0007999999999697138,2020.7612495048859,bench_rlam_2_reg
319.05546,319.05628,0.0008200000000329055,2062.6630634995568,bench_rlam_2_reg
319.2565,319.2573,0.0007999999999697138,2012.94762772233,bench_rlam_2_reg
319.45752,319.45832,0.0008000000000265572,2014.2314583814448,bench_rlam_2_reg
319.65856,319.65936,0.0007999999999697138,2003.6651798481994,bench_rlam_2_reg
319.85958,319.8604,0.0008200000000329055,2059.277906173064,bench_rlam_2_reg
320.06062,320.06142,0.0008000000000265572,2005.0231088720088,bench_rlam_2_reg
320.26164,320.26246,0.0008199999999760621,2060.950712708265,bench_rlam_2_reg
320.46268,320.46348,0.0008000000000265572,2007.8112767853884,bench_rlam_2_reg
320.6637,320.66452,0.0008199999999760621,2072.317923823564,bench_rlam_2_reg
320.86474,320.86554,0.0008000000000265572,2011.014500242656,bench_rlam_2_reg
321.06576,321.06658,0.0008199999999760621,2066.1605847325172,bench_rlam_2_reg
321.2668,321.2676,0.0008000000000265572,2016.8443281003829,bench_rlam_2_reg
321.46782,321.46862,0.0007999999999697138,2022.5802505423128,bench_rlam_2_reg
321.66884,321.66966,0.0008200000000329055,2080.0844650718823,bench_rlam_2_reg
321.86988,321.87068,0.0007999999999697138,2007.0807401971983,bench_rlam_2_reg
322.07092,322.07172,0.0008000000000265572,2004.1512628789578,bench_rlam_2_reg
322.27194,322.27274,0.0008000000000265572,2023.9632600796124,bench_rlam_2_reg
322.47296,322.47378,0.0008199999999760621,2068.6896377596886,bench_rlam_2_reg
322.674,322.67482,0.0008200000000329055,2074.4236815731597,bench_rlam_2_reg
322.87504,322.87586,0.0008199999999760621,2064.920586935253,bench_rlam_2_reg
323.07608,323.07688,0.0008000000000265572,2017.1362511611285,bench_rlam_2_reg
323.27712,323.27792,0.0007999999999697138,2009.282875711059,bench_rlam_2_reg
323.47816,323.47896,0.0007999999999697138,2009.5942820631963,bench_rlam_2_reg
323.67918,323.67998,0.0008000000000265572,2015.908486284931,bench_rlam_2_reg
323.8802,323.88102,0.0008199999999760621,2081.049734204563,bench_rlam_2_reg
324.08124,324.08204,0.0008000000000265572,2012.8010772946552,bench_rlam_2_reg
324.28228,324.28308,0.0007999999999697138,2013.981500557991,bench_rlam_2_reg
324.4833,324.48412,0.0008200000000329055,2065.766900871191,bench_rlam_2_reg
324.68434,324.68516,0.0008199999999760621,2070.3957741294275,bench_rlam_2_reg
324.88538,324.88618,0.0008000000000265572,2018.791139196816,bench_rlam_2_reg
325.08642,325.08722,0.0008000000000265572,2011.0886335228213,bench_rlam_2_reg
325.28744,325.28826,0.0008199999999760621,2066.1129336189506,bench_rlam_2_reg
325.48848,325.48928,0.0008000000000265572,2011.675655450442,bench_rlam_2_reg
325.6895,325.6903,0.0007999999999697138,2012.3052735942629,bench_rlam_2_reg
325.89052,325.89134,0.0008200000000329055,2066.1420771863573,bench_rlam_2_reg
326.09156,326.09236,0.0007999999999697138,2020.4412819951422,bench_rlam_2_reg
326.29258,326.2934,0.0008200000000329055,2065.9153630022065,bench_rlam_2_reg
326.49362,326.49442,0.0007999999999697138,2007.9269655086155,bench_rlam_2_reg
326.69466,326.69546,0.0008000000000265572,2021.4370219775892,bench_rlam_2_reg
326.89568,326.89648,0.0007999999999697138,2021.0584042518424,bench_rlam_2_reg
327.09672,327.09752,0.0007999999999697138,2013.0973238691718,bench_rlam_2_reg
327.29774,327.29854,0.0008000000000265572,2011.1912699270824,bench_rlam_2_reg
327.49878,327.49958,0.0007999999999697138,2023.8453242103133,bench_rlam_2_reg
327.6998,327.7006,0.0008000000000265572,2014.0617760665723,bench_rlam_2_reg
327.90082,327.90164,0.0008199999999760621,2085.360232674702,bench_rlam_2_reg
328.10186,328.10266,0.0008000000000265572,2007.840429508366,bench_rlam_2_reg
328.30288,328.30368,0.0007999999999697138,1990.9071991286814,bench_rlam_2_reg
328.5039,328.5047,0.0008000000000265572,2004.6657161592111,bench_rlam_2_reg
328.70492,328.70572,0.0007999999999697138,2010.8525407602708,bench_rlam_2_reg
328.90594,328.90676,0.0008200000000329055,2062.20307629462,bench_rlam_2_reg
329.10696,329.10778,0.0008199999999760621,2062.4001579618002,bench_rlam_2_reg
329.308,329.3088,0.0008000000000265572,1995.5181098333526,bench_rlam_2_reg
329.50902,329.50982,0.0007999999999697138,2020.4902346283247,bench_rlam_2_reg
329.71004,329.71086,0.0008200000000329055,2068.6439146260827,bench_rlam_2_reg
329.91108,329.91188,0.0007999999999697138,2000.195034683411,bench_rlam_2_reg
330.1121,330.1129,0.0008000000000265572,2013.1079620435905,bench_rlam_2_reg
330.31314,330.31394,0.0008000000000265572,2015.3612853790416,bench_rlam_2_reg
330.51418,330.51498,0.0007999999999697138,2006.528437986507,bench_rlam_2_reg
330.71522,330.71602,0.0008000000000265572,2025.616073589484,bench_rlam_2_reg
330.91624,330.91706,0.0008199999999760621,2070.46043585807,bench_rlam_2_reg
331.11728,331.1181,0.0008200000000329055,2080.927004660301,bench_rlam_2_reg
331.31832,331.31912,0.0007999999999697138,2016.1047902816772,bench_rlam_2_reg
331.51936,331.52016,0.0007999999999697138,2008.3022116850523,bench_rlam_2_reg
331.7204,331.7212,0.0008000000000265572,2010.3289420542765,bench_rlam_2_reg
331.92144,331.92224,0.0007999999999697138,1998.096490191875,bench_rlam_2_reg
332.12248,332.1234,0.0009200000000078035,2234.2344513426137,bench_rlam_3_reg
332.32364,332.32456,0.0009200000000078035,2245.7835590620007,bench_rlam_3_reg
332.5248,332.52572,0.00091999999995096,2236.7844962057575,bench_rlam_3_reg
332.72596,332.72688,0.0009200000000078035,2251.7166869070043,bench_rlam_3_reg
332.92712,332.92804,0.0009200000000078035,2250.573742226343,bench_rlam_3_reg
333.12826,333.1292,0.0009400000000141517,2309.9253652898014,bench_rlam_3_reg
333.32942,333.33034,0.00091999999995096,2245.9371270080414,bench_rlam_3_reg
333.53056,333.5315,0.0009400000000141517,2321.028970228124,bench_rlam_3_reg
333.73174,333.73266,0.0009200000000078035,2254.636993188851,bench_rlam_3_reg
333.93288,333.93382,0.0009400000000141517,2319.1376077258956,bench_rlam_3_reg
334.13404,334.13498,0.0009399999999573083,2295.6836781087723,bench_rlam_3_reg
334.3352,334.33614,0.0009400000000141517,2303.685639099587,bench_rlam_3_reg
334.53638,334.5373,0.0009200000000078035,2236.9252541302253,bench_rlam_3_reg
334.73754,334.73846,0.00091999999995096,2238.6119955664763,bench_rlam_3_reg
334.9387,334.93962,0.0009200000000078035,2249.018733885094,bench_rlam_3_reg
335.13986,335.14078,0.0009200000000078035,2230.0082049565194,bench_rlam_3_reg
335.34102,335.34196,0.0009399999999573083,2307.6699230644845,bench_rlam_3_reg
335.54218,335.54312,0.0009400000000141517,2294.084231881486,bench_rlam_3_reg
335.74334,335.74426,0.0009200000000078035,2244.334474699194,bench_rlam_3_reg
335.94448,335.94542,0.0009400000000141517,2304.021883794731,bench_rlam_3_reg
336.14564,336.14658,0.0009399999999573083,2299.449713788617,bench_rlam_3_reg
336.3468,336.34774,0.0009400000000141517,2313.576038044503,bench_rlam_3_reg
336.54796,336.5489,0.0009400000000141517,2302.0391422779185,bench_rlam_3_reg
336.74912,336.75006,0.0009400000000141517,2314.281831529836,bench_rlam_3_reg
336.95028,336.95122,0.0009399999999573083,2309.7762394411106,bench_rlam_3_reg
337.15144,337.15238,0.0009400000000141517,2291.617707862849,bench_rlam_3_reg
337.3526,337.35354,0.0009400000000141517,2296.535430983761,bench_rlam_3_reg
337.55376,337.55468,0.0009200000000078035,2229.1139955765116,bench_rlam_3_reg
337.7549,337.75584,0.0009399999999573083,2295.911740391504,bench_rlam_3_reg
337.95606,337.957,0.0009400000000141517,2284.277672924846,bench_rlam_3_reg
338.15722,338.15814,0.0009200000000078035,2248.632537693915,bench_rlam_3_reg
338.35838,338.3593,0.0009200000000078035,2234.7233770536154,bench_rlam_3_reg
338.55952,338.56046,0.0009399999999573083,2302.64051572393,bench_rlam_3_reg
338.76068,338.76162,0.0009400000000141517,2302.177087446808,bench_rlam_3_reg
338.96184,338.96278,0.0009400000000141517,2313.7362441469554,bench_rlam_3_reg
339.163,339.16394,0.0009400000000141517,2306.7752574845044,bench_rlam_3_reg
339.36416,339.3651,0.0009399999999573083,2295.683538413124,bench_rlam_3_reg
339.56532,339.56626,0.0009400000000141517,2300.2230236756636,bench_rlam_3_reg
339.76648,339.76742,0.0009400000000141517,2303.669482975531,bench_rlam_3_reg
339.96764,339.96858,0.0009399999999573083,2309.5932345565448,bench_rlam_3_reg
340.1688,340.16974,0.0009400000000141517,2295.2855658243434,bench_rlam_3_reg
340.36996,340.3709,0.0009400000000141517,2309.091149405232,bench_rlam_3_reg
340.57112,340.57206,0.0009400000000141517,2290.0493420069747,bench_rlam_3_reg
340.77228,340.77322,0.0009399999999573083,2293.366100509179,bench_rlam_3_reg
340.97344,340.97438,0.0009400000000141517,2297.1050232163334,bench_rlam_3_reg
341.1746,341.17554,0.0009400000000141517,2294.5500677816103,bench_rlam_3_reg
341.37576,341.3767,0.0009400000000141517,2294.223536765776,bench_rlam_3_reg
341.57692,341.57786,0.0009400000000141517,2295.519341762578,bench_rlam_3_reg
341.77808,341.77902,0.0009400000000141517,2298.2214810743826,bench_rlam_3_reg
341.97924,341.98018,0.0009400000000141517,2295.0270912012884,bench_rlam_3_reg
342.1804,342.18134,0.0009399999999573083,2289.538269277908,bench_rlam_3_reg
342.38156,342.3825,0.0009400000000141517,2300.0253411483986,bench_rlam_3_reg
342.58272,342.58366,0.0009400000000141517,2294.5975955062554,bench_rlam_3_reg
342.78388,342.7848,0.0009200000000078035,2232.1682656309595,bench_rlam_3_reg
342.98504,342.98596,0.00091999999995096,2236.166137593975,bench_rlam_3_reg
343.18618,343.18712,0.0009400000000141517,2293.640757025625,bench_rlam_3_reg
343.38734,343.38828,0.0009400000000141517,2299.9677178867114,bench_rlam_3_reg
343.5885,343.58942,0.0009200000000078035,2249.2290707458815,bench_rlam_3_reg
343.78964,343.79058,0.0009399999999573083,2288.0327351156834,bench_rlam_3_reg
343.9908,343.99174,0.0009400000000141517,2285.6238228737,bench_rlam_3_reg
344.19196,344.19288,0.0009200000000078035,2253.1813406655933,bench_rlam_3_reg
344.3931,344.39404,0.0009400000000141517,2301.8886894328625,bench_rlam_3_reg
344.59426,344.59518,0.0009200000000078035,2239.340292294709,bench_rlam_3_reg
344.79542,344.79634,0.0009200000000078035,2241.2775177765334,bench_rlam_3_reg
344.99658,344.9975,0.0009200000000078035,2250.5790693936765,bench_rlam_3_reg
345.19772,345.19866,0.0009400000000141517,2286.68109517002,bench_rlam_3_reg
345.39888,345.3998,0.0009200000000078035,2236.7800772265145,bench_rlam_3_reg
345.60004,345.60096,0.0009200000000078035,2242.735866485028,bench_rlam_3_reg
345.80118,345.80212,0.0009400000000141517,2298.5851020033742,bench_rlam_3_reg
346.00234,346.00328,0.0009400000000141517,2290.77034865886,bench_rlam_3_reg
346.20348,346.20442,0.0009400000000141517,2309.341162935175,bench_rlam_3_reg
346.40464,346.40556,0.0009200000000078035,2255.696614768622,bench_rlam_3_reg
346.60578,346.60672,0.0009400000000141517,2312.8630081660976,bench_rlam_3_reg
346.80694,346.80786,0.0009200000000078035,2243.734330427954,bench_rlam_3_reg
347.00808,347.00902,0.0009400000000141517,2309.6927372134933,bench_rlam_3_reg
347.20924,347.21018,0.0009399999999573083,2298.564887479156,bench_rlam_3_reg
347.4104,347.41132,0.0009200000000078035,2246.103691900579,bench_rlam_3_reg
347.61156,347.61248,0.0009200000000078035,2245.058033172817,bench_rlam_3_reg
347.8127,347.81364,0.0009400000000141517,2298.0826977037477,bench_rlam_3_reg
348.01386,348.0148,0.0009399999999573083,2306.6698548966556,bench_rlam_3_reg
348.21502,348.21596,0.0009400000000141517,2290.5131010796317,bench_rlam_3_reg
348.41618,348.41712,0.0009400000000141517,2294.8310361651984,bench_rlam_3_reg
348.61736,348.61828,0.0009200000000078035,2232.000380762763,bench_rlam_3_reg
348.81852,348.81944,0.0009200000000078035,2232.9082666256345,bench_rlam_3_reg
349.01968,349.02062,0.0009400000000141517,2281.210669355558,bench_rlam_3_reg
349.22084,349.22178,0.0009400000000141517,2294.4794595517087,bench_rlam_3_reg
349.422,349.42294,0.0009399999999573083,2294.2557277750298,bench_rlam_3_reg
349.62316,349.62408,0.0009200000000078035,2247.9612962622427,bench_rlam_3_reg
349.82432,349.82524,0.0009200000000078035,2247.907666043124,bench_rlam_3_reg
350.02548,350.0264,0.0009200000000078035,2237.092386938981,bench_rlam_3_reg
350.22662,350.22756,0.0009399999999573083,2301.5177714266124,bench_rlam_3_reg
350.42778,350.42872,0.0009400000000141517,2300.0493157162846,bench_rlam_3_reg
350.62894,350.62988,0.0009400000000141517,2303.460701407325,bench_rlam_3_reg
350.8301,350.83102,0.0009200000000078035,2241.007823045875,bench_rlam_3_reg
351.03124,351.03218,0.0009399999999573083,2297.930621877876,bench_rlam_3_reg
351.2324,351.23334,0.0009400000000141517,2306.5391416166945,bench_rlam_3_reg
351.43356,351.4345,0.0009400000000141517,2293.4990818994643,bench_rlam_3_reg
351.63472,351.63566,0.0009399999999573083,2294.49306603592,bench_rlam_3_reg
351.83588,351.8368,0.0009200000000078035,2253.2898094799243,bench_rlam_3_reg
352.03702,352.03796,0.0009400000000141517,2297.5120437817873,bench_rlam_3_reg
352.23818,352.23924,0.001059999999995398,2534.0929022015002,bench_rlam_4_reg
352.43948,352.44052,0.0010399999999890497,2484.840359513133,bench_rlam_4_reg
352.64076,352.64182,0.001059999999995398,2528.658320655546,bench_rlam_4_reg
352.84204,352.8431,0.001059999999995398,2525.7273530555663,bench_rlam_4_reg
353.04332,353.04438,0.001059999999995398,2529.784291979745,bench_rlam_4_reg
353.2446,353.24566,0.001059999999995398,2528.4278509159712,bench_rlam_4_reg
353.44588,353.44692,0.0010399999999890497,2479.284517449968,bench_rlam_4_reg
353.64714,353.6482,0.001059999999995398,2532.8901177275766,bench_rlam_4_reg
353.84842,353.84948,0.0010600000000522414,2521.8310720693867,bench_rlam_4_reg
354.0497,354.05076,0.0010600000000522414,2519.224062699622,bench_rlam_4_reg
354.25098,354.25204,0.001059999999995398,2529.170759913858,bench_rlam_4_reg
354.45228,354.45332,0.001040000000045893,2478.7715497709096,bench_rlam_4_reg
354.65356,354.6546,0.0010399999999890497,2468.767398919311,bench_rlam_4_reg
354.85484,354.8559,0.001059999999995398,2515.1277402974074,bench_rlam_4_reg
355.05612,355.05718,0.001059999999995398,2538.499026534166,bench_rlam_4_reg
355.2574,355.25846,0.001059999999995398,2531.8590854022545,bench_rlam_4_reg
355.45868,355.45974,0.001059999999995398,2523.0478378775924,bench_rlam_4_reg
355.65996,355.66102,0.001059999999995398,2524.6848119227093,bench_rlam_4_reg
355.86124,355.8623,0.001059999999995398,2539.0839134212106,bench_rlam_4_reg
356.06252,356.06358,0.001059999999995398,2527.826791617766,bench_rlam_4_reg
356.2638,356.26486,0.001059999999995398,2532.4612483274723,bench_rlam_4_reg
356.4651,356.46614,0.0010399999999890497,2467.8648449208517,bench_rlam_4_reg
356.66638,356.66744,0.001059999999995398,2529.379317990798,bench_rlam_4_reg
356.86766,356.86872,0.001059999999995398,2536.907615134227,bench_rlam_4_reg
357.06894,357.07,0.001059999999995398,2524.7010076357583,bench_rlam_4_reg
357.27022,357.27128,0.001059999999995398,2524.495716204672,bench_rlam_4_reg
357.4715,357.47256,0.001059999999995398,2537.2251216321124,bench_rlam_4_reg
357.6728,357.67384,0.0010399999999890497,2472.438502574614,bench_rlam_4_reg
357.87408,357.87514,0.001059999999995398,2519.3028151942217,bench_rlam_4_reg
358.07536,358.07642,0.001059999999995398,2533.5572310720677,bench_rlam_4_reg
358.27664,358.2777,0.001059999999995398,2525.079280604072,bench_rlam_4_reg
358.47792,358.47898,0.001059999999995398,2535.8056277046644,bench_rlam_4_reg
358.6792,358.68026,0.001059999999995398,2519.2138645812074,bench_rlam_4_reg
358.88048,358.88154,0.001059999999995398,2535.9268253728924,bench_rlam_4_reg
359.08176,359.08282,0.0010600000000522414,2523.849420387384,bench_rlam_4_reg
359.28304,359.2841,0.001059999999995398,2523.5592457095017,bench_rlam_4_reg
359.48432,359.48538,0.001059999999995398,2517.7580746420977,bench_rlam_4_reg
359.6856,359.68664,0.0010399999999890497,2480.1622307353205,bench_rlam_4_reg
359.88688,359.88792,0.0010399999999890497,2477.1101306710093,bench_rlam_4_reg
360.08816,360.0892,0.0010399999999890497,2475.202949677574,bench_rlam_4_reg
360.28942,360.29048,0.001059999999995398,2524.5583313420098,bench_rlam_4_reg
360.4907,360.49176,0.001059999999995398,2538.435184382897,bench_rlam_4_reg
360.69198,360.69304,0.001059999999995398,2535.698758431217,bench_rlam_4_reg
360.89326,360.89432,0.001059999999995398,2535.5649413475808,bench_rlam_4_reg
361.09454,361.0956,0.001059999999995398,2531.9967674990935,bench_rlam_4_reg
361.29582,361.29688,0.001059999999995398,2540.429078509333,bench_rlam_4_reg
361.4971,361.49816,0.001059999999995398,2530.2995089421447,bench_rlam_4_reg
361.69838,361.69942,0.0010399999999890497,2459.2744326059324,bench_rlam_4_reg
361.89966,361.90072,0.001059999999995398,2515.509331137497,bench_rlam_4_reg
362.10094,362.102,0.001059999999995398,2521.350854072115,bench_rlam_4_reg
362.30222,362.30328,0.001059999999995398,2527.397251690973,bench_rlam_4_reg
362.5035,362.50456,0.0010600000000522414,2527.3192698566795,bench_rlam_4_reg
362.70478,362.70584,0.001059999999995398,2527.257152795108,bench_rlam_4_reg
362.90608,362.90712,0.001040000000045893,2482.9688995413694,bench_rlam_4_reg
363.10736,363.10842,0.001059999999995398,2511.3264401072383,bench_rlam_4_reg
363.30864,363.3097,0.001059999999995398,2530.096140653789,bench_rlam_4_reg
363.50992,363.51098,0.001059999999995398,2529.1970348543196,bench_rlam_4_reg
363.7112,363.71226,0.001059999999995398,2532.2625692645515,bench_rlam_4_reg
363.91248,363.91354,0.001059999999995398,2537.866793545301,bench_rlam_4_reg
364.11376,364.11482,0.001059999999995398,2520.9230487035284,bench_rlam_4_reg
364.31504,364.3161,0.001059999999995398,2529.980381932741,bench_rlam_4_reg
364.51632,364.51738,0.001059999999995398,2529.3324258975754,bench_rlam_4_reg
364.7176,364.71866,0.001059999999995398,2519.3721800955605,bench_rlam_4_reg
364.9189,364.91994,0.0010399999999890497,2471.6927692984914,bench_rlam_4_reg
365.12018,365.12124,0.001059999999995398,2528.5617937229463,bench_rlam_4_reg
365.32148,365.32252,0.0010399999999890497,2473.7566988696785,bench_rlam_4_reg
365.52276,365.52382,0.001059999999995398,2522.335895325616,bench_rlam_4_reg
365.72404,365.7251,0.001059999999995398,2511.7394491075293,bench_rlam_4_reg
365.92532,365.92638,0.001059999999995398,2523.0805179954878,bench_rlam_4_reg
366.1266,366.12766,0.001059999999995398,2537.4113372502215,bench_rlam_4_reg
366.32788,366.32894,0.001059999999995398,2522.3999237602798,bench_rlam_4_reg
366.52916,366.53022,0.001059999999995398,2524.812389167358,bench_rlam_4_reg
366.73044,366.7315,0.001059999999995398,2535.5277769298195,bench_rlam_4_reg
366.93172,366.93278,0.001059999999995398,2544.134662021616,bench_rlam_4_reg
367.133,367.13406,0.001059999999995398,2541.3378351399697,bench_rlam_4_reg
367.33428,367.33534,0.001059999999995398,2539.898932448708,bench_rlam_4_reg
367.53558,367.53664,0.001059999999995398,2531.8009778840224,bench_rlam_4_reg
367.73686,367.73792,0.001059999999995398,2509.0166297760866,bench_rlam_4_reg
367.93814,367.9392,0.0010600000000522414,2517.4166333359008,bench_rlam_4_reg
368.13942,368.14048,0.0010600000000522414,2526.026000402785,bench_rlam_4_reg
368.3407,368.34176,0.001059999999995398,2521.8066409791154,bench_rlam_4_reg
368.542,368.54304,0.001040000000045893,2473.7217418187447,bench_rlam_4_reg
368.74328,368.74432,0.0010399999999890497,2471.564619289758,bench_rlam_4_reg
368.94456,368.9456,0.0010399999999890497,2462.158736254972,bench_rlam_4_reg
369.14584,369.14688,0.0010399999999890497,2472.6397310930784,bench_rlam_4_reg
369.34712,369.34818,0.001059999999995398,2526.958973590211,bench_rlam_4_reg
369.5484,369.54946,0.001059999999995398,2548.4592420824206,bench_rlam_4_reg
369.74968,369.75074,0.001059999999995398,2520.785175713037,bench_rlam_4_reg
369.95096,369.952,0.0010399999999890497,2460.1009906934014,bench_rlam_4_reg
370.15224,370.15328,0.0010399999999890497,2461.683233244021,bench_rlam_4_reg
370.3535,370.35456,0.001059999999995398,2529.8563670300255,bench_rlam_4_reg
370.55478,370.55584,0.001059999999995398,2523.8769105626025,bench_rlam_4_reg
370.75606,370.75712,0.001059999999995398,2528.6866375252703,bench_rlam_4_reg
370.95734,370.9584,0.001059999999995398,2532.5450627153978,bench_rlam_4_reg
371.15864,371.15968,0.0010399999999890497,2477.8201430843574,bench_rlam_4_reg
371.35992,371.36098,0.001059999999995398,2525.220199021681,bench_rlam_4_reg
371.5612,371.56226,0.001059999999995398,2521.9090213050163,bench_rlam_4_reg
371.76248,371.76354,0.001059999999995398,2527.776393113696,bench_rlam_4_reg
371.96376,371.96482,0.001059999999995398,2535.9870307183683,bench_rlam_4_reg
372.16506,372.1661,0.0010399999999890497,2475.619753807694,bench_rlam_4_reg
372.36634,372.36764,0.0013000000000147338,3409.964111679811,bench_jge_not_taken
372.56786,372.56916,0.0013000000000147338,3405.4937935880994,bench_jge_not_taken
372.7694,372.7707,0.0012999999999578904,3410.161859240111,bench_jge_not_taken
372.97092,372.97222,0.0013000000000147338,3410.09532804774,bench_jge_not_taken
373.17244,373.17374,0.0013000000000147338,3405.0367540206735,bench_jge_not_taken
373.37396,373.37526,0.0013000000000147338,3420.4281051978433,bench_jge_not_taken
373.5755,373.5768,0.0013000000000147338,3410.238344268406,bench_jge_not_taken
373.77702,373.77832,0.0013000000000147338,3414.44282331079,bench_jge_not_taken
373.97854,373.97984,0.0013000000000147338,3412.6161248752783,bench_jge_not_taken
374.18006,374.18136,0.0012999999999578904,3415.7403533906972,bench_jge_not_taken
374.38158,374.38288,0.0013000000000147338,3413.866155362954,bench_jge_not_taken
374.5831,374.5844,0.0013000000000147338,3411.5003212783035,bench_jge_not_taken
374.78464,374.78594,0.0012999999999578904,3406.39904128691,bench_jge_not_taken
374.98616,374.98746,0.0013000000000147338,3396.4274055809246,bench_jge_not_taken
375.18768,375.18898,0.0013000000000147338,3407.321774908953,bench_jge_not_taken
375.3892,375.3905,0.0012999999999578904,3405.769325204535,bench_jge_not_taken
375.59072,375.59202,0.0013000000000147338,3413.7533116646614,bench_jge_not_taken
375.79224,375.79354,0.0013000000000147338,3416.043696966691,bench_jge_not_taken
375.99376,375.99506,0.0013000000000147338,3414.1554404441717,bench_jge_not_taken
376.19528,376.19658,0.0012999999999578904,3424.7129688600808,bench_jge_not_taken
376.39682,376.39812,0.0013000000000147338,3403.4314356235736,bench_jge_not_taken
376.59834,376.59964,0.0013000000000147338,3410.873482969407,bench_jge_not_taken
376.79986,376.80116,0.0012999999999578904,3408.0972730785215,bench_jge_not_taken
377.00138,377.00268,0.0013000000000147338,3403.184989047618,bench_jge_not_taken
377.2029,377.2042,0.0013000000000147338,3409.977208401181,bench_jge_not_taken
377.40442,377.40572,0.0012999999999578904,3407.9823502074887,bench_jge_not_taken
377.60594,377.60724,0.0013000000000147338,3404.562219558588,bench_jge_not_taken
377.80746,377.80876,0.0013000000000147338,3406.170022250534,bench_jge_not_taken
378.00898,378.01028,0.0013000000000147338,3414.1966957061763,bench_jge_not_taken
378.2105,378.2118,0.0012999999999578904,3410.2695759947237,bench_jge_not_taken
378.41202,378.41332,0.0013000000000147338,3404.5014507612823,bench_jge_not_taken
378.61354,378.61484,0.0013000000000147338,3407.9810698006218,bench_jge_not_taken
378.81506,378.81636,0.0012999999999578904,3423.625582243366,bench_jge_not_taken
379.01658,379.01788,0.0013000000000147338,3403.311725751547,bench_jge_not_taken
379.2181,379.2194,0.0013000000000147338,3406.287834557632,bench_jge_not_taken
379.41962,379.42092,0.0013000000000147338,3412.1965198268745,bench_jge_not_taken
379.62114,379.62244,0.0012999999999578904,3414.0244939940676,bench_jge_not_taken
379.82268,379.82398,0.0013000000000147338,3402.5442926654127,bench_jge_not_taken
380.02422,380.0255,0.0012800000000083855,3355.5335086005543,bench_jge_not_taken
380.22574,380.22704,0.0013000000000147338,3399.124867329127,bench_jge_not_taken
380.42726,380.42856,0.0013000000000147338,3408.758312045507,bench_jge_not_taken
380.62878,380.63008,0.0013000000000147338,3414.6121051529253,bench_jge_not_taken
380.83028,380.83158,0.0012999999999578904,3414.2017176994555,bench_jge_not_taken
381.03182,381.03312,0.0013000000000147338,3413.123337134782,bench_jge_not_taken
381.23334,381.23464,0.0013000000000147338,3404.494137546863,bench_jge_not_taken
381.43484,381.43614,0.0013000000000147338,3402.3862798147456,bench_jge_not_taken
381.63636,381.63766,0.0012999999999578904,3402.1415327325485,bench_jge_not_taken
381.83788,381.83918,0.0013000000000147338,3409.6578625454895,bench_jge_not_taken
382.0394,382.0407,0.0013000000000147338,3387.224806978508,bench_jge_not_taken
382.2409,382.2422,0.0013000000000147338,3413.3334411602013,bench_jge_not_taken
382.44242,382.44372,0.0012999999999578904,3410.182620735209,bench_jge_not_taken
382.64394,382.64524,0.0013000000000147338,3407.6079330857137,bench_jge_not_taken
382.84546,382.84676,0.0013000000000147338,3389.1962445761274,bench_jge_not_taken
383.04696,383.04826,0.0013000000000147338,3414.5062091167765,bench_jge_not_taken
383.24848,383.24978,0.0013000000000147338,3415.1755692923075,bench_jge_not_taken
383.45,383.4513,0.0013000000000147338,3415.5648597978266,bench_jge_not_taken
383.65152,383.65282,0.0013000000000147338,3416.8927441760216,bench_jge_not_taken
383.85304,383.85434,0.0012999999999578904,3409.086258492995,bench_jge_not_taken
384.05456,384.05586,0.0013000000000147338,3412.1482656840208,bench_jge_not_taken
384.2561,384.2574,0.0013000000000147338,3407.3122404880614,bench_jge_not_taken
384.45762,384.45892,0.0012999999999578904,3403.736883656911,bench_jge_not_taken
384.65914,384.66044,0.0013000000000147338,3416.394998834639,bench_jge_not_taken
384.86066,384.86196,0.0013000000000147338,3406.016104899545,bench_jge_not_taken
385.06218,385.06348,0.0013000000000147338,3424.5516499836613,bench_jge_not_taken
385.2637,385.265,0.0013000000000147338,3415.8663126198817,bench_jge_not_taken
385.46522,385.46652,0.0013000000000147338,3419.3193028233195,bench_jge_not_taken
385.66674,385.66804,0.0013000000000147338,3421.3838284282765,bench_jge_not_taken
385.86826,385.86956,0.0012999999999578904,3408.427573620049,bench_jge_not_taken
386.06978,386.07108,0.0013000000000147338,3401.973366318395,bench_jge_not_taken
386.2713,386.2726,0.0013000000000147338,3405.239137401086,bench_jge_not_taken
386.47282,386.47412,0.0013000000000147338,3410.341183225768,bench_jge_not_taken
386.67434,386.67564,0.0013000000000147338,3406.6240513225994,bench_jge_not_taken
386.87586,386.87716,0.0013000000000147338,3414.427051367624,bench_jge_not_taken
387.0774,387.0787,0.0013000000000147338,3401.5520359778516,bench_jge_not_taken
387.27892,387.28022,0.0012999999999578904,3404.978562483404,bench_jge_not_taken
387.48044,387.48174,0.0013000000000147338,3409.2021780552845,bench_jge_not_taken
387.68196,387.68326,0.0013000000000147338,3411.80525490905,bench_jge_not_taken
387.88348,387.88478,0.0012999999999578904,3427.482801366174,bench_jge_not_taken
388.085,388.0863,0.0013000000000147338,3398.54359864198,bench_jge_not_taken
388.28654,388.28784,0.0013000000000147338,3401.0318108342462,bench_jge_not_taken
388.48806,388.48936,0.0012999999999578904,3413.3678254407323,bench_jge_not_taken
388.68958,388.69088,0.0013000000000147338,3399.6998635599143,bench_jge_not_taken
388.8911,388.8924,0.0013000000000147338,3406.4328670932755,bench_jge_not_taken
389.09262,389.09392,0.0013000000000147338,3362.7033187418315,bench_jge_not_taken
389.29414,389.29544,0.0012999999999578904,3366.305755791366,bench_jge_not_taken
389.49566,389.49696,0.0013000000000147338,3386.8910908209896,bench_jge_not_taken
389.69716,389.69846,0.0013000000000147338,3396.459845871082,bench_jge_not_taken
389.89868,389.89998,0.0013000000000147338,3408.2033252684946,bench_jge_not_taken
390.10022,390.1015,0.0012800000000083855,3347.7428811911536,bench_jge_not_taken
390.30172,390.30302,0.0013000000000147338,3409.9533432642984,bench_jge_not_taken
390.50324,390.50454,0.0013000000000147338,3404.5270644507405,bench_jge_not_taken
390.70476,390.70606,0.0012999999999578904,3394.603938672408,bench_jge_not_taken
390.9063,390.90758,0.0012800000000083855,3329.104366740785,bench_jge_not_taken
391.10782,391.10912,0.0013000000000147338,3386.4520560412957,bench_jge_not_taken
391.30934,391.31064,0.0012999999999578904,3411.02846419953,bench_jge_not_taken
391.51086,391.51216,0.0013000000000147338,3424.9190055317454,bench_jge_not_taken
391.71238,391.71368,0.0013000000000147338,3417.455253703866,bench_jge_not_taken
391.91392,391.91522,0.0012999999999578904,3406.059415890437,bench_jge_not_taken
392.11544,392.11674,0.0013000000000147338,3394.469940149462,bench_jge_not_taken
392.31696,392.31826,0.0013000000000147338,3401.4593926675648,bench_jge_not_taken
392.51848,392.51976,0.0012800000000083855,3359.683859176456,bench_jge_taken
392.72,392.72128,0.0012799999999515421,3342.451907082579,bench_jge_taken
392.9215,392.92278,0.0012800000000083855,3362.126552998763,bench_jge_taken
393.12302,393.1243,0.0012800000000083855,3333.2241047420725,bench_jge_taken
393.32452,393.3258,0.0012800000000083855,3361.7535792515496,bench_jge_taken
393.52602,393.5273,0.0012800000000083855,3368.437795441247,bench_jge_taken
393.72752,393.7288,0.0012799999999515421,3357.9675991467507,bench_jge_taken
393.92902,393.9303,0.0012800000000083855,3368.6034009162586,bench_jge_taken
394.13052,394.1318,0.0012800000000083855,3363.38878612132,bench_jge_taken
394.332,394.3333,0.0013000000000147338,3423.558650583828,bench_jge_taken
394.5335,394.5348,0.0013000000000147338,3417.2953502694477,bench_jge_taken
394.73502,394.7363,0.0012800000000083855,3356.894757613223,bench_jge_taken
394.93652,394.9378,0.0012800000000083855,3348.978401656986,bench_jge_taken
395.13802,395.1393,0.0012800000000083855,3366.4375404182774,bench_jge_taken
395.33954,395.34082,0.0012800000000083855,3361.2110908374134,bench_jge_taken
395.54104,395.54232,0.0012800000000083855,3363.018000981099,bench_jge_taken
395.74256,395.74384,0.0012799999999515421,3377.1027856031974,bench_jge_taken
395.94406,395.94534,0.0012800000000083855,3372.993972182839,bench_jge_taken
396.14556,396.14684,0.0012800000000083855,3370.5099183420293,bench_jge_taken
396.34706,396.34836,0.0013000000000147338,3417.3839283613947,bench_jge_taken
396.54858,396.54986,0.0012800000000083855,3340.5091893113004,bench_jge_taken
396.75008,396.75136,0.0012799999999515421,3352.941672637978,bench_jge_taken
396.95158,396.95286,0.0012800000000083855,3367.920850898967,bench_jge_taken
397.15308,397.15436,0.0012800000000083855,3367.9329394628608,bench_jge_taken
397.35458,397.35588,0.0013000000000147338,3409.5342946643236,bench_jge_taken
397.5561,397.55738,0.0012800000000083855,3367.8709296694883,bench_jge_taken
397.7576,397.75888,0.0012799999999515421,3346.274515932416,bench_jge_taken
397.9591,397.96038,0.0012800000000083855,3353.9176639465295,bench_jge_taken
398.1606,398.16188,0.0012800000000083855,3359.3553095401953,bench_jge_taken
398.3621,398.36338,0.0012800000000083855,3340.409882391647,bench_jge_taken
398.56358,398.56488,0.0013000000000147338,3408.3388257241913,bench_jge_taken
398.76508,398.76636,0.0012800000000083855,3358.448334057733,bench_jge_taken
398.96658,398.96786,0.0012799999999515421,3367.8858073918072,bench_jge_taken
399.1681,399.16938,0.0012800000000083855,3338.1091873457995,bench_jge_taken
399.3696,399.37088,0.0012800000000083855,3338.8119680131927,bench_jge_taken
399.5711,399.57238,0.0012800000000083855,3356.051456675544,bench_jge_taken
399.7726,399.77388,0.0012800000000083855,3355.46514254004,bench_jge_taken
399.9741,399.97538,0.0012799999999515421,3357.616886355083,bench_jge_taken
400.1756,400.17688,0.0012800000000083855,3362.643297330926,bench_jge_taken
400.37712,400.3784,0.0012800000000083855,3360.525225317423,bench_jge_taken
400.57862,400.5799,0.0012800000000083855,3357.411331986792,bench_jge_taken
400.78012,400.7814,0.0012800000000083855,3356.1086910946747,bench_jge_taken
400.98164,400.98292,0.0012799999999515421,3344.417055925987,bench_jge_taken
401.18314,401.18442,0.0012800000000083855,3357.394451772015,bench_jge_taken
401.38464,401.38592,0.0012800000000083855,3342.3045487425106,bench_jge_taken
401.58616,401.58744,0.0012800000000083855,3354.524879271512,bench_jge_taken
401.78766,401.78894,0.0012800000000083855,3343.4501756120135,bench_jge_taken
401.98916,401.99044,0.0012799999999515421,3354.9323420442893,bench_jge_taken
402.19068,402.19196,0.0012800000000083855,3360.248156851737,bench_jge_taken
402.39218,402.39346,0.0012800000000083855,3353.2516751728417,bench_jge_taken
402.59368,402.59496,0.0012800000000083855,3356.5202588449765,bench_jge_taken
402.79518,402.79646,0.0012800000000083855,3365.4880756653006,bench_jge_taken
402.99668,402.99796,0.0012799999999515421,3350.6121252120543,bench_jge_taken
403.19818,403.19946,0.0012800000000083855,3367.9118287162455,bench_jge_taken
403.39968,403.40098,0.0013000000000147338,3417.054908397197,bench_jge_taken
403.6012,403.60248,0.0012800000000083855,3350.134389496871,bench_jge_taken
403.80268,403.80398,0.0013000000000147338,3419.1815671863005,bench_jge_taken
404.0042,404.00548,0.0012799999999515421,3363.1252915101168,bench_jge_taken
404.2057,404.20698,0.0012800000000083855,3344.631230018768,bench_jge_taken
404.4072,404.40848,0.0012800000000083855,3361.196969666236,bench_jge_taken
404.6087,404.60998,0.0012800000000083855,3362.386471152126,bench_jge_taken
404.8102,404.8115,0.0013000000000147338,3416.6067652785964,bench_jge_taken
405.0117,405.013,0.0012999999999578904,3406.33195812344,bench_jge_taken
405.21322,405.2145,0.0012800000000083855,3359.77216254002,bench_jge_taken
405.41472,405.416,0.0012800000000083855,3354.595138256217,bench_jge_taken
405.61622,405.6175,0.0012800000000083855,3347.5700021044863,bench_jge_taken
405.81772,405.819,0.0012800000000083855,3341.6099450778797,bench_jge_taken
406.01922,406.0205,0.0012800000000083855,3359.2350804372063,bench_jge_taken
406.22072,406.22202,0.0013000000000147338,3411.5918842616634,bench_jge_taken
406.42222,406.4235,0.0012800000000083855,3361.6525004943037,bench_jge_taken
406.62372,406.625,0.0012800000000083855,3353.6125789685366,bench_jge_taken
406.82522,406.8265,0.0012800000000083855,3363.207592653048,bench_jge_taken
407.02672,407.028,0.0012800000000083855,3350.8802112371536,bench_jge_taken
407.22822,407.2295,0.0012799999999515421,3365.7005427901736,bench_jge_taken
407.42972,407.431,0.0012800000000083855,3362.9609481728903,bench_jge_taken
407.6312,407.6325,0.0013000000000147338,3421.4471118092224,bench_jge_taken
407.8327,407.83398,0.0012800000000083855,3345.644052635583,bench_jge_taken
408.0342,408.03548,0.0012800000000083855,3350.640928860623,bench_jge_taken
408.23568,408.23696,0.0012800000000083855,3356.7739138598504,bench_jge_taken
408.43718,408.43846,0.0012800000000083855,3348.7776457518603,bench_jge_taken
408.63868,408.63996,0.0012799999999515421,3364.6678178067714,bench_jge_taken
408.84018,408.84146,0.0012800000000083855,3373.552386215478,bench_jge_taken
409.04166,409.04296,0.0013000000000147338,3414.931152996539,bench_jge_taken
409.24316,409.24444,0.0012800000000083855,3359.9342219844684,bench_jge_taken
409.44466,409.44594,0.0012800000000083855,3356.1943681223365,bench_jge_taken
409.64616,409.64744,0.0012800000000083855,3345.3672286366855,bench_jge_taken
409.84766,409.84894,0.0012800000000083855,3347.1762063084147,bench_jge_taken
410.04916,410.05044,0.0012800000000083855,3348.9599568177537,bench_jge_taken
410.25068,410.25196,0.0012800000000083855,3348.3078005059406,bench_jge_taken
410.45218,410.45346,0.0012800000000083855,3348.7216895670354,bench_jge_taken
410.65368,410.65496,0.0012800000000083855,3351.0540006894303,bench_jge_taken
410.85518,410.85648,0.0012999999999578904,3414.850088178319,bench_jge_taken
411.0567,411.05798,0.0012800000000083855,3354.394470837539,bench_jge_taken
411.2582,411.25948,0.0012800000000083855,3358.83900060088,bench_jge_taken
411.45968,411.46096,0.0012800000000083855,3368.6621487435473,bench_jge_taken
411.66118,411.66246,0.0012800000000083855,3357.7101840911364,bench_jge_taken
411.86268,411.86396,0.0012800000000083855,3347.3341050735567,bench_jge_taken
412.06418,412.06546,0.0012799999999515421,3342.428393529146,bench_jge_taken
412.26568,412.26696,0.0012800000000083855,3364.9861091151142,bench_jge_taken
412.46718,412.46846,0.0012800000000083855,3354.3106005863683,bench_jge_taken
412.6687,412.66946,0.0007600000000138607,1925.207939969632,bench_jmp
412.86966,412.87042,0.0007600000000138607,1925.722374609935,bench_jmp
413.07064,413.0714,0.0007599999999570173,1929.0116893690472,bench_jmp
413.27162,413.27236,0.0007400000000075124,1879.7063338839225,bench_jmp
413.47258,413.47334,0.0007600000000138607,1936.009950044634,bench_jmp
413.67356,413.67432,0.0007600000000138607,1923.4036002667451,bench_jmp
413.87454,413.8753,0.0007599999999570173,1927.135859017755,bench_jmp
414.07552,414.07628,0.0007600000000138607,1911.5416892328194,bench_jmp
414.2765,414.27726,0.0007600000000138607,1902.0746881532334,bench_jmp
414.47748,414.47824,0.0007600000000138607,1929.2866275958183,bench_jmp
414.67844,414.6792,0.0007599999999570173,1925.551765466312,bench_jmp
414.87944,414.8802,0.0007600000000138607,1915.6038808135713,bench_jmp
415.08042,415.08118,0.0007600000000138607,1923.0040698644314,bench_jmp
415.28138,415.28214,0.0007600000000138607,1925.1664891184598,bench_jmp
415.48236,415.48312,0.0007599999999570173,1916.1220592065424,bench_jmp
415.68334,415.6841,0.0007600000000138607,1922.221214088877,bench_jmp
415.88432,415.88508,0.0007600000000138607,1918.0696062180466,bench_jmp
416.0853,416.08606,0.0007599999999570173,1908.3215411484061,bench_jmp
416.28628,416.28704,0.0007600000000138607,1913.040836854793,bench_jmp
416.48726,416.48802,0.0007600000000138607,1921.4804401096073,bench_jmp
416.68824,416.689,0.0007600000000138607,1938.2714736633618,bench_jmp
416.88922,416.88998,0.0007599999999570173,1936.7589939928569,bench_jmp
417.0902,417.09096,0.0007600000000138607,1928.9900037014863,bench_jmp
417.29118,417.29194,0.0007600000000138607,1930.3551339929827,bench_jmp
417.49216,417.49292,0.0007600000000138607,1922.6588425492253,bench_jmp
417.69314,417.6939,0.0007599999999570173,1916.92008158431,bench_jmp
417.89412,417.89488,0.0007600000000138607,1918.352830733284,bench_jmp
418.0951,418.09586,0.0007600000000138607,1930.3067494565403,bench_jmp
418.2961,418.29686,0.0007599999999570173,1911.0066931351303,bench_jmp
418.49708,418.49784,0.0007600000000138607,1918.8736798676953,bench_jmp
418.69806,418.69882,0.0007600000000138607,1921.962949018928,bench_jmp
418.89904,418.8998,0.0007600000000138607,1929.7601306153565,bench_jmp
419.10004,419.1008,0.0007600000000138607,1927.660566332739,bench_jmp
419.30102,419.30178,0.0007600000000138607,1928.338401526992,bench_jmp
419.502,419.50276,0.0007600000000138607,1919.3894672480915,bench_jmp
419.703,419.70376,0.0007600000000138607,1923.7221917576417,bench_jmp
419.90398,419.90474,0.0007600000000138607,1917.6933775158975,bench_jmp
420.10496,420.10572,0.0007600000000138607,1922.9668355873036,bench_jmp
420.30594,420.3067,0.0007599999999570173,1917.835073423293,bench_jmp
420.50692,420.50768,0.0007600000000138607,1927.833478011525,bench_jmp
420.7079,420.70866,0.0007600000000138607,1924.7146463427048,bench_jmp
420.90888,420.90964,0.0007600000000138607,1930.271175253451,bench_jmp
421.10988,421.11064,0.0007600000000138607,1924.8258159945576,bench_jmp
421.31086,421.31162,0.0007600000000138607,1922.1845711997419,bench_jmp
421.51186,421.51262,0.0007600000000138607,1911.0124209247654,bench_jmp
421.71284,421.7136,0.0007599999999570173,1927.249536253329,bench_jmp
421.91382,421.91458,0.0007600000000138607,1916.3899915732654,bench_jmp
422.1148,422.11556,0.0007600000000138607,1926.493113899815,bench_jmp
422.31578,422.31654,0.0007599999999570173,1919.4483010711258,bench_jmp
422.51678,422.51754,0.0007600000000138607,1930.268041370792,bench_jmp
422.71776,422.71852,0.0007600000000138607,1928.922219706849,bench_jmp
422.91874,422.9195,0.0007600000000138607,1926.6717392315659,bench_jmp
423.11974,423.1205,0.0007600000000138607,1918.4237462908907,bench_jmp
423.32072,423.32148,0.0007600000000138607,1915.9565144641363,bench_jmp
423.5217,423.52246,0.0007600000000138607,1923.709977446593,bench_jmp
423.72268,423.72344,0.0007599999999570173,1941.098428666909,bench_jmp
423.92366,423.92442,0.0007600000000138607,1935.7433496497565,bench_jmp
424.12464,424.1254,0.0007600000000138607,1926.3000879804688,bench_jmp
424.32562,424.32638,0.0007599999999570173,1919.7780102271804,bench_jmp
424.5266,424.52736,0.0007600000000138607,1930.583072872921,bench_jmp
424.72758,424.72834,0.0007600000000138607,1938.8666004397624,bench_jmp
424.92858,424.92934,0.0007600000000138607,1925.8143799676373,bench_jmp
425.12958,425.13034,0.0007600000000138607,1931.9410832118558,bench_jmp
425.33056,425.33132,0.0007600000000138607,1928.4368516352276,bench_jmp
425.53154,425.5323,0.0007600000000138607,1918.497348705481,bench_jmp
425.73254,425.7333,0.0007600000000138607,1926.0583608871414,bench_jmp
425.93352,425.93428,0.0007600000000138607,1928.8115087418182,bench_jmp
426.13452,426.13528,0.0007600000000138607,1919.0075528241314,bench_jmp
426.33552,426.33628,0.0007600000000138607,1920.21886589675,bench_jmp
426.5365,426.53726,0.0007600000000138607,1924.7896015168426,bench_jmp
426.7375,426.73826,0.0007600000000138607,1923.197170283539,bench_jmp
426.9385,426.93926,0.0007600000000138607,1927.6017602983288,bench_jmp
427.13948,427.14024,0.0007600000000138607,1920.1625767588023,bench_jmp
427.34046,427.34122,0.0007600000000138607,1925.8721080027733,bench_jmp
427.54144,427.5422,0.0007599999999570173,1931.930968874975,bench_jmp
427.74242,427.74318,0.0007600000000138607,1918.595957150088,bench_jmp
427.9434,427.94416,0.0007600000000138607,1931.8529218848164,bench_jmp
428.14438,428.14514,0.0007600000000138607,1926.372004700115,bench_jmp
428.34536,428.34612,0.0007599999999570173,1924.4396382610455,bench_jmp
428.54634,428.5471,0.0007600000000138607,1925.3919879393393,bench_jmp
428.74732,428.74808,0.0007600000000138607,1926.4275231794875,bench_jmp
428.9483,428.94906,0.0007599999999570173,1929.837998344535,bench_jmp
429.14928,429.15004,0.0007600000000138607,1918.716451662389,bench_jmp
429.35024,429.351,0.0007600000000138607,1938.303737014581,bench_jmp
429.55122,429.55198,0.0007600000000138607,1915.5336986674936,bench_jmp
429.75218,429.75294,0.0007600000000138607,1919.4140890897452,bench_jmp
429.95316,429.95392,0.0007599999999570173,1925.308001099407,bench_jmp
430.15412,430.15488,0.0007600000000138607,1940.4925965259924,bench_jmp
430.3551,430.35586,0.0007600000000138607,1930.1982690056782,bench_jmp
430.55608,430.55684,0.0007600000000138607,1927.893569262776,bench_jmp
430.75706,430.75782,0.0007599999999570173,1916.9340793586844,bench_jmp
430.95804,430.9588,0.0007600000000138607,1924.2172735258232,bench_jmp
431.15902,431.15978,0.0007600000000138607,1923.757111691916,bench_jmp
431.36,431.36076,0.0007600000000138607,1922.7159815204566,bench_jmp
431.56098,431.56174,0.0007600000000138607,1918.9131726062383,bench_jmp
431.76196,431.76272,0.0007600000000138607,1928.1764142640548,bench_jmp
431.96294,431.9637,0.0007600000000138607,1938.0585826357085,bench_jmp
432.16392,432.16468,0.0007599999999570173,1928.6073533578403,bench_jmp
432.36488,432.36564,0.0007599999999570173,1939.45833003343,bench_jmp
432.56586,432.56662,0.0007600000000138607,1924.1543533716824,bench_jmp
