t_start_s,t_end_s,duration_s,energy_nJ,event_label
9.82538,9.82606,0.0006800000000009021,1786.108356903244,bench_add_reg_reg
10.02626,10.02696,0.000700000000000145,1836.7396621034054,bench_add_reg_reg
10.22716,10.22784,0.0006800000000009021,1768.8829381976188,bench_add_reg_reg
10.42804,10.42874,0.000700000000000145,1824.9019957155595,bench_add_reg_reg
10.62894,10.62962,0.0006799999999991257,1762.6791819906423,bench_add_reg_reg
10.82982,10.8305,0.0006800000000009021,1762.2337699892923,bench_add_reg_reg
11.03072,11.0314,0.0006799999999991257,1762.5132529039988,bench_add_reg_reg
11.2316,11.2323,0.000700000000000145,1829.2477307843392,bench_add_reg_reg
11.4325,11.43318,0.0006800000000009021,1772.8384956744708,bench_add_reg_reg
11.63338,11.63408,0.000700000000000145,1828.3241568131634,bench_add_reg_reg
11.83426,11.83496,0.000700000000000145,1815.8221407793908,bench_add_reg_reg
12.03516,12.03584,0.0006800000000009021,1775.8974223424143,bench_add_reg_reg
12.23604,12.23674,0.000700000000000145,1832.3270604022428,bench_add_reg_reg
12.43694,12.43762,0.0006800000000009021,1777.358236724888,bench_add_reg_reg
12.63784,12.63852,0.0006799999999991257,1763.6599065709313,bench_add_reg_reg
12.83872,12.83942,0.000700000000000145,1833.0571171829856,bench_add_reg_reg
13.03962,13.0403,0.0006800000000009021,1776.7237871912164,bench_add_reg_reg
13.2405,13.2412,0.0006999999999983686,1831.0235883061919,bench_add_reg_reg
13.4414,13.44208,0.0006800000000009021,1757.717910225226,bench_add_reg_reg
13.64228,13.64296,0.0006800000000009021,1769.600517584818,bench_add_reg_reg
13.84318,13.84386,0.0006799999999991257,1769.7696154912762,bench_add_reg_reg
14.04406,14.04476,0.000700000000000145,1820.9307757209324,bench_add_reg_reg
14.24496,14.24564,0.0006799999999991257,1767.3090798752337,bench_add_reg_reg
14.44586,14.44654,0.0006800000000009021,1765.903758353253,bench_add_reg_reg
14.64674,14.64742,0.0006800000000009021,1768.9943499889757,bench_add_reg_reg
14.84762,14.84832,0.000700000000000145,1816.4483760491305,bench_add_reg_reg
15.04852,15.04922,0.000700000000000145,1834.5975759441892,bench_add_reg_reg
15.24942,15.2501,0.0006799999999991257,1761.567417995145,bench_add_reg_reg
15.4503,15.451,0.000700000000000145,1818.0641671643566,bench_add_reg_reg
15.6512,15.65188,0.0006800000000009021,1782.484047583258,bench_add_reg_reg
15.8521,15.85278,0.0006799999999991257,1775.3874184540032,bench_add_reg_reg
16.05298,16.05368,0.0006999999999983686,1827.711563086651,bench_add_reg_reg
16.25388,16.25456,0.0006800000000026785,1772.8337552476362,bench_add_reg_reg
16.45476,16.45544,0.0006799999999991257,1783.0564663719654,bench_add_reg_reg
16.65564,16.65634,0.0007000000000019213,1828.156155540124,bench_add_reg_reg
16.85652,16.85722,0.0007000000000019213,1831.7302083650395,bench_add_reg_reg
17.05742,17.0581,0.0006799999999991257,1771.7152903762692,bench_add_reg_reg
17.2583,17.259,0.0007000000000019213,1817.8882286944572,bench_add_reg_reg
17.4592,17.45988,0.0006799999999991257,1773.1789848748654,bench_add_reg_reg
17.6601,17.66078,0.0006799999999991257,1787.8025071671088,bench_add_reg_reg
17.86098,17.86166,0.0006799999999991257,1770.0920533358017,bench_add_reg_reg
18.06188,18.06256,0.0006800000000026785,1765.4832080083618,bench_add_reg_reg
18.26276,18.26344,0.0006799999999991257,1766.7057295304385,bench_add_reg_reg
18.46366,18.46434,0.0006799999999991257,1764.9730038799914,bench_add_reg_reg
18.66454,18.66522,0.0006800000000026785,1772.0044194798377,bench_add_reg_reg
18.86542,18.86612,0.0006999999999983686,1835.4733777186505,bench_add_reg_reg
19.0663,19.067,0.0007000000000019213,1832.7009747797106,bench_add_reg_reg
19.2672,19.26788,0.0006800000000026785,1774.182319648429,bench_add_reg_reg
19.46808,19.46878,0.0006999999999983686,1825.6720644373506,bench_add_reg_reg
19.66896,19.66966,0.0007000000000019213,1828.6311253967233,bench_add_reg_reg
19.86986,19.87054,0.0006799999999991257,1774.5502269806432,bench_add_reg_reg
20.07074,20.07144,0.0006999999999983686,1835.4127649169384,bench_add_reg_reg
20.27164,20.27232,0.0006799999999991257,1783.9031224108908,bench_add_reg_reg
20.47254,20.47322,0.0006800000000026785,1769.5791227820987,bench_add_reg_reg
20.67342,20.67412,0.0006999999999983686,1830.5143527640676,bench_add_reg_reg
20.87432,20.875,0.0006799999999991257,1775.5760066183295,bench_add_reg_reg
21.0752,21.0759,0.0007000000000019213,1827.9536161629965,bench_add_reg_reg
21.2761,21.2768,0.0007000000000019213,1824.606612795733,bench_add_reg_reg
21.477,21.47768,0.0006799999999991257,1782.8188557151764,bench_add_reg_reg
21.6779,21.67858,0.0006799999999991257,1756.4409994492173,bench_add_reg_reg
21.8788,21.87948,0.0006800000000026785,1757.0413765576066,bench_add_reg_reg
22.07968,22.08038,0.0007000000000019213,1824.4318570990843,bench_add_reg_reg
22.28058,22.28126,0.0006799999999991257,1761.6920941481387,bench_add_reg_reg
22.48146,22.48216,0.0007000000000019213,1832.4046186232847,bench_add_reg_reg
22.68236,22.68304,0.0006799999999991257,1770.647829396607,bench_add_reg_reg
22.88324,22.88394,0.0006999999999983686,1823.2445558485183,bench_add_reg_reg
23.08412,23.08482,0.0007000000000019213,1827.6044726430744,bench_add_reg_reg
23.28502,23.2857,0.0006799999999991257,1760.4627716334564,bench_add_reg_reg
23.4859,23.4866,0.0006999999999983686,1825.6330140818532,bench_add_reg_reg
23.6868,23.68748,0.0006799999999991257,1770.3894781849351,bench_add_reg_reg
23.88768,23.88838,0.0007000000000019213,1839.845837099179,bench_add_reg_reg
24.08858,24.08926,0.0006799999999991257,1766.7650175256217,bench_add_reg_reg
24.28946,24.29014,0.0006800000000026785,1780.3070461457096,bench_add_reg_reg
24.49034,24.49104,0.0007000000000019213,1828.3315934288694,bench_add_reg_reg
24.69124,24.69192,0.0006799999999991257,1764.666265805199,bench_add_reg_reg
24.89212,24.8928,0.0006800000000026785,1780.910573441849,bench_add_reg_reg
25.093,25.09368,0.0006799999999991257,1777.4046398674186,bench_add_reg_reg
25.29388,25.29456,0.0006799999999991257,1773.458353706405,bench_add_reg_reg
25.49476,25.49546,0.0007000000000019213,1835.660680667963,bench_add_reg_reg
25.69564,25.69634,0.0006999999999983686,1832.3955917682172,bench_add_reg_reg
25.89654,25.89722,0.0006799999999991257,1765.3682874486435,bench_add_reg_reg
26.09742,26.0981,0.0006799999999991257,1762.3584042282546,bench_add_reg_reg
26.2983,26.29898,0.0006799999999991257,1778.9309518382197,bench_add_reg_reg
26.49918,26.49986,0.0006800000000026785,1778.0536878926414,bench_add_reg_reg
26.70006,26.70074,0.0006799999999991257,1768.6496651702641,bench_add_reg_reg
26.90094,26.90162,0.0006800000000026785,1766.5568739254295,bench_add_reg_reg
27.10182,27.1025,0.0006799999999991257,1761.2850107227246,bench_add_reg_reg
27.3027,27.3034,0.0006999999999983686,1832.4223696201148,bench_add_reg_reg
27.5036,27.50428,0.0006800000000026785,1764.475870885294,bench_add_reg_reg
27.70448,27.70518,0.0006999999999983686,1823.6725684210026,bench_add_reg_reg
27.90538,27.90606,0.0006799999999991257,1780.615332533659,bench_add_reg_reg
28.10626,28.10696,0.0007000000000019213,1838.6067356973576,bench_add_reg_reg
28.30716,28.30784,0.0006799999999991257,1769.8808852562354,bench_add_reg_reg
28.50804,28.50872,0.0006799999999991257,1765.0927952461818,bench_add_reg_reg
28.70892,28.70962,0.0007000000000019213,1818.8152276034377,bench_add_reg_reg
28.90982,28.9105,0.0006799999999991257,1772.3399610234205,bench_add_reg_reg
29.1107,29.11138,0.0006799999999991257,1761.3932443752942,bench_add_reg_reg
29.31158,29.31226,0.0006799999999991257,1781.1080650405881,bench_add_reg_reg
29.51246,29.51314,0.0006799999999991257,1777.8148571932948,bench_add_reg_reg
29.71334,29.71402,0.0006800000000026785,1772.5334852080716,bench_add_reg_reg
29.91422,29.9155,0.0012800000000012801,3382.708090360622,bench_add_imm_reg
30.1157,30.11698,0.0012800000000012801,3379.287279679573,bench_add_imm_reg
30.31716,30.31844,0.0012799999999977274,3392.714359790878,bench_add_imm_reg
30.51864,30.51992,0.0012799999999977274,3382.2185126997797,bench_add_imm_reg
30.72012,30.72138,0.0012599999999984846,3323.462405237161,bench_add_imm_reg
30.9216,30.92286,0.0012599999999984846,3322.283872398425,bench_add_imm_reg
31.12308,31.12434,0.0012599999999984846,3328.122922680274,bench_add_imm_reg
31.32454,31.32582,0.0012800000000012801,3390.8761548849297,bench_add_imm_reg
31.52602,31.5273,0.0012800000000012801,3386.87484618648,bench_add_imm_reg
31.7275,31.72878,0.0012800000000012801,3370.896221607823,bench_add_imm_reg
31.92896,31.93024,0.0012800000000012801,3384.9936467626344,bench_add_imm_reg
32.13044,32.13172,0.0012800000000012801,3378.5003214172357,bench_add_imm_reg
32.3319,32.33318,0.0012800000000012801,3396.6239192572148,bench_add_imm_reg
32.53338,32.53466,0.0012800000000012801,3381.4560622000818,bench_add_imm_reg
32.73486,32.73614,0.0012800000000012801,3385.1911802823142,bench_add_imm_reg
32.93634,32.93762,0.0012800000000012801,3382.3103690543626,bench_add_imm_reg
33.13782,33.1391,0.0012800000000012801,3371.9002897900323,bench_add_imm_reg
33.3393,33.34058,0.0012800000000012801,3362.637746615916,bench_add_imm_reg
33.54078,33.54204,0.0012600000000020373,3305.356269707809,bench_add_imm_reg
33.74224,33.74352,0.0012799999999941747,3364.254478348436,bench_add_imm_reg
33.94372,33.945,0.0012800000000012801,3365.2042294886705,bench_add_imm_reg
34.1452,34.14648,0.0012799999999941747,3372.2823206176113,bench_add_imm_reg
34.34668,34.34796,0.0012800000000012801,3356.126395523264,bench_add_imm_reg
34.54816,34.54944,0.0012799999999941747,3349.695203343859,bench_add_imm_reg
34.74964,34.7509,0.0012600000000020373,3311.4147768405264,bench_add_imm_reg
34.9511,34.95238,0.0012800000000012801,3370.18795312043,bench_add_imm_reg
35.15258,35.15386,0.0012800000000012801,3370.717149230539,bench_add_imm_reg
35.35406,35.35534,0.0012800000000012801,3360.0103366245603,bench_add_imm_reg
35.55554,35.55682,0.0012800000000012801,3376.9717067507877,bench_add_imm_reg
35.75702,35.7583,0.0012800000000012801,3370.4202994755406,bench_add_imm_reg
35.95852,35.95978,0.0012600000000020373,3310.252327942821,bench_add_imm_reg
36.16,36.16126,0.0012600000000020373,3307.8214339981773,bench_add_imm_reg
36.36146,36.36274,0.0012800000000012801,3376.6112872423582,bench_add_imm_reg
36.56294,36.56422,0.0012800000000012801,3357.924690940618,bench_add_imm_reg
36.76442,36.7657,0.0012800000000012801,3368.97125002244,bench_add_imm_reg
36.9659,36.96718,0.0012800000000012801,3364.429413346012,bench_add_imm_reg
37.16738,37.16866,0.0012800000000012801,3356.6558407638936,bench_add_imm_reg
37.36886,37.37014,0.0012800000000012801,3368.76933928963,bench_add_imm_reg
37.57034,37.57162,0.0012800000000012801,3384.1266855616955,bench_add_imm_reg
37.77182,37.7731,0.0012800000000012801,3374.8646546195464,bench_add_imm_reg
37.9733,37.97458,0.0012800000000012801,3377.9366570541292,bench_add_imm_reg
38.17478,38.17606,0.0012800000000012801,3374.887383546908,bench_add_imm_reg
38.37628,38.37754,0.0012600000000020373,3307.126278527674,bench_add_imm_reg
38.57776,38.57904,0.0012800000000012801,3376.712722242495,bench_add_imm_reg
38.77924,38.78052,0.0012800000000012801,3385.086902419373,bench_add_imm_reg
38.98074,38.982,0.0012600000000020373,3317.309988203618,bench_add_imm_reg
39.18222,39.1835,0.0012800000000012801,3371.3923348141916,bench_add_imm_reg
39.3837,39.38496,0.0012600000000020373,3316.746796488106,bench_add_imm_reg
39.58518,39.58644,0.0012600000000020373,3332.436105706333,bench_add_imm_reg
39.78664,39.78792,0.0012800000000012801,3383.456955202466,bench_add_imm_reg
39.98812,39.9894,0.0012800000000012801,3372.361040676478,bench_add_imm_reg
40.1896,40.19088,0.0012800000000012801,3379.6669193578155,bench_add_imm_reg
40.39108,40.39234,0.0012599999999949318,3329.7794917453584,bench_add_imm_reg
40.59256,40.59382,0.0012600000000020373,3330.6933660113523,bench_add_imm_reg
40.79402,40.7953,0.0012799999999941747,3384.2170820405186,bench_add_imm_reg
40.9955,40.99678,0.0012800000000012801,3375.041703696631,bench_add_imm_reg
41.19698,41.19826,0.0012799999999941747,3388.445014117361,bench_add_imm_reg
41.39846,41.39974,0.0012800000000012801,3367.0005388589425,bench_add_imm_reg
41.59994,41.60122,0.0012800000000012801,3374.2529712674827,bench_add_imm_reg
41.80142,41.8027,0.0012800000000012801,3366.68387521305,bench_add_imm_reg
42.00288,42.00416,0.0012800000000012801,3374.8924080333145,bench_add_imm_reg
42.20436,42.20564,0.0012800000000012801,3376.5582391084986,bench_add_imm_reg
42.40582,42.4071,0.0012800000000012801,3386.917300526168,bench_add_imm_reg
42.6073,42.60858,0.0012800000000012801,3380.4020262347544,bench_add_imm_reg
42.80876,42.81004,0.0012800000000012801,3382.2765643737453,bench_add_imm_reg
43.01022,43.0115,0.0012800000000012801,3375.989911151547,bench_add_imm_reg
43.21168,43.21296,0.0012800000000012801,3382.4487705736306,bench_add_imm_reg
43.41316,43.41442,0.0012600000000020373,3320.344339597,bench_add_imm_reg
43.61462,43.6159,0.0012800000000012801,3381.967530588075,bench_add_imm_reg
43.8161,43.81738,0.0012800000000012801,3358.608351558426,bench_add_imm_reg
44.01758,44.01884,0.0012599999999949318,3327.1259604811157,bench_add_imm_reg
44.21904,44.22032,0.0012800000000012801,3378.3522015468957,bench_add_imm_reg
44.42052,44.4218,0.0012799999999941747,3364.3780369144006,bench_add_imm_reg
44.62198,44.62326,0.0012800000000012801,3381.604896860886,bench_add_imm_reg
44.82346,44.82474,0.0012800000000012801,3375.8213743621623,bench_add_imm_reg
45.02494,45.02622,0.0012800000000012801,3373.980640901977,bench_add_imm_reg
45.2264,45.22768,0.0012800000000012801,3379.8772282938007,bench_add_imm_reg
45.42788,45.42916,0.0012800000000012801,3372.5061896276266,bench_add_imm_reg
45.62936,45.63064,0.0012800000000012801,3379.788694441409,bench_add_imm_reg
45.83084,45.83212,0.0012800000000012801,3388.0727784727937,bench_add_imm_reg
46.03232,46.0336,0.0012800000000012801,3376.423369631141,bench_add_imm_reg
46.2338,46.23508,0.0012800000000012801,3379.736382050948,bench_add_imm_reg
46.43528,46.43656,0.0012800000000012801,3382.1066352576654,bench_add_imm_reg
46.63676,46.63804,0.0012799999999941747,3387.5677035961994,bench_add_imm_reg
46.83824,46.83952,0.0012800000000012801,3389.8524660649277,bench_add_imm_reg
47.03974,47.041,0.0012599999999949318,3329.6657260362963,bench_add_imm_reg
47.24122,47.24248,0.0012600000000020373,3329.6906086676254,bench_add_imm_reg
47.44268,47.44396,0.0012799999999941747,3373.026319297699,bench_add_imm_reg
47.64416,47.64544,0.0012800000000012801,3385.466665498091,bench_add_imm_reg
47.84564,47.8469,0.0012599999999949318,3322.4977110370614,bench_add_imm_reg
48.0471,48.04838,0.0012800000000012801,3385.303758553447,bench_add_imm_reg
48.24858,48.24986,0.0012800000000012801,3390.726672956638,bench_add_imm_reg
48.45006,48.45134,0.0012800000000012801,3361.747066958713,bench_add_imm_reg
48.65154,48.65282,0.0012800000000012801,3386.3445464573188,bench_add_imm_reg
48.853,48.85428,0.0012800000000012801,3387.577133256184,bench_add_imm_reg
49.05448,49.05574,0.0012600000000020373,3320.1058278849036,bench_add_imm_reg
49.25594,49.25722,0.0012799999999941747,3396.0799593314077,bench_add_imm_reg
49.45742,49.45868,0.0012600000000020373,3347.7582084071523,bench_add_imm_reg
49.65888,49.66016,0.0012799999999941747,3377.439358720628,bench_add_imm_reg
49.86036,49.86164,0.0012800000000012801,3386.5065453603315,bench_add_imm_reg
50.06184,50.06324,0.0014000000000038426,4012.73885975869,bench_add_idx_reg
50.26346,50.26486,0.0013999999999967372,4010.2918282987766,bench_add_idx_reg
50.46506,50.46646,0.0013999999999967372,4012.211663638418,bench_add_idx_reg
50.66666,50.66808,0.0014200000000030855,4077.431536287849,bench_add_idx_reg
50.86828,50.86968,0.0014000000000038426,4011.8942270168736,bench_add_idx_reg
51.0699,51.0713,0.0014000000000038426,4005.4339962200233,bench_add_idx_reg
51.27152,51.27292,0.0013999999999967372,4007.8504290331584,bench_add_idx_reg
51.47312,51.47452,0.0013999999999967372,4012.959890523094,bench_add_idx_reg
51.67474,51.67614,0.0013999999999967372,4018.4959932133997,bench_add_idx_reg
51.87634,51.87774,0.0014000000000038426,4001.7404104689554,bench_add_idx_reg
52.07794,52.07936,0.0014200000000030855,4076.209133500118,bench_add_idx_reg
52.27956,52.28096,0.0014000000000038426,4023.4919777263713,bench_add_idx_reg
52.48116,52.48258,0.00141999999999598,4067.4787876075384,bench_add_idx_reg
52.68278,52.68418,0.0013999999999967372,4001.023613372241,bench_add_idx_reg
52.88438,52.8858,0.0014200000000030855,4065.0039957923436,bench_add_idx_reg
53.086,53.0874,0.0014000000000038426,4008.8067483266504,bench_add_idx_reg
53.2876,53.28902,0.0014200000000030855,4079.1666670802397,bench_add_idx_reg
53.48922,53.49062,0.0013999999999967372,4008.1030758931684,bench_add_idx_reg
53.69084,53.69224,0.0013999999999967372,4009.177496181078,bench_add_idx_reg
53.89244,53.89386,0.00141999999999598,4063.3730264259348,bench_add_idx_reg
54.09406,54.09546,0.0014000000000038426,4003.555381215843,bench_add_idx_reg
54.29566,54.29708,0.0014200000000030855,4080.011204359853,bench_add_idx_reg
54.49728,54.49868,0.0013999999999967372,4014.8193645193833,bench_add_idx_reg
54.69888,54.7003,0.00141999999999598,4077.8975980237215,bench_add_idx_reg
54.9005,54.9019,0.0013999999999967372,4008.519176849946,bench_add_idx_reg
55.1021,55.1035,0.0013999999999967372,4015.5776822846874,bench_add_idx_reg
55.3037,55.30512,0.0014200000000030855,4074.3480459868447,bench_add_idx_reg
55.50532,55.50672,0.0014000000000038426,4018.1595599391685,bench_add_idx_reg
55.70692,55.70834,0.0014200000000030855,4072.5917462363527,bench_add_idx_reg
55.90854,55.90994,0.0013999999999967372,4012.798210596174,bench_add_idx_reg
56.11014,56.11154,0.0013999999999967372,4019.2721248506123,bench_add_idx_reg
56.31176,56.31316,0.0014000000000038426,4001.6029891660132,bench_add_idx_reg
56.51336,56.51478,0.0014200000000030855,4072.6787340917294,bench_add_idx_reg
56.71498,56.71638,0.0014000000000038426,4018.991943461086,bench_add_idx_reg
56.9166,56.918,0.0013999999999967372,4006.5530105394655,bench_add_idx_reg
57.1182,57.11962,0.00141999999999598,4085.807909711078,bench_add_idx_reg
57.31982,57.32124,0.0014200000000030855,4087.528819226389,bench_add_idx_reg
57.52144,57.52284,0.0014000000000038426,4008.098624192107,bench_add_idx_reg
57.72306,57.72446,0.0014000000000038426,4009.8149352829673,bench_add_idx_reg
57.92466,57.92608,0.00141999999999598,4070.029177224945,bench_add_idx_reg
58.12628,58.12768,0.0013999999999967372,4030.6888008396395,bench_add_idx_reg
58.3279,58.3293,0.0014000000000038426,4024.0540611662313,bench_add_idx_reg
58.52952,58.53092,0.0014000000000038426,4018.295037105784,bench_add_idx_reg
58.73114,58.73254,0.0013999999999967372,4023.98292439913,bench_add_idx_reg
58.93274,58.93416,0.00141999999999598,4084.991805709155,bench_add_idx_reg
59.13436,59.13578,0.00141999999999598,4070.0174774853863,bench_add_idx_reg
59.33598,59.33738,0.0014000000000038426,3999.929758731213,bench_add_idx_reg
59.5376,59.539,0.0014000000000038426,4029.6344296193774,bench_add_idx_reg
59.73922,59.74062,0.0013999999999967372,4020.8841604082886,bench_add_idx_reg
59.94084,59.94224,0.0013999999999967372,4013.4764136644285,bench_add_idx_reg
60.14246,60.14386,0.0013999999999967372,4007.303733369395,bench_add_idx_reg
60.34406,60.34546,0.0014000000000038426,4022.2106827532316,bench_add_idx_reg
60.54568,60.54708,0.0014000000000038426,4023.371252708236,bench_add_idx_reg
60.7473,60.7487,0.0013999999999967372,4008.9097246428346,bench_add_idx_reg
60.9489,60.95032,0.00141999999999598,4082.6184814670896,bench_add_idx_reg
61.15052,61.15192,0.0013999999999967372,4019.8173839501187,bench_add_idx_reg
61.35212,61.35354,0.0014200000000030855,4076.6134695238106,bench_add_idx_reg
61.55374,61.55514,0.0014000000000038426,4011.2405270458407,bench_add_idx_reg
61.75534,61.75676,0.0014200000000030855,4076.860854412312,bench_add_idx_reg
61.95694,61.95836,0.00141999999999598,4080.3224663127944,bench_add_idx_reg
62.15856,62.15996,0.0013999999999967372,4017.2798768519424,bench_add_idx_reg
62.36016,62.36156,0.0013999999999967372,4012.2825954943505,bench_add_idx_reg
62.56176,62.56316,0.0014000000000038426,4012.5766256933844,bench_add_idx_reg
62.76336,62.76478,0.0014200000000030855,4073.43651867474,bench_add_idx_reg
62.96498,62.96638,0.0014000000000038426,4017.7912125482444,bench_add_idx_reg
63.16658,63.16798,0.0013999999999967372,4012.8758852272153,bench_add_idx_reg
63.36818,63.36958,0.0013999999999967372,4005.8832918194607,bench_add_idx_reg
63.56978,63.57118,0.0013999999999967372,4029.7852246923653,bench_add_idx_reg
63.77138,63.7728,0.00141999999999598,4072.0266546004764,bench_add_idx_reg
63.973,63.9744,0.0014000000000038426,4016.939813747831,bench_add_idx_reg
64.1746,64.176,0.0014000000000038426,4015.298485767153,bench_add_idx_reg
64.3762,64.3776,0.0014000000000038426,4024.891543679543,bench_add_idx_reg
64.57782,64.57922,0.0014000000000038426,4005.5799577479693,bench_add_idx_reg
64.77942,64.78082,0.0014000000000038426,4008.077152548834,bench_add_idx_reg
64.98102,64.98242,0.0014000000000038426,4015.525518928267,bench_add_idx_reg
65.18262,65.18402,0.0014000000000038426,4019.6860791293943,bench_add_idx_reg
65.38422,65.38562,0.0014000000000038426,3999.1817087978466,bench_add_idx_reg
65.58582,65.58722,0.0014000000000038426,4004.3037058894797,bench_add_idx_reg
65.78742,65.78882,0.0014000000000038426,4010.552978154934,bench_add_idx_reg
65.98902,65.99042,0.0014000000000038426,4000.572592497186,bench_add_idx_reg
66.1906,66.19202,0.00141999999999598,4075.910563102394,bench_add_idx_reg
66.3922,66.3936,0.0014000000000038426,4014.469350232378,bench_add_idx_reg
66.5938,66.5952,0.0014000000000038426,4016.134028799376,bench_add_idx_reg
66.7954,66.7968,0.0014000000000038426,4015.5737497956566,bench_add_idx_reg
66.99698,66.9984,0.0014200000000101909,4071.6881840804035,bench_add_idx_reg
67.19858,67.2,0.00141999999999598,4077.263204367183,bench_add_idx_reg
67.40018,67.4016,0.00141999999999598,4052.2949024903664,bench_add_idx_reg
67.60178,67.60318,0.0013999999999896318,4021.8146028613883,bench_add_idx_reg
67.80338,67.80478,0.0013999999999896318,4011.2594538053822,bench_add_idx_reg
68.00498,68.00638,0.0013999999999896318,4016.0569315461858,bench_add_idx_reg
68.20658,68.20798,0.0014000000000038426,4004.783837599801,bench_add_idx_reg
68.40818,68.40958,0.0014000000000038426,4015.133413496603,bench_add_idx_reg
68.60978,68.61118,0.0014000000000038426,4002.9910276759265,bench_add_idx_reg
68.81138,68.81278,0.0014000000000038426,4005.1268111095146,bench_add_idx_reg
69.01296,69.01438,0.00141999999999598,4067.429183037885,bench_add_idx_reg
69.21458,69.21598,0.0014000000000038426,4010.06978006356,bench_add_idx_reg
69.41616,69.41758,0.00141999999999598,4075.161709902535,bench_add_idx_reg
69.61778,69.61918,0.0014000000000038426,4021.434364851955,bench_add_idx_reg
69.81938,69.82078,0.0014000000000038426,4015.023796831056,bench_add_idx_reg
70.02098,70.02238,0.0014000000000038426,3997.915531520632,bench_add_idx_reg
70.22258,70.22398,0.0014000000000038426,4079.9982473383498,bench_add_sym_reg
70.42418,70.42558,0.0013999999999896318,4103.848615163499,bench_add_sym_reg
70.62578,70.62718,0.0013999999999896318,4109.85120801786,bench_add_sym_reg
70.82738,70.82878,0.0013999999999896318,4112.965932549746,bench_add_sym_reg
71.029,71.0304,0.0014000000000038426,4101.165428303847,bench_add_sym_reg
71.2306,71.232,0.0014000000000038426,4108.66731546207,bench_add_sym_reg
71.4322,71.4336,0.0014000000000038426,4096.110390977219,bench_add_sym_reg
71.63378,71.63518,0.0014000000000038426,4099.019209399366,bench_add_sym_reg
71.83538,71.83678,0.0014000000000038426,4104.213872935593,bench_add_sym_reg
72.03698,72.03838,0.0014000000000038426,4106.7898646111935,bench_add_sym_reg
72.23858,72.23998,0.0014000000000038426,4114.552706026245,bench_add_sym_reg
72.44018,72.44158,0.0014000000000038426,4106.227464519753,bench_add_sym_reg
72.64178,72.64318,0.0014000000000038426,4088.606943853879,bench_add_sym_reg
72.84338,72.84478,0.0014000000000038426,4092.3679270901303,bench_add_sym_reg
73.04498,73.04638,0.0014000000000038426,4092.572384992153,bench_add_sym_reg
73.24658,73.24798,0.0014000000000038426,4107.674704876843,bench_add_sym_reg
73.44818,73.44958,0.0014000000000038426,4116.037341312776,bench_add_sym_reg
73.64978,73.65118,0.0013999999999896318,4107.30334461189,bench_add_sym_reg
73.85138,73.85278,0.0013999999999896318,4087.142001339635,bench_add_sym_reg
74.05298,74.05438,0.0013999999999896318,4106.655255859073,bench_add_sym_reg
74.2546,74.256,0.0014000000000038426,4096.759713732023,bench_add_sym_reg
74.4562,74.4576,0.0014000000000038426,4083.853799396447,bench_add_sym_reg
74.6578,74.6592,0.0014000000000038426,4103.117506032019,bench_add_sym_reg
74.8594,74.8608,0.0014000000000038426,4106.927693367994,bench_add_sym_reg
75.061,75.0624,0.0013999999999896318,4089.462750094396,bench_add_sym_reg
75.2626,75.264,0.0013999999999896318,4089.4400770451866,bench_add_sym_reg
75.4642,75.4656,0.0013999999999896318,4085.042646589765,bench_add_sym_reg
75.6658,75.6672,0.0013999999999896318,4091.6070202049136,bench_add_sym_reg
75.86738,75.86878,0.0014000000000038426,4093.1200469030928,bench_add_sym_reg
76.06898,76.07038,0.0014000000000038426,4093.198934581907,bench_add_sym_reg
76.27058,76.27198,0.0014000000000038426,4092.3463599878505,bench_add_sym_reg
76.47218,76.47358,0.0014000000000038426,4092.4656344702835,bench_add_sym_reg
76.67378,76.67518,0.0014000000000038426,4089.8063290061664,bench_add_sym_reg
76.8754,76.8768,0.0014000000000038426,4083.9235275171723,bench_add_sym_reg
77.077,77.0784,0.0014000000000038426,4075.6004909165367,bench_add_sym_reg
77.2786,77.28,0.0014000000000038426,4076.726059440876,bench_add_sym_reg
77.4802,77.4816,0.0014000000000038426,4079.4494096303656,bench_add_sym_reg
77.6818,77.6832,0.0014000000000038426,4091.987658769636,bench_add_sym_reg
77.8834,77.8848,0.0014000000000038426,4082.91187138588,bench_add_sym_reg
78.085,78.0864,0.0014000000000038426,4076.118334209249,bench_add_sym_reg
78.2866,78.288,0.0013999999999896318,4093.691566927494,bench_add_sym_reg
78.4882,78.4896,0.0013999999999896318,4080.3618449398646,bench_add_sym_reg
78.68982,78.69122,0.0014000000000038426,4083.240719058132,bench_add_sym_reg
78.89142,78.89282,0.0014000000000038426,4080.5270872203378,bench_add_sym_reg
79.09302,79.09442,0.0014000000000038426,4089.655859873376,bench_add_sym_reg
79.29464,79.29604,0.0014000000000038426,4088.1739161078476,bench_add_sym_reg
79.49624,79.49764,0.0014000000000038426,4089.257514581132,bench_add_sym_reg
79.69786,79.69926,0.0013999999999896318,4077.199671851307,bench_add_sym_reg
79.89946,79.90086,0.0013999999999896318,4080.2355645831385,bench_add_sym_reg
80.10108,80.10248,0.0014000000000038426,4079.066813004243,bench_add_sym_reg
80.30268,80.30408,0.0014000000000038426,4088.2884990543043,bench_add_sym_reg
80.50428,80.50568,0.0014000000000038426,4069.3739731927226,bench_add_sym_reg
80.70588,80.70728,0.0014000000000038426,4081.339447305981,bench_add_sym_reg
80.90748,80.90888,0.0013999999999896318,4085.0391401591132,bench_add_sym_reg
81.10908,81.11048,0.0013999999999896318,4079.26643729728,bench_add_sym_reg
81.3107,81.3121,0.0014000000000038426,4086.796434141913,bench_add_sym_reg
81.5123,81.5137,0.0014000000000038426,4057.791919924375,bench_add_sym_reg
81.7139,81.7153,0.0014000000000038426,4081.692958728296,bench_add_sym_reg
81.9155,81.9169,0.0014000000000038426,4081.3494124569384,bench_add_sym_reg
82.11712,82.11852,0.0014000000000038426,4084.740781702612,bench_add_sym_reg
82.31872,82.32012,0.0014000000000038426,4072.0757702484293,bench_add_sym_reg
82.52034,82.52174,0.0013999999999896318,4061.2143650333255,bench_add_sym_reg
82.72194,82.72334,0.0013999999999896318,4075.1751488698305,bench_add_sym_reg
82.92356,82.92496,0.0014000000000038426,4062.9941388151933,bench_add_sym_reg
83.12516,83.12656,0.0014000000000038426,4080.7488956613242,bench_add_sym_reg
83.32676,83.32816,0.0014000000000038426,4076.226891496802,bench_add_sym_reg
83.52836,83.52976,0.0013999999999896318,4070.009868560196,bench_add_sym_reg
83.72996,83.73136,0.0013999999999896318,4073.7203182337394,bench_add_sym_reg
83.93156,83.93296,0.0013999999999896318,4066.6264830771865,bench_add_sym_reg
84.13318,84.13458,0.0014000000000038426,4069.4919298525815,bench_add_sym_reg
84.33478,84.33618,0.0014000000000038426,4074.6243810402293,bench_add_sym_reg
84.53638,84.53778,0.0014000000000038426,4090.9758769103933,bench_add_sym_reg
84.738,84.7394,0.0014000000000038426,4067.6590055338015,bench_add_sym_reg
84.9396,84.941,0.0014000000000038426,4078.463341586676,bench_add_sym_reg
85.14122,85.14262,0.0013999999999896318,4071.883452093633,bench_add_sym_reg
85.34282,85.34422,0.0014000000000038426,4065.902628946381,bench_add_sym_reg
85.54444,85.54584,0.0014000000000038426,4053.8113773928244,bench_add_sym_reg
85.74604,85.74744,0.0014000000000038426,4065.206358221577,bench_add_sym_reg
85.94766,85.94906,0.0014000000000038426,4065.1245880986226,bench_add_sym_reg
86.14928,86.15068,0.0013999999999896318,4058.7727748473612,bench_add_sym_reg
86.35088,86.35228,0.0013999999999896318,4076.6097278956227,bench_add_sym_reg
86.5525,86.5539,0.0014000000000038426,4053.362263378728,bench_add_sym_reg
86.75412,86.75552,0.0014000000000038426,4060.651869524902,bench_add_sym_reg
86.95572,86.95712,0.0014000000000038426,4063.287973415546,bench_add_sym_reg
87.15732,87.15872,0.0014000000000038426,4065.613804862581,bench_add_sym_reg
87.35892,87.36032,0.0014000000000038426,4086.945364263376,bench_add_sym_reg
87.56052,87.56192,0.0014000000000038426,4072.9579562438253,bench_add_sym_reg
87.76214,87.76354,0.0014000000000038426,4065.1637688381634,bench_add_sym_reg
87.96374,87.96514,0.0014000000000038426,4059.061296294697,bench_add_sym_reg
88.16536,88.16676,0.0013999999999896318,4067.6757855947285,bench_add_sym_reg
88.36696,88.36836,0.0013999999999896318,4062.824833640649,bench_add_sym_reg
88.56858,88.56998,0.0014000000000038426,4063.6747772920044,bench_add_sym_reg
88.77018,88.77158,0.0014000000000038426,4054.7357197035813,bench_add_sym_reg
88.9718,88.9732,0.0014000000000038426,4071.442310243224,bench_add_sym_reg
89.1734,89.1748,0.0014000000000038426,4063.5933424452514,bench_add_sym_reg
89.37502,89.37642,0.0013999999999896318,4073.8608990475327,bench_add_sym_reg
89.57662,89.57802,0.0013999999999896318,4060.891752565107,bench_add_sym_reg
89.77824,89.77964,0.0014000000000038426,4064.118077523993,bench_add_sym_reg
89.97984,89.98124,0.0014000000000038426,4049.1245058482946,bench_add_sym_reg
90.18144,90.18284,0.0014000000000038426,4051.9700129637395,bench_add_sym_reg
90.38304,90.38444,0.0014000000000038426,3974.1712855308006,bench_add_abs_reg
90.58464,90.58604,0.0014000000000038426,3963.6291284243775,bench_add_abs_reg
90.78624,90.78766,0.00141999999999598,4013.7083432504105,bench_add_abs_reg
90.98786,90.98926,0.0014000000000038426,3974.0602742064866,bench_add_abs_reg
91.18946,91.19086,0.0014000000000038426,3966.680781461762,bench_add_abs_reg
91.39106,91.39248,0.0014200000000101909,4024.7141407165286,bench_add_abs_reg
91.59268,91.59408,0.0014000000000038426,3969.523618007508,bench_add_abs_reg
91.79428,91.79568,0.0014000000000038426,3978.428093261824,bench_add_abs_reg
91.9959,91.9973,0.0013999999999896318,3968.688920109242,bench_add_abs_reg
92.1975,92.1989,0.0013999999999896318,3961.7251860594906,bench_add_abs_reg
92.3991,92.40052,0.00141999999999598,4021.964280387568,bench_add_abs_reg
92.60072,92.60212,0.0014000000000038426,3958.359770489876,bench_add_abs_reg
92.80234,92.80374,0.0014000000000038426,3973.8567499545265,bench_add_abs_reg
93.00394,93.00534,0.0014000000000038426,3969.9651021624236,bench_add_abs_reg
93.20556,93.20696,0.0013999999999896318,3952.559775176167,bench_add_abs_reg
93.40716,93.40856,0.0013999999999896318,3959.0830728102856,bench_add_abs_reg
93.60876,93.61018,0.00141999999999598,4026.833265075878,bench_add_abs_reg
93.81038,93.81178,0.0014000000000038426,3961.6748923549835,bench_add_abs_reg
94.01198,94.01338,0.0014000000000038426,3964.636349132375,bench_add_abs_reg
94.21358,94.21498,0.0014000000000038426,3985.7511990839425,bench_add_abs_reg
94.41518,94.41658,0.0013999999999896318,3962.9905833554094,bench_add_abs_reg
94.61678,94.61818,0.0013999999999896318,3953.7232368865884,bench_add_abs_reg
94.81838,94.81978,0.0013999999999896318,3957.977290234423,bench_add_abs_reg
95.01998,95.02138,0.0013999999999896318,3973.1658901705546,bench_add_abs_reg
95.22158,95.22298,0.0014000000000038426,3969.9145569560933,bench_add_abs_reg
95.42318,95.42458,0.0014000000000038426,3960.52601981,bench_add_abs_reg
95.62478,95.62618,0.0014000000000038426,3956.42613527485,bench_add_abs_reg
95.82638,95.82778,0.0014000000000038426,3949.1681289047765,bench_add_abs_reg
96.02798,96.02938,0.0014000000000038426,3956.885850068689,bench_add_abs_reg
96.22958,96.23098,0.0014000000000038426,3965.862800844464,bench_add_abs_reg
96.43118,96.43258,0.0014000000000038426,3961.7600082525055,bench_add_abs_reg
96.63278,96.63418,0.0014000000000038426,3968.0241583964307,bench_add_abs_reg
96.83438,96.83578,0.0014000000000038426,3950.719095312585,bench_add_abs_reg
97.03598,97.03738,0.0014000000000038426,3957.7697846223823,bench_add_abs_reg
97.23758,97.23898,0.0014000000000038426,3956.3185302669413,bench_add_abs_reg
97.43918,97.44058,0.0014000000000038426,3967.7350665572503,bench_add_abs_reg
97.64078,97.64218,0.0013999999999896318,3958.7462879416125,bench_add_abs_reg
97.84236,97.84376,0.0014000000000038426,3949.9940630157535,bench_add_abs_reg
98.04396,98.04536,0.0014000000000038426,3953.126254503343,bench_add_abs_reg
98.24556,98.24696,0.0014000000000038426,3959.7783540490227,bench_add_abs_reg
98.44716,98.44856,0.0014000000000038426,3955.172188591424,bench_add_abs_reg
98.64878,98.65018,0.0014000000000038426,3959.299575082137,bench_add_abs_reg
98.85038,98.85178,0.0014000000000038426,3969.701940669648,bench_add_abs_reg
99.05198,99.05338,0.0014000000000038426,3962.270058702063,bench_add_abs_reg
99.25358,99.255,0.00141999999999598,4018.867760885693,bench_add_abs_reg
99.4552,99.4566,0.0013999999999896318,3972.391074026876,bench_add_abs_reg
99.6568,99.6582,0.0013999999999896318,3961.208239166754,bench_add_abs_reg
99.8584,99.8598,0.0014000000000038426,3958.765068101278,bench_add_abs_reg
100.06,100.0614,0.0014000000000038426,3961.5242299722495,bench_add_abs_reg
100.26162,100.26302,0.0014000000000038426,3964.363220160583,bench_add_abs_reg
100.46322,100.46462,0.0013999999999896318,3965.3711276745917,bench_add_abs_reg
100.66484,100.66624,0.0014000000000038426,3950.079204526272,bench_add_abs_reg
100.86644,100.86784,0.0014000000000038426,3969.2496019531904,bench_add_abs_reg
101.06806,101.06946,0.0014000000000038426,3944.4996952173065,bench_add_abs_reg
101.26966,101.27108,0.00141999999999598,4011.033703560883,bench_add_abs_reg
101.47128,101.47268,0.0014000000000038426,3965.087977716332,bench_add_abs_reg
101.6729,101.6743,0.0014000000000038426,3954.090708878314,bench_add_abs_reg
101.8745,101.87592,0.00141999999999598,4018.96472087901,bench_add_abs_reg
102.07612,102.07752,0.0014000000000038426,3963.412952153654,bench_add_abs_reg
102.27774,102.27914,0.0014000000000038426,3959.030427517379,bench_add_abs_reg
102.47934,102.48074,0.0014000000000038426,3951.563038876123,bench_add_abs_reg
102.68094,102.68234,0.0013999999999896318,3961.6237766727586,bench_add_abs_reg
102.88256,102.88396,0.0014000000000038426,3948.1856767201116,bench_add_abs_reg
103.08418,103.08558,0.0013999999999896318,3952.1091291382004,bench_add_abs_reg
103.28578,103.28718,0.0014000000000038426,3945.251831328312,bench_add_abs_reg
103.4874,103.4888,0.0014000000000038426,3954.05596123472,bench_add_abs_reg
103.689,103.6904,0.0014000000000038426,3963.7251361404315,bench_add_abs_reg
103.89062,103.89202,0.0014000000000038426,3964.402421854126,bench_add_abs_reg
104.09224,104.09364,0.0013999999999896318,3957.1924996256075,bench_add_abs_reg
104.29386,104.29526,0.0014000000000038426,3963.4508569841464,bench_add_abs_reg
104.49546,104.49686,0.0014000000000038426,3948.5624432690515,bench_add_abs_reg
104.69706,104.69846,0.0014000000000038426,3942.1567577071673,bench_add_abs_reg
104.89868,104.90008,0.0014000000000038426,3959.1504191168,bench_add_abs_reg
105.1003,105.1017,0.0013999999999896318,3956.6704840092266,bench_add_abs_reg
105.3019,105.3033,0.0013999999999896318,3962.8481492095448,bench_add_abs_reg
105.50352,105.50492,0.0014000000000038426,3951.7925540102788,bench_add_abs_reg
105.70514,105.70654,0.0014000000000038426,3959.944820973711,bench_add_abs_reg
105.90674,105.90814,0.0014000000000038426,3959.693987864846,bench_add_abs_reg
106.10836,106.10976,0.0013999999999896318,3958.663332710516,bench_add_abs_reg
106.30998,106.31138,0.0014000000000038426,3959.575644706303,bench_add_abs_reg
106.5116,106.513,0.0014000000000038426,3957.0821472549596,bench_add_abs_reg
106.7132,106.7146,0.0014000000000038426,3952.690013695291,bench_add_abs_reg
106.9148,106.9162,0.0014000000000038426,3951.378765061306,bench_add_abs_reg
107.1164,107.1178,0.0014000000000038426,3959.6005552557917,bench_add_abs_reg
107.318,107.3194,0.0014000000000038426,3977.4088421950582,bench_add_abs_reg
107.5196,107.521,0.0014000000000038426,3946.0676396382546,bench_add_abs_reg
107.7212,107.7226,0.0014000000000038426,3953.064824466076,bench_add_abs_reg
107.92282,107.92422,0.0014000000000038426,3945.1136416858885,bench_add_abs_reg
108.12442,108.12582,0.0014000000000038426,3956.2580711321125,bench_add_abs_reg
108.32602,108.32742,0.0014000000000038426,3958.963728520848,bench_add_abs_reg
108.52762,108.52902,0.0014000000000038426,3951.2305427459833,bench_add_abs_reg
108.7292,108.7306,0.0013999999999896318,3960.2108392554906,bench_add_abs_reg
108.9308,108.9322,0.0013999999999896318,3953.1937590490825,bench_add_abs_reg
109.1324,109.1338,0.0013999999999896318,3965.3566945036737,bench_add_abs_reg
109.334,109.3354,0.0014000000000038426,3962.51401632148,bench_add_abs_reg
109.53562,109.53702,0.0014000000000038426,3961.436508700425,bench_add_abs_reg
109.73722,109.73862,0.0014000000000038426,3960.930814513229,bench_add_abs_reg
109.93882,109.94022,0.0013999999999896318,3949.097173723255,bench_add_abs_reg
110.14042,110.14182,0.0013999999999896318,3962.637826303574,bench_add_abs_reg
110.34202,110.34342,0.0013999999999896318,3964.910476903913,bench_add_abs_reg
110.54362,110.54444,0.000819999999990273,2576.874748307507,bench_add_ind_reg
110.74464,110.74544,0.0007999999999981355,2501.224207220157,bench_add_ind_reg
110.94564,110.94646,0.0008200000000044838,2582.3595095564356,bench_add_ind_reg
111.14666,111.14746,0.0007999999999981355,2519.9771323181803,bench_add_ind_reg
111.34766,111.34848,0.000819999999990273,2562.715369246128,bench_add_ind_reg
111.54868,111.54948,0.0007999999999981355,2504.2296061235493,bench_add_ind_reg
111.74968,111.7505,0.0008200000000044838,2575.1036615252724,bench_add_ind_reg
111.9507,111.95152,0.0008200000000044838,2573.4260142924286,bench_add_ind_reg
112.1517,112.15252,0.000819999999990273,2571.8779815060834,bench_add_ind_reg
112.35272,112.35354,0.000819999999990273,2564.9976776603585,bench_add_ind_reg
112.55374,112.55454,0.0007999999999981355,2502.0016869475958,bench_add_ind_reg
112.75474,112.75556,0.0008200000000044838,2573.8725229308698,bench_add_ind_reg
112.95576,112.95656,0.0007999999999981355,2523.996133817356,bench_add_ind_reg
113.15676,113.15758,0.000819999999990273,2560.815899602049,bench_add_ind_reg
113.35778,113.35858,0.0007999999999981355,2522.482397029248,bench_add_ind_reg
113.55878,113.55958,0.0007999999999981355,2520.2031945749554,bench_add_ind_reg
113.75978,113.7606,0.000819999999990273,2585.0002560459093,bench_add_ind_reg
113.9608,113.9616,0.0007999999999981355,2518.477942788949,bench_add_ind_reg
114.1618,114.16262,0.0008200000000044838,2588.3643143018544,bench_add_ind_reg
114.36282,114.36362,0.0007999999999981355,2580.7445403129996,bench_add_ind_reg
114.56382,114.56464,0.000819999999990273,2657.32899770709,bench_add_ind_reg
114.76484,114.76566,0.000819999999990273,2574.1888675528776,bench_add_ind_reg
114.96586,114.96666,0.0007999999999981355,2538.812290871605,bench_add_ind_reg
115.16686,115.16768,0.0008200000000044838,2604.8532477722915,bench_add_ind_reg
115.36788,115.3687,0.0008200000000044838,2595.9148607360776,bench_add_ind_reg
115.5689,115.56972,0.0008200000000044838,2577.00427436793,bench_add_ind_reg
115.76992,115.77074,0.0008200000000044838,2576.062111197936,bench_add_ind_reg
115.97094,115.97174,0.0007999999999981355,2504.531668958475,bench_add_ind_reg
116.17194,116.17276,0.000819999999990273,2584.3588960984584,bench_add_ind_reg
116.37296,116.37378,0.000819999999990273,2565.237379136427,bench_add_ind_reg
116.57398,116.57478,0.0007999999999981355,2512.520453886936,bench_add_ind_reg
116.77498,116.7758,0.0008200000000044838,2583.033707938424,bench_add_ind_reg
116.976,116.97682,0.0008200000000044838,2568.2281493351275,bench_add_ind_reg
117.17702,117.17782,0.0007999999999981355,2515.9415067116747,bench_add_ind_reg
117.37802,117.37884,0.000819999999990273,2573.8827557928375,bench_add_ind_reg
117.57904,117.57986,0.000819999999990273,2567.509992483538,bench_add_ind_reg
117.78006,117.78086,0.0007999999999981355,2501.0819151010573,bench_add_ind_reg
117.98108,117.98188,0.0007999999999981355,2497.937120491054,bench_add_ind_reg
118.18208,118.1829,0.0008200000000044838,2550.7122744014264,bench_add_ind_reg
118.3831,118.3839,0.0007999999999981355,2483.060986263755,bench_add_ind_reg
118.5841,118.58492,0.000819999999990273,2525.357718083303,bench_add_ind_reg
118.78512,118.78592,0.0007999999999981355,2472.292904271502,bench_add_ind_reg
118.98612,118.98694,0.0008200000000044838,2573.3236922093297,bench_add_ind_reg
119.18714,119.18796,0.0008200000000044838,2572.194400723184,bench_add_ind_reg
119.38816,119.38896,0.0007999999999981355,2483.7737367429604,bench_add_ind_reg
119.58916,119.58998,0.000819999999990273,2533.7413791267995,bench_add_ind_reg
119.79018,119.79098,0.0007999999999981355,2454.5439472363737,bench_add_ind_reg
119.99118,119.992,0.0008200000000044838,2495.2192767656165,bench_add_ind_reg
120.1922,120.19302,0.0008200000000044838,2498.4201789037556,bench_add_ind_reg
120.39322,120.39402,0.0007999999999981355,2434.615350788361,bench_add_ind_reg
120.59422,120.59504,0.000819999999990273,2490.5441491567913,bench_add_ind_reg
120.79524,120.79604,0.0007999999999981355,2435.126679478088,bench_add_ind_reg
120.99624,120.99706,0.0008200000000044838,2536.441481220561,bench_add_ind_reg
121.19726,121.19806,0.0007999999999981355,2470.464464271389,bench_add_ind_reg
121.39826,121.39908,0.0008200000000044838,2550.4003116067033,bench_add_ind_reg
121.59928,121.60008,0.0008000000000123464,2783.512910870852,bench_add_ind_reg
121.80028,121.8011,0.0008200000000044838,3825.138006380123,bench_add_ind_reg
122.00128,122.0021,0.0008200000000044838,3020.4332480373632,bench_add_ind_reg
122.2023,122.2031,0.0008000000000123464,2930.1660578216365,bench_add_ind_reg
122.4033,122.40412,0.0008200000000044838,2580.456496230693,bench_add_ind_reg
122.6043,122.60512,0.0008200000000044838,2546.7067631098985,bench_add_ind_reg
122.80532,122.80612,0.0008000000000123464,2532.037217209243,bench_add_ind_reg
123.00632,123.00714,0.0008200000000044838,2655.6668919654758,bench_add_ind_reg
123.20734,123.20816,0.0008200000000044838,2591.734183966568,bench_add_ind_reg
123.40836,123.40916,0.0007999999999981355,2504.5976764464317,bench_add_ind_reg
123.60936,123.61018,0.0008200000000044838,2585.1728301639664,bench_add_ind_reg
123.81036,123.81118,0.000819999999990273,2594.7603769296607,bench_add_ind_reg
124.01138,124.01218,0.0007999999999981355,2534.6668204231996,bench_add_ind_reg
124.21238,124.2132,0.0008200000000044838,2643.9366373379326,bench_add_ind_reg
124.41338,124.4142,0.000819999999990273,2631.6229509808372,bench_add_ind_reg
124.6144,124.61522,0.000819999999990273,2604.8550987309386,bench_add_ind_reg
124.81542,124.81622,0.0007999999999981355,2537.861214944687,bench_add_ind_reg
125.01644,125.01724,0.0007999999999981355,2530.8664701819644,bench_add_ind_reg
125.21744,125.21826,0.0008200000000044838,3630.237593335481,bench_add_ind_reg
125.41846,125.41928,0.0008200000000044838,3623.750996795678,bench_add_ind_reg
125.61948,125.6203,0.0008200000000044838,3290.299172531095,bench_add_ind_reg
125.8205,125.8213,0.0007999999999981355,2875.011954449549,bench_add_ind_reg
126.0215,126.02232,0.000819999999990273,2744.5159712482437,bench_add_ind_reg
126.22252,126.22332,0.0007999999999981355,2610.603575588526,bench_add_ind_reg
126.42352,126.42434,0.0008200000000044838,2635.0513077485607,bench_add_ind_reg
126.62454,126.62536,0.0008200000000044838,2657.183492570878,bench_add_ind_reg
126.82556,126.82636,0.0007999999999981355,2627.0449301165695,bench_add_ind_reg
127.02656,127.02738,0.000819999999990273,2670.008570390133,bench_add_ind_reg
127.22758,127.2284,0.000819999999990273,2633.734801752855,bench_add_ind_reg
127.42862,127.42942,0.0007999999999981355,2558.811202173054,bench_add_ind_reg
127.62964,127.63046,0.0008200000000044838,2606.11384642759,bench_add_ind_reg
127.83066,127.83148,0.0008200000000044838,2600.027085296096,bench_add_ind_reg
128.03168,128.0325,0.0008200000000044838,2590.1844538883756,bench_add_ind_reg
128.2327,128.23352,0.0008200000000044838,2587.5229877564607,bench_add_ind_reg
128.43372,128.43454,0.0008200000000044838,2600.7568510380943,bench_add_ind_reg
128.63474,128.63556,0.0008200000000044838,2586.878296001813,bench_add_ind_reg
128.83576,128.83656,0.0007999999999981355,2518.227384419688,bench_add_ind_reg
129.03678,129.03758,0.0007999999999981355,2519.1606348312785,bench_add_ind_reg
129.2378,129.2386,0.0007999999999981355,2526.792276179337,bench_add_ind_reg
129.43882,129.43962,0.0007999999999981355,2526.1478708061286,bench_add_ind_reg
129.63984,129.64064,0.0007999999999981355,2532.8067201129793,bench_add_ind_reg
129.84086,129.84166,0.0007999999999981355,2521.4896164770207,bench_add_ind_reg
130.04188,130.0427,0.0008200000000044838,2597.9113276260164,bench_add_ind_reg
130.2429,130.24372,0.0008200000000044838,2595.37475650658,bench_add_ind_reg
130.44392,130.44474,0.0008200000000044838,2588.6211381432868,bench_add_ind_reg
130.64496,130.64578,0.0008200000000044838,2651.682773153851,bench_add_aut_reg
130.846,130.8468,0.0007999999999981355,2565.616283093926,bench_add_aut_reg
131.04702,131.04784,0.0008200000000044838,2651.5195449026623,bench_add_aut_reg
131.24806,131.24886,0.0007999999999981355,2570.2835898791554,bench_add_aut_reg
131.44908,131.4499,0.0008200000000044838,2648.3805710613474,bench_add_aut_reg
131.6501,131.65092,0.0008200000000044838,2638.2084121144053,bench_add_aut_reg
131.85114,131.85196,0.0008200000000044838,2632.7382936284653,bench_add_aut_reg
132.05216,132.05298,0.0008200000000044838,2629.7903177468006,bench_add_aut_reg
132.2532,132.254,0.0007999999999981355,2566.0062697656695,bench_add_aut_reg
132.45422,132.45504,0.0008200000000044838,2638.1888031160065,bench_add_aut_reg
132.65524,132.65606,0.0008200000000044838,2635.656816433615,bench_add_aut_reg
132.85628,132.85708,0.0007999999999981355,2571.3450740965714,bench_add_aut_reg
133.0573,133.0581,0.0007999999999981355,2567.2389916072093,bench_add_aut_reg
133.25832,133.25914,0.0008200000000044838,2641.6106824902017,bench_add_aut_reg
133.45934,133.46016,0.0008200000000044838,2633.401881917588,bench_add_aut_reg
133.66038,133.66118,0.0007999999999981355,2577.2718293530825,bench_add_aut_reg
133.8614,133.8622,0.0007999999999981355,2573.80516733491,bench_add_aut_reg
134.06242,134.06324,0.0008200000000044838,2639.6914990766877,bench_add_aut_reg
134.26344,134.26426,0.0008200000000044838,2648.262854215187,bench_add_aut_reg
134.46446,134.46528,0.0008200000000044838,2645.1163063898894,bench_add_aut_reg
134.66548,134.6663,0.0008200000000044838,2632.428221420143,bench_add_aut_reg
134.86652,134.86732,0.0007999999999981355,2579.5907061504386,bench_add_aut_reg
135.06754,135.06834,0.0007999999999981355,2570.1812119168785,bench_add_aut_reg
135.26856,135.26938,0.0008200000000044838,2636.6712106538625,bench_add_aut_reg
135.46958,135.4704,0.0008200000000044838,2639.1384517919555,bench_add_aut_reg
135.67062,135.67142,0.0007999999999981355,2562.6489752845173,bench_add_aut_reg
135.87164,135.87246,0.0008199999999760621,2633.763081318803,bench_add_aut_reg
136.07266,136.07348,0.0008199999999760621,2641.101935802543,bench_add_aut_reg
136.27368,136.2745,0.0008199999999760621,2641.7298614208253,bench_add_aut_reg
136.47472,136.47552,0.0007999999999981355,2576.396123033151,bench_add_aut_reg
136.67574,136.67656,0.0008200000000044838,2643.309531282177,bench_add_aut_reg
136.87676,136.87758,0.0008200000000044838,2657.8727364674864,bench_add_aut_reg
137.07778,137.0786,0.0008200000000044838,2631.365235441713,bench_add_aut_reg
137.2788,137.27962,0.0008200000000044838,2642.3294842381556,bench_add_aut_reg
137.47982,137.48064,0.0008200000000044838,2642.3348882369187,bench_add_aut_reg
137.68086,137.68166,0.0007999999999981355,2577.2328302207256,bench_add_aut_reg
137.88188,137.8827,0.0008200000000044838,2635.6083434212583,bench_add_aut_reg
138.0829,138.08372,0.0008200000000044838,2647.063939379892,bench_add_aut_reg
138.28392,138.28474,0.0008200000000044838,2646.208782693667,bench_add_aut_reg
138.48494,138.48576,0.0008200000000044838,2634.0505015248746,bench_add_aut_reg
138.68596,138.68678,0.0008200000000044838,2642.2289782332623,bench_add_aut_reg
138.88698,138.8878,0.0008200000000044838,2635.7446820613854,bench_add_aut_reg
139.08802,139.08882,0.0007999999999981355,2583.7417063229627,bench_add_aut_reg
139.28904,139.28984,0.0007999999999981355,2572.2752488157093,bench_add_aut_reg
139.49006,139.49088,0.0008200000000044838,2635.870084646501,bench_add_aut_reg
139.69108,139.6919,0.0008200000000044838,2635.7737416543955,bench_add_aut_reg
139.8921,139.89292,0.0008200000000044838,2639.530280153168,bench_add_aut_reg
140.09312,140.09394,0.0008200000000044838,2635.2465502128307,bench_add_aut_reg
140.29416,140.29496,0.0007999999999981355,2568.500631017256,bench_add_aut_reg
140.49516,140.49598,0.0008200000000044838,2633.3614485480743,bench_add_aut_reg
140.69618,140.697,0.0008200000000044838,2639.355787556551,bench_add_aut_reg
140.8972,140.89802,0.0008200000000044838,2638.80413026997,bench_add_aut_reg
141.09822,141.09904,0.0008200000000044838,2618.184241015168,bench_add_aut_reg
141.29924,141.30006,0.0008200000000044838,2643.656029846251,bench_add_aut_reg
141.50026,141.50108,0.0008200000000044838,2632.5974776549883,bench_add_aut_reg
141.70128,141.7021,0.0008200000000044838,2635.3105926101193,bench_add_aut_reg
141.9023,141.90312,0.0008200000000044838,2637.641909546176,bench_add_aut_reg
142.10334,142.10414,0.0007999999999981355,2563.3744569444466,bench_add_aut_reg
142.30436,142.30518,0.0008200000000044838,2634.372850894499,bench_add_aut_reg
142.50538,142.5062,0.0008200000000044838,2639.6794198219045,bench_add_aut_reg
142.7064,142.70722,0.0008200000000044838,2641.030547689698,bench_add_aut_reg
142.90744,142.90826,0.0008200000000044838,2644.0526801303554,bench_add_aut_reg
143.10848,143.10928,0.0008000000000265572,2577.9822190200257,bench_add_aut_reg
143.3095,143.31032,0.0008199999999760621,2642.8717700013494,bench_add_aut_reg
143.51054,143.51134,0.0007999999999981355,2585.030854672324,bench_add_aut_reg
143.71156,143.71238,0.0008200000000044838,2648.9700004598444,bench_add_aut_reg
143.9126,143.9134,0.0007999999999981355,2572.5338933927433,bench_add_aut_reg
144.11362,144.11444,0.0008200000000044838,2642.153492211886,bench_add_aut_reg
144.31466,144.31546,0.0007999999999981355,2573.9684072264804,bench_add_aut_reg
144.51568,144.51648,0.0007999999999981355,2577.2588793131677,bench_add_aut_reg
144.7167,144.71752,0.0008200000000044838,2633.8651636762766,bench_add_aut_reg
144.91772,144.91854,0.0008200000000044838,2637.8968381478894,bench_add_aut_reg
145.11874,145.11956,0.0008200000000044838,2630.4648630475726,bench_add_aut_reg
145.31976,145.32056,0.0007999999999981355,2575.8949271346833,bench_add_aut_reg
145.52078,145.52158,0.0007999999999981355,2575.965246645201,bench_add_aut_reg
145.7218,145.7226,0.0007999999999981355,2579.7874107898274,bench_add_aut_reg
145.92282,145.92362,0.0007999999999981355,2588.1212740140622,bench_add_aut_reg
146.12384,146.12464,0.0007999999999981355,2561.67939397839,bench_add_aut_reg
146.32486,146.32568,0.0008200000000044838,2635.50912729855,bench_add_aut_reg
146.52588,146.5267,0.0008200000000044838,2628.5223174053317,bench_add_aut_reg
146.7269,146.72772,0.0008200000000044838,2642.810845296525,bench_add_aut_reg
146.92794,146.92874,0.0007999999999981355,2563.190225039442,bench_add_aut_reg
147.12896,147.12976,0.0007999999999981355,2569.7181816148427,bench_add_aut_reg
147.32998,147.33078,0.0007999999999981355,2567.3020607737994,bench_add_aut_reg
147.531,147.5318,0.0007999999999981355,2573.9259202901353,bench_add_aut_reg
147.73202,147.73284,0.0008200000000044838,2637.143423795515,bench_add_aut_reg
147.93304,147.93386,0.0008200000000044838,2631.686211111923,bench_add_aut_reg
148.13406,148.13488,0.0008200000000044838,2651.318591103704,bench_add_aut_reg
148.33508,148.3359,0.0008200000000044838,2649.603313781839,bench_add_aut_reg
148.5361,148.53692,0.0008200000000044838,2667.619944566008,bench_add_aut_reg
148.73712,148.73794,0.0008200000000044838,2653.887995999939,bench_add_aut_reg
148.93814,148.93894,0.0007999999999981355,2605.235518415401,bench_add_aut_reg
149.13914,149.13996,0.0008200000000044838,2663.768087528124,bench_add_aut_reg
149.34016,149.34098,0.0008200000000044838,2651.959343362041,bench_add_aut_reg
149.54118,149.542,0.0008200000000044838,2643.320967923068,bench_add_aut_reg
149.7422,149.74302,0.0008200000000044838,2651.2655010595554,bench_add_aut_reg
149.94322,149.94404,0.0008200000000044838,2650.8538238846395,bench_add_aut_reg
150.14424,150.14506,0.0008200000000044838,2634.1106230534315,bench_add_aut_reg
150.34526,150.34608,0.0008200000000044838,2642.119089155979,bench_add_aut_reg
150.54628,150.5471,0.0008200000000044838,2644.3212782175156,bench_add_aut_reg
150.7473,150.74882,0.0015199999999992997,4588.954581411718,bench_add_reg_idx
150.94904,150.95056,0.0015199999999992997,4569.998618680596,bench_add_reg_idx
151.15076,151.1523,0.001540000000005648,4634.88687762983,bench_add_reg_idx
151.3525,151.35402,0.0015199999999992997,4599.230841266432,bench_add_reg_idx
151.55424,151.55576,0.0015199999999992997,4589.747977440416,bench_add_reg_idx
151.75598,151.7575,0.0015199999999992997,4608.646763953801,bench_add_reg_idx
151.9577,151.95924,0.001540000000005648,4654.527711701674,bench_add_reg_idx
152.15944,152.16098,0.001540000000005648,4642.230833433399,bench_add_reg_idx
152.36118,152.36272,0.001540000000005648,4640.298706963442,bench_add_reg_idx
152.56292,152.56446,0.001540000000005648,4634.475118965399,bench_add_reg_idx
152.76466,152.7662,0.001540000000005648,4641.347052546034,bench_add_reg_idx
152.9664,152.96792,0.0015199999999992997,4583.1338898274735,bench_add_reg_idx
153.16814,153.16966,0.0015199999999992997,4585.882567334506,bench_add_reg_idx
153.36988,153.3714,0.0015199999999992997,4582.781365605175,bench_add_reg_idx
153.57162,153.57314,0.0015199999999992997,4602.173662276354,bench_add_reg_idx
153.77336,153.77488,0.0015199999999992997,4584.868666714619,bench_add_reg_idx
153.9751,153.97662,0.0015199999999992997,4584.075906313057,bench_add_reg_idx
154.17684,154.17836,0.0015199999999992997,4601.506290489765,bench_add_reg_idx
154.37858,154.3801,0.0015199999999992997,4586.08855493031,bench_add_reg_idx
154.58032,154.58184,0.0015199999999992997,4577.917454296746,bench_add_reg_idx
154.78204,154.78358,0.001540000000005648,4643.238834123795,bench_add_reg_idx
154.98378,154.9853,0.0015199999999992997,4562.058399895233,bench_add_reg_idx
155.18552,155.18704,0.0015199999999992997,4548.900490626158,bench_add_reg_idx
155.38724,155.38876,0.0015199999999992997,4564.443617125902,bench_add_reg_idx
155.58898,155.5905,0.0015199999999992997,4577.841344289172,bench_add_reg_idx
155.79072,155.79224,0.0015199999999992997,4583.95953522866,bench_add_reg_idx
155.99244,155.99396,0.0015199999999992997,4592.441595158184,bench_add_reg_idx
156.19418,156.1957,0.0015199999999992997,4597.665804903987,bench_add_reg_idx
156.3959,156.39744,0.0015399999999772263,4643.418148555353,bench_add_reg_idx
156.59764,156.59916,0.0015199999999992997,4569.295172108384,bench_add_reg_idx
156.79938,156.8009,0.0015199999999992997,4583.796181246837,bench_add_reg_idx
157.0011,157.00264,0.001540000000005648,4670.995681098162,bench_add_reg_idx
157.20284,157.20438,0.0015399999999772263,4668.263094429666,bench_add_reg_idx
157.40458,157.40612,0.0015399999999772263,4671.685201976172,bench_add_reg_idx
157.60632,157.60784,0.0015199999999992997,4600.961161773735,bench_add_reg_idx
157.80806,157.80958,0.0015199999999992997,4606.421431522078,bench_add_reg_idx
158.0098,158.01132,0.0015199999999992997,4611.476615531549,bench_add_reg_idx
158.21152,158.21304,0.0015199999999992997,4618.997753130603,bench_add_reg_idx
158.41326,158.41478,0.0015199999999992997,4605.369961351311,bench_add_reg_idx
158.615,158.61652,0.0015199999999992997,4608.752818308389,bench_add_reg_idx
158.81674,158.81826,0.0015199999999992997,4588.598606638739,bench_add_reg_idx
159.01846,159.01998,0.0015199999999992997,4582.620076833288,bench_add_reg_idx
159.2202,159.22172,0.0015199999999992997,4600.757802834621,bench_add_reg_idx
159.42192,159.42346,0.001540000000005648,4681.367781030727,bench_add_reg_idx
159.62366,159.62518,0.0015199999999992997,4593.192506579492,bench_add_reg_idx
159.8254,159.82692,0.0015199999999992997,4600.970763710416,bench_add_reg_idx
160.02712,160.02866,0.001540000000005648,4671.710811107022,bench_add_reg_idx
160.22886,160.2304,0.001540000000005648,4663.792683294502,bench_add_reg_idx
160.4306,160.43214,0.001540000000005648,4635.2165728058135,bench_add_reg_idx
160.63234,160.63386,0.0015199999999992997,4593.026381915767,bench_add_reg_idx
160.83408,160.8356,0.0015199999999992997,4607.430822214041,bench_add_reg_idx
161.03582,161.03734,0.0015199999999992997,4607.5352816833765,bench_add_reg_idx
161.23756,161.23908,0.0015199999999992997,4603.580611289599,bench_add_reg_idx
161.43928,161.44082,0.001540000000005648,4651.066730747802,bench_add_reg_idx
161.64102,161.64254,0.0015199999999992997,4599.512359125619,bench_add_reg_idx
161.84274,161.84426,0.0015199999999992997,4599.191881715058,bench_add_reg_idx
162.04448,162.046,0.0015199999999992997,4599.441017488945,bench_add_reg_idx
162.24622,162.24774,0.0015199999999992997,4599.296776577084,bench_add_reg_idx
162.44794,162.44948,0.001540000000005648,4663.0178368852,bench_add_reg_idx
162.64968,162.65122,0.001540000000005648,4677.696158197188,bench_add_reg_idx
162.85142,162.85294,0.0015199999999992997,4619.049367028385,bench_add_reg_idx
163.05316,163.05468,0.0015199999999992997,4597.037846687892,bench_add_reg_idx
163.25488,163.25642,0.0015399999999772263,4676.43030213522,bench_add_reg_idx
163.45662,163.45814,0.0015199999999992997,4598.234572912061,bench_add_reg_idx
163.65834,163.65988,0.0015399999999772263,4664.851981143472,bench_add_reg_idx
163.86008,163.8616,0.0015199999999992997,4600.960132662134,bench_add_reg_idx
164.0618,164.06332,0.0015199999999992997,4593.663818666854,bench_add_reg_idx
164.26352,164.26506,0.001540000000005648,4670.618362743807,bench_add_reg_idx
164.46526,164.46678,0.0015199999999992997,4628.975857046854,bench_add_reg_idx
164.66698,164.6685,0.0015199999999992997,4618.1659935957,bench_add_reg_idx
164.86872,164.87024,0.0015199999999992997,4607.258485628905,bench_add_reg_idx
165.07044,165.07198,0.001540000000005648,4654.975226167266,bench_add_reg_idx
165.27218,165.2737,0.0015199999999992997,4624.531217849638,bench_add_reg_idx
165.47392,165.47544,0.0015199999999992997,4612.493577879792,bench_add_reg_idx
165.67564,165.67718,0.001540000000005648,4675.0849648566455,bench_add_reg_idx
165.87738,165.87892,0.001540000000005648,4681.1421960785065,bench_add_reg_idx
166.07912,166.08064,0.0015199999999992997,4621.491630092946,bench_add_reg_idx
166.28086,166.28238,0.0015199999999992997,4607.436545192396,bench_add_reg_idx
166.48258,166.48412,0.0015399999999772263,4678.736927382689,bench_add_reg_idx
166.68432,166.68584,0.0015199999999992997,4599.950679107928,bench_add_reg_idx
166.88606,166.88758,0.0015200000000277214,4592.771406837272,bench_add_reg_idx
167.08778,167.08932,0.0015399999999772263,4658.553628180157,bench_add_reg_idx
167.28952,167.29104,0.0015199999999992997,4600.235386748904,bench_add_reg_idx
167.49124,167.49278,0.001540000000005648,4669.04954055137,bench_add_reg_idx
167.69298,167.6945,0.0015199999999992997,4608.243841209833,bench_add_reg_idx
167.8947,167.89624,0.001540000000005648,4658.418130147439,bench_add_reg_idx
168.09644,168.09798,0.001540000000005648,4666.338933184394,bench_add_reg_idx
168.29818,168.2997,0.0015199999999992997,4595.200340261441,bench_add_reg_idx
168.49992,168.50144,0.0015199999999992997,4615.862504575923,bench_add_reg_idx
168.70164,168.70318,0.001540000000005648,4676.773082481769,bench_add_reg_idx
168.90338,168.9049,0.0015199999999992997,4598.663982468252,bench_add_reg_idx
169.10512,169.10664,0.0015199999999992997,4618.700053540518,bench_add_reg_idx
169.30684,169.30838,0.001540000000005648,4668.303721136571,bench_add_reg_idx
169.50858,169.5101,0.0015199999999992997,4616.415838243375,bench_add_reg_idx
169.71032,169.71184,0.0015199999999992997,4624.355679841576,bench_add_reg_idx
169.91206,169.91358,0.0015199999999992997,4616.465868892773,bench_add_reg_idx
170.1138,170.11532,0.0015199999999992997,4627.502220681307,bench_add_reg_idx
170.31552,170.31704,0.0015199999999992997,4596.581389195793,bench_add_reg_idx
170.51726,170.51878,0.0015199999999992997,4596.162284723384,bench_add_reg_idx
170.719,170.72052,0.0015199999999992997,4608.015390112338,bench_add_reg_idx
170.92074,170.92224,0.0014999999999929514,4665.1632780919,bench_add_reg_sym
171.12244,171.12396,0.0015199999999992997,4756.93693151171,bench_add_reg_sym
171.32416,171.32568,0.0015199999999992997,4746.327351310203,bench_add_reg_sym
171.52588,171.52738,0.0014999999999929514,4677.561100085952,bench_add_reg_sym
171.7276,171.72912,0.0015199999999992997,4742.106217890578,bench_add_reg_sym
171.92932,171.93082,0.0015000000000213731,4677.778270627613,bench_add_reg_sym
172.13104,172.13254,0.0014999999999929514,4673.720691330598,bench_add_reg_sym
172.33276,172.33426,0.0014999999999929514,4657.677086049685,bench_add_reg_sym
172.53446,172.53596,0.0014999999999929514,4674.468287244677,bench_add_reg_sym
172.73618,172.73768,0.0015000000000213731,4675.007581312704,bench_add_reg_sym
172.9379,172.9394,0.0014999999999929514,4681.395145576388,bench_add_reg_sym
173.13962,173.14112,0.0014999999999929514,4683.538803343192,bench_add_reg_sym
173.34134,173.34284,0.0014999999999929514,4694.574717410549,bench_add_reg_sym
173.54306,173.54456,0.0014999999999929514,4676.632340975197,bench_add_reg_sym
173.74478,173.74628,0.0015000000000213731,4687.70749640835,bench_add_reg_sym
173.9465,173.948,0.0015000000000213731,4681.683923186134,bench_add_reg_sym
174.1482,174.1497,0.0014999999999929514,4657.456430118461,bench_add_reg_sym
174.34992,174.35142,0.0014999999999929514,4644.494981017393,bench_add_reg_sym
174.55162,174.55312,0.0014999999999929514,4656.76043180217,bench_add_reg_sym
174.75334,174.75484,0.0014999999999929514,4664.425940696451,bench_add_reg_sym
174.95504,174.95656,0.0015199999999992997,4744.498468933417,bench_add_reg_sym
175.15676,175.15826,0.0015000000000213731,4699.6745584267655,bench_add_reg_sym
175.35846,175.35998,0.0015199999999992997,4756.037977055301,bench_add_reg_sym
175.56018,175.56168,0.0014999999999929514,4680.434772722638,bench_add_reg_sym
175.76188,175.7634,0.0015199999999992997,4730.1217494519715,bench_add_reg_sym
175.9636,175.9651,0.0014999999999929514,4669.890908966745,bench_add_reg_sym
176.16532,176.16682,0.0014999999999929514,4665.61215228982,bench_add_reg_sym
176.36702,176.36854,0.0015199999999992997,4737.852169199489,bench_add_reg_sym
176.56874,176.57024,0.0015000000000213731,4657.523452835837,bench_add_reg_sym
176.77046,176.77196,0.0014999999999929514,4671.2621440878065,bench_add_reg_sym
176.97218,176.97368,0.0014999999999929514,4669.3157893373345,bench_add_reg_sym
177.17388,177.1754,0.0015199999999992997,4748.599736483042,bench_add_reg_sym
177.3756,177.3771,0.0015000000000213731,4679.821261737851,bench_add_reg_sym
177.5773,177.57882,0.0015199999999992997,4739.352702160704,bench_add_reg_sym
177.77902,177.78052,0.0014999999999929514,4675.461770944692,bench_add_reg_sym
177.98072,177.98224,0.0015199999999992997,4748.9934414598065,bench_add_reg_sym
178.18244,178.18394,0.0014999999999929514,4692.399390018406,bench_add_reg_sym
178.38416,178.38566,0.0014999999999929514,4707.252150378415,bench_add_reg_sym
178.58588,178.58738,0.0014999999999929514,4695.429154649114,bench_add_reg_sym
178.7876,178.7891,0.0014999999999929514,4671.807717510987,bench_add_reg_sym
178.9893,178.9908,0.0015000000000213731,4672.403137733547,bench_add_reg_sym
179.19102,179.19252,0.0014999999999929514,4681.721189968683,bench_add_reg_sym
179.39274,179.39424,0.0014999999999929514,4680.56954674039,bench_add_reg_sym
179.59444,179.59594,0.0015000000000213731,4685.441781834167,bench_add_reg_sym
179.79614,179.79764,0.0014999999999929514,4678.163859037503,bench_add_reg_sym
179.99786,179.99936,0.0014999999999929514,4682.284591231809,bench_add_reg_sym
180.19958,180.20108,0.0014999999999929514,4688.278301598462,bench_add_reg_sym
180.40128,180.40278,0.0014999999999929514,4674.992400664992,bench_add_reg_sym
180.603,180.6045,0.0014999999999929514,4684.265060328943,bench_add_reg_sym
180.80472,180.80622,0.0014999999999929514,4674.97786272031,bench_add_reg_sym
181.00644,181.00796,0.0015199999999992997,4746.664697301909,bench_add_reg_sym
181.20818,181.20968,0.0014999999999929514,4694.117691810462,bench_add_reg_sym
181.4099,181.4114,0.0014999999999929514,4686.943239044098,bench_add_reg_sym
181.61162,181.61312,0.0015000000000213731,4687.086739645784,bench_add_reg_sym
181.81332,181.81482,0.0014999999999929514,4694.494781993514,bench_add_reg_sym
182.01504,182.01654,0.0014999999999929514,5460.114167045987,bench_add_reg_sym
182.21676,182.21826,0.0014999999999929514,11558.445193748576,bench_add_reg_sym
182.41848,182.41998,0.0015000000000213731,10744.049465435128,bench_add_reg_sym
182.6202,182.6217,0.0014999999999929514,8511.966261972508,bench_add_reg_sym
182.82192,182.82342,0.0014999999999929514,7814.615787902028,bench_add_reg_sym
183.02362,183.02514,0.0015199999999992997,5937.102055174156,bench_add_reg_sym
183.22534,183.22684,0.0015000000000213731,5862.409360791882,bench_add_reg_sym
183.42706,183.42856,0.0014999999999929514,4734.482883918267,bench_add_reg_sym
183.62876,183.63026,0.0014999999999929514,4700.496355049735,bench_add_reg_sym
183.83048,183.83198,0.0014999999999929514,4688.843537565371,bench_add_reg_sym
184.03218,184.03368,0.0014999999999929514,4679.550079139785,bench_add_reg_sym
184.23388,184.2354,0.0015199999999992997,4727.058128917281,bench_add_reg_sym
184.4356,184.4371,0.0014999999999929514,4672.445498850981,bench_add_reg_sym
184.6373,184.63882,0.0015199999999992997,4732.046506829561,bench_add_reg_sym
184.83902,184.84054,0.0015199999999992997,4743.295114019625,bench_add_reg_sym
185.04074,185.04224,0.0014999999999929514,4691.810586934137,bench_add_reg_sym
185.24246,185.24396,0.0014999999999929514,4685.451826060202,bench_add_reg_sym
185.44418,185.44568,0.0015000000000213731,4672.014666788485,bench_add_reg_sym
185.64588,185.6474,0.0015199999999992997,4739.108474456909,bench_add_reg_sym
185.8476,185.8491,0.0014999999999929514,4678.482732248774,bench_add_reg_sym
186.04932,186.05082,0.0014999999999929514,4683.091517050557,bench_add_reg_sym
186.25104,186.25254,0.0015000000000213731,4694.63441760292,bench_add_reg_sym
186.45276,186.45426,0.0014999999999929514,4691.650827857556,bench_add_reg_sym
186.65448,186.65598,0.0014999999999929514,4692.901144713764,bench_add_reg_sym
186.8562,186.8577,0.0014999999999929514,4690.4846769530395,bench_add_reg_sym
187.05792,187.05942,0.0014999999999929514,4684.853476915648,bench_add_reg_sym
187.25964,187.26114,0.0015000000000213731,4682.7204479572965,bench_add_reg_sym
187.46136,187.46286,0.0014999999999929514,4698.580310192543,bench_add_reg_sym
187.66308,187.66458,0.0014999999999929514,4693.384552349609,bench_add_reg_sym
187.8648,187.8663,0.0014999999999929514,4693.4565459153055,bench_add_reg_sym
188.06652,188.06802,0.0014999999999929514,4689.541403181856,bench_add_reg_sym
188.26822,188.26974,0.0015199999999992997,4762.261388820225,bench_add_reg_sym
188.46994,188.47144,0.0014999999999929514,4699.799213534168,bench_add_reg_sym
188.67166,188.67316,0.0014999999999929514,4693.586167390839,bench_add_reg_sym
188.87338,188.87488,0.0014999999999929514,4688.314266945749,bench_add_reg_sym
189.0751,189.0766,0.0015000000000213731,4698.037551783334,bench_add_reg_sym
189.2768,189.27832,0.0015199999999992997,4761.13812997541,bench_add_reg_sym
189.47852,189.48002,0.0014999999999929514,4698.9376959166175,bench_add_reg_sym
189.68024,189.68174,0.0014999999999929514,4676.890394164838,bench_add_reg_sym
189.88196,189.88346,0.0015000000000213731,4672.001099747477,bench_add_reg_sym
190.08368,190.08518,0.0015000000000213731,4686.1451841634525,bench_add_reg_sym
190.28538,190.2869,0.0015199999999992997,4765.340492591668,bench_add_reg_sym
190.4871,190.4886,0.0014999999999929514,4674.242860615763,bench_add_reg_sym
190.68882,190.69032,0.0015000000000213731,4660.859559731129,bench_add_reg_sym
190.89054,190.89204,0.0015000000000213731,4664.595804709983,bench_add_reg_sym
191.09224,191.09376,0.0015199999999992997,4633.45412164645,bench_add_reg_abs
191.29396,191.29546,0.0014999999999929514,4590.918940936065,bench_add_reg_abs
191.49566,191.49716,0.0015000000000213731,4595.610485478799,bench_add_reg_abs
191.69736,191.69886,0.0014999999999929514,4604.427623540451,bench_add_reg_abs
191.89908,191.90058,0.0014999999999929514,4589.780329239036,bench_add_reg_abs
192.10078,192.10228,0.0015000000000213731,4593.172108355102,bench_add_reg_abs
192.30248,192.30398,0.0014999999999929514,4600.676419190763,bench_add_reg_abs
192.5042,192.5057,0.0014999999999929514,4596.855898832339,bench_add_reg_abs
192.7059,192.7074,0.0014999999999929514,4624.263294947849,bench_add_reg_abs
192.90762,192.90912,0.0014999999999929514,4601.623783796166,bench_add_reg_abs
193.10932,193.11082,0.0014999999999929514,4617.661668432042,bench_add_reg_abs
193.31102,193.31254,0.0015199999999992997,4673.270892813134,bench_add_reg_abs
193.51274,193.51424,0.0014999999999929514,4616.302100451978,bench_add_reg_abs
193.71446,193.71596,0.0014999999999929514,4618.536645991613,bench_add_reg_abs
193.91618,193.91768,0.0014999999999929514,4610.92396870017,bench_add_reg_abs
194.1179,194.1194,0.0015000000000213731,4610.893067504907,bench_add_reg_abs
194.3196,194.32112,0.0015199999999992997,4666.040607259101,bench_add_reg_abs
194.52132,194.52282,0.0014999999999929514,4612.2969314231395,bench_add_reg_abs
194.72304,194.72454,0.0014999999999929514,4597.155465722554,bench_add_reg_abs
194.92476,194.92626,0.0015000000000213731,4601.57139233455,bench_add_reg_abs
195.12648,195.12798,0.0015000000000213731,4615.6456019468005,bench_add_reg_abs
195.32818,195.32968,0.0014999999999929514,4615.383276229298,bench_add_reg_abs
195.5299,195.5314,0.0014999999999929514,4611.867482287767,bench_add_reg_abs
195.73162,195.73312,0.0015000000000213731,4616.737025856495,bench_add_reg_abs
195.93332,195.93482,0.0014999999999929514,4615.512161958008,bench_add_reg_abs
196.13502,196.13654,0.0015199999999992997,4685.037287415738,bench_add_reg_abs
196.33674,196.33824,0.0015000000000213731,4620.559876851294,bench_add_reg_abs
196.53846,196.53996,0.0015000000000213731,4616.817785493027,bench_add_reg_abs
196.74016,196.74168,0.0015199999999992997,4692.098989614401,bench_add_reg_abs
196.94188,196.94338,0.0014999999999929514,4612.790239021924,bench_add_reg_abs
197.1436,197.1451,0.0015000000000213731,4623.507340506095,bench_add_reg_abs
197.3453,197.34682,0.0015199999999992997,4664.570973249956,bench_add_reg_abs
197.54702,197.54852,0.0014999999999929514,4627.205592092817,bench_add_reg_abs
197.74874,197.75024,0.0014999999999929514,4604.900502578361,bench_add_reg_abs
197.95046,197.95196,0.0015000000000213731,4617.221185539304,bench_add_reg_abs
198.15216,198.15368,0.0015199999999992997,4689.983089916317,bench_add_reg_abs
198.35388,198.35538,0.0014999999999929514,4621.2881454052385,bench_add_reg_abs
198.55558,198.5571,0.0015199999999992997,4680.051074827165,bench_add_reg_abs
198.7573,198.7588,0.0015000000000213731,4619.333234216784,bench_add_reg_abs
198.959,198.9605,0.0014999999999929514,4610.071752663442,bench_add_reg_abs
199.16072,199.16222,0.0014999999999929514,4598.394974580517,bench_add_reg_abs
199.36242,199.36392,0.0015000000000213731,4595.084975074731,bench_add_reg_abs
199.56412,199.56562,0.0014999999999929514,4612.896440062709,bench_add_reg_abs
199.76582,199.76732,0.0015000000000213731,4600.851635981776,bench_add_reg_abs
199.96752,199.96902,0.0014999999999929514,4629.374593473964,bench_add_reg_abs
200.16922,200.17074,0.0015199999999992997,4671.878200021343,bench_add_reg_abs
200.37094,200.37244,0.0015000000000213731,4613.034678687883,bench_add_reg_abs
200.57264,200.57414,0.0014999999999929514,4614.269454011049,bench_add_reg_abs
200.77434,200.77586,0.0015199999999992997,4672.381305134159,bench_add_reg_abs
200.97606,200.97756,0.0015000000000213731,4597.77500254196,bench_add_reg_abs
201.17776,201.17926,0.0014999999999929514,4610.3287697545065,bench_add_reg_abs
201.37946,201.38098,0.0015199999999992997,4647.525027392213,bench_add_reg_abs
201.58116,201.58268,0.0015199999999992997,4654.337065290711,bench_add_reg_abs
201.78288,201.78438,0.0014999999999929514,4588.689156786702,bench_add_reg_abs
201.98458,201.98608,0.0014999999999929514,4596.676565684937,bench_add_reg_abs
202.1863,202.1878,0.0015000000000213731,4624.283618825662,bench_add_reg_abs
202.388,202.38952,0.0015199999999992997,4700.317969542791,bench_add_reg_abs
202.58972,202.59122,0.0014999999999929514,4629.706901011235,bench_add_reg_abs
202.79142,202.79294,0.0015199999999992997,4680.221374146506,bench_add_reg_abs
202.99314,202.99464,0.0014999999999929514,4626.77772620181,bench_add_reg_abs
203.19486,203.19636,0.0014999999999929514,4617.3149789455865,bench_add_reg_abs
203.39658,203.39808,0.0014999999999929514,4619.272982214917,bench_add_reg_abs
203.59828,203.59978,0.0015000000000213731,4624.059728878568,bench_add_reg_abs
203.8,203.8015,0.0014999999999929514,4618.988207052817,bench_add_reg_abs
204.0017,204.0032,0.0014999999999929514,4608.249748103763,bench_add_reg_abs
204.20342,204.20492,0.0014999999999929514,4613.626704065064,bench_add_reg_abs
204.40512,204.40664,0.0015199999999992997,4678.294456094297,bench_add_reg_abs
204.60682,204.60834,0.0015199999999992997,4681.669215203952,bench_add_reg_abs
204.80852,204.81004,0.0015199999999992997,4674.954137297588,bench_add_reg_abs
205.01024,205.01174,0.0014999999999929514,4616.4685487510515,bench_add_reg_abs
205.21194,205.21344,0.0014999999999929514,4616.4777013253015,bench_add_reg_abs
205.41364,205.41516,0.0015199999999992997,4686.749556566301,bench_add_reg_abs
205.61536,205.61686,0.0014999999999929514,4615.095281017888,bench_add_reg_abs
205.81706,205.81856,0.0014999999999929514,4626.044523880429,bench_add_reg_abs
206.01876,206.02026,0.0015000000000213731,4619.961730270966,bench_add_reg_abs
206.22048,206.22198,0.0014999999999929514,4617.110195081275,bench_add_reg_abs
206.4222,206.4237,0.0014999999999929514,4625.568194293009,bench_add_reg_abs
206.6239,206.6254,0.0015000000000213731,4613.638545917753,bench_add_reg_abs
206.82562,206.82712,0.0015000000000213731,4610.451441325165,bench_add_reg_abs
207.02734,207.02884,0.0014999999999929514,4607.005408011518,bench_add_reg_abs
207.22904,207.23054,0.0014999999999929514,4614.474985261233,bench_add_reg_abs
207.43076,207.43226,0.0015000000000213731,4613.966837127834,bench_add_reg_abs
207.63246,207.63396,0.0014999999999929514,4620.988101208616,bench_add_reg_abs
207.83418,207.83568,0.0014999999999929514,4598.922205601035,bench_add_reg_abs
208.0359,208.0374,0.0014999999999929514,4587.3551792252965,bench_add_reg_abs
208.2376,208.23912,0.0015200000000277214,4646.2405357432535,bench_add_reg_abs
208.43932,208.44082,0.0014999999999929514,4594.333425607616,bench_add_reg_abs
208.64102,208.64254,0.0015199999999992997,4661.844137588424,bench_add_reg_abs
208.84274,208.84424,0.0015000000000213731,4614.719622835,bench_add_reg_abs
209.04446,209.04596,0.0015000000000213731,4618.496515389033,bench_add_reg_abs
209.24616,209.24768,0.0015199999999992997,4671.330123671584,bench_add_reg_abs
209.44788,209.44938,0.0014999999999929514,4620.246335378269,bench_add_reg_abs
209.64958,209.6511,0.0015200000000277214,4664.638808550225,bench_add_reg_abs
209.8513,209.8528,0.0014999999999929514,4615.690135374596,bench_add_reg_abs
210.05302,210.05452,0.0014999999999929514,4621.612180467324,bench_add_reg_abs
210.25472,210.25622,0.0015000000000213731,4607.138431232623,bench_add_reg_abs
210.45644,210.45794,0.0015000000000213731,4610.953915464211,bench_add_reg_abs
210.65814,210.65964,0.0014999999999929514,4618.700835830803,bench_add_reg_abs
210.85986,210.86136,0.0014999999999929514,4622.340775073884,bench_add_reg_abs
211.06156,211.06308,0.0015200000000277214,4687.826680105722,bench_add_reg_abs
211.26328,211.26394,0.0006599999999821193,1708.757914549455,bench_inc_reg
211.46414,211.4648,0.000660000000010541,1711.7379838942065,bench_inc_reg
211.665,211.66568,0.0006800000000168893,1766.4588080272147,bench_inc_reg
211.86588,211.86654,0.0006599999999821193,1704.6844213727616,bench_inc_reg
212.06674,212.0674,0.0006599999999821193,1708.104289083762,bench_inc_reg
212.2676,212.26826,0.000660000000010541,1694.3564475851426,bench_inc_reg
212.46846,212.46912,0.000660000000010541,1698.4883533179072,bench_inc_reg
212.66932,212.66998,0.000660000000010541,1695.0557334643424,bench_inc_reg
212.87018,212.87084,0.0006599999999821193,1693.1080282166372,bench_inc_reg
213.07106,213.07172,0.000660000000010541,1700.14806793684,bench_inc_reg
213.27192,213.27258,0.000660000000010541,1703.5914585310486,bench_inc_reg
213.47278,213.47344,0.000660000000010541,1700.7788503830895,bench_inc_reg
213.67366,213.67432,0.0006599999999821193,1687.6386128758948,bench_inc_reg
213.87452,213.87518,0.000660000000010541,1710.4775319199575,bench_inc_reg
214.07538,214.07604,0.000660000000010541,1705.5746680415277,bench_inc_reg
214.27624,214.27692,0.0006799999999884676,1755.3796292937145,bench_inc_reg
214.47712,214.47778,0.0006599999999821193,1678.4955164817165,bench_inc_reg
214.67798,214.67864,0.000660000000010541,1705.77075568462,bench_inc_reg
214.87886,214.87952,0.000660000000010541,1700.7763497788128,bench_inc_reg
215.07972,215.08038,0.0006599999999821193,1692.58881587818,bench_inc_reg
215.2806,215.28126,0.000660000000010541,1686.8220409689873,bench_inc_reg
215.48146,215.48212,0.000660000000010541,1690.5313148445196,bench_inc_reg
215.68232,215.68298,0.0006599999999821193,1708.1120120812557,bench_inc_reg
215.88318,215.88384,0.0006599999999821193,1695.69053216246,bench_inc_reg
216.08404,216.08472,0.0006800000000168893,1754.5087892151146,bench_inc_reg
216.28492,216.28558,0.000660000000010541,1706.2384006854104,bench_inc_reg
216.48578,216.48646,0.0006799999999884676,1775.8222319785984,bench_inc_reg
216.68666,216.68732,0.000660000000010541,1712.7247085180788,bench_inc_reg
216.88752,216.88818,0.000660000000010541,1716.5901628646682,bench_inc_reg
217.0884,217.08906,0.0006599999999821193,1704.4658655748074,bench_inc_reg
217.28926,217.28992,0.0006599999999821193,1710.018790272099,bench_inc_reg
217.49014,217.4908,0.000660000000010541,1691.9566481662794,bench_inc_reg
217.691,217.69166,0.000660000000010541,1692.7014710639944,bench_inc_reg
217.89186,217.89252,0.0006599999999821193,1687.8873086010797,bench_inc_reg
218.09272,218.09338,0.0006599999999821193,1702.0962945572298,bench_inc_reg
218.29358,218.29424,0.000660000000010541,1709.3723058087596,bench_inc_reg
218.49444,218.4951,0.000660000000010541,1701.02072184126,bench_inc_reg
218.69532,218.69598,0.0006599999999821193,1697.331387496729,bench_inc_reg
218.89618,218.89684,0.000660000000010541,1703.6965117208774,bench_inc_reg
219.09706,219.09772,0.000660000000010541,1703.292492339765,bench_inc_reg
219.29792,219.29858,0.0006599999999821193,1710.7579856622754,bench_inc_reg
219.49878,219.49944,0.0006599999999821193,1692.7025513189842,bench_inc_reg
219.69964,219.70032,0.0006800000000168893,1763.4164961565878,bench_inc_reg
219.90052,219.90118,0.000660000000010541,1698.1131048228783,bench_inc_reg
220.10138,220.10206,0.0006799999999884676,1756.1885178689142,bench_inc_reg
220.30226,220.30292,0.000660000000010541,1703.708851741348,bench_inc_reg
220.50312,220.50378,0.000660000000010541,1700.037268485159,bench_inc_reg
220.70398,220.70466,0.0006799999999884676,1756.1211692820955,bench_inc_reg
220.90486,220.90552,0.0006599999999821193,1697.2935152631208,bench_inc_reg
221.10572,221.1064,0.0006800000000168893,1759.6290656862006,bench_inc_reg
221.3066,221.30726,0.000660000000010541,1695.4914923080314,bench_inc_reg
221.50746,221.50812,0.0006599999999821193,1706.29782131299,bench_inc_reg
221.70832,221.709,0.0006800000000168893,1753.1790119182147,bench_inc_reg
221.9092,221.90986,0.000660000000010541,1695.0901411763402,bench_inc_reg
222.11006,222.11072,0.0006599999999821193,1701.5126440206684,bench_inc_reg
222.31092,222.31158,0.0006599999999821193,1696.1719863516512,bench_inc_reg
222.51178,222.51244,0.000660000000010541,1692.1002185305174,bench_inc_reg
222.71264,222.7133,0.000660000000010541,1704.8204201596363,bench_inc_reg
222.9135,222.91418,0.0006799999999884676,1756.3977674306698,bench_inc_reg
223.11438,223.11504,0.0006599999999821193,1694.9777490851152,bench_inc_reg
223.31524,223.3159,0.000660000000010541,1689.0770965607626,bench_inc_reg
223.5161,223.51676,0.000660000000010541,1694.7741736974426,bench_inc_reg
223.71698,223.71764,0.0006599999999821193,1691.7893010637893,bench_inc_reg
223.91784,223.91852,0.0006799999999884676,1747.0790748112784,bench_inc_reg
224.11872,224.11938,0.000660000000010541,1692.4531944384212,bench_inc_reg
224.3196,224.32026,0.0006599999999821193,1704.6126978873015,bench_inc_reg
224.52046,224.52112,0.0006599999999821193,1693.234618233213,bench_inc_reg
224.72132,224.72198,0.000660000000010541,1702.112494999931,bench_inc_reg
224.92218,224.92284,0.000660000000010541,1702.548649656653,bench_inc_reg
225.12304,225.1237,0.000660000000010541,1700.839132561604,bench_inc_reg
225.3239,225.32456,0.0006599999999821193,1714.3453400972037,bench_inc_reg
225.52476,225.52544,0.0006800000000168893,1769.309241841577,bench_inc_reg
225.72564,225.7263,0.000660000000010541,1696.3599180149847,bench_inc_reg
225.9265,225.92716,0.0006599999999821193,1693.7937750016383,bench_inc_reg
226.12736,226.12802,0.0006599999999821193,1699.3948840002172,bench_inc_reg
226.32822,226.32888,0.000660000000010541,1692.058253136043,bench_inc_reg
226.52908,226.52976,0.0006800000000168893,1746.5946218482447,bench_inc_reg
226.72996,226.73062,0.0006599999999821193,1685.7244166988278,bench_inc_reg
226.93082,226.93148,0.0006599999999821193,1704.8755334152816,bench_inc_reg
227.13168,227.13234,0.000660000000010541,1703.6032118248152,bench_inc_reg
227.33254,227.3332,0.000660000000010541,1712.8430656470637,bench_inc_reg
227.5334,227.53406,0.000660000000010541,1710.740611917294,bench_inc_reg
227.73426,227.73492,0.0006599999999821193,1710.9990282422134,bench_inc_reg
227.93514,227.9358,0.000660000000010541,1709.1967352053277,bench_inc_reg
228.136,228.13666,0.000660000000010541,1690.8826912121076,bench_inc_reg
228.33688,228.33754,0.0006599999999821193,1699.0252700154213,bench_inc_reg
228.53774,228.5384,0.0006599999999821193,1687.6185289034233,bench_inc_reg
228.7386,228.73928,0.0006800000000168893,1771.57681906049,bench_inc_reg
228.93948,228.94014,0.000660000000010541,1704.2064713557925,bench_inc_reg
229.14036,229.14102,0.000660000000010541,1688.2088431487336,bench_inc_reg
229.34122,229.34188,0.000660000000010541,1710.6147297045,bench_inc_reg
229.5421,229.54276,0.0006599999999821193,1706.320142789998,bench_inc_reg
229.74298,229.74364,0.000660000000010541,1689.6014707508716,bench_inc_reg
229.94384,229.9445,0.000660000000010541,1710.2181748816836,bench_inc_reg
230.14472,230.14538,0.0006599999999821193,1691.9108526299942,bench_inc_reg
230.34558,230.34624,0.0006599999999821193,1694.0821008220296,bench_inc_reg
230.54644,230.5471,0.000660000000010541,1717.2725405869496,bench_inc_reg
230.74732,230.74798,0.000660000000010541,1696.7362864210245,bench_inc_reg
230.94818,230.94884,0.0006599999999821193,1706.702073520642,bench_inc_reg
231.14906,231.14972,0.000660000000010541,1694.188874712253,bench_inc_reg
231.34992,231.35144,0.0015199999999992997,4711.406307758672,bench_inc_idx
231.55164,231.55314,0.0015000000000213731,4635.295716645887,bench_inc_idx
231.75334,231.75486,0.0015199999999992997,4696.0383583748035,bench_inc_idx
231.95506,231.95656,0.0014999999999929514,4641.894991486857,bench_inc_idx
232.15678,232.15828,0.0014999999999929514,4643.375040010268,bench_inc_idx
232.35848,232.36,0.0015200000000277214,4711.422256746614,bench_inc_idx
232.5602,232.5617,0.0014999999999929514,4648.171856510523,bench_inc_idx
232.7619,232.76342,0.0015199999999992997,4706.483867483107,bench_inc_idx
232.96362,232.96512,0.0015000000000213731,4643.159366745986,bench_inc_idx
233.16534,233.16684,0.0015000000000213731,4637.609771519665,bench_inc_idx
233.36706,233.36856,0.0014999999999929514,4630.965590454253,bench_inc_idx
233.56876,233.57026,0.0014999999999929514,4620.867744067523,bench_inc_idx
233.77048,233.77198,0.0015000000000213731,4640.336402291888,bench_inc_idx
233.9722,233.9737,0.0015000000000213731,4614.485222912382,bench_inc_idx
234.1739,234.17542,0.0015199999999992997,4667.608346787573,bench_inc_idx
234.37562,234.37712,0.0014999999999929514,4629.970639922672,bench_inc_idx
234.57734,234.57884,0.0015000000000213731,4630.687949314128,bench_inc_idx
234.77906,234.78056,0.0015000000000213731,4626.238106350944,bench_inc_idx
234.98078,234.98228,0.0014999999999929514,4616.951702605094,bench_inc_idx
235.1825,235.184,0.0014999999999929514,4608.366638399942,bench_inc_idx
235.38422,235.38572,0.0014999999999929514,4628.417750334336,bench_inc_idx
235.58594,235.58744,0.0014999999999929514,4620.259378549831,bench_inc_idx
235.78766,235.78916,0.0015000000000213731,4615.387136650336,bench_inc_idx
235.98938,235.99088,0.0014999999999929514,4624.331358330717,bench_inc_idx
236.1911,236.1926,0.0014999999999929514,4623.7973798771445,bench_inc_idx
236.39282,236.39432,0.0014999999999929514,4644.5690351315125,bench_inc_idx
236.59454,236.59604,0.0014999999999929514,4652.224543949606,bench_inc_idx
236.79624,236.79776,0.0015199999999992997,4718.234997704638,bench_inc_idx
236.99796,236.99946,0.0014999999999929514,4644.709276013929,bench_inc_idx
237.19968,237.20118,0.0014999999999929514,4651.991294208938,bench_inc_idx
237.4014,237.4029,0.0014999999999929514,4649.662773568137,bench_inc_idx
237.6031,237.60462,0.0015199999999992997,4723.401032384102,bench_inc_idx
237.80482,237.80634,0.0015199999999992997,4706.726029977774,bench_inc_idx
238.00654,238.00806,0.0015199999999992997,4714.076991657055,bench_inc_idx
238.20826,238.20978,0.0015199999999992997,4686.287473885151,bench_inc_idx
238.40998,238.4115,0.0015199999999992997,4711.015766951285,bench_inc_idx
238.6117,238.6132,0.0014999999999929514,4645.261713280249,bench_inc_idx
238.81342,238.81492,0.0014999999999929514,4636.707166188461,bench_inc_idx
239.01514,239.01664,0.0014999999999929514,4644.291237906376,bench_inc_idx
239.21684,239.21836,0.0015199999999992997,4712.037306743352,bench_inc_idx
239.41856,239.42006,0.0014999999999929514,4661.455675937315,bench_inc_idx
239.62028,239.62178,0.0014999999999929514,4646.075544857186,bench_inc_idx
239.82198,239.82348,0.0014999999999929514,4633.080558829655,bench_inc_idx
240.0237,240.0252,0.0015000000000213731,4618.701874346024,bench_inc_idx
240.2254,240.22692,0.0015199999999992997,4682.111078870998,bench_inc_idx
240.42712,240.42862,0.0014999999999929514,4606.751536463315,bench_inc_idx
240.62884,240.63034,0.0014999999999929514,4608.638531041107,bench_inc_idx
240.83056,240.83206,0.0015000000000213731,4607.079213086086,bench_inc_idx
241.03228,241.03378,0.0015000000000213731,4623.00345308296,bench_inc_idx
241.234,241.2355,0.0014999999999929514,4624.540514755179,bench_inc_idx
241.43572,241.43722,0.0014999999999929514,4655.642940175894,bench_inc_idx
241.63744,241.63894,0.0014999999999929514,4622.912253231173,bench_inc_idx
241.83916,241.84066,0.0015000000000213731,4635.848095705669,bench_inc_idx
242.04088,242.04238,0.0015000000000213731,4639.930545884815,bench_inc_idx
242.2426,242.2441,0.0014999999999929514,4647.430188466538,bench_inc_idx
242.44432,242.44582,0.0014999999999929514,4656.574672531695,bench_inc_idx
242.64604,242.64754,0.0014999999999929514,5183.5668645558335,bench_inc_idx
242.84776,242.84926,0.0014999999999929514,5280.19684830052,bench_inc_idx
243.04946,243.05098,0.0015199999999992997,4851.467355617972,bench_inc_idx
243.25118,243.25268,0.0014999999999929514,4768.766984320089,bench_inc_idx
243.45288,243.4544,0.0015199999999992997,4759.412824641247,bench_inc_idx
243.6546,243.6561,0.0015000000000213731,4692.383317809334,bench_inc_idx
243.85632,243.85782,0.0014999999999929514,4791.067058662638,bench_inc_idx
244.05804,244.05954,0.0014999999999929514,4886.64734407793,bench_inc_idx
244.25976,244.26126,0.0014999999999929514,4775.7986094585,bench_inc_idx
244.46146,244.46296,0.0015000000000213731,4717.7750454967645,bench_inc_idx
244.66318,244.66468,0.0014999999999929514,4676.940969634076,bench_inc_idx
244.86488,244.86638,0.0014999999999929514,4661.793615647548,bench_inc_idx
245.0666,245.0681,0.0014999999999929514,4644.0647216289535,bench_inc_idx
245.26832,245.26982,0.0015000000000213731,4647.817097204357,bench_inc_idx
245.47004,245.47154,0.0014999999999929514,4636.332443892148,bench_inc_idx
245.67176,245.67326,0.0014999999999929514,4630.234655902402,bench_inc_idx
245.87348,245.87498,0.0014999999999929514,4633.895673302,bench_inc_idx
246.0752,246.0767,0.0014999999999929514,4640.287093331079,bench_inc_idx
246.2769,246.2784,0.0014999999999929514,4628.406483657327,bench_inc_idx
246.4786,246.48012,0.0015199999999992997,4673.2599358065545,bench_inc_idx
246.68032,246.68182,0.0014999999999929514,4623.698790070018,bench_inc_idx
246.88202,246.88352,0.0014999999999929514,4603.895130543579,bench_inc_idx
247.08372,247.08524,0.0015199999999992997,4662.584308531056,bench_inc_idx
247.28544,247.28694,0.0014999999999929514,4592.82403809676,bench_inc_idx
247.48714,247.48866,0.0015199999999992997,4650.557152924992,bench_inc_idx
247.68886,247.69036,0.0014999999999929514,4592.633445258859,bench_inc_idx
247.89056,247.89208,0.0015199999999992997,4661.398751194447,bench_inc_idx
248.09228,248.09378,0.0015000000000213731,4588.228634160481,bench_inc_idx
248.294,248.2955,0.0014999999999929514,4565.322566754421,bench_inc_idx
248.4957,248.49722,0.0015199999999992997,4625.010639427818,bench_inc_idx
248.69742,248.69892,0.0014999999999929514,4616.242849712065,bench_inc_idx
248.89914,248.90064,0.0015000000000213731,4613.375449620899,bench_inc_idx
249.10084,249.10236,0.0015199999999992997,4688.00997594069,bench_inc_idx
249.30256,249.30406,0.0014999999999929514,4624.96807796559,bench_inc_idx
249.50428,249.50578,0.0014999999999929514,4628.150213954021,bench_inc_idx
249.70598,249.7075,0.0015199999999992997,4695.327836084403,bench_inc_idx
249.9077,249.9092,0.0014999999999929514,4648.711467139941,bench_inc_idx
250.1094,250.1109,0.0014999999999929514,4639.763936844196,bench_inc_idx
250.31112,250.31262,0.0015000000000213731,4634.629131827173,bench_inc_idx
250.51284,250.51434,0.0014999999999929514,4636.441117594689,bench_inc_idx
250.71454,250.71604,0.0014999999999929514,4634.849494300714,bench_inc_idx
250.91626,250.91776,0.0014999999999929514,4647.503185531144,bench_inc_idx
251.11796,251.11946,0.0014999999999929514,4641.205156198781,bench_inc_idx
251.31966,251.32118,0.0015199999999992997,4707.372307309271,bench_inc_idx
251.52138,251.52288,0.0014999999999929514,4680.6350163890265,bench_inc_sym
251.7231,251.72458,0.0014800000000150249,4606.03903052482,bench_inc_sym
251.9248,251.9263,0.0014999999999929514,4677.073347826439,bench_inc_sym
252.1265,252.12798,0.0014800000000150249,4624.057533265365,bench_inc_sym
252.32818,252.32968,0.0014999999999929514,4692.234762457404,bench_inc_sym
252.5299,252.53138,0.0014800000000150249,4640.156242577482,bench_inc_sym
252.7316,252.7331,0.0015000000000213731,4715.508162111178,bench_inc_sym
252.9333,252.93478,0.0014799999999866031,4619.342244653813,bench_inc_sym
253.135,253.13648,0.0014800000000150249,4624.89967471995,bench_inc_sym
253.3367,253.33818,0.0014799999999866031,4626.802038358461,bench_inc_sym
253.5384,253.5399,0.0014999999999929514,4692.0756576350805,bench_inc_sym
253.7401,253.7416,0.0014999999999929514,4677.878711349216,bench_inc_sym
253.9418,253.9433,0.0014999999999929514,4694.7665372645215,bench_inc_sym
254.1435,254.145,0.0015000000000213731,4694.094308718883,bench_inc_sym
254.3452,254.3467,0.0014999999999929514,4694.1090444807605,bench_inc_sym
254.54692,254.54842,0.0014999999999929514,4693.8085928340715,bench_inc_sym
254.74862,254.75012,0.0015000000000213731,4662.481737389438,bench_inc_sym
254.95032,254.95182,0.0014999999999929514,4652.854516149157,bench_inc_sym
255.152,255.1535,0.0015000000000213731,4659.136063486996,bench_inc_sym
255.35372,255.3552,0.0014799999999866031,4595.3868445518065,bench_inc_sym
255.55542,255.55692,0.0014999999999929514,4674.119390525422,bench_inc_sym
255.75712,255.75862,0.0015000000000213731,4692.193239529555,bench_inc_sym
255.95884,255.96034,0.0014999999999929514,4734.060927271334,bench_inc_sym
256.16054,256.16204,0.0014999999999645297,4702.386453168292,bench_inc_sym
256.36224,256.36374,0.0015000000000213731,4720.452833061902,bench_inc_sym
256.56396,256.56546,0.0014999999999645297,4676.6110671533115,bench_inc_sym
256.76566,256.76716,0.0014999999999645297,4669.286291933834,bench_inc_sym
256.96736,256.96886,0.0015000000000213731,4667.746825213326,bench_inc_sym
257.16908,257.17056,0.0014800000000150249,4603.086470206191,bench_inc_sym
257.37078,257.37228,0.0014999999999645297,4670.022460515256,bench_inc_sym
257.57248,257.57398,0.0015000000000213731,4671.300826657535,bench_inc_sym
257.77418,257.77568,0.0015000000000213731,4659.192622706174,bench_inc_sym
257.97588,257.97738,0.0014999999999645297,4676.05102562879,bench_inc_sym
258.1776,258.1791,0.0015000000000213731,4650.00549570695,bench_inc_sym
258.3793,258.3808,0.0015000000000213731,4625.750174810233,bench_inc_sym
258.581,258.5825,0.0014999999999645297,4609.4356220034215,bench_inc_sym
258.78272,258.78422,0.0015000000000213731,4643.160470358898,bench_inc_sym
258.98442,258.9859,0.0014800000000150249,4582.002898724953,bench_inc_sym
259.18612,259.1876,0.0014799999999581814,4587.754018008752,bench_inc_sym
259.3878,259.3893,0.0014999999999645297,4650.089109665201,bench_inc_sym
259.5895,259.591,0.0015000000000213731,4649.571552941593,bench_inc_sym
259.79122,259.79272,0.0014999999999645297,4657.212663331553,bench_inc_sym
259.99292,259.99442,0.0014999999999645297,4675.435994174438,bench_inc_sym
260.19462,260.19612,0.0015000000000213731,4665.778558770487,bench_inc_sym
260.39632,260.39782,0.0015000000000213731,4674.528336687245,bench_inc_sym
260.59802,260.59952,0.0014999999999645297,4680.560482555898,bench_inc_sym
260.79972,260.80122,0.0015000000000213731,4680.648325076131,bench_inc_sym
261.00142,261.00292,0.0015000000000213731,4683.155450104713,bench_inc_sym
261.20312,261.20462,0.0014999999999645297,4669.953221343732,bench_inc_sym
261.40482,261.40632,0.0015000000000213731,4660.730182728181,bench_inc_sym
261.60654,261.60802,0.0014800000000150249,4595.007242216009,bench_inc_sym
261.80824,261.80974,0.0014999999999645297,4657.500663196518,bench_inc_sym
262.00994,262.01144,0.0015000000000213731,4652.746548008109,bench_inc_sym
262.21164,262.21314,0.0015000000000213731,4681.838750905884,bench_inc_sym
262.41334,262.41484,0.0015000000000213731,4697.743887146364,bench_inc_sym
262.61506,262.61656,0.0014999999999645297,4675.748855696171,bench_inc_sym
262.81676,262.81826,0.0015000000000213731,4682.246125371108,bench_inc_sym
263.01846,263.01996,0.0015000000000213731,4665.445452623771,bench_inc_sym
263.22018,263.22166,0.0014799999999581814,4586.391975039963,bench_inc_sym
263.42188,263.42338,0.0015000000000213731,4655.732105088635,bench_inc_sym
263.62358,263.62508,0.0015000000000213731,4649.32367910768,bench_inc_sym
263.82528,263.82678,0.0014999999999645297,4666.376674900037,bench_inc_sym
264.02698,264.02848,0.0015000000000213731,4678.2653406952195,bench_inc_sym
264.2287,264.23018,0.0014800000000150249,4614.649342884362,bench_inc_sym
264.4304,264.4319,0.0014999999999645297,4662.141464537871,bench_inc_sym
264.6321,264.6336,0.0015000000000213731,4675.156229705996,bench_inc_sym
264.8338,264.8353,0.0015000000000213731,4663.916409550137,bench_inc_sym
265.0355,265.037,0.0014999999999645297,4683.824183773063,bench_inc_sym
265.23722,265.23872,0.0015000000000213731,4670.896956296534,bench_inc_sym
265.43892,265.44042,0.0015000000000213731,4668.100376215966,bench_inc_sym
265.64064,265.64212,0.0014799999999581814,4613.557159768855,bench_inc_sym
265.84234,265.84384,0.0015000000000213731,4681.382521589483,bench_inc_sym
266.04404,266.04554,0.0015000000000213731,4683.122239141685,bench_inc_sym
266.24576,266.24726,0.0014999999999645297,4704.219556766639,bench_inc_sym
266.44746,266.44896,0.0015000000000213731,4673.703073124422,bench_inc_sym
266.64916,266.65066,0.0015000000000213731,4671.4967350210845,bench_inc_sym
266.85086,266.85236,0.0014999999999645297,4674.977608848235,bench_inc_sym
267.05256,267.05406,0.0014999999999645297,4681.371746005623,bench_inc_sym
267.25426,267.25576,0.0015000000000213731,4674.01281238689,bench_inc_sym
267.45598,267.45748,0.0014999999999645297,4681.485786456716,bench_inc_sym
267.65768,267.65918,0.0014999999999645297,4674.886953905478,bench_inc_sym
267.85938,267.86088,0.0015000000000213731,4683.651311855908,bench_inc_sym
268.06108,268.06258,0.0015000000000213731,4675.805505895737,bench_inc_sym
268.2628,268.2643,0.0014999999999645297,4656.561599004004,bench_inc_sym
268.4645,268.466,0.0015000000000213731,4668.275655780641,bench_inc_sym
268.66622,268.66772,0.0014999999999645297,4665.919786674074,bench_inc_sym
268.86792,268.86942,0.0014999999999645297,4661.143605949042,bench_inc_sym
269.06962,269.07112,0.0015000000000213731,4665.314056976263,bench_inc_sym
269.27134,269.27282,0.0014800000000150249,4609.20616523462,bench_inc_sym
269.47304,269.47454,0.0014999999999645297,4670.283752375812,bench_inc_sym
269.67474,269.67624,0.0015000000000213731,4676.932401556718,bench_inc_sym
269.87644,269.87794,0.0015000000000213731,4669.0872987462,bench_inc_sym
270.07814,270.07964,0.0014999999999645297,4659.747497532785,bench_inc_sym
270.27984,270.28134,0.0015000000000213731,4664.571979148114,bench_inc_sym
270.48154,270.48304,0.0015000000000213731,4661.512884844435,bench_inc_sym
270.68324,270.68474,0.0014999999999645297,4661.012620089625,bench_inc_sym
270.88494,270.88644,0.0015000000000213731,4671.440669407388,bench_inc_sym
271.08664,271.08814,0.0015000000000213731,4660.91195593736,bench_inc_sym
271.28834,271.28984,0.0015000000000213731,4668.284300777552,bench_inc_sym
271.49006,271.49154,0.0014799999999581814,4592.458188866155,bench_inc_sym
271.69176,271.69326,0.0015000000000213731,4623.134387724629,bench_inc_abs
271.89346,271.89496,0.0015000000000213731,4613.763711015497,bench_inc_abs
272.09516,272.09664,0.0014799999999581814,4566.90417822307,bench_inc_abs
272.29684,272.29834,0.0015000000000213731,4610.743078003445,bench_inc_abs
272.49854,272.50004,0.0015000000000213731,4635.597593219253,bench_inc_abs
272.70024,272.70174,0.0014999999999645297,4615.32278674331,bench_inc_abs
272.90194,272.90344,0.0014999999999645297,4627.948466106691,bench_inc_abs
273.10362,273.10512,0.0015000000000213731,4601.40364018726,bench_inc_abs
273.30532,273.30682,0.0015000000000213731,4616.440625460431,bench_inc_abs
273.50702,273.50852,0.0014999999999645297,4612.653239053605,bench_inc_abs
273.70872,273.71022,0.0014999999999645297,4633.158314859786,bench_inc_abs
273.91044,273.91194,0.0015000000000213731,4611.750235845442,bench_inc_abs
274.11216,274.11366,0.0014999999999645297,4632.183604295628,bench_inc_abs
274.31386,274.31536,0.0015000000000213731,4642.652522373894,bench_inc_abs
274.51558,274.51708,0.0015000000000213731,4631.140022602832,bench_inc_abs
274.71728,274.71878,0.0014999999999645297,4597.116284888783,bench_inc_abs
274.91898,274.92048,0.0015000000000213731,4605.403291126488,bench_inc_abs
275.1207,275.12218,0.0014800000000150249,4532.587437469706,bench_inc_abs
275.3224,275.3239,0.0014999999999645297,4596.850203705019,bench_inc_abs
275.5241,275.5256,0.0015000000000213731,4608.047998112975,bench_inc_abs
275.7258,275.7273,0.0015000000000213731,4608.726196523532,bench_inc_abs
275.9275,275.929,0.0014999999999645297,4616.898894201775,bench_inc_abs
276.1292,276.1307,0.0014999999999645297,4606.836435735231,bench_inc_abs
276.3309,276.3324,0.0015000000000213731,4603.798016974312,bench_inc_abs
276.5326,276.5341,0.0015000000000213731,4606.093051911597,bench_inc_abs
276.73428,276.73578,0.0014999999999645297,4604.505621715842,bench_inc_abs
276.93598,276.93748,0.0015000000000213731,4596.424677939037,bench_inc_abs
277.13768,277.13918,0.0015000000000213731,4610.125941759249,bench_inc_abs
277.33938,277.34088,0.0015000000000213731,4607.273833889642,bench_inc_abs
277.54108,277.54258,0.0014999999999645297,4616.4355030081415,bench_inc_abs
277.74278,277.74428,0.0015000000000213731,4617.513353072871,bench_inc_abs
277.94448,277.94598,0.0015000000000213731,4614.272213141284,bench_inc_abs
278.14618,278.14768,0.0014999999999645297,4630.7930954581525,bench_inc_abs
278.34788,278.34936,0.0014800000000150249,4549.089467669024,bench_inc_abs
278.54956,278.55106,0.0015000000000213731,4615.535852564116,bench_inc_abs
278.75126,278.75276,0.0015000000000213731,4620.840374913999,bench_inc_abs
278.95296,278.95446,0.0014999999999645297,4619.65026089996,bench_inc_abs
279.15466,279.15616,0.0015000000000213731,4626.613594657087,bench_inc_abs
279.35638,279.35786,0.0014800000000150249,4551.132980315684,bench_inc_abs
279.55808,279.55958,0.0014999999999645297,4633.726989741877,bench_inc_abs
279.75978,279.76128,0.0015000000000213731,4614.989340837261,bench_inc_abs
279.96148,279.96298,0.0015000000000213731,4619.85044188128,bench_inc_abs
280.16318,280.16468,0.0014999999999645297,4625.254624876342,bench_inc_abs
280.36488,280.36638,0.0014999999999645297,4614.787010826433,bench_inc_abs
280.5666,280.5681,0.0015000000000213731,4626.698761780705,bench_inc_abs
280.7683,280.7698,0.0014999999999645297,4623.851566462288,bench_inc_abs
280.97002,280.97152,0.0015000000000213731,4610.9520574739,bench_inc_abs
281.17172,281.17322,0.0015000000000213731,4626.93372748142,bench_inc_abs
281.37344,281.37494,0.0014999999999645297,4596.1509946544475,bench_inc_abs
281.57514,281.57664,0.0015000000000213731,4616.44956382953,bench_inc_abs
281.77684,281.77834,0.0015000000000213731,4607.490247646459,bench_inc_abs
281.97854,281.98004,0.0014999999999645297,4606.472877676458,bench_inc_abs
282.18024,282.18174,0.0014999999999645297,4595.784477309913,bench_inc_abs
282.38194,282.38344,0.0015000000000213731,4595.099431533274,bench_inc_abs
282.58366,282.58516,0.0014999999999645297,4592.484077334187,bench_inc_abs
282.78536,282.78686,0.0014999999999645297,4610.657582409343,bench_inc_abs
282.98706,282.98856,0.0015000000000213731,4593.631820817576,bench_inc_abs
283.18876,283.19026,0.0015000000000213731,4592.3099178557795,bench_inc_abs
283.39046,283.39196,0.0014999999999645297,4596.943778339011,bench_inc_abs
283.59216,283.59366,0.0015000000000213731,4620.89975603832,bench_inc_abs
283.79386,283.79536,0.0015000000000213731,4608.380647906064,bench_inc_abs
283.99556,283.99706,0.0014999999999645297,4617.130167203898,bench_inc_abs
284.19728,284.19878,0.0015000000000213731,4621.504242595957,bench_inc_abs
284.39898,284.40048,0.0015000000000213731,4612.484322926643,bench_inc_abs
284.6007,284.60218,0.0014799999999581814,4544.546524865282,bench_inc_abs
284.8024,284.8039,0.0015000000000213731,4614.714707781929,bench_inc_abs
285.0041,285.0056,0.0015000000000213731,4609.8994999869865,bench_inc_abs
285.2058,285.2073,0.0014999999999645297,4622.834185028106,bench_inc_abs
285.40752,285.40902,0.0015000000000213731,4624.1556131957195,bench_inc_abs
285.60922,285.61072,0.0015000000000213731,4635.665102464064,bench_inc_abs
285.81094,285.81244,0.0014999999999645297,4639.911067095978,bench_inc_abs
286.01264,286.01414,0.0015000000000213731,4620.942797113091,bench_inc_abs
286.21434,286.21584,0.0015000000000213731,4624.578175201942,bench_inc_abs
286.41604,286.41754,0.0014999999999645297,4620.932096035487,bench_inc_abs
286.61774,286.61924,0.0014999999999645297,4619.876118265519,bench_inc_abs
286.81944,286.82094,0.0015000000000213731,4623.123400448569,bench_inc_abs
287.02114,287.02264,0.0015000000000213731,4618.174266139166,bench_inc_abs
287.22284,287.22434,0.0014999999999645297,4632.974841986713,bench_inc_abs
287.42454,287.42604,0.0015000000000213731,4643.397340618801,bench_inc_abs
287.62624,287.62774,0.0015000000000213731,4643.690418521065,bench_inc_abs
287.82794,287.82944,0.0014999999999645297,4630.401993527677,bench_inc_abs
288.02964,288.03114,0.0015000000000213731,4607.550900028602,bench_inc_abs
288.23134,288.23284,0.0015000000000213731,4617.07934743814,bench_inc_abs
288.43304,288.43454,0.0015000000000213731,4604.44707196883,bench_inc_abs
288.63474,288.63624,0.0014999999999645297,4610.013072270949,bench_inc_abs
288.83644,288.83792,0.0014800000000150249,4547.933051408852,bench_inc_abs
289.03812,289.03962,0.0015000000000213731,4600.637403850574,bench_inc_abs
289.23982,289.24132,0.0014999999999645297,4622.649031119833,bench_inc_abs
289.44152,289.44302,0.0014999999999645297,4611.621389520776,bench_inc_abs
289.64322,289.64472,0.0015000000000213731,4599.819276549293,bench_inc_abs
289.84492,289.84642,0.0015000000000213731,4594.269781439574,bench_inc_abs
290.0466,290.0481,0.0014999999999645297,4599.233891237502,bench_inc_abs
290.2483,290.2498,0.0015000000000213731,4602.0522085685025,bench_inc_abs
290.45,290.4515,0.0015000000000213731,4598.536610206572,bench_inc_abs
290.6517,290.6532,0.0015000000000213731,4605.712650875273,bench_inc_abs
290.85338,290.85488,0.0014999999999645297,4597.044738362609,bench_inc_abs
291.05508,291.05658,0.0015000000000213731,4610.137825434874,bench_inc_abs
291.25678,291.25828,0.0015000000000213731,4608.556979867109,bench_inc_abs
291.45846,291.45996,0.0015000000000213731,4618.079618151118,bench_inc_abs
291.66016,291.66166,0.0014999999999645297,4621.349677799679,bench_inc_abs
291.86186,291.86254,0.000680000000045311,1741.3299345768273,bench_rlam_1_reg
292.06274,292.06342,0.0006799999999884676,1744.9749516854508,bench_rlam_1_reg
292.2636,292.26428,0.0006799999999884676,1737.8133698106478,bench_rlam_1_reg
292.46448,292.46516,0.000680000000045311,1745.3391362335003,bench_rlam_1_reg
292.66536,292.66604,0.0006799999999884676,1756.7512578842748,bench_rlam_1_reg
292.86624,292.86692,0.0006799999999884676,1729.4901841946173,bench_rlam_1_reg
293.0671,293.06778,0.000680000000045311,1739.864377429742,bench_rlam_1_reg
293.26798,293.26866,0.0006799999999884676,1739.0648088870691,bench_rlam_1_reg
293.46886,293.46954,0.0006799999999884676,1742.3326708083953,bench_rlam_1_reg
293.66974,293.67042,0.0006799999999884676,1736.790256087615,bench_rlam_1_reg
293.8706,293.87128,0.0006799999999884676,1736.3818035892486,bench_rlam_1_reg
294.07148,294.07216,0.0006799999999884676,1738.196560152603,bench_rlam_1_reg
294.27234,294.27302,0.0006799999999884676,1742.6133435039417,bench_rlam_1_reg
294.47322,294.4739,0.0006799999999884676,1737.7177113161497,bench_rlam_1_reg
294.6741,294.67478,0.0006799999999884676,1732.1402835312483,bench_rlam_1_reg
294.87496,294.87564,0.0006799999999884676,1743.2279512098103,bench_rlam_1_reg
295.07584,295.07652,0.0006799999999884676,1739.3520217873256,bench_rlam_1_reg
295.27672,295.2774,0.0006799999999884676,1748.8027433518134,bench_rlam_1_reg
295.4776,295.47828,0.0006799999999884676,1739.224612224856,bench_rlam_1_reg
295.67846,295.67914,0.000680000000045311,1742.8206607113195,bench_rlam_1_reg
295.87934,295.88002,0.0006799999999884676,1739.8126027198175,bench_rlam_1_reg
296.08022,296.0809,0.0006799999999884676,1748.020260102999,bench_rlam_1_reg
296.2811,296.28178,0.000680000000045311,1724.0222474878371,bench_rlam_1_reg
296.48196,296.48264,0.0006799999999884676,1756.5496451789402,bench_rlam_1_reg
296.68284,296.68352,0.0006799999999884676,1740.5479796895615,bench_rlam_1_reg
296.88372,296.8844,0.000680000000045311,1744.336362590317,bench_rlam_1_reg
297.0846,297.08528,0.0006799999999884676,1736.5037952062778,bench_rlam_1_reg
297.28548,297.28616,0.0006799999999884676,1737.1129546946677,bench_rlam_1_reg
297.48636,297.48704,0.0006799999999884676,1734.1520380924499,bench_rlam_1_reg
297.68724,297.68792,0.000680000000045311,1744.8832398598527,bench_rlam_1_reg
297.8881,297.88878,0.0006799999999884676,1762.6448301311834,bench_rlam_1_reg
298.08898,298.08966,0.0006799999999884676,1735.803177556491,bench_rlam_1_reg
298.28986,298.29054,0.000680000000045311,1740.174214480551,bench_rlam_1_reg
298.49074,298.49142,0.0006799999999884676,1750.870132777634,bench_rlam_1_reg
298.69162,298.6923,0.0006799999999884676,1750.865152546149,bench_rlam_1_reg
298.8925,298.89318,0.0006799999999884676,1734.572690890331,bench_rlam_1_reg
299.09336,299.09406,0.0006999999999948159,1799.56460601761,bench_rlam_1_reg
299.29424,299.29494,0.0006999999999948159,1798.5987523476144,bench_rlam_1_reg
299.49512,299.4958,0.0006799999999884676,1741.6849243261877,bench_rlam_1_reg
299.696,299.69668,0.0006799999999884676,1730.234210791652,bench_rlam_1_reg
299.89688,299.89756,0.0006799999999884676,1742.0414788324772,bench_rlam_1_reg
300.09776,300.09844,0.0006799999999884676,1740.498647534179,bench_rlam_1_reg
300.29862,300.2993,0.0006799999999884676,1724.1058684384882,bench_rlam_1_reg
300.4995,300.50018,0.0006799999999884676,1739.6669811214158,bench_rlam_1_reg
300.70036,300.70104,0.0006799999999884676,1732.8849271671193,bench_rlam_1_reg
300.90124,300.90192,0.000680000000045311,1744.3034147266155,bench_rlam_1_reg
301.1021,301.10278,0.0006799999999884676,1743.5278836331638,bench_rlam_1_reg
301.30298,301.30366,0.0006799999999884676,1727.3550946036573,bench_rlam_1_reg
301.50386,301.50454,0.000680000000045311,1740.8622732708589,bench_rlam_1_reg
301.70472,301.7054,0.0006799999999884676,1743.3719895476154,bench_rlam_1_reg
301.9056,301.90628,0.0006799999999884676,1747.737950621477,bench_rlam_1_reg
302.10648,302.10716,0.000680000000045311,1722.3885097839081,bench_rlam_1_reg
302.30734,302.30802,0.0006799999999884676,1741.558972245091,bench_rlam_1_reg
302.50822,302.5089,0.0006799999999884676,1730.7389084961662,bench_rlam_1_reg
302.7091,302.70978,0.000680000000045311,1744.425518096432,bench_rlam_1_reg
302.90998,302.91066,0.0006799999999884676,1740.8353089878713,bench_rlam_1_reg
303.11086,303.11154,0.0006799999999884676,1746.371767923006,bench_rlam_1_reg
303.31172,303.3124,0.000680000000045311,1748.0505538517464,bench_rlam_1_reg
303.5126,303.51328,0.0006799999999884676,1744.2750650977043,bench_rlam_1_reg
303.71346,303.71416,0.0006999999999948159,1800.0010750164004,bench_rlam_1_reg
303.91436,303.91504,0.0006799999999884676,1744.1006959209387,bench_rlam_1_reg
304.11522,304.11592,0.0006999999999948159,1807.3918600228099,bench_rlam_1_reg
304.3161,304.31678,0.0006799999999884676,1727.3245961094824,bench_rlam_1_reg
304.51698,304.51766,0.0006799999999884676,1737.4154738884579,bench_rlam_1_reg
304.71784,304.71852,0.0006799999999884676,1737.9706678386506,bench_rlam_1_reg
304.91872,304.9194,0.0006799999999884676,1747.1908358556163,bench_rlam_1_reg
305.1196,305.12028,0.0006799999999884676,1744.9190816611738,bench_rlam_1_reg
305.32048,305.32116,0.000680000000045311,1736.899346703615,bench_rlam_1_reg
305.52134,305.52202,0.0006799999999884676,1742.0361400287086,bench_rlam_1_reg
305.72222,305.7229,0.0006799999999884676,1743.4892640185035,bench_rlam_1_reg
305.92308,305.92376,0.0006799999999884676,1749.784471418488,bench_rlam_1_reg
306.12396,306.12464,0.0006799999999884676,1745.888683910278,bench_rlam_1_reg
306.32484,306.32552,0.0006799999999884676,1740.0611680713116,bench_rlam_1_reg
306.52572,306.5264,0.000680000000045311,1754.3656263845999,bench_rlam_1_reg
306.72658,306.72726,0.0006799999999884676,1757.9038114856476,bench_rlam_1_reg
306.92746,306.92814,0.0006799999999884676,1745.5361736689215,bench_rlam_1_reg
307.12834,307.12902,0.000680000000045311,1738.3784452798225,bench_rlam_1_reg
307.32922,307.3299,0.0006799999999884676,1745.3989688820122,bench_rlam_1_reg
307.5301,307.53078,0.0006799999999884676,1734.7822407880267,bench_rlam_1_reg
307.73098,307.73166,0.0006799999999884676,1726.8195003014991,bench_rlam_1_reg
307.93186,307.93254,0.000680000000045311,1714.283730960534,bench_rlam_1_reg
308.13272,308.1334,0.0006799999999884676,1741.0123278079448,bench_rlam_1_reg
308.3336,308.33428,0.0006799999999884676,1730.4296511947134,bench_rlam_1_reg
308.53448,308.53516,0.000680000000045311,1731.0367153342995,bench_rlam_1_reg
308.73536,308.73604,0.0006799999999884676,1723.5597688377582,bench_rlam_1_reg
308.93624,308.93692,0.0006799999999884676,1740.4983378695072,bench_rlam_1_reg
309.13712,309.1378,0.000680000000045311,1735.3128177438423,bench_rlam_1_reg
309.338,309.33868,0.0006799999999884676,1752.4248943200946,bench_rlam_1_reg
309.53888,309.53956,0.0006799999999884676,1742.2721022432172,bench_rlam_1_reg
309.73976,309.74044,0.0006799999999884676,1743.5609153241073,bench_rlam_1_reg
309.94062,309.9413,0.0006799999999884676,1749.4458145892017,bench_rlam_1_reg
310.1415,310.14218,0.0006799999999884676,1748.7726732775466,bench_rlam_1_reg
310.34238,310.34306,0.0006799999999884676,1741.7312389931492,bench_rlam_1_reg
310.54326,310.54394,0.000680000000045311,1744.7689619234018,bench_rlam_1_reg
310.74414,310.74482,0.0006799999999884676,1739.2498138017957,bench_rlam_1_reg
310.94502,310.9457,0.0006799999999884676,1745.992330809957,bench_rlam_1_reg
311.1459,311.14658,0.0006799999999884676,1745.7549064228858,bench_rlam_1_reg
311.3468,311.34748,0.000680000000045311,1735.004377675142,bench_rlam_1_reg
311.54768,311.54836,0.0006799999999884676,1752.3886891665622,bench_rlam_1_reg
311.74856,311.74924,0.0006799999999884676,1747.3906231790002,bench_rlam_1_reg
311.94946,311.95026,0.0008000000000265572,2030.3554880251827,bench_rlam_2_reg
312.15046,312.15126,0.0007999999999697138,2026.5673682226177,bench_rlam_2_reg
312.35148,312.35228,0.0008000000000265572,2026.8539083954668,bench_rlam_2_reg
312.55248,312.55328,0.0007999999999697138,2041.94476354907,bench_rlam_2_reg
312.75348,312.7543,0.0008199999999760621,2082.9033687797605,bench_rlam_2_reg
312.9545,312.9553,0.0008000000000265572,2030.0912299006286,bench_rlam_2_reg
313.1555,313.1563,0.0007999999999697138,2033.3634921420212,bench_rlam_2_reg
313.3565,313.35732,0.0008200000000329055,2107.1760613518763,bench_rlam_2_reg
313.55752,313.55832,0.0007999999999697138,2034.4090903300341,bench_rlam_2_reg
313.75852,313.75934,0.0008200000000329055,2102.76330597773,bench_rlam_2_reg
313.95954,313.96034,0.0007999999999697138,2037.2724089926046,bench_rlam_2_reg
314.16054,314.16134,0.0007999999999697138,2042.004221483828,bench_rlam_2_reg
314.36156,314.36236,0.0008000000000265572,2038.1519804510197,bench_rlam_2_reg
314.56258,314.56338,0.0007999999999697138,2030.287522258075,bench_rlam_2_reg
314.76358,314.7644,0.0008200000000329055,2089.894691108861,bench_rlam_2_reg
314.9646,314.9654,0.0007999999999697138,2044.5615867176916,bench_rlam_2_reg
315.1656,315.16642,0.0008200000000329055,2086.8600486798123,bench_rlam_2_reg
315.36662,315.36742,0.0007999999999697138,2029.732104773193,bench_rlam_2_reg
315.56764,315.56844,0.0008000000000265572,2029.6646911494001,bench_rlam_2_reg
315.76866,315.76946,0.0007999999999697138,2017.540747683434,bench_rlam_2_reg
315.96966,315.97048,0.0008200000000329055,2089.116126392607,bench_rlam_2_reg
316.17068,316.17148,0.0007999999999697138,2018.615708143104,bench_rlam_2_reg
316.3717,316.3725,0.0008000000000265572,2029.2153396466647,bench_rlam_2_reg
316.57272,316.57352,0.0007999999999697138,2031.6990487425644,bench_rlam_2_reg
316.77374,316.77454,0.0008000000000265572,2018.956882024745,bench_rlam_2_reg
316.97474,316.97556,0.0008199999999760621,2093.4285455745003,bench_rlam_2_reg
317.17576,317.17658,0.0008199999999760621,2081.176566342244,bench_rlam_2_reg
317.37678,317.3776,0.0008199999999760621,2098.265753539992,bench_rlam_2_reg
317.5778,317.5786,0.0007999999999697138,2045.7341823664115,bench_rlam_2_reg
317.77882,317.77962,0.0008000000000265572,2027.117970939561,bench_rlam_2_reg
317.97984,317.98064,0.0007999999999697138,2032.2410318951715,bench_rlam_2_reg
318.18086,318.18166,0.0008000000000265572,2029.88555895205,bench_rlam_2_reg
318.38188,318.38268,0.0007999999999697138,2026.1579425096202,bench_rlam_2_reg
318.5829,318.5837,0.0008000000000265572,2026.647802053179,bench_rlam_2_reg
318.78392,318.78472,0.0007999999999697138,2022.7437861255157,bench_rlam_2_reg
318.98492,318.98572,0.0008000000000265572,2034.5833036889944,bench_rlam_2_reg
319.18594,319.18674,0.0007999999999697138,2021.443475879218,bench_rlam_2_reg
319.38694,319.38776,0.0008200000000329055,2071.1802668902997,bench_rlam_2_reg
319.58796,319.58876,0.0007999999999697138,2033.726775469919,bench_rlam_2_reg
319.78898,319.78978,0.0008000000000265572,2015.5613800353237,bench_rlam_2_reg
319.98998,319.9908,0.0008199999999760621,2110.151529723713,bench_rlam_2_reg
320.191,320.19182,0.0008200000000329055,2081.0876973961654,bench_rlam_2_reg
320.39202,320.39282,0.0007999999999697138,2038.6208150718073,bench_rlam_2_reg
320.59304,320.59384,0.0008000000000265572,2021.2128177112943,bench_rlam_2_reg
320.79406,320.79486,0.0008000000000265572,2035.1261576382963,bench_rlam_2_reg
320.99506,320.99586,0.0007999999999697138,2038.153852234804,bench_rlam_2_reg
321.19606,321.19688,0.0008200000000329055,2090.0402172451377,bench_rlam_2_reg
321.39708,321.39788,0.0007999999999697138,2012.1308508407594,bench_rlam_2_reg
321.59808,321.59888,0.0008000000000265572,2028.7750755272089,bench_rlam_2_reg
321.79908,321.79988,0.0007999999999697138,2027.3236044824794,bench_rlam_2_reg
322.00008,322.00088,0.0007999999999697138,2025.7099600450279,bench_rlam_2_reg
322.20108,322.2019,0.0008200000000329055,2080.9513447802365,bench_rlam_2_reg
322.4021,322.4029,0.0007999999999697138,2036.2933677660028,bench_rlam_2_reg
322.6031,322.6039,0.0008000000000265572,2040.0072844553706,bench_rlam_2_reg
322.8041,322.80492,0.0008199999999760621,2079.16905398679,bench_rlam_2_reg
323.00512,323.00592,0.0008000000000265572,2024.9547437605568,bench_rlam_2_reg
323.20612,323.20692,0.0008000000000265572,2024.2390945316363,bench_rlam_2_reg
323.40712,323.40792,0.0007999999999697138,2030.3177017755463,bench_rlam_2_reg
323.60812,323.60894,0.0008200000000329055,2091.353316884862,bench_rlam_2_reg
323.80914,323.80994,0.0007999999999697138,2033.6672197184478,bench_rlam_2_reg
324.01014,324.01094,0.0008000000000265572,2038.8607122774972,bench_rlam_2_reg
324.21114,324.21196,0.0008199999999760621,2090.390562023883,bench_rlam_2_reg
324.41216,324.41296,0.0008000000000265572,2028.7536038864855,bench_rlam_2_reg
324.61316,324.61396,0.0008000000000265572,2040.8002078360075,bench_rlam_2_reg
324.81416,324.81496,0.0007999999999697138,2028.3462735027751,bench_rlam_2_reg
325.01516,325.01598,0.0008200000000329055,2082.889201215804,bench_rlam_2_reg
325.21618,325.21698,0.0007999999999697138,2038.0114646779423,bench_rlam_2_reg
325.41718,325.41798,0.0008000000000265572,2033.6337597875138,bench_rlam_2_reg
325.61818,325.61898,0.0008000000000265572,2025.6349119159593,bench_rlam_2_reg
325.81918,325.82,0.0008199999999760621,2078.0438183986585,bench_rlam_2_reg
326.0202,326.021,0.0008000000000265572,2031.6059515612587,bench_rlam_2_reg
326.2212,326.22202,0.0008199999999760621,2086.411979913176,bench_rlam_2_reg
326.42222,326.42302,0.0008000000000265572,2029.7028800316186,bench_rlam_2_reg
326.62322,326.62404,0.0008199999999760621,2101.3835607415017,bench_rlam_2_reg
326.82424,326.82504,0.0008000000000265572,2031.1638410990738,bench_rlam_2_reg
327.02524,327.02606,0.0008199999999760621,2083.587127218988,bench_rlam_2_reg
327.22626,327.22706,0.0007999999999697138,2033.6391962091059,bench_rlam_2_reg
327.42726,327.42808,0.0008200000000329055,2090.2678441265075,bench_rlam_2_reg
327.62828,327.62908,0.0007999999999697138,2045.1003591608348,bench_rlam_2_reg
327.82928,327.8301,0.0008200000000329055,2085.2748724663334,bench_rlam_2_reg
328.0303,328.0311,0.0007999999999697138,2037.8885813188465,bench_rlam_2_reg
328.23132,328.23212,0.0008000000000265572,2037.878076155976,bench_rlam_2_reg
328.43232,328.43314,0.0008199999999760621,2081.7113387717345,bench_rlam_2_reg
328.63334,328.63414,0.0008000000000265572,2027.9711369267945,bench_rlam_2_reg
328.83434,328.83516,0.0008199999999760621,2095.516896749745,bench_rlam_2_reg
329.03536,329.03616,0.0007999999999697138,2034.0344960777022,bench_rlam_2_reg
329.23636,329.23716,0.0008000000000265572,2036.180785000378,bench_rlam_2_reg
329.43738,329.43818,0.0007999999999697138,2038.5836599474405,bench_rlam_2_reg
329.63838,329.63918,0.0008000000000265572,2029.8268763211374,bench_rlam_2_reg
329.8394,329.8402,0.0007999999999697138,2025.0407209739053,bench_rlam_2_reg
330.0404,330.0412,0.0008000000000265572,2039.1545259230388,bench_rlam_2_reg
330.24142,330.24222,0.0007999999999697138,2023.4683481208438,bench_rlam_2_reg
330.44242,330.44322,0.0007999999999697138,2019.1445480056243,bench_rlam_2_reg
330.64342,330.64424,0.0008200000000329055,2085.4067966319208,bench_rlam_2_reg
330.84444,330.84524,0.0007999999999697138,2022.1452879756168,bench_rlam_2_reg
331.04546,331.04626,0.0008000000000265572,2036.863390895819,bench_rlam_2_reg
331.24648,331.24728,0.0007999999999697138,2024.8528103423962,bench_rlam_2_reg
331.4475,331.4483,0.0008000000000265572,2041.0614438165956,bench_rlam_2_reg
331.6485,331.6493,0.0007999999999697138,2025.7565122204098,bench_rlam_2_reg
331.84952,331.85032,0.0008000000000265572,2015.657918601855,bench_rlam_2_reg
332.05052,332.05146,0.0009400000000141517,2320.713338010051,bench_rlam_3_reg
332.25166,332.2526,0.0009399999999573083,2301.4370490608385,bench_rlam_3_reg
332.4528,332.45372,0.00091999999995096,2265.8905781305207,bench_rlam_3_reg
332.65394,332.65488,0.0009400000000141517,2305.6174139956606,bench_rlam_3_reg
332.85508,332.85602,0.0009400000000141517,2307.1593861546853,bench_rlam_3_reg
333.05622,333.05716,0.0009400000000141517,2311.5926841703476,bench_rlam_3_reg
333.25736,333.2583,0.0009400000000141517,2318.2797828105245,bench_rlam_3_reg
333.4585,333.45944,0.0009399999999573083,2318.219719343709,bench_rlam_3_reg
333.65964,333.66056,0.00091999999995096,2262.4803193357957,bench_rlam_3_reg
333.86078,333.8617,0.0009200000000078035,2255.263575380588,bench_rlam_3_reg
334.0619,334.06284,0.0009400000000141517,2316.559755755213,bench_rlam_3_reg
334.26304,334.26398,0.0009400000000141517,2308.4185133200044,bench_rlam_3_reg
334.46418,334.4651,0.0009200000000078035,2263.008337490921,bench_rlam_3_reg
334.66532,334.66624,0.0009200000000078035,2259.62188096771,bench_rlam_3_reg
334.86646,334.86738,0.0009200000000078035,2260.3518376176576,bench_rlam_3_reg
335.06758,335.06852,0.0009399999999573083,2334.2131868652814,bench_rlam_3_reg
335.26872,335.26966,0.0009400000000141517,2313.070101711699,bench_rlam_3_reg
335.46986,335.4708,0.0009400000000141517,2307.458662008488,bench_rlam_3_reg
335.671,335.67194,0.0009400000000141517,2308.960841079496,bench_rlam_3_reg
335.87214,335.87306,0.0009200000000078035,2264.521312922206,bench_rlam_3_reg
336.07328,336.0742,0.0009200000000078035,2260.913108490214,bench_rlam_3_reg
336.2744,336.27534,0.0009400000000141517,2322.5611518400788,bench_rlam_3_reg
336.47554,336.47648,0.0009399999999573083,2319.4491186746427,bench_rlam_3_reg
336.67668,336.6776,0.0009200000000078035,2266.1203425669455,bench_rlam_3_reg
336.87782,336.87874,0.0009200000000078035,2261.0510024509254,bench_rlam_3_reg
337.07894,337.07988,0.0009400000000141517,2315.450904472227,bench_rlam_3_reg
337.28008,337.28102,0.0009400000000141517,2324.3345506876212,bench_rlam_3_reg
337.48122,337.48216,0.0009400000000141517,2315.5161063510595,bench_rlam_3_reg
337.68236,337.68328,0.0009200000000078035,2265.770679812636,bench_rlam_3_reg
337.88348,337.88442,0.0009399999999573083,2319.6216392066704,bench_rlam_3_reg
338.08462,338.08554,0.0009200000000078035,2252.3766616659436,bench_rlam_3_reg
338.28574,338.28668,0.0009400000000141517,2327.3589159846365,bench_rlam_3_reg
338.48688,338.48782,0.0009400000000141517,2330.0934071157158,bench_rlam_3_reg
338.68802,338.68896,0.0009400000000141517,2313.115387266003,bench_rlam_3_reg
338.88916,338.89008,0.0009200000000078035,2250.9043454399316,bench_rlam_3_reg
339.0903,339.09122,0.0009200000000078035,2262.1204983549983,bench_rlam_3_reg
339.29142,339.29236,0.0009399999999573083,2321.04397366829,bench_rlam_3_reg
339.49256,339.4935,0.0009399999999573083,2310.5545131080626,bench_rlam_3_reg
339.6937,339.69464,0.0009400000000141517,2319.6162423575424,bench_rlam_3_reg
339.89484,339.89576,0.0009200000000078035,2267.5251984313245,bench_rlam_3_reg
340.09598,340.0969,0.0009200000000078035,2263.06551836933,bench_rlam_3_reg
340.2971,340.29804,0.0009400000000141517,2319.110555147443,bench_rlam_3_reg
340.49824,340.49918,0.0009400000000141517,2316.207927677734,bench_rlam_3_reg
340.69938,340.70032,0.0009399999999573083,2320.735209966657,bench_rlam_3_reg
340.90054,340.90146,0.0009200000000078035,2262.202301089952,bench_rlam_3_reg
341.10168,341.1026,0.0009200000000078035,2267.8830358471964,bench_rlam_3_reg
341.30282,341.30376,0.0009400000000141517,2322.2212982766246,bench_rlam_3_reg
341.50396,341.5049,0.0009400000000141517,2321.199856265834,bench_rlam_3_reg
341.7051,341.70604,0.0009399999999573083,2323.78758246066,bench_rlam_3_reg
341.90624,341.90718,0.0009399999999573083,2309.2766011686927,bench_rlam_3_reg
342.10738,342.10832,0.0009400000000141517,2322.1096327060045,bench_rlam_3_reg
342.30852,342.30946,0.0009400000000141517,2312.3570555325255,bench_rlam_3_reg
342.50966,342.51058,0.0009200000000078035,2257.3553119107023,bench_rlam_3_reg
342.71078,342.71172,0.0009400000000141517,2303.010970393017,bench_rlam_3_reg
342.91192,342.91286,0.0009400000000141517,2319.6635651741367,bench_rlam_3_reg
343.11306,343.11398,0.0009200000000078035,2268.3191951429717,bench_rlam_3_reg
343.31418,343.31512,0.0009399999999573083,2330.7680616790526,bench_rlam_3_reg
343.51532,343.51626,0.0009400000000141517,2330.463205045317,bench_rlam_3_reg
343.71646,343.7174,0.0009400000000141517,2316.1018779968663,bench_rlam_3_reg
343.9176,343.91854,0.0009400000000141517,2320.1040248824693,bench_rlam_3_reg
344.11874,344.11968,0.0009400000000141517,2321.707180275235,bench_rlam_3_reg
344.31988,344.32082,0.0009400000000141517,2334.794807275727,bench_rlam_3_reg
344.52102,344.52196,0.0009399999999573083,2318.355291957793,bench_rlam_3_reg
344.72216,344.7231,0.0009400000000141517,2299.569055950846,bench_rlam_3_reg
344.92332,344.92424,0.0009200000000078035,2261.2894862235216,bench_rlam_3_reg
345.12446,345.1254,0.0009400000000141517,2306.7891155752454,bench_rlam_3_reg
345.3256,345.32654,0.0009400000000141517,2323.554288629182,bench_rlam_3_reg
345.52676,345.52768,0.00091999999995096,2249.9500469738223,bench_rlam_3_reg
345.7279,345.72882,0.0009200000000078035,2257.1320669089055,bench_rlam_3_reg
345.92904,345.92996,0.0009200000000078035,2261.335446991476,bench_rlam_3_reg
346.13018,346.1311,0.0009200000000078035,2255.914486041482,bench_rlam_3_reg
346.33132,346.33224,0.0009200000000078035,2257.261653450057,bench_rlam_3_reg
346.53246,346.53338,0.0009200000000078035,2261.0621294167854,bench_rlam_3_reg
346.73358,346.73452,0.0009399999999573083,2333.875906064248,bench_rlam_3_reg
346.93472,346.93566,0.0009399999999573083,2321.386881972456,bench_rlam_3_reg
347.13586,347.1368,0.0009400000000141517,2315.065853810427,bench_rlam_3_reg
347.337,347.33792,0.0009200000000078035,2268.59529272805,bench_rlam_3_reg
347.53812,347.53906,0.0009400000000141517,2311.60265165073,bench_rlam_3_reg
347.73926,347.74018,0.0009200000000078035,2260.273373707765,bench_rlam_3_reg
347.94038,347.94132,0.0009400000000141517,2314.9522091619347,bench_rlam_3_reg
348.14152,348.14244,0.0009200000000078035,2253.9193462716903,bench_rlam_3_reg
348.34264,348.34358,0.0009399999999573083,2323.5750080717385,bench_rlam_3_reg
348.54378,348.5447,0.00091999999995096,2261.9328716263203,bench_rlam_3_reg
348.7449,348.74584,0.0009400000000141517,2313.381638424843,bench_rlam_3_reg
348.94602,348.94696,0.0009400000000141517,2308.152273812424,bench_rlam_3_reg
349.14716,349.14808,0.0009200000000078035,2260.8758160167586,bench_rlam_3_reg
349.34828,349.3492,0.0009200000000078035,2273.6596386232945,bench_rlam_3_reg
349.5494,349.55034,0.0009400000000141517,2298.0663925799245,bench_rlam_3_reg
349.75054,349.75146,0.0009200000000078035,2254.4963145852207,bench_rlam_3_reg
349.95166,349.9526,0.0009400000000141517,2321.789183220692,bench_rlam_3_reg
350.1528,350.15372,0.0009200000000078035,2273.722956902459,bench_rlam_3_reg
350.35392,350.35486,0.0009399999999573083,2329.988523735418,bench_rlam_3_reg
350.55506,350.55598,0.00091999999995096,2264.5284303908347,bench_rlam_3_reg
350.75618,350.75712,0.0009400000000141517,2326.138585387896,bench_rlam_3_reg
350.95732,350.95824,0.0009200000000078035,2266.722365779688,bench_rlam_3_reg
351.15844,351.15938,0.0009400000000141517,2316.179131204156,bench_rlam_3_reg
351.35958,351.3605,0.0009200000000078035,2259.1950604979584,bench_rlam_3_reg
351.5607,351.56164,0.0009400000000141517,2321.4586289048907,bench_rlam_3_reg
351.76184,351.76276,0.0009200000000078035,2243.2790068142313,bench_rlam_3_reg
351.96296,351.96388,0.0009200000000078035,2251.012192585097,bench_rlam_3_reg
352.16408,352.16514,0.001059999999995398,2560.528549350452,bench_rlam_4_reg
352.36534,352.3664,0.001059999999995398,2539.2026803324775,bench_rlam_4_reg
352.56658,352.56764,0.001059999999995398,2536.2077169085474,bench_rlam_4_reg
352.76784,352.76888,0.001040000000045893,2500.0646362349507,bench_rlam_4_reg
352.96908,352.97014,0.001059999999995398,2560.436527682881,bench_rlam_4_reg
353.17034,353.1714,0.001059999999995398,2544.5618061168775,bench_rlam_4_reg
353.37158,353.37264,0.001059999999995398,2558.488491923394,bench_rlam_4_reg
353.57284,353.5739,0.001059999999995398,2545.9540821604214,bench_rlam_4_reg
353.77408,353.77514,0.001059999999995398,2555.079720879337,bench_rlam_4_reg
353.97532,353.97638,0.001059999999995398,2550.7910200259203,bench_rlam_4_reg
354.17658,354.17764,0.001059999999995398,2538.2704636952913,bench_rlam_4_reg
354.37782,354.37888,0.001059999999995398,2540.0290871054103,bench_rlam_4_reg
354.57908,354.58014000000003,0.0010600000000522414,2539.3046928989265,bench_rlam_4_reg
354.78032,354.78138,0.001059999999995398,2556.225068372046,bench_rlam_4_reg
354.98158,354.98264,0.001059999999995398,2540.402773289288,bench_rlam_4_reg
355.18282,355.18388,0.001059999999995398,2542.789471330571,bench_rlam_4_reg
355.38406,355.38512,0.001059999999995398,2547.344467604935,bench_rlam_4_reg
355.58532,355.58638,0.001059999999995398,2549.523948656218,bench_rlam_4_reg
355.78658,355.78762,0.0010399999999890497,2508.09132583972,bench_rlam_4_reg
355.98782,355.98888,0.001059999999995398,2556.486802633368,bench_rlam_4_reg
356.1891,356.19014,0.0010399999999890497,2506.7185144695413,bench_rlam_4_reg
356.39036,356.3914,0.0010399999999890497,2494.080665038498,bench_rlam_4_reg
356.5916,356.59266,0.001059999999995398,2556.1909982571724,bench_rlam_4_reg
356.79286,356.79392,0.001059999999995398,2545.9280656385276,bench_rlam_4_reg
356.99412,356.99516,0.0010399999999890497,2488.762305554627,bench_rlam_4_reg
357.19536,357.19642,0.001059999999995398,2547.5633447022547,bench_rlam_4_reg
357.39662,357.39768,0.001059999999995398,2550.977505741927,bench_rlam_4_reg
357.59788,357.59894,0.0010600000000522414,2546.801830313303,bench_rlam_4_reg
357.79914,357.80018,0.0010399999999890497,2493.455219032777,bench_rlam_4_reg
358.00038,358.00144,0.001059999999995398,2553.3199612864537,bench_rlam_4_reg
358.20164,358.2027,0.001059999999995398,2547.8626927286236,bench_rlam_4_reg
358.4029,358.40396,0.001059999999995398,2542.53005143146,bench_rlam_4_reg
358.60414,358.6052,0.0010600000000522414,2556.812605028122,bench_rlam_4_reg
358.8054,358.80646,0.001059999999995398,2555.5118079935924,bench_rlam_4_reg
359.00666,359.00772,0.001059999999995398,2559.9512224842188,bench_rlam_4_reg
359.20792,359.20898,0.001059999999995398,2554.3192075486777,bench_rlam_4_reg
359.40918,359.41024,0.001059999999995398,2555.840988638841,bench_rlam_4_reg
359.61044,359.6115,0.001059999999995398,2569.1559677932923,bench_rlam_4_reg
359.8117,359.81276,0.0010600000000522414,2563.407141854389,bench_rlam_4_reg
360.01296,360.01402,0.001059999999995398,2538.790225492387,bench_rlam_4_reg
360.21422,360.21528,0.001059999999995398,2544.189637975562,bench_rlam_4_reg
360.41548,360.41654,0.001059999999995398,2543.646604748785,bench_rlam_4_reg
360.61674,360.6178,0.001059999999995398,2538.665954483491,bench_rlam_4_reg
360.818,360.81906,0.001059999999995398,2537.210262382862,bench_rlam_4_reg
361.01926,361.02032,0.0010600000000522414,2541.658964614271,bench_rlam_4_reg
361.22052,361.22158,0.001059999999995398,2534.2888873746783,bench_rlam_4_reg
361.42178,361.42284,0.001059999999995398,2547.2093419918365,bench_rlam_4_reg
361.62304,361.6241,0.001059999999995398,2543.03640684657,bench_rlam_4_reg
361.8243,361.82536,0.001059999999995398,2549.0308389945894,bench_rlam_4_reg
362.02556,362.0266,0.0010399999999890497,2494.170116243748,bench_rlam_4_reg
362.2268,362.22786,0.001059999999995398,2544.2160269812503,bench_rlam_4_reg
362.42806,362.42912,0.001059999999995398,2553.2959797172643,bench_rlam_4_reg
362.62932,362.63038,0.001059999999995398,2534.954457068497,bench_rlam_4_reg
362.83058,362.83164,0.001059999999995398,2538.509413128295,bench_rlam_4_reg
363.03182,363.03288,0.001059999999995398,2556.9688412423343,bench_rlam_4_reg
363.23308,363.23414,0.0010600000000522414,2539.577065176225,bench_rlam_4_reg
363.43434,363.4354,0.001059999999995398,2548.5861790115014,bench_rlam_4_reg
363.6356,363.63666,0.001059999999995398,2594.6252397066405,bench_rlam_4_reg
363.83684,363.8379,0.001059999999995398,4125.422646748934,bench_rlam_4_reg
364.0381,364.03916,0.001059999999995398,3775.252122426031,bench_rlam_4_reg
364.23936,364.24042,0.001059999999995398,3061.2274585272444,bench_rlam_4_reg
364.44062,364.44168,0.001059999999995398,2727.3264573526517,bench_rlam_4_reg
364.64188,364.64294,0.001059999999995398,2610.3961164864936,bench_rlam_4_reg
364.84314,364.8442,0.001059999999995398,2589.1280872630377,bench_rlam_4_reg
365.0444,365.04546,0.001059999999995398,2553.9941433803156,bench_rlam_4_reg
365.24566,365.24672,0.001059999999995398,2555.4276560414814,bench_rlam_4_reg
365.44692,365.44798,0.001059999999995398,2554.6211260413515,bench_rlam_4_reg
365.64818,365.64924,0.001059999999995398,2535.511115527385,bench_rlam_4_reg
365.84944,365.8505,0.001059999999995398,2531.2330177797767,bench_rlam_4_reg
366.0507,366.05176,0.001059999999995398,2533.883161366183,bench_rlam_4_reg
366.25196,366.25302,0.001059999999995398,2538.647095200042,bench_rlam_4_reg
366.45322,366.45428,0.001059999999995398,2559.0426777479956,bench_rlam_4_reg
366.65448,366.65554,0.001059999999995398,2548.329171257584,bench_rlam_4_reg
366.85574,366.8568,0.001059999999995398,2565.965200734306,bench_rlam_4_reg
367.057,367.05806,0.001059999999995398,2532.2174443611143,bench_rlam_4_reg
367.25826,367.25932,0.001059999999995398,2541.389528185168,bench_rlam_4_reg
367.45952,367.46058,0.001059999999995398,2532.9711334725894,bench_rlam_4_reg
367.66078,367.66184,0.001059999999995398,2550.0036100856664,bench_rlam_4_reg
367.86204,367.8631,0.001059999999995398,2547.212007925277,bench_rlam_4_reg
368.0633,368.06436,0.001059999999995398,2552.734697195871,bench_rlam_4_reg
368.26456,368.26562,0.001059999999995398,2558.1543519815996,bench_rlam_4_reg
368.46582,368.46688,0.001059999999995398,2539.998898268581,bench_rlam_4_reg
368.66708,368.66814,0.001059999999995398,2532.590734764653,bench_rlam_4_reg
368.86832,368.86938,0.001059999999995398,2556.849133695353,bench_rlam_4_reg
369.06958,369.07064,0.0010600000000522414,2524.102388557801,bench_rlam_4_reg
369.27084,369.2719,0.001059999999995398,2538.9557587600266,bench_rlam_4_reg
369.4721,369.47316,0.001059999999995398,2542.567704784728,bench_rlam_4_reg
369.67336,369.67442,0.001059999999995398,2540.6387681091524,bench_rlam_4_reg
369.87462,369.87568,0.001059999999995398,2527.1107442664106,bench_rlam_4_reg
370.07588,370.07692,0.0010399999999890497,2500.369842151256,bench_rlam_4_reg
370.27712,370.27818,0.001059999999995398,2553.372865040188,bench_rlam_4_reg
370.47838,370.47944,0.001059999999995398,2541.182006228642,bench_rlam_4_reg
370.67962,370.68068,0.001059999999995398,2546.459769359425,bench_rlam_4_reg
370.88088,370.88192,0.0010399999999890497,2504.8768473595455,bench_rlam_4_reg
371.08212,371.08318,0.0010600000000522414,2552.42352155441,bench_rlam_4_reg
371.28338,371.28444,0.001059999999995398,2547.1468688542736,bench_rlam_4_reg
371.48462,371.48568,0.001059999999995398,2542.174679678539,bench_rlam_4_reg
371.68588,371.68694,0.001059999999995398,2536.5336402258577,bench_rlam_4_reg
371.88712,371.88818,0.001059999999995398,2551.1710415614634,bench_rlam_4_reg
372.08838,372.08944,0.0010600000000522414,2522.675963255718,bench_rlam_4_reg
372.28964,372.29094,0.0012999999999578904,3421.9325542163047,bench_jge_not_taken
372.49114,372.49244,0.0013000000000147338,3413.4400939095917,bench_jge_not_taken
372.69264,372.69394,0.0013000000000147338,3443.6142188979134,bench_jge_not_taken
372.89412,372.89542,0.0013000000000147338,3430.1997069729246,bench_jge_not_taken
373.09562,373.09692,0.0013000000000147338,3430.9929260470794,bench_jge_not_taken
373.29712,373.29842,0.0013000000000147338,3421.1511328240404,bench_jge_not_taken
373.49862,373.49992,0.0012999999999578904,3413.11154642332,bench_jge_not_taken
373.70012,373.70142,0.0012999999999578904,3415.4508494409747,bench_jge_not_taken
373.90162,373.90292,0.0013000000000147338,3420.7518562216933,bench_jge_not_taken
374.1031,374.1044,0.0013000000000147338,3433.889672203808,bench_jge_not_taken
374.3046,374.3059,0.0013000000000147338,3422.1312962914863,bench_jge_not_taken
374.5061,374.5074,0.0013000000000147338,3429.6599775953764,bench_jge_not_taken
374.70758,374.70888,0.0013000000000147338,3439.8446954228057,bench_jge_not_taken
374.90908,374.91038,0.0012999999999578904,3437.412553345056,bench_jge_not_taken
375.11058,375.11188,0.0012999999999578904,3444.524563255902,bench_jge_not_taken
375.31208,375.31338,0.0013000000000147338,3439.8509795273376,bench_jge_not_taken
375.51356,375.51486,0.0013000000000147338,3426.332799763066,bench_jge_not_taken
375.71506,375.71636,0.0013000000000147338,3451.7459501928242,bench_jge_not_taken
375.91656,375.91786,0.0013000000000147338,3442.004264836626,bench_jge_not_taken
376.11804,376.11934,0.0013000000000147338,3458.403102159691,bench_jge_not_taken
376.31954,376.32084,0.0012999999999578904,3440.480579030643,bench_jge_not_taken
376.52104,376.52234,0.0012999999999578904,3440.3922640353753,bench_jge_not_taken
376.72254,376.72384,0.0013000000000147338,3448.4758065563046,bench_jge_not_taken
376.92404,376.92534,0.0013000000000147338,3432.1847861158512,bench_jge_not_taken
377.12554,377.12684,0.0013000000000147338,3428.9573925033988,bench_jge_not_taken
377.32704,377.32834,0.0013000000000147338,3435.1764875793638,bench_jge_not_taken
377.52854,377.52984,0.0012999999999578904,3427.6166929592964,bench_jge_not_taken
377.73004,377.73134,0.0013000000000147338,3425.165291453824,bench_jge_not_taken
377.93152,377.93282,0.0013000000000147338,3423.5754842457322,bench_jge_not_taken
378.13304,378.13434,0.0013000000000147338,3416.2453422732847,bench_jge_not_taken
378.33454,378.33584,0.0013000000000147338,3412.9579179359166,bench_jge_not_taken
378.53604,378.53734,0.0012999999999578904,3431.121709176747,bench_jge_not_taken
378.73754,378.73884,0.0012999999999578904,3439.037948716028,bench_jge_not_taken
378.93904,378.94034,0.0013000000000147338,3435.4034183065833,bench_jge_not_taken
379.14054,379.14184,0.0013000000000147338,3425.93833343178,bench_jge_not_taken
379.34202,379.34332,0.0013000000000147338,3431.5852425499834,bench_jge_not_taken
379.54352,379.54482,0.0013000000000147338,3441.411715509973,bench_jge_not_taken
379.74502,379.74632,0.0013000000000147338,3437.2658375954757,bench_jge_not_taken
379.94652,379.94782,0.0012999999999578904,3437.6051671512,bench_jge_not_taken
380.14802,380.14932,0.0013000000000147338,3417.4545482292883,bench_jge_not_taken
380.34952,380.3508,0.0012800000000083855,3374.3770094880133,bench_jge_not_taken
380.551,380.5523,0.0013000000000147338,3436.1963626462057,bench_jge_not_taken
380.7525,380.7538,0.0013000000000147338,3412.9375755261512,bench_jge_not_taken
380.954,380.95528,0.0012800000000083855,3354.168985990153,bench_jge_not_taken
381.15548,381.15678,0.0013000000000147338,3439.3886407237405,bench_jge_not_taken
381.35698,381.35828,0.0012999999999578904,3423.8389808419997,bench_jge_not_taken
381.55846,381.55976,0.0012999999999578904,3436.2393243794245,bench_jge_not_taken
381.75996,381.76126,0.0013000000000147338,3435.1832676218037,bench_jge_not_taken
381.96146,381.96276,0.0013000000000147338,3425.8969664122196,bench_jge_not_taken
382.16294,382.16424,0.0013000000000147338,3454.1567345587873,bench_jge_not_taken
382.36444,382.36574,0.0013000000000147338,3432.8991710640403,bench_jge_not_taken
382.56592,382.56722,0.0013000000000147338,3434.0094752051295,bench_jge_not_taken
382.76742,382.76872,0.0012999999999578904,3436.045085431581,bench_jge_not_taken
382.9689,382.9702,0.0012999999999578904,3437.684895349966,bench_jge_not_taken
383.1704,383.17168,0.0012800000000083855,3369.0099185593003,bench_jge_not_taken
383.37188,383.37318,0.0013000000000147338,3424.8437779494016,bench_jge_not_taken
383.57338,383.57468,0.0013000000000147338,3426.997088873371,bench_jge_not_taken
383.77486,383.77616,0.0013000000000147338,3421.6508316343875,bench_jge_not_taken
383.97634,383.97764,0.0013000000000147338,3431.1422612989118,bench_jge_not_taken
384.17782,384.17912,0.0013000000000147338,3435.9036595981447,bench_jge_not_taken
384.3793,384.3806,0.0013000000000147338,3435.478918293574,bench_jge_not_taken
384.5808,384.5821,0.0013000000000147338,3431.857826686342,bench_jge_not_taken
384.78228,384.78358,0.0012999999999578904,3455.4202131728384,bench_jge_not_taken
384.98376,384.98506,0.0012999999999578904,3436.2395781714918,bench_jge_not_taken
385.18526,385.18656,0.0012999999999578904,3434.608396943862,bench_jge_not_taken
385.38674,385.38804,0.0013000000000147338,3431.4627666493743,bench_jge_not_taken
385.58824,385.58954,0.0013000000000147338,3435.909503649739,bench_jge_not_taken
385.78972,385.79102,0.0013000000000147338,3440.7481761173485,bench_jge_not_taken
385.9912,385.9925,0.0013000000000147338,3437.2136183505295,bench_jge_not_taken
386.1927,386.194,0.0013000000000147338,3430.074031974259,bench_jge_not_taken
386.39418,386.39548,0.0013000000000147338,3427.5936452108213,bench_jge_not_taken
386.59568,386.59698,0.0012999999999578904,3417.3965336487845,bench_jge_not_taken
386.79716,386.79846,0.0012999999999578904,3443.8315591476785,bench_jge_not_taken
386.99864,386.99994,0.0012999999999578904,3444.2346634908217,bench_jge_not_taken
387.20014,387.20144,0.0013000000000147338,3450.570919133218,bench_jge_not_taken
387.40164,387.40294,0.0013000000000147338,3428.6549734438695,bench_jge_not_taken
387.60314,387.60444,0.0013000000000147338,3431.2811913410274,bench_jge_not_taken
387.80462,387.80592,0.0013000000000147338,3432.8025486702077,bench_jge_not_taken
388.00612,388.00742,0.0013000000000147338,3420.7494953035193,bench_jge_not_taken
388.20762,388.20892,0.0012999999999578904,3426.908720162918,bench_jge_not_taken
388.40912,388.4104,0.0012800000000083855,3377.0270087158483,bench_jge_not_taken
388.6106,388.6119,0.0013000000000147338,3436.4115447288427,bench_jge_not_taken
388.8121,388.8134,0.0013000000000147338,3432.221433658822,bench_jge_not_taken
389.0136,389.0149,0.0013000000000147338,3432.1911470453238,bench_jge_not_taken
389.21508,389.21638,0.0013000000000147338,3436.244113878458,bench_jge_not_taken
389.41658,389.41788,0.0013000000000147338,3427.138114379606,bench_jge_not_taken
389.61808,389.61938,0.0012999999999578904,3431.6897647153924,bench_jge_not_taken
389.81958,389.82088,0.0013000000000147338,3437.3385576087903,bench_jge_not_taken
390.02108,390.02238,0.0013000000000147338,3429.396599579407,bench_jge_not_taken
390.22258,390.22386,0.0012800000000083855,3379.444223856323,bench_jge_not_taken
390.42406,390.42536,0.0013000000000147338,3431.524180384927,bench_jge_not_taken
390.62556,390.62686,0.0013000000000147338,3421.4928234394574,bench_jge_not_taken
390.82706,390.82836,0.0012999999999578904,3430.0106343515113,bench_jge_not_taken
391.02854,391.02984,0.0012999999999578904,3433.8109077577415,bench_jge_not_taken
391.23004,391.23134,0.0013000000000147338,3434.567512060195,bench_jge_not_taken
391.43154,391.43284,0.0013000000000147338,3437.55335318795,bench_jge_not_taken
391.63302,391.63432,0.0013000000000147338,3442.9101762832584,bench_jge_not_taken
391.83452,391.83582,0.0013000000000147338,3426.834167953008,bench_jge_not_taken
392.036,392.0373,0.0013000000000147338,3441.862885418311,bench_jge_not_taken
392.2375,392.2388,0.0013000000000147338,3423.5533164202225,bench_jge_not_taken
392.439,392.44028,0.0012799999999515421,3370.823012527204,bench_jge_taken
392.64048,392.64176,0.0012799999999515421,3380.341871965092,bench_jge_taken
392.84196,392.84324,0.0012800000000083855,3367.435205760022,bench_jge_taken
393.04344,393.04472,0.0012800000000083855,3373.4512538980225,bench_jge_taken
393.24492,393.2462,0.0012800000000083855,3364.4104632839935,bench_jge_taken
393.44638,393.44768,0.0013000000000147338,3443.1782947426677,bench_jge_taken
393.64788,393.64916,0.0012800000000083855,3376.800743890332,bench_jge_taken
393.84934,393.85062,0.0012800000000083855,3374.312466509436,bench_jge_taken
394.05082,394.0521,0.0012800000000083855,3386.5375374738483,bench_jge_taken
394.2523,394.25358,0.0012800000000083855,3379.801195141507,bench_jge_taken
394.45378,394.45506,0.0012800000000083855,3393.7349496671054,bench_jge_taken
394.65526,394.65654,0.0012800000000083855,3396.1685397887377,bench_jge_taken
394.85674,394.85802,0.0012800000000083855,3390.435418141114,bench_jge_taken
395.05824,395.05952,0.0012800000000083855,3370.21928747881,bench_jge_taken
395.2597,395.261,0.0013000000000147338,3447.686098555426,bench_jge_taken
395.46118,395.46246,0.0012800000000083855,3378.637412113135,bench_jge_taken
395.66266,395.66394,0.0012800000000083855,3392.56445878172,bench_jge_taken
395.86416,395.86544,0.0012799999999515421,3367.3167041014904,bench_jge_taken
396.06564,396.06692,0.0012800000000083855,3371.2028665777925,bench_jge_taken
396.26712,396.2684,0.0012800000000083855,3374.4684141419616,bench_jge_taken
396.4686,396.46988,0.0012800000000083855,3383.653569066021,bench_jge_taken
396.67008,396.67138,0.0013000000000147338,3431.8828420262525,bench_jge_taken
396.87156,396.87284,0.0012800000000083855,3384.349506845182,bench_jge_taken
397.07302,397.0743,0.0012800000000083855,3387.4611277452113,bench_jge_taken
397.2745,397.27578,0.0012800000000083855,3377.0885761185823,bench_jge_taken
397.47598,397.47726,0.0012800000000083855,3370.3436889011896,bench_jge_taken
397.67744,397.67872,0.0012800000000083855,3374.505755521588,bench_jge_taken
397.87892,397.8802,0.0012800000000083855,3377.038007630864,bench_jge_taken
398.08042,398.0817,0.0012800000000083855,3374.1531428153585,bench_jge_taken
398.2819,398.28318,0.0012800000000083855,3369.246986717677,bench_jge_taken
398.48338,398.48466,0.0012800000000083855,3389.511813892693,bench_jge_taken
398.68486,398.68614,0.0012800000000083855,3377.065341934232,bench_jge_taken
398.88634,398.88762,0.0012800000000083855,3386.2028736778575,bench_jge_taken
399.08782,399.0891,0.0012799999999515421,3383.5994939779202,bench_jge_taken
399.2893,399.29058,0.0012799999999515421,3369.4094231736353,bench_jge_taken
399.49078,399.49206,0.0012800000000083855,3380.182876750065,bench_jge_taken
399.69226,399.69354,0.0012800000000083855,3378.0351188335467,bench_jge_taken
399.89374,399.89502,0.0012800000000083855,3376.647254945714,bench_jge_taken
400.09522,400.0965,0.0012800000000083855,3367.86532079167,bench_jge_taken
400.2967,400.29798,0.0012800000000083855,3375.6939648003445,bench_jge_taken
400.49818,400.49946,0.0012800000000083855,3378.1402185786096,bench_jge_taken
400.69966,400.70094,0.0012800000000083855,3371.6282621319,bench_jge_taken
400.90114,400.90242,0.0012800000000083855,3384.6166706890117,bench_jge_taken
401.10262,401.1039,0.0012800000000083855,3375.147138748212,bench_jge_taken
401.30408,401.30536,0.0012800000000083855,3390.313277513276,bench_jge_taken
401.50556,401.50686,0.0013000000000147338,3433.152968106989,bench_jge_taken
401.70704,401.70834,0.0013000000000147338,3437.1931385643175,bench_jge_taken
401.90852,401.9098,0.0012800000000083855,3382.4032312448317,bench_jge_taken
402.11,402.11128,0.0012800000000083855,3384.764206144677,bench_jge_taken
402.31148,402.31278,0.0012999999999578904,3437.073232947575,bench_jge_taken
402.51296,402.51424,0.0012799999999515421,3377.5239739095728,bench_jge_taken
402.71444,402.71572,0.0012799999999515421,3391.579589659428,bench_jge_taken
402.91592,402.9172,0.0012799999999515421,3375.8347363581015,bench_jge_taken
403.11738,403.11868,0.0012999999999578904,3445.9616824590566,bench_jge_taken
403.31886,403.32014,0.0012800000000083855,3385.704827993706,bench_jge_taken
403.52034,403.52162,0.0012800000000083855,3381.3981409528687,bench_jge_taken
403.72182,403.7231,0.0012800000000083855,3384.818392836394,bench_jge_taken
403.9233,403.92458,0.0012800000000083855,3388.5115059412597,bench_jge_taken
404.12478,404.12606,0.0012800000000083855,3389.2003796359163,bench_jge_taken
404.32626,404.32754,0.0012800000000083855,3368.3028607911874,bench_jge_taken
404.52772,404.529,0.0012800000000083855,3388.8866426703285,bench_jge_taken
404.7292,404.73048,0.0012800000000083855,3395.654368241615,bench_jge_taken
404.93068,404.93196,0.0012800000000083855,3373.646722201815,bench_jge_taken
405.13216,405.13344,0.0012800000000083855,3377.398732142483,bench_jge_taken
405.33362,405.3349,0.0012800000000083855,3394.967389789006,bench_jge_taken
405.5351,405.53638,0.0012800000000083855,3375.6753453294614,bench_jge_taken
405.73658,405.73786,0.0012800000000083855,3376.1579217625704,bench_jge_taken
405.93806,405.93934,0.0012800000000083855,3381.6556353326405,bench_jge_taken
406.13954,406.14082,0.0012800000000083855,3374.70152184319,bench_jge_taken
406.341,406.34228,0.0012800000000083855,3373.8639881077547,bench_jge_taken
406.54248,406.54376,0.0012800000000083855,3381.3742408711887,bench_jge_taken
406.74396,406.74524,0.0012800000000083855,3378.863739799731,bench_jge_taken
406.94544,406.94672,0.0012800000000083855,3380.3139324434833,bench_jge_taken
407.1469,407.14818,0.0012800000000083855,3380.9628896520935,bench_jge_taken
407.34838,407.34966,0.0012799999999515421,3397.6963626661895,bench_jge_taken
407.54986,407.55114,0.0012799999999515421,3380.787968486225,bench_jge_taken
407.75134,407.75262,0.0012799999999515421,3387.7026637463264,bench_jge_taken
407.95282,407.9541,0.0012800000000083855,3375.797965591758,bench_jge_taken
408.1543,408.15558,0.0012800000000083855,3374.9995753489306,bench_jge_taken
408.35578,408.35706,0.0012800000000083855,3383.891857261772,bench_jge_taken
408.55726,408.55854,0.0012800000000083855,3369.8891615809853,bench_jge_taken
408.75874,408.76002,0.0012800000000083855,3377.9951348261616,bench_jge_taken
408.96022,408.9615,0.0012800000000083855,3390.643363843883,bench_jge_taken
409.1617,409.16298,0.0012800000000083855,3374.6208576781755,bench_jge_taken
409.36318,409.36446,0.0012800000000083855,3376.7405711325546,bench_jge_taken
409.56466,409.56594,0.0012800000000083855,3378.285472304482,bench_jge_taken
409.76612,409.7674,0.0012800000000083855,3382.7595249995934,bench_jge_taken
409.9676,409.96888,0.0012800000000083855,3379.214697073135,bench_jge_taken
410.16908,410.17036,0.0012800000000083855,3386.711173247882,bench_jge_taken
410.37054,410.37182,0.0012800000000083855,3386.2703759447154,bench_jge_taken
410.57202,410.5733,0.0012800000000083855,3376.138238257572,bench_jge_taken
410.7735,410.77478,0.0012800000000083855,3371.4507892881156,bench_jge_taken
410.97498,410.97626,0.0012800000000083855,3385.332110349574,bench_jge_taken
411.17646,411.17774,0.0012799999999515421,3366.5540161109066,bench_jge_taken
411.37794,411.37922,0.0012799999999515421,3389.688518219468,bench_jge_taken
411.5794,411.5807,0.0012999999999578904,3433.35749569,bench_jge_taken
411.78088,411.78216,0.0012799999999515421,3370.752353071199,bench_jge_taken
411.98236,411.98364,0.0012799999999515421,3387.3131241122087,bench_jge_taken
412.18384,412.18512,0.0012800000000083855,3385.8142700366975,bench_jge_taken
412.38532,412.3866,0.0012800000000083855,3373.8243836281436,bench_jge_taken
412.5868,412.58756,0.0007600000000138607,1940.7735765434732,bench_jmp
412.78776,412.78852,0.0007600000000138607,1929.3770427314919,bench_jmp
412.98872,412.98948,0.0007600000000138607,1945.9510432015863,bench_jmp
413.18968,413.19044,0.0007600000000138607,1942.3854002083046,bench_jmp
413.39064,413.3914,0.0007599999999570173,1939.9671138902422,bench_jmp
413.5916,413.59236,0.0007599999999570173,1941.409024746665,bench_jmp
413.79256,413.79332,0.0007600000000138607,1929.9002294887023,bench_jmp
413.99352,413.99428,0.0007600000000138607,1930.3179067056199,bench_jmp
414.19446,414.19522,0.0007600000000138607,1925.084197471942,bench_jmp
414.39544,414.3962,0.0007600000000138607,1921.6235145354885,bench_jmp
414.5964,414.59716,0.0007599999999570173,1942.2206467666304,bench_jmp
414.79736,414.79812,0.0007599999999570173,1944.690635297568,bench_jmp
414.99832,414.99908,0.0007600000000138607,1944.3006185338438,bench_jmp
415.19928,415.20004,0.0007600000000138607,1937.8487300557995,bench_jmp
415.40024,415.401,0.0007600000000138607,1936.7689150797196,bench_jmp
415.6012,415.60196,0.0007600000000138607,1929.6975946405469,bench_jmp
415.80216,415.80292,0.0007599999999570173,1946.8280695153223,bench_jmp
416.00312,416.00388,0.0007599999999570173,1948.5623341594767,bench_jmp
416.20408,416.20484,0.0007600000000138607,1945.6494832888634,bench_jmp
416.40504,416.4058,0.0007600000000138607,1951.6153843588138,bench_jmp
416.606,416.60676,0.0007600000000138607,1947.081899311792,bench_jmp
416.80696,416.80772,0.0007600000000138607,1951.9937550996624,bench_jmp
417.0079,417.00866,0.0007600000000138607,1930.2861485948993,bench_jmp
417.20886,417.20962,0.0007599999999570173,1940.1993787650076,bench_jmp
417.40982,417.41058,0.0007599999999570173,1939.314023927042,bench_jmp
417.61076,417.61152,0.0007599999999570173,1941.3013708362591,bench_jmp
417.81172,417.81248,0.0007600000000138607,1951.319829139627,bench_jmp
418.01268,418.01344,0.0007600000000138607,1938.1109206451706,bench_jmp
418.21364,418.2144,0.0007600000000138607,1945.0844708298118,bench_jmp
418.4146,418.41536,0.0007600000000138607,1943.7850755983184,bench_jmp
418.61556,418.61632,0.0007599999999570173,1932.4788566414895,bench_jmp
418.81652,418.81728,0.0007599999999570173,1945.1251415190638,bench_jmp
419.01748,419.01824,0.0007600000000138607,1941.5256870418762,bench_jmp
419.21844,419.2192,0.0007600000000138607,1938.5518134067756,bench_jmp
419.4194,419.42016,0.0007600000000138607,1944.3997391917571,bench_jmp
419.62034,419.6211,0.0007600000000138607,1950.1803303536108,bench_jmp
419.8213,419.82206,0.0007600000000138607,1931.2432222412995,bench_jmp
420.02226,420.02302,0.0007599999999570173,1933.5023824764537,bench_jmp
420.22322,420.22398,0.0007599999999570173,1949.7355770867184,bench_jmp
420.42418,420.42494,0.0007600000000138607,1942.0566317152193,bench_jmp
420.62514,420.6259,0.0007600000000138607,1937.6113801679592,bench_jmp
420.8261,420.82686,0.0007600000000138607,1951.0136568369885,bench_jmp
421.02706,421.02782,0.0007600000000138607,1948.4914117843389,bench_jmp
421.22802,421.22878,0.0007599999999570173,1946.356892469524,bench_jmp
421.42898,421.42974,0.0007599999999570173,1945.1802711578553,bench_jmp
421.62992,421.63068,0.0007599999999570173,1937.4184262579947,bench_jmp
421.83088,421.83164,0.0007600000000138607,1935.7925397800084,bench_jmp
422.03184,422.0326,0.0007600000000138607,1942.359160212412,bench_jmp
422.2328,422.23356,0.0007600000000138607,1944.219805341569,bench_jmp
422.43376,422.43452,0.0007600000000138607,1935.8958700087053,bench_jmp
422.63474,422.6355,0.0007599999999570173,1935.3247316288343,bench_jmp
422.8357,422.83646,0.0007600000000138607,1932.8826480068626,bench_jmp
423.03666,423.03742,0.0007600000000138607,1929.5251998597867,bench_jmp
423.23762,423.23838,0.0007600000000138607,1939.6133278933312,bench_jmp
423.43858,423.43934,0.0007600000000138607,1938.5541347250974,bench_jmp
423.63954,423.6403,0.0007600000000138607,1946.9178514848847,bench_jmp
423.8405,423.84126,0.0007599999999570173,1930.893885314193,bench_jmp
424.04146,424.04222,0.0007600000000138607,1942.9042004538458,bench_jmp
424.24242,424.24318,0.0007600000000138607,1919.7006291238868,bench_jmp
424.44338,424.44414,0.0007600000000138607,1900.5619967773428,bench_jmp
424.64434,424.6451,0.0007600000000138607,1921.9717709737895,bench_jmp
424.8453,424.84606,0.0007600000000138607,1946.3623618134573,bench_jmp
425.04626,425.04702,0.0007599999999570173,1937.6901279843064,bench_jmp
425.24722,425.24798,0.0007599999999570173,1938.771752043205,bench_jmp
425.44818,425.44894,0.0007600000000138607,1939.1116593486881,bench_jmp
425.64912,425.64988,0.0007600000000138607,1943.17596969231,bench_jmp
425.85008,425.85084,0.0007600000000138607,1944.5213256825823,bench_jmp
426.05106,426.05182,0.0007600000000138607,1951.205038966912,bench_jmp
426.25202,426.25278,0.0007599999999570173,1930.799800778039,bench_jmp
426.45298,426.45374,0.0007599999999570173,1940.7711176750893,bench_jmp
426.65394,426.6547,0.0007600000000138607,1964.6564405867634,bench_jmp
426.85492,426.85568,0.0007600000000138607,1952.6043674365303,bench_jmp
427.05588,427.05664,0.0007600000000138607,1942.565396934695,bench_jmp
427.25684,427.2576,0.0007600000000138607,1941.0812459257409,bench_jmp
427.4578,427.45856,0.0007599999999570173,1947.7325979334078,bench_jmp
427.65876,427.65952,0.0007600000000138607,1942.367106722268,bench_jmp
427.85974,427.8605,0.0007600000000138607,1958.3085948121395,bench_jmp
428.06072,428.06148,0.0007600000000138607,1919.9012499658625,bench_jmp
428.26168,428.26244,0.0007600000000138607,1930.8296987125434,bench_jmp
428.46266,428.46342,0.0007599999999570173,1934.9779420148975,bench_jmp
428.66364,428.6644,0.0007600000000138607,1944.0014451223226,bench_jmp
428.8646,428.86536,0.0007600000000138607,1949.0448618744788,bench_jmp
429.06556,429.06632,0.0007600000000138607,1957.6202240196196,bench_jmp
429.26652,429.26728,0.0007600000000138607,1963.2804580298075,bench_jmp
429.4675,429.46826,0.0007600000000138607,1941.7489367038052,bench_jmp
429.66846,429.66922,0.0007600000000138607,1943.3218217910437,bench_jmp
429.86942,429.87018,0.0007600000000138607,1929.5575889249053,bench_jmp
430.07038,430.07114,0.0007600000000138607,1942.5123557830757,bench_jmp
430.27134,430.2721,0.0007600000000138607,1961.747200729816,bench_jmp
430.4723,430.47306,0.0007599999999570173,1960.244297393806,bench_jmp
430.67326,430.67402,0.0007599999999570173,1942.2688194166265,bench_jmp
430.87422,430.87498,0.0007600000000138607,1932.705647820796,bench_jmp
431.07518,431.07594,0.0007600000000138607,1942.8236573430959,bench_jmp
431.27614,431.2769,0.0007600000000138607,1931.5175619356696,bench_jmp
431.4771,431.47786,0.0007600000000138607,1951.1788944157859,bench_jmp
431.67806,431.67882,0.0007599999999570173,1939.6424967507605,bench_jmp
431.87902,431.87978,0.0007599999999570173,1943.2205402833217,bench_jmp
432.08,432.08076,0.0007600000000138607,1935.9713793234098,bench_jmp
432.28096,432.28172,0.0007600000000138607,1935.3411090968098,bench_jmp
432.48192,432.48268,0.0007600000000138607,1933.1703964079918,bench_jmp
