t_start_s,t_end_s,duration_s,energy_nJ,event_label
9.79942,9.8001,0.0006800000000009021,1795.3524435897077,bench_add_reg_reg
9.99968,10.00036,0.0006800000000009021,1803.7828127878863,bench_add_reg_reg
10.19994,10.20064,0.000700000000000145,1859.429706819926,bench_add_reg_reg
10.40022,10.4009,0.0006800000000009021,1804.9407447716208,bench_add_reg_reg
10.60048,10.60118,0.000700000000000145,1861.7349187851153,bench_add_reg_reg
10.80076,10.80144,0.0006799999999991257,1805.9672228966774,bench_add_reg_reg
11.00102,11.0017,0.0006799999999991257,1802.2333574455715,bench_add_reg_reg
11.2013,11.20198,0.0006800000000009021,1801.6701540934107,bench_add_reg_reg
11.40156,11.40224,0.0006800000000009021,1788.7095385253365,bench_add_reg_reg
11.60182,11.6025,0.0006799999999991257,1791.2322049936383,bench_add_reg_reg
11.80208,11.80276,0.0006799999999991257,1803.1216319625398,bench_add_reg_reg
12.00234,12.00304,0.000700000000000145,1856.9712317551323,bench_add_reg_reg
12.2026,12.2033,0.000700000000000145,1867.6878162662194,bench_add_reg_reg
12.40286,12.40356,0.000700000000000145,1876.0540476069434,bench_add_reg_reg
12.60312,12.60382,0.000700000000000145,1867.3681584187705,bench_add_reg_reg
12.80338,12.80408,0.000700000000000145,1871.4448669923436,bench_add_reg_reg
13.00364,13.00434,0.0006999999999983686,1860.0063701110896,bench_add_reg_reg
13.2039,13.2046,0.0006999999999983686,1878.589182155919,bench_add_reg_reg
13.40418,13.40486,0.0006799999999991257,1807.0131586839564,bench_add_reg_reg
13.60444,13.60512,0.0006799999999991257,1805.4496799570852,bench_add_reg_reg
13.8047,13.80538,0.0006799999999991257,1810.1464211915486,bench_add_reg_reg
14.00496,14.00564,0.0006799999999991257,1806.1857949916591,bench_add_reg_reg
14.20522,14.2059,0.0006799999999991257,1808.647264258149,bench_add_reg_reg
14.40548,14.40618,0.000700000000000145,1860.6160930356757,bench_add_reg_reg
14.60576,14.60644,0.0006799999999991257,1807.5238424329293,bench_add_reg_reg
14.80602,14.8067,0.0006799999999991257,1804.989827794335,bench_add_reg_reg
15.00628,15.00698,0.000700000000000145,1869.8188173586661,bench_add_reg_reg
15.20656,15.20724,0.0006800000000009021,1812.0662006574603,bench_add_reg_reg
15.40682,15.4075,0.0006800000000009021,1812.1679988715168,bench_add_reg_reg
15.6071,15.60778,0.0006799999999991257,1803.0734197208442,bench_add_reg_reg
15.80736,15.80804,0.0006800000000009021,1807.7656836276967,bench_add_reg_reg
16.00764,16.00832,0.0006800000000026785,1806.56741374045,bench_add_reg_reg
16.20792,16.2086,0.0006799999999991257,1802.005763162668,bench_add_reg_reg
16.4082,16.40888,0.0006799999999991257,1811.0430613132796,bench_add_reg_reg
16.60846,16.60914,0.0006799999999991257,1802.9419099883285,bench_add_reg_reg
16.80872,16.80942,0.0006999999999983686,1859.2990352723486,bench_add_reg_reg
17.009,17.00968,0.0006799999999991257,1807.7540141504064,bench_add_reg_reg
17.20926,17.20996,0.0006999999999983686,1848.7909436179089,bench_add_reg_reg
17.40954,17.41022,0.0006799999999991257,1811.3687518028216,bench_add_reg_reg
17.60982,17.610500000000002,0.0006800000000026785,1811.5604738779355,bench_add_reg_reg
17.81008,17.81078,0.0007000000000019213,1856.4731418210772,bench_add_reg_reg
18.01036,18.01104,0.0006800000000026785,1818.8498704773044,bench_add_reg_reg
18.21064,18.21132,0.0006799999999991257,1804.3411872320987,bench_add_reg_reg
18.4109,18.4116,0.0006999999999983686,1862.4430382571934,bench_add_reg_reg
18.61118,18.61186,0.0006799999999991257,1798.3134277135975,bench_add_reg_reg
18.81146,18.81214,0.0006799999999991257,1816.5655620371203,bench_add_reg_reg
19.01172,19.0124,0.0006799999999991257,1805.9289758068708,bench_add_reg_reg
19.212,19.21268,0.0006799999999991257,1803.5574676444273,bench_add_reg_reg
19.41228,19.41296,0.0006800000000026785,1801.4226388260338,bench_add_reg_reg
19.61254,19.61324,0.0007000000000019213,1861.153889918555,bench_add_reg_reg
19.81282,19.8135,0.0006800000000026785,1799.21026808064,bench_add_reg_reg
20.01308,20.01376,0.0006800000000026785,1796.9904351128625,bench_add_reg_reg
20.21334,20.21404,0.0007000000000019213,1853.1834730006938,bench_add_reg_reg
20.41362,20.4143,0.0006799999999991257,1784.17316171966,bench_add_reg_reg
20.6139,20.61458,0.0006799999999991257,1797.5955596164574,bench_add_reg_reg
20.81416,20.81486,0.0006999999999983686,1840.173504310388,bench_add_reg_reg
21.01444,21.01512,0.0006799999999991257,1792.3903488527942,bench_add_reg_reg
21.21472,21.2154,0.0006799999999991257,1786.1972772490994,bench_add_reg_reg
21.41498,21.41568,0.0006999999999983686,1856.588982041162,bench_add_reg_reg
21.61526,21.61594,0.0006799999999991257,1793.4650182703629,bench_add_reg_reg
21.81554,21.81622,0.0006800000000026785,1806.6548858847477,bench_add_reg_reg
22.0158,22.01648,0.0006800000000026785,1805.1890796129892,bench_add_reg_reg
22.21608,22.21676,0.0006799999999991257,1795.4290052845504,bench_add_reg_reg
22.41634,22.41702,0.0006799999999991257,1802.6350368713665,bench_add_reg_reg
22.61662,22.6173,0.0006799999999991257,1791.7774314964613,bench_add_reg_reg
22.81688,22.81756,0.0006799999999991257,1799.0135308326871,bench_add_reg_reg
23.01714,23.01784,0.0006999999999983686,1858.7189377233515,bench_add_reg_reg
23.21742,23.2181,0.0006799999999991257,1797.1642548189777,bench_add_reg_reg
23.41768,23.41836,0.0006799999999991257,1797.8815874055676,bench_add_reg_reg
23.61796,23.61864,0.0006799999999991257,1793.3502071510654,bench_add_reg_reg
23.81822,23.81892,0.0006999999999983686,1852.8802576429537,bench_add_reg_reg
24.0185,24.01918,0.0006799999999991257,1794.3224916214085,bench_add_reg_reg
24.21878,24.21946,0.0006800000000026785,1792.013794191677,bench_add_reg_reg
24.41904,24.41974,0.0007000000000019213,1868.1822228304334,bench_add_reg_reg
24.61932,24.62,0.0006800000000026785,1801.4178588135549,bench_add_reg_reg
24.8196,24.82028,0.0006799999999991257,1789.1924502300687,bench_add_reg_reg
25.01986,25.02056,0.0006999999999983686,1860.0125610776727,bench_add_reg_reg
25.22014,25.22082,0.0006799999999991257,1796.770244833937,bench_add_reg_reg
25.42042,25.4211,0.0006799999999991257,1783.951621034457,bench_add_reg_reg
25.62068,25.62138,0.0006999999999983686,1861.3973655691818,bench_add_reg_reg
25.82096,25.82166,0.0007000000000019213,1857.6725828514775,bench_add_reg_reg
26.02124,26.02192,0.0006800000000026785,1805.6550179687251,bench_add_reg_reg
26.22152,26.2222,0.0006799999999991257,1800.3176827883347,bench_add_reg_reg
26.4218,26.42248,0.0006799999999991257,1801.0732205555728,bench_add_reg_reg
26.62208,26.62276,0.0006799999999991257,1796.6334195781424,bench_add_reg_reg
26.82236,26.82304,0.0006799999999991257,1797.9888129023832,bench_add_reg_reg
27.02262,27.02332,0.0006999999999983686,1872.4457314193528,bench_add_reg_reg
27.2229,27.22358,0.0006799999999991257,1818.3889542687614,bench_add_reg_reg
27.42318,27.42386,0.0006800000000026785,1805.1007855763141,bench_add_reg_reg
27.62346,27.62414,0.0006799999999991257,1796.5629138022289,bench_add_reg_reg
27.82372,27.82442,0.0006999999999983686,1865.268298419516,bench_add_reg_reg
28.024,28.02468,0.0006799999999991257,1803.4702888660463,bench_add_reg_reg
28.22428,28.22496,0.0006799999999991257,1802.45028109965,bench_add_reg_reg
28.42456,28.42524,0.0006799999999991257,1804.811649488061,bench_add_reg_reg
28.62484,28.62552,0.0006800000000026785,1810.6779805462977,bench_add_reg_reg
28.8251,28.82578,0.0006800000000026785,1825.3709678614593,bench_add_reg_reg
29.02538,29.02606,0.0006800000000026785,1820.5939559348446,bench_add_reg_reg
29.22566,29.22634,0.0006799999999991257,1811.1333390667392,bench_add_reg_reg
29.42592,29.42662,0.0006999999999983686,1868.3950509824003,bench_add_reg_reg
29.6262,29.62688,0.0006799999999991257,1800.5521642013352,bench_add_reg_reg
29.82648,29.82776,0.0012800000000012801,3454.8406209827767,bench_add_imm_reg
30.02734,30.02862,0.0012800000000012801,3445.190626666448,bench_add_imm_reg
30.2282,30.22948,0.0012799999999977274,3449.0420343287974,bench_add_imm_reg
30.42906,30.43034,0.0012800000000012801,3456.117878671286,bench_add_imm_reg
30.62992,30.6312,0.0012800000000012801,3446.895349775096,bench_add_imm_reg
30.83078,30.83206,0.0012799999999977274,3453.403301530374,bench_add_imm_reg
31.03164,31.03292,0.0012800000000012801,3471.0215241685087,bench_add_imm_reg
31.2325,31.23378,0.0012799999999977274,3454.3336112913785,bench_add_imm_reg
31.43336,31.43464,0.0012800000000012801,3454.9320046820585,bench_add_imm_reg
31.63424,31.6355,0.0012600000000020373,3371.6079383220062,bench_add_imm_reg
31.8351,31.83636,0.0012599999999984846,3365.7697285482827,bench_add_imm_reg
32.03594,32.03722,0.0012800000000012801,3430.987249599784,bench_add_imm_reg
32.2368,32.23808,0.0012799999999941747,3423.6438595524874,bench_add_imm_reg
32.43766,32.43894,0.0012800000000012801,3436.571583154478,bench_add_imm_reg
32.63852,32.6398,0.0012800000000012801,3431.7671833591303,bench_add_imm_reg
32.83938,32.84066,0.0012800000000012801,3435.830802195003,bench_add_imm_reg
33.04024,33.04152,0.0012800000000012801,3428.0234319214414,bench_add_imm_reg
33.2411,33.24238,0.0012799999999941747,3454.0469874456717,bench_add_imm_reg
33.44196,33.44324,0.0012800000000012801,3459.9664341680223,bench_add_imm_reg
33.64282,33.6441,0.0012800000000012801,3454.407118263252,bench_add_imm_reg
33.84368,33.84496,0.0012800000000012801,3454.85201804315,bench_add_imm_reg
34.04454,34.04582,0.0012800000000012801,3459.720101677941,bench_add_imm_reg
34.24542,34.24668,0.0012599999999949318,3404.2483824156425,bench_add_imm_reg
34.44628,34.44756,0.0012800000000012801,3464.5845275396164,bench_add_imm_reg
34.64714,34.64842,0.0012800000000012801,3468.5186715825703,bench_add_imm_reg
34.848,34.84928,0.0012800000000012801,3452.0230465601967,bench_add_imm_reg
35.04888,35.05014,0.0012600000000020373,3390.577163089392,bench_add_imm_reg
35.24974,35.25102,0.0012799999999941747,3456.5297118219287,bench_add_imm_reg
35.4506,35.45188,0.0012800000000012801,3467.7690360721626,bench_add_imm_reg
35.65146,35.65274,0.0012800000000012801,3451.4057193918093,bench_add_imm_reg
35.85234,35.8536,0.0012600000000020373,3402.786564553472,bench_add_imm_reg
36.0532,36.05446,0.0012600000000020373,3396.527902230466,bench_add_imm_reg
36.25406,36.25534,0.0012799999999941747,3452.465145366028,bench_add_imm_reg
36.45494,36.4562,0.0012600000000020373,3380.1117516167433,bench_add_imm_reg
36.6558,36.65708,0.0012800000000012801,3446.876476521915,bench_add_imm_reg
36.85666,36.85794,0.0012800000000012801,3440.8431267408355,bench_add_imm_reg
37.05754,37.0588,0.0012599999999949318,3376.3548754942644,bench_add_imm_reg
37.2584,37.25966,0.0012599999999949318,3380.6946291444333,bench_add_imm_reg
37.45926,37.46052,0.0012600000000020373,3380.5692382204506,bench_add_imm_reg
37.66012,37.66138,0.0012600000000020373,3383.6824679803076,bench_add_imm_reg
37.86098,37.86224,0.0012600000000020373,3383.720603312537,bench_add_imm_reg
38.06184,38.0631,0.0012600000000020373,3388.2982237339043,bench_add_imm_reg
38.2627,38.26396,0.0012599999999949318,3395.6282678847197,bench_add_imm_reg
38.46356,38.46482,0.0012600000000020373,3397.6453146945278,bench_add_imm_reg
38.66442,38.6657,0.0012800000000012801,3438.7307125174148,bench_add_imm_reg
38.86528,38.86656,0.0012800000000012801,3438.767606862183,bench_add_imm_reg
39.06614,39.06742,0.0012800000000012801,3460.249269852925,bench_add_imm_reg
39.267,39.26828,0.0012799999999941747,3456.365331059303,bench_add_imm_reg
39.46786,39.46914,0.0012800000000012801,3464.4023096215087,bench_add_imm_reg
39.66872,39.66998,0.0012600000000020373,3388.6393974582543,bench_add_imm_reg
39.86958,39.87084,0.0012600000000020373,3403.6207804513488,bench_add_imm_reg
40.07042,40.0717,0.0012800000000012801,3456.2624059658474,bench_add_imm_reg
40.27128,40.27256,0.0012800000000012801,3461.678912867993,bench_add_imm_reg
40.47214,40.47342,0.0012799999999941747,3457.490073034547,bench_add_imm_reg
40.673,40.67428,0.0012800000000012801,3456.23362576807,bench_add_imm_reg
40.87386,40.87514,0.0012800000000012801,3453.8921155062876,bench_add_imm_reg
41.07472,41.076,0.0012800000000012801,3447.4748792160567,bench_add_imm_reg
41.27558,41.27684,0.0012600000000020373,3391.112098477158,bench_add_imm_reg
41.47644,41.4777,0.0012600000000020373,3378.738916952277,bench_add_imm_reg
41.6773,41.67856,0.0012599999999949318,3372.6425375645113,bench_add_imm_reg
41.87816,41.87942,0.0012600000000020373,3386.260829870456,bench_add_imm_reg
42.079,42.08028,0.0012800000000012801,3437.8608991422375,bench_add_imm_reg
42.27988,42.28114,0.0012600000000020373,3376.090140087706,bench_add_imm_reg
42.48074,42.482,0.0012600000000020373,3377.727947670169,bench_add_imm_reg
42.6816,42.68286,0.0012599999999949318,3377.050519905617,bench_add_imm_reg
42.88246,42.88372,0.0012599999999949318,3394.151050582879,bench_add_imm_reg
43.08332,43.08458,0.0012600000000020373,3394.884883896381,bench_add_imm_reg
43.28418,43.28546,0.0012800000000012801,3447.683432608456,bench_add_imm_reg
43.48506,43.48632,0.0012600000000020373,3390.1548921204094,bench_add_imm_reg
43.68592,43.68718,0.0012599999999949318,3396.199513212216,bench_add_imm_reg
43.88678,43.88806,0.0012800000000012801,3454.7920501818003,bench_add_imm_reg
44.08764,44.08892,0.0012800000000012801,3457.5303550839026,bench_add_imm_reg
44.2885,44.28978,0.0012800000000012801,3447.818579155616,bench_add_imm_reg
44.48938,44.49064,0.0012600000000020373,3395.5340925678133,bench_add_imm_reg
44.69024,44.6915,0.0012599999999949318,3394.0145978557007,bench_add_imm_reg
44.8911,44.89238,0.0012800000000012801,3449.9457711375385,bench_add_imm_reg
45.09198,45.09324,0.0012600000000020373,3394.205884547467,bench_add_imm_reg
45.29284,45.2941,0.0012600000000020373,3384.4484994244403,bench_add_imm_reg
45.4937,45.49496,0.0012600000000020373,3377.5838045479936,bench_add_imm_reg
45.69456,45.69582,0.0012599999999949318,3373.6958890075975,bench_add_imm_reg
45.89542,45.8967,0.0012800000000012801,3434.537956493095,bench_add_imm_reg
46.09628,46.09756,0.0012800000000012801,3432.14062508516,bench_add_imm_reg
46.29714,46.29842,0.0012800000000012801,3433.8592784514153,bench_add_imm_reg
46.49802,46.49928,0.0012600000000020373,3375.139911666154,bench_add_imm_reg
46.69886,46.70014,0.0012799999999941747,3436.4581154487823,bench_add_imm_reg
46.89974,46.901,0.0012600000000020373,3370.827515614265,bench_add_imm_reg
47.1006,47.10186,0.0012600000000020373,3389.7285349719623,bench_add_imm_reg
47.30146,47.30272,0.0012600000000020373,3387.1162077465824,bench_add_imm_reg
47.50232,47.5036,0.0012800000000012801,3446.775479247292,bench_add_imm_reg
47.70318,47.70446,0.0012799999999941747,3456.5182425843273,bench_add_imm_reg
47.90406,47.90532,0.0012600000000020373,3394.0724958712717,bench_add_imm_reg
48.10492,48.10618,0.0012600000000020373,3396.0865507883236,bench_add_imm_reg
48.30578,48.30704,0.0012600000000020373,3403.014752554048,bench_add_imm_reg
48.50664,48.5079,0.0012600000000020373,3402.897268540467,bench_add_imm_reg
48.7075,48.70876,0.0012599999999949318,3390.497011117753,bench_add_imm_reg
48.90836,48.90962,0.0012599999999949318,3405.480098430601,bench_add_imm_reg
49.10922,49.11048,0.0012600000000020373,3388.3467083843548,bench_add_imm_reg
49.31008,49.31134,0.0012600000000020373,3386.6181573885046,bench_add_imm_reg
49.51094,49.5122,0.0012600000000020373,3394.9246537008494,bench_add_imm_reg
49.7118,49.71306,0.0012600000000020373,3397.586997605781,bench_add_imm_reg
49.91266,49.91406,0.0013999999999967372,4094.1707743230572,bench_add_idx_reg
50.11366,50.11506,0.0013999999999967372,4075.7821174233472,bench_add_idx_reg
50.31466,50.31606,0.0013999999999967372,4078.1496208991425,bench_add_idx_reg
50.51566,50.51706,0.0014000000000038426,4079.586328020042,bench_add_idx_reg
50.71664,50.71804,0.0014000000000038426,4091.548980225205,bench_add_idx_reg
50.91764,50.91904,0.0014000000000038426,4061.436448257599,bench_add_idx_reg
51.11864,51.12004,0.0014000000000038426,4073.974397044485,bench_add_idx_reg
51.31962,51.32102,0.0013999999999967372,4085.396248837159,bench_add_idx_reg
51.52062,51.52202,0.0013999999999967372,4092.7811898193913,bench_add_idx_reg
51.7216,51.723,0.0013999999999967372,4095.468311560406,bench_add_idx_reg
51.9226,51.924,0.0013999999999967372,4086.180091825141,bench_add_idx_reg
52.12358,52.12498,0.0014000000000038426,4101.113735245079,bench_add_idx_reg
52.32458,52.32598,0.0014000000000038426,4095.5171804063098,bench_add_idx_reg
52.52556,52.52696,0.0014000000000038426,4097.418652393309,bench_add_idx_reg
52.72656,52.72796,0.0014000000000038426,4096.580764755871,bench_add_idx_reg
52.92754,52.92894,0.0013999999999967372,4102.0884271612895,bench_add_idx_reg
53.12852,53.12992,0.0013999999999967372,4104.948728335162,bench_add_idx_reg
53.3295,53.3309,0.0013999999999967372,4100.602664974536,bench_add_idx_reg
53.53048,53.53188,0.0014000000000038426,4098.122515728084,bench_add_idx_reg
53.73148,53.73288,0.0014000000000038426,4075.5775477856787,bench_add_idx_reg
53.93246,53.93386,0.0014000000000038426,4084.15104263647,bench_add_idx_reg
54.13344,54.13484,0.0013999999999967372,4087.6936539912017,bench_add_idx_reg
54.33442,54.33584,0.00141999999999598,4129.916806693504,bench_add_idx_reg
54.53542,54.53682,0.0013999999999967372,4073.2333715904483,bench_add_idx_reg
54.7364,54.7378,0.0013999999999967372,4075.4250110955413,bench_add_idx_reg
54.9374,54.9388,0.0014000000000038426,4060.27418096845,bench_add_idx_reg
55.13838,55.13978,0.0014000000000038426,4082.2289046021965,bench_add_idx_reg
55.33938,55.34078,0.0014000000000038426,4091.2691713422864,bench_add_idx_reg
55.54036,55.54176,0.0013999999999967372,4084.841387802067,bench_add_idx_reg
55.74134,55.74274,0.0013999999999967372,4106.755340461621,bench_add_idx_reg
55.94232,55.94372,0.0013999999999967372,4108.532669478073,bench_add_idx_reg
56.14332,56.14472,0.0013999999999967372,4096.272727464776,bench_add_idx_reg
56.3443,56.3457,0.0014000000000038426,4107.270888065328,bench_add_idx_reg
56.54528,56.5467,0.0014200000000030855,4163.805237048842,bench_add_idx_reg
56.74628,56.74768,0.0014000000000038426,4087.7838223352182,bench_add_idx_reg
56.94726,56.94866,0.0013999999999967372,4089.0971361563397,bench_add_idx_reg
57.14824,57.14964,0.0013999999999967372,4084.968438827557,bench_add_idx_reg
57.34922,57.35062,0.0013999999999967372,4084.0381965867655,bench_add_idx_reg
57.5502,57.5516,0.0014000000000038426,4081.331938517813,bench_add_idx_reg
57.75118,57.75258,0.0014000000000038426,4080.455151864042,bench_add_idx_reg
57.95216,57.95356,0.0014000000000038426,4069.237075757561,bench_add_idx_reg
58.15314,58.15454,0.0013999999999967372,4079.834476569011,bench_add_idx_reg
58.35414,58.35554,0.0013999999999967372,4072.9822148470626,bench_add_idx_reg
58.55512,58.55652,0.0013999999999967372,4082.0913948016905,bench_add_idx_reg
58.7561,58.75752,0.00141999999999598,4145.570567330807,bench_add_idx_reg
58.9571,58.9585,0.0014000000000038426,4086.794897460741,bench_add_idx_reg
59.15808,59.15948,0.0014000000000038426,4076.6278840718455,bench_add_idx_reg
59.35906,59.36046,0.0014000000000038426,4102.107619412201,bench_add_idx_reg
59.56006,59.56146,0.0013999999999967372,4098.390624849003,bench_add_idx_reg
59.76104,59.76244,0.0013999999999967372,4092.67455338399,bench_add_idx_reg
59.96202,59.96342,0.0013999999999967372,4076.392594714539,bench_add_idx_reg
60.16302,60.16442,0.0013999999999967372,4094.26448632889,bench_add_idx_reg
60.364,60.3654,0.0014000000000038426,4091.3903433950086,bench_add_idx_reg
60.56498,60.56638,0.0014000000000038426,4096.545330260102,bench_add_idx_reg
60.76596,60.76736,0.0013999999999967372,4088.983586979621,bench_add_idx_reg
60.96696,60.96836,0.0013999999999967372,4078.1524963578736,bench_add_idx_reg
61.16796,61.16936,0.0013999999999967372,4073.505895202176,bench_add_idx_reg
61.36894,61.37034,0.0013999999999967372,4052.309906099934,bench_add_idx_reg
61.56992,61.57132,0.0013999999999967372,4072.748864990584,bench_add_idx_reg
61.7709,61.7723,0.0014000000000038426,4066.1655645938768,bench_add_idx_reg
61.97188,61.9733,0.0014200000000030855,4128.84191843625,bench_add_idx_reg
62.17288,62.17428,0.0014000000000038426,4063.0582324342477,bench_add_idx_reg
62.37386,62.37526,0.0013999999999967372,4074.961869035928,bench_add_idx_reg
62.57486,62.57626,0.0013999999999967372,4083.729069669713,bench_add_idx_reg
62.77584,62.77724,0.0013999999999967372,4087.6129362633587,bench_add_idx_reg
62.97684,62.97824,0.0013999999999967372,4083.687772498432,bench_add_idx_reg
63.17782,63.17922,0.0014000000000038426,4088.6473516127976,bench_add_idx_reg
63.37882,63.38022,0.0014000000000038426,4091.1945374800644,bench_add_idx_reg
63.5798,63.5812,0.0014000000000038426,4101.960603158959,bench_add_idx_reg
63.7808,63.7822,0.0014000000000038426,4107.317558966505,bench_add_idx_reg
63.9818,63.9832,0.0013999999999967372,4085.6651984990913,bench_add_idx_reg
64.18278,64.18418,0.0014000000000038426,4095.1230563360336,bench_add_idx_reg
64.38376,64.38518,0.0014200000000101909,4143.488169679436,bench_add_idx_reg
64.58476,64.58616,0.0014000000000038426,4075.5943302161118,bench_add_idx_reg
64.78574,64.78714,0.0013999999999896318,4080.0372720378373,bench_add_idx_reg
64.98674,64.98814,0.0014000000000038426,4071.778033406634,bench_add_idx_reg
65.18774,65.18914,0.0013999999999896318,4069.9746925069476,bench_add_idx_reg
65.38872,65.39012,0.0013999999999896318,4076.0648226969433,bench_add_idx_reg
65.58972,65.59112,0.0014000000000038426,4070.834498864053,bench_add_idx_reg
65.79072,65.79212,0.0014000000000038426,4073.2167405211544,bench_add_idx_reg
65.9917,65.9931,0.0014000000000038426,4075.4676261111513,bench_add_idx_reg
66.1927,66.1941,0.0014000000000038426,4098.069090406782,bench_add_idx_reg
66.39368,66.39508,0.0013999999999896318,4094.715041542873,bench_add_idx_reg
66.59468,66.59608,0.0014000000000038426,4099.922354810822,bench_add_idx_reg
66.79566,66.79706,0.0014000000000038426,4090.858043649213,bench_add_idx_reg
66.99666,66.99806,0.0013999999999896318,4097.329741311457,bench_add_idx_reg
67.19764,67.19904,0.0013999999999896318,4084.686946556796,bench_add_idx_reg
67.39864,67.40004,0.0014000000000038426,4097.511861484886,bench_add_idx_reg
67.59962,67.60102,0.0014000000000038426,4099.242405510639,bench_add_idx_reg
67.8006,67.802,0.0014000000000038426,4102.206900726131,bench_add_idx_reg
68.0016,68.003,0.0014000000000038426,4086.5577827326965,bench_add_idx_reg
68.20258,68.20398,0.0014000000000038426,4090.8980975049226,bench_add_idx_reg
68.40358,68.40498,0.0013999999999896318,4070.827509244833,bench_add_idx_reg
68.60456,68.60596,0.0013999999999896318,4081.3224203561163,bench_add_idx_reg
68.80554,68.80694,0.0014000000000038426,4086.8367836946422,bench_add_idx_reg
69.00654,69.00794,0.0014000000000038426,4065.0245826797427,bench_add_idx_reg
69.20752,69.20892,0.0014000000000038426,4076.18115191411,bench_add_idx_reg
69.40852,69.40992,0.0014000000000038426,4080.267129478507,bench_add_idx_reg
69.6095,69.6109,0.0014000000000038426,4077.4401067877743,bench_add_idx_reg
69.8105,69.8119,0.0013999999999896318,4081.9999691697803,bench_add_idx_reg
70.0115,70.0129,0.0014000000000038426,4176.600845542522,bench_add_sym_reg
70.2125,70.2139,0.0013999999999896318,4182.149330121436,bench_add_sym_reg
70.41348,70.41488,0.0013999999999896318,4180.389549550742,bench_add_sym_reg
70.61446,70.61586,0.0014000000000038426,4186.052614837058,bench_add_sym_reg
70.81544,70.81684,0.0014000000000038426,4186.665052560697,bench_add_sym_reg
71.01644,71.01782,0.0013799999999974943,4132.212144313697,bench_add_sym_reg
71.21742,71.21882,0.0013999999999896318,4184.832118885571,bench_add_sym_reg
71.4184,71.4198,0.0013999999999896318,4189.697024379999,bench_add_sym_reg
71.61938,71.62078,0.0013999999999896318,4175.731146210596,bench_add_sym_reg
71.82036,71.82176,0.0014000000000038426,4178.878720862756,bench_add_sym_reg
72.02134,72.02274,0.0014000000000038426,4161.4007158326,bench_add_sym_reg
72.22232,72.22372,0.0014000000000038426,4158.132274181681,bench_add_sym_reg
72.4233,72.4247,0.0014000000000038426,4163.792347547112,bench_add_sym_reg
72.62428,72.62568,0.0014000000000038426,4179.327823233386,bench_add_sym_reg
72.82526,72.82666,0.0014000000000038426,4149.919981148455,bench_add_sym_reg
73.02624,73.02764,0.0014000000000038426,4177.479264337289,bench_add_sym_reg
73.2272,73.2286,0.0014000000000038426,4165.300736216024,bench_add_sym_reg
73.4282,73.42958,0.0013799999999974943,4107.569307079756,bench_add_sym_reg
73.62918,73.63058,0.0013999999999896318,4164.964195774319,bench_add_sym_reg
73.83016,73.83156,0.0013999999999896318,4193.696454134664,bench_add_sym_reg
74.03114,74.03254,0.0014000000000038426,4189.649322083856,bench_add_sym_reg
74.23214,74.23352,0.0013799999999974943,4129.281237247716,bench_add_sym_reg
74.43312,74.43452,0.0014000000000038426,4185.038909791548,bench_add_sym_reg
74.6341,74.6355,0.0013999999999896318,4177.869318486528,bench_add_sym_reg
74.83508,74.83648,0.0013999999999896318,4188.625114006579,bench_add_sym_reg
75.03606,75.03746,0.0013999999999896318,4187.280223671745,bench_add_sym_reg
75.23704,75.23844,0.0014000000000038426,4186.613566721038,bench_add_sym_reg
75.43804,75.43942,0.0013799999999974943,4109.526639795819,bench_add_sym_reg
75.63902,75.6404,0.0013799999999974943,4115.7135646712495,bench_add_sym_reg
75.84,75.84138,0.0013799999999974943,4115.448724470243,bench_add_sym_reg
76.04098,76.04236,0.0013799999999974943,4106.548735863514,bench_add_sym_reg
76.24196,76.24334,0.0013799999999974943,4103.899956672227,bench_add_sym_reg
76.44294,76.44432,0.0013800000000117052,4108.233551996901,bench_add_sym_reg
76.6439,76.6453,0.0014000000000038426,4179.352859511709,bench_add_sym_reg
76.84488,76.84628,0.0013999999999896318,4163.492578049903,bench_add_sym_reg
77.04586,77.04726,0.0013999999999896318,4168.8322741207185,bench_add_sym_reg
77.24684,77.24824,0.0013999999999896318,4178.676076666464,bench_add_sym_reg
77.44782,77.44922,0.0014000000000038426,4189.164843423695,bench_add_sym_reg
77.6488,77.6502,0.0014000000000038426,4169.875530073207,bench_add_sym_reg
77.84978,77.85118,0.0014000000000038426,4185.689503805268,bench_add_sym_reg
78.05076,78.05214,0.0013799999999974943,4121.5423913600525,bench_add_sym_reg
78.25174,78.25312,0.0013799999999974943,4134.718102861788,bench_add_sym_reg
78.4527,78.4541,0.0014000000000038426,4191.120052723875,bench_add_sym_reg
78.65368,78.65508,0.0014000000000038426,4190.445858998974,bench_add_sym_reg
78.85466,78.85606,0.0014000000000038426,4175.981415914228,bench_add_sym_reg
79.05564,79.05704,0.0014000000000038426,4182.223314431539,bench_add_sym_reg
79.25662,79.258,0.0013799999999974943,4107.997701496579,bench_add_sym_reg
79.4576,79.45898,0.0013799999999974943,4116.101805113663,bench_add_sym_reg
79.65856,79.65996,0.0014000000000038426,4166.636182939887,bench_add_sym_reg
79.85954,79.86094,0.0014000000000038426,4153.329855775317,bench_add_sym_reg
80.0605,80.0619,0.0013999999999896318,4161.198504703225,bench_add_sym_reg
80.26148,80.26288,0.0013999999999896318,4175.352796413835,bench_add_sym_reg
80.46246,80.46386,0.0014000000000038426,4152.158289229446,bench_add_sym_reg
80.66344,80.66484,0.0014000000000038426,4178.9286234554165,bench_add_sym_reg
80.86442,80.86582,0.0014000000000038426,4175.282344234389,bench_add_sym_reg
81.0654,81.06678,0.0013799999999974943,4124.754182987254,bench_add_sym_reg
81.26636,81.26776,0.0013999999999896318,4175.359369222458,bench_add_sym_reg
81.46734,81.46874,0.0014000000000038426,4186.604095170382,bench_add_sym_reg
81.66832,81.66972,0.0014000000000038426,4178.1764244792685,bench_add_sym_reg
81.8693,81.8707,0.0014000000000038426,4185.419066355829,bench_add_sym_reg
82.07028,82.07166,0.0013799999999974943,4120.858961243581,bench_add_sym_reg
82.27124,82.27264,0.0013999999999896318,4196.130703170314,bench_add_sym_reg
82.47222,82.47362,0.0014000000000038426,4177.2776865533815,bench_add_sym_reg
82.6732,82.6746,0.0014000000000038426,4193.076130481646,bench_add_sym_reg
82.87418,82.87558,0.0014000000000038426,4169.002259163031,bench_add_sym_reg
83.07516,83.07656,0.0014000000000038426,4173.6446530681,bench_add_sym_reg
83.27614,83.27754,0.0014000000000038426,4172.269448184206,bench_add_sym_reg
83.47712,83.47852,0.0014000000000038426,4160.306812275571,bench_add_sym_reg
83.6781,83.6795,0.0014000000000038426,4163.476089027027,bench_add_sym_reg
83.87908,83.88048,0.0014000000000038426,4164.934642624293,bench_add_sym_reg
84.08006,84.08144,0.0013799999999974943,4096.818089011079,bench_add_sym_reg
84.28102,84.28242,0.0014000000000038426,4179.79068589664,bench_add_sym_reg
84.482,84.4834,0.0014000000000038426,4168.521093682151,bench_add_sym_reg
84.68298,84.68438,0.0014000000000038426,4192.2836587882375,bench_add_sym_reg
84.88396,84.88534,0.0013799999999974943,4132.385167751039,bench_add_sym_reg
85.08492,85.08632,0.0014000000000038426,4183.77354975156,bench_add_sym_reg
85.28588,85.28728,0.0013999999999896318,4174.00648581352,bench_add_sym_reg
85.48686,85.48826,0.0014000000000038426,4185.589542625891,bench_add_sym_reg
85.68782,85.68922,0.0014000000000038426,4187.691980052429,bench_add_sym_reg
85.8888,85.8902,0.0013999999999896318,4173.182393391897,bench_add_sym_reg
86.08978,86.09118,0.0013999999999896318,4202.70811763154,bench_add_sym_reg
86.29076,86.29214,0.0013799999999974943,4117.10639948967,bench_add_sym_reg
86.49172,86.49312,0.0014000000000038426,4184.783149987438,bench_add_sym_reg
86.6927,86.6941,0.0014000000000038426,4168.524518619823,bench_add_sym_reg
86.89368,86.89508000000001,0.0014000000000038426,4172.690771530015,bench_add_sym_reg
87.09466,87.09606,0.0013999999999896318,4156.943529346492,bench_add_sym_reg
87.29564,87.29702,0.0013799999999974943,4097.273109937878,bench_add_sym_reg
87.49662000000001,87.498,0.0013799999999974943,4098.725486537972,bench_add_sym_reg
87.6976,87.69898,0.0013800000000117052,4107.488081826766,bench_add_sym_reg
87.89858,87.89996,0.0013799999999974943,4111.014781513629,bench_add_sym_reg
88.09956,88.10094,0.0013799999999974943,4104.557842940184,bench_add_sym_reg
88.30054,88.30194,0.0014000000000038426,4173.9893751344225,bench_add_sym_reg
88.50152,88.50292,0.0014000000000038426,4177.5268060277,bench_add_sym_reg
88.7025,88.7039,0.0014000000000038426,4180.952848412608,bench_add_sym_reg
88.90348,88.90488,0.0014000000000038426,4184.624727360961,bench_add_sym_reg
89.10446,89.10586,0.0014000000000038426,4162.205993208344,bench_add_sym_reg
89.30544,89.30684,0.0013999999999896318,4177.503043287265,bench_add_sym_reg
89.50642,89.50782,0.0013999999999896318,4177.4091613155715,bench_add_sym_reg
89.7074,89.7088,0.0013999999999896318,4192.699769013827,bench_add_sym_reg
89.90838,89.90978,0.0014000000000038426,4191.250693998078,bench_add_sym_reg
90.10936,90.11076,0.0014000000000038426,4102.054920525608,bench_add_abs_reg
90.31036,90.31174,0.0013799999999974943,4023.9960770038024,bench_add_abs_reg
90.51134,90.51274,0.0013999999999896318,4088.084835061596,bench_add_abs_reg
90.71232,90.71372,0.0013999999999896318,4070.6386509962563,bench_add_abs_reg
90.9133,90.9147,0.0013999999999896318,4091.566360988784,bench_add_abs_reg
91.11428,91.11568,0.0014000000000038426,4085.3909077260105,bench_add_abs_reg
91.31526,91.31666,0.0014000000000038426,4083.4963112261084,bench_add_abs_reg
91.51624,91.51764,0.0014000000000038426,4067.9199411653153,bench_add_abs_reg
91.71722,91.71862,0.0014000000000038426,4078.991741418911,bench_add_abs_reg
91.9182,91.91958,0.0013799999999974943,4025.383645196357,bench_add_abs_reg
92.11918,92.12056,0.0013799999999974943,4019.2214888453104,bench_add_abs_reg
92.32014,92.32154,0.0014000000000038426,4098.523072910621,bench_add_abs_reg
92.52112,92.52252,0.0014000000000038426,4096.756144438818,bench_add_abs_reg
92.7221,92.7235,0.0014000000000038426,4100.53636879905,bench_add_abs_reg
92.92308,92.92448,0.0014000000000038426,4094.970957387304,bench_add_abs_reg
93.12404,93.12544,0.0014000000000038426,4096.4819118512,bench_add_abs_reg
93.32502,93.32642,0.0014000000000038426,4093.848718342726,bench_add_abs_reg
93.526,93.5274,0.0014000000000038426,4100.15594215386,bench_add_abs_reg
93.72698,93.72838,0.0014000000000038426,4088.0866395431085,bench_add_abs_reg
93.92796,93.92936,0.0014000000000038426,4092.3447557843006,bench_add_abs_reg
94.12894,94.13034,0.0014000000000038426,4074.455515958185,bench_add_abs_reg
94.32992,94.33132,0.0014000000000038426,4065.426506577915,bench_add_abs_reg
94.5309,94.5323,0.0014000000000038426,4075.5368047494076,bench_add_abs_reg
94.73188,94.73328,0.0013999999999896318,4075.259924834433,bench_add_abs_reg
94.93286,94.93426,0.0013999999999896318,4072.180297193901,bench_add_abs_reg
95.13384,95.13524,0.0013999999999896318,4084.7034169972776,bench_add_abs_reg
95.33482,95.33622,0.0014000000000038426,4083.080438445056,bench_add_abs_reg
95.53582,95.53722,0.0014000000000038426,4093.845908075133,bench_add_abs_reg
95.73678,95.73818,0.0014000000000038426,4097.570143651909,bench_add_abs_reg
95.93776,95.93916,0.0014000000000038426,4092.9326112506583,bench_add_abs_reg
96.13874,96.14014,0.0014000000000038426,4098.719551705648,bench_add_abs_reg
96.33972,96.34112,0.0014000000000038426,4080.0814889487056,bench_add_abs_reg
96.5407,96.5421,0.0014000000000038426,4098.79380139682,bench_add_abs_reg
96.74168,96.74308,0.0014000000000038426,4094.3217161210305,bench_add_abs_reg
96.94268,96.94406,0.0013799999999974943,4027.8208558388333,bench_add_abs_reg
97.14366,97.14506,0.0014000000000038426,4098.471235495917,bench_add_abs_reg
97.34464,97.34604,0.0014000000000038426,4075.7315070482114,bench_add_abs_reg
97.54562,97.54702,0.0014000000000038426,4088.275555999043,bench_add_abs_reg
97.74662,97.748,0.0013800000000117052,4023.3182302111522,bench_add_abs_reg
97.9476,97.949,0.0014000000000038426,4063.6038244833644,bench_add_abs_reg
98.14858,98.14998,0.0014000000000038426,4068.339401868655,bench_add_abs_reg
98.34958,98.35096,0.0013799999999974943,4013.453351790919,bench_add_abs_reg
98.55056,98.55196,0.0013999999999896318,4072.6770134323124,bench_add_abs_reg
98.75154,98.75294,0.0013999999999896318,4087.8364210627847,bench_add_abs_reg
98.95252,98.95392,0.0013999999999896318,4087.906011813913,bench_add_abs_reg
99.1535,99.1549,0.0014000000000038426,4087.8275153363866,bench_add_abs_reg
99.35448,99.35588,0.0014000000000038426,4098.4685043928275,bench_add_abs_reg
99.55546,99.55686,0.0014000000000038426,4089.2940200981047,bench_add_abs_reg
99.75644,99.75784,0.0014000000000038426,4101.066000305839,bench_add_abs_reg
99.95742,99.9588,0.0013799999999974943,4037.505083244859,bench_add_abs_reg
100.15838,100.15978,0.0014000000000038426,4114.401580313779,bench_add_abs_reg
100.35936,100.36076,0.0014000000000038426,4103.881891363825,bench_add_abs_reg
100.56034,100.56174,0.0014000000000038426,4089.5059402217867,bench_add_abs_reg
100.76132,100.76272,0.0014000000000038426,4086.7392439511846,bench_add_abs_reg
100.9623,100.9637,0.0014000000000038426,4091.107493743957,bench_add_abs_reg
101.16328,101.16468,0.0014000000000038426,4090.6595206006186,bench_add_abs_reg
101.36426,101.36566,0.0014000000000038426,4087.3077372194,bench_add_abs_reg
101.56524,101.56664,0.0014000000000038426,4068.075169353269,bench_add_abs_reg
101.76622,101.76762,0.0013999999999896318,4086.830676501525,bench_add_abs_reg
101.9672,101.9686,0.0013999999999896318,4069.606973757603,bench_add_abs_reg
102.16818,102.16958,0.0013999999999896318,4086.912267344296,bench_add_abs_reg
102.36916,102.37056,0.0014000000000038426,4083.3112038806453,bench_add_abs_reg
102.57014,102.57154,0.0014000000000038426,4093.699106028152,bench_add_abs_reg
102.77112,102.77252,0.0014000000000038426,4105.832988874149,bench_add_abs_reg
102.9721,102.9735,0.0014000000000038426,4091.678587731859,bench_add_abs_reg
103.1731,103.17448,0.0013799999999974943,4028.0160796740865,bench_add_abs_reg
103.37408,103.37548,0.0013999999999896318,4097.950451508994,bench_add_abs_reg
103.57506,103.57646,0.0014000000000038426,4101.358314522943,bench_add_abs_reg
103.77604,103.77744,0.0014000000000038426,4104.8329696183355,bench_add_abs_reg
103.97702,103.97842,0.0014000000000038426,4107.28681368127,bench_add_abs_reg
104.178,104.17938,0.0013799999999974943,4049.4769904697305,bench_add_abs_reg
104.37898,104.38038,0.0014000000000038426,4095.284163497987,bench_add_abs_reg
104.57996,104.58136,0.0014000000000038426,4091.079712391745,bench_add_abs_reg
104.78094,104.78234,0.0014000000000038426,4082.474396574237,bench_add_abs_reg
104.98192,104.98332,0.0014000000000038426,4092.299200138834,bench_add_abs_reg
105.1829,105.1843,0.0013999999999896318,4082.094714945278,bench_add_abs_reg
105.3839,105.38528,0.0013799999999974943,4017.8173617402686,bench_add_abs_reg
105.58488,105.58628,0.0014000000000038426,4063.9253845556314,bench_add_abs_reg
105.78586,105.78726,0.0014000000000038426,4082.039061479741,bench_add_abs_reg
105.98684,105.98824,0.0014000000000038426,4087.114168807215,bench_add_abs_reg
106.18784,106.18922,0.0013800000000117052,4016.247990111841,bench_add_abs_reg
106.38882,106.3902,0.0013799999999974943,4033.346534699952,bench_add_abs_reg
106.5898,106.59118,0.0013799999999974943,4028.7688514148354,bench_add_abs_reg
106.79078,106.79218,0.0014000000000038426,4092.873060156169,bench_add_abs_reg
106.99176,106.99316,0.0014000000000038426,4106.146877177354,bench_add_abs_reg
107.19274,107.19412,0.0013799999999974943,4026.0552312176437,bench_add_abs_reg
107.39372,107.3951,0.0013799999999974943,4041.8272488670377,bench_add_abs_reg
107.5947,107.59608,0.0013799999999974943,4030.8549092062726,bench_add_abs_reg
107.79568,107.79708,0.0013999999999896318,4081.0128859861247,bench_add_abs_reg
107.99666,107.99806,0.0013999999999896318,4096.603020993443,bench_add_abs_reg
108.19764,108.19904,0.0013999999999896318,4097.778671388934,bench_add_abs_reg
108.39862,108.40002,0.0014000000000038426,4090.311178020166,bench_add_abs_reg
108.5996,108.601,0.0014000000000038426,4093.8880434388207,bench_add_abs_reg
108.80058,108.80198,0.0014000000000038426,4089.413224731342,bench_add_abs_reg
109.00156,109.00296,0.0014000000000038426,4089.88708165721,bench_add_abs_reg
109.20256,109.20396,0.0013999999999896318,4082.237242223492,bench_add_abs_reg
109.40354,109.40494,0.0013999999999896318,4072.0232179998816,bench_add_abs_reg
109.60452,109.60592,0.0014000000000038426,4085.143643910785,bench_add_abs_reg
109.80552,109.8069,0.0013799999999974943,4015.4012641792688,bench_add_abs_reg
110.0065,110.0079,0.0014000000000038426,4076.161470739976,bench_add_abs_reg
110.20748,110.20828,0.0007999999999981355,2595.17175377667,bench_add_ind_reg
110.40788,110.40868,0.0007999999999981355,2595.720614766292,bench_add_ind_reg
110.60826,110.60908,0.0008200000000044838,2651.938148788172,bench_add_ind_reg
110.80866,110.80948,0.000819999999990273,2643.4869412015314,bench_add_ind_reg
111.00906,111.00988,0.000819999999990273,2662.062637941964,bench_add_ind_reg
111.20946,111.21026,0.0007999999999981355,2587.1454109381248,bench_add_ind_reg
111.40984,111.41066,0.000819999999990273,2661.1455646032214,bench_add_ind_reg
111.61024,111.61104,0.0007999999999981355,2593.0423405893566,bench_add_ind_reg
111.81062,111.81144,0.0008200000000044838,2646.107685301237,bench_add_ind_reg
112.01102,112.01184,0.0008200000000044838,2661.3735547432857,bench_add_ind_reg
112.21142,112.21222,0.0007999999999981355,2597.7360946063527,bench_add_ind_reg
112.41182,112.41262,0.0007999999999981355,2593.4772170088886,bench_add_ind_reg
112.61222,112.61302,0.0008000000000123464,2599.63777153108,bench_add_ind_reg
112.81262,112.81342,0.0007999999999981355,2587.149033782721,bench_add_ind_reg
113.01302,113.01382,0.0007999999999981355,2601.949465455453,bench_add_ind_reg
113.21342,113.21422,0.0007999999999981355,2600.418680806907,bench_add_ind_reg
113.41382,113.41462,0.0007999999999981355,2600.8199341533136,bench_add_ind_reg
113.61422,113.61502,0.0007999999999981355,2596.19693504049,bench_add_ind_reg
113.8146,113.81542,0.0008200000000044838,2645.834295558984,bench_add_ind_reg
114.015,114.01582,0.0008200000000044838,2660.4883466063957,bench_add_ind_reg
114.2154,114.21622,0.0008200000000044838,2662.375143277837,bench_add_ind_reg
114.4158,114.41662,0.000819999999990273,2655.5380294712854,bench_add_ind_reg
114.6162,114.61702,0.000819999999990273,2664.4848938715904,bench_add_ind_reg
114.8166,114.8174,0.0008000000000123464,2597.538062876409,bench_add_ind_reg
115.01698,115.0178,0.000819999999990273,2663.98538133677,bench_add_ind_reg
115.21738,115.2182,0.000819999999990273,2665.3740857420134,bench_add_ind_reg
115.41778,115.41858,0.0008000000000123464,2588.4590205199975,bench_add_ind_reg
115.61818,115.61898,0.0007999999999981355,2589.823710726518,bench_add_ind_reg
115.81858,115.81938,0.0007999999999981355,2605.6301500589157,bench_add_ind_reg
116.01896,116.01978,0.000819999999990273,2655.234027156996,bench_add_ind_reg
116.21936,116.22018,0.0008200000000044838,2650.1079253066446,bench_add_ind_reg
116.41976,116.42056,0.0007999999999981355,2579.628804226787,bench_add_ind_reg
116.62016,116.62096,0.0007999999999981355,2582.0260960548503,bench_add_ind_reg
116.82054,116.82136,0.0008200000000044838,2660.9477098241937,bench_add_ind_reg
117.02094,117.02174,0.0007999999999981355,2585.469973267383,bench_add_ind_reg
117.22132,117.22214,0.000819999999990273,2645.586864059902,bench_add_ind_reg
117.42172,117.42254,0.0008200000000044838,2656.686522546721,bench_add_ind_reg
117.62212,117.62292,0.0007999999999981355,2590.8305356217884,bench_add_ind_reg
117.82252,117.82332,0.0007999999999981355,2583.165583194701,bench_add_ind_reg
118.0229,118.02372,0.000819999999990273,2636.485679509087,bench_add_ind_reg
118.2233,118.22412,0.0008200000000044838,2645.495140473913,bench_add_ind_reg
118.4237,118.42452,0.0008200000000044838,2647.1393322714202,bench_add_ind_reg
118.6241,118.6249,0.0007999999999981355,2582.233950955278,bench_add_ind_reg
118.8245,118.8253,0.0007999999999981355,2581.765220960244,bench_add_ind_reg
119.02488,119.0257,0.0008200000000044838,2648.9231153537507,bench_add_ind_reg
119.22528,119.2261,0.0008200000000044838,2644.683362464893,bench_add_ind_reg
119.42568,119.42648,0.0007999999999981355,2575.320757453524,bench_add_ind_reg
119.62606,119.62688,0.0008200000000044838,2639.2266969337074,bench_add_ind_reg
119.82646,119.82726,0.0007999999999981355,2581.1116117923366,bench_add_ind_reg
120.02684,120.02766,0.000819999999990273,2650.1346053242173,bench_add_ind_reg
120.22724,120.22804,0.0007999999999981355,2573.0849616161927,bench_add_ind_reg
120.42762,120.42844,0.000819999999990273,2641.604915229617,bench_add_ind_reg
120.628,120.62882,0.0008200000000044838,2650.623098030211,bench_add_ind_reg
120.8284,120.82922,0.0008200000000044838,2659.6909691729616,bench_add_ind_reg
121.02878,121.0296,0.0008200000000044838,2665.1772600744007,bench_add_ind_reg
121.22918,121.22998,0.0007999999999981355,2601.600578048573,bench_add_ind_reg
121.42956,121.43038,0.0008200000000044838,2657.7690220583145,bench_add_ind_reg
121.62996,121.63076,0.0007999999999981355,2598.8576048922505,bench_add_ind_reg
121.83034,121.83114,0.0007999999999981355,2587.242699222178,bench_add_ind_reg
122.03072,122.03154,0.0008200000000044838,2642.960599637934,bench_add_ind_reg
122.23112,122.23192,0.0007999999999981355,2587.2070621637477,bench_add_ind_reg
122.4315,122.43232,0.0008200000000044838,2656.7605394085713,bench_add_ind_reg
122.6319,122.6327,0.0007999999999981355,2583.110297558322,bench_add_ind_reg
122.83228,122.8331,0.0008200000000044838,2658.6895622454513,bench_add_ind_reg
123.03268,123.03348,0.0007999999999981355,2594.7703816867515,bench_add_ind_reg
123.23308,123.23388,0.0007999999999981355,2598.6332632539998,bench_add_ind_reg
123.43348,123.43428,0.0007999999999981355,2590.18238633235,bench_add_ind_reg
123.63386,123.63468,0.0008200000000044838,2652.263743817773,bench_add_ind_reg
123.83426,123.83506,0.0007999999999981355,2596.1547018901288,bench_add_ind_reg
124.03464,124.03546,0.0008200000000044838,2656.3294348452723,bench_add_ind_reg
124.23504,124.23584,0.0007999999999981355,2613.115846173281,bench_add_ind_reg
124.43542,124.43624,0.0008200000000044838,2663.0429248468295,bench_add_ind_reg
124.63582,124.63662,0.0007999999999981355,2599.231451743443,bench_add_ind_reg
124.8362,124.83702,0.000819999999990273,2672.0540295039004,bench_add_ind_reg
125.0366,125.0374,0.0007999999999981355,2598.18431455094,bench_add_ind_reg
125.23698,125.23778,0.0007999999999981355,2603.768839028972,bench_add_ind_reg
125.43736,125.43818,0.0008200000000044838,2650.288634482666,bench_add_ind_reg
125.63776,125.63856,0.0007999999999981355,2590.912219596511,bench_add_ind_reg
125.83814,125.83894,0.0007999999999981355,2591.0444906845764,bench_add_ind_reg
126.03852,126.03932,0.0007999999999981355,2595.441953738966,bench_add_ind_reg
126.2389,126.23972,0.0008200000000044838,2658.9890476460014,bench_add_ind_reg
126.4393,126.4401,0.0007999999999981355,2589.40395665654,bench_add_ind_reg
126.63968,126.6405,0.0008200000000044838,2662.360507544136,bench_add_ind_reg
126.84008,126.8409,0.0008200000000044838,2657.7460882400474,bench_add_ind_reg
127.04048,127.04128,0.0007999999999981355,2589.3263611880134,bench_add_ind_reg
127.24086,127.24168,0.0008200000000044838,2669.175372007966,bench_add_ind_reg
127.44126,127.44206,0.0007999999999981355,2597.85904315623,bench_add_ind_reg
127.64164,127.64246,0.0008200000000044838,2655.438289526597,bench_add_ind_reg
127.84204,127.84284,0.0007999999999981355,2590.6772655374725,bench_add_ind_reg
128.04244,128.04324,0.0007999999999981355,2604.75987800725,bench_add_ind_reg
128.24284,128.24364,0.0007999999999981355,2581.4078352355655,bench_add_ind_reg
128.44324,128.44404,0.0007999999999981355,2572.645230678035,bench_add_ind_reg
128.64364,128.64444,0.0007999999999981355,2585.682710626702,bench_add_ind_reg
128.84404,128.84484,0.0007999999999981355,2580.904874479346,bench_add_ind_reg
129.04444,129.04524,0.0007999999999981355,2571.9493278237446,bench_add_ind_reg
129.24484,129.24564,0.0007999999999981355,2574.947385576613,bench_add_ind_reg
129.44524,129.44604,0.0007999999999981355,2589.505633799641,bench_add_ind_reg
129.64564,129.64644,0.0008000000000265572,2576.4982263492375,bench_add_ind_reg
129.84602,129.84684,0.0008199999999760621,2644.802052449444,bench_add_ind_reg
130.04642,130.04724,0.0008199999999760621,2639.8078910238723,bench_add_ind_reg
130.24682,130.24764,0.0008199999999760621,2715.4865790307817,bench_add_aut_reg
130.44722,130.44804,0.0008200000000044838,2714.550804825988,bench_add_aut_reg
130.64762,130.64844,0.0008200000000044838,2726.3315348090505,bench_add_aut_reg
130.84802,130.84882,0.0007999999999981355,2646.783953526329,bench_add_aut_reg
131.04842,131.04922,0.0007999999999981355,2657.10989944011,bench_add_aut_reg
131.2488,131.24962,0.0008200000000044838,2725.6523003007705,bench_add_aut_reg
131.4492,131.45002,0.0008200000000044838,2718.576292986381,bench_add_aut_reg
131.6496,131.65042,0.0008200000000044838,2714.0939305677593,bench_add_aut_reg
131.85,131.85082,0.0008200000000044838,2710.756189204205,bench_add_aut_reg
132.0504,132.0512,0.0007999999999981355,2647.228636772754,bench_add_aut_reg
132.2508,132.2516,0.0007999999999981355,2649.2476463252524,bench_add_aut_reg
132.4512,132.452,0.0007999999999981355,2655.859584913325,bench_add_aut_reg
132.6516,132.6524,0.0007999999999981355,2647.9096035418784,bench_add_aut_reg
132.852,132.8528,0.0007999999999981355,2654.430596152564,bench_add_aut_reg
133.05238,133.0532,0.0008200000000044838,2727.039200268223,bench_add_aut_reg
133.25278,133.2536,0.0008200000000044838,2723.7001224565597,bench_add_aut_reg
133.45318,133.45398,0.0007999999999981355,2658.1027172444324,bench_add_aut_reg
133.65358,133.65438,0.0007999999999981355,2682.687903283622,bench_add_aut_reg
133.85396,133.85478,0.0008200000000044838,2716.2997564459943,bench_add_aut_reg
134.05436,134.05516,0.0007999999999981355,2658.9689217452005,bench_add_aut_reg
134.25476,134.25556,0.0007999999999981355,2659.8078547920663,bench_add_aut_reg
134.45514,134.45596,0.0008200000000044838,2729.560495369619,bench_add_aut_reg
134.65554,134.65634,0.0007999999999981355,2666.746047319903,bench_add_aut_reg
134.85592,134.85674,0.0008200000000044838,2723.9726297708003,bench_add_aut_reg
135.05632,135.05712,0.0007999999999981355,2670.450401486523,bench_add_aut_reg
135.2567,135.25752,0.0008200000000044838,2740.405541859351,bench_add_aut_reg
135.4571,135.4579,0.0007999999999981355,2662.0288938222648,bench_add_aut_reg
135.65748,135.6583,0.0008200000000044838,2723.0159309835794,bench_add_aut_reg
135.85788,135.85868,0.0007999999999981355,2665.9914525149043,bench_add_aut_reg
136.05826,136.05906,0.0007999999999981355,2658.0113056041614,bench_add_aut_reg
136.25866,136.25946,0.0007999999999981355,2661.573197685983,bench_add_aut_reg
136.45904,136.45986,0.0008200000000044838,2731.591213972486,bench_add_aut_reg
136.65942,136.66024,0.0008199999999760621,2720.615789214602,bench_add_aut_reg
136.85982,136.86062,0.0007999999999981355,2644.622651854257,bench_add_aut_reg
137.06022,137.06102,0.0008000000000265572,2649.250156334213,bench_add_aut_reg
137.2606,137.26142,0.0008199999999760621,2733.3419024153573,bench_add_aut_reg
137.461,137.4618,0.0007999999999981355,2647.9608775060847,bench_add_aut_reg
137.66138,137.6622,0.0008200000000044838,2736.406389173993,bench_add_aut_reg
137.86178,137.86258,0.0007999999999981355,2661.4652224761553,bench_add_aut_reg
138.06218,138.06298,0.0007999999999981355,2661.9659783272177,bench_add_aut_reg
138.26256,138.26338,0.0008200000000044838,2735.134300325842,bench_add_aut_reg
138.46296,138.46376,0.0007999999999981355,2661.4185585588193,bench_add_aut_reg
138.66334,138.66416,0.0008200000000044838,2715.491293945123,bench_add_aut_reg
138.86374,138.86456,0.0008200000000044838,2724.0237896487965,bench_add_aut_reg
139.06414,139.06494,0.0007999999999981355,2655.9957279772034,bench_add_aut_reg
139.26452,139.26532,0.0007999999999981355,2657.696909731062,bench_add_aut_reg
139.4649,139.46572,0.0008200000000044838,2704.6538470462247,bench_add_aut_reg
139.6653,139.6661,0.0007999999999981355,2638.428723433693,bench_add_aut_reg
139.86568,139.8665,0.0008200000000044838,2719.838668140593,bench_add_aut_reg
140.06608,140.0669,0.0008200000000044838,2711.308887242928,bench_add_aut_reg
140.26648,140.26728,0.0007999999999981355,2654.613580081525,bench_add_aut_reg
140.46688,140.46768,0.0007999999999981355,2644.3845638947396,bench_add_aut_reg
140.66726,140.66808,0.0008200000000044838,2716.9388998450722,bench_add_aut_reg
140.86766,140.86846,0.0007999999999981355,2632.1493671204184,bench_add_aut_reg
141.06804,141.06886,0.0008200000000044838,2708.1247023446863,bench_add_aut_reg
141.26844,141.26924,0.0007999999999981355,2648.866036900175,bench_add_aut_reg
141.46882,141.46964,0.0008200000000044838,2717.4475952197404,bench_add_aut_reg
141.66922,141.67002,0.0007999999999981355,2645.806584034737,bench_add_aut_reg
141.86962,141.87042,0.0007999999999981355,2645.5430360441287,bench_add_aut_reg
142.07,142.07082,0.0008200000000044838,2703.4372068151115,bench_add_aut_reg
142.2704,142.2712,0.0007999999999981355,2652.5026233806516,bench_add_aut_reg
142.4708,142.4716,0.0007999999999981355,2650.166586965909,bench_add_aut_reg
142.67118,142.672,0.0008200000000044838,2706.5375447408587,bench_add_aut_reg
142.87158,142.87238,0.0007999999999981355,2649.5897700005444,bench_add_aut_reg
143.07196,143.07278,0.0008200000000044838,2712.1173660416916,bench_add_aut_reg
143.27236,143.27316,0.0007999999999981355,2664.545350700308,bench_add_aut_reg
143.47274,143.47354,0.0008000000000265572,2656.3799289001417,bench_add_aut_reg
143.67312,143.67392,0.0007999999999981355,2645.9428248866593,bench_add_aut_reg
143.8735,143.87432,0.0008200000000044838,2718.7407994795763,bench_add_aut_reg
144.0739,144.0747,0.0007999999999981355,2659.463770681718,bench_add_aut_reg
144.27428,144.2751,0.0008200000000044838,2723.970345702632,bench_add_aut_reg
144.47468,144.47548,0.0007999999999981355,2666.5442273895087,bench_add_aut_reg
144.67506,144.67588,0.0008200000000044838,2724.9374590033226,bench_add_aut_reg
144.87544,144.87626,0.0008200000000044838,2733.5343114242096,bench_add_aut_reg
145.07584,145.07664,0.0007999999999981355,2649.2919749520916,bench_add_aut_reg
145.27622,145.27704,0.0008200000000044838,2718.8101178179595,bench_add_aut_reg
145.47662,145.47742,0.0007999999999981355,2668.802828987361,bench_add_aut_reg
145.677,145.67782,0.0008200000000044838,2718.5454918213377,bench_add_aut_reg
145.8774,145.8782,0.0007999999999981355,2648.9368663099,bench_add_aut_reg
146.07778,146.0786,0.0008200000000044838,2726.546488716781,bench_add_aut_reg
146.27818,146.27898,0.0007999999999981355,2654.3828239594022,bench_add_aut_reg
146.47858,146.47938,0.0007999999999981355,2645.9677400933715,bench_add_aut_reg
146.67896,146.67978,0.0008200000000044838,2718.334789401844,bench_add_aut_reg
146.87936,146.88016,0.0007999999999981355,2665.2844948625643,bench_add_aut_reg
147.07976,147.08056,0.0007999999999981355,2656.2249194753736,bench_add_aut_reg
147.28014,147.28096,0.0008200000000044838,2710.927021702458,bench_add_aut_reg
147.48054,147.48134,0.0007999999999981355,2654.5343897231483,bench_add_aut_reg
147.68092,147.68174,0.0008200000000044838,2727.972411098783,bench_add_aut_reg
147.88132,147.88212,0.0007999999999981355,2670.982626725448,bench_add_aut_reg
148.0817,148.0825,0.0007999999999981355,2646.5241867050995,bench_add_aut_reg
148.28208,148.2829,0.0008200000000044838,2718.1169460680508,bench_add_aut_reg
148.48248,148.48328,0.0007999999999981355,2650.617051398693,bench_add_aut_reg
148.68286,148.68366,0.0007999999999981355,2636.259291315328,bench_add_aut_reg
148.88326,148.88406,0.0007999999999981355,2659.0474485357286,bench_add_aut_reg
149.08364,149.08444,0.0007999999999981355,2666.015962598452,bench_add_aut_reg
149.28402,149.28484,0.0008200000000044838,2724.5488297339625,bench_add_aut_reg
149.48442,149.48522,0.0007999999999981355,2647.9143556149215,bench_add_aut_reg
149.6848,149.68562,0.0008200000000044838,2720.1517508506004,bench_add_aut_reg
149.8852,149.88602,0.0008200000000044838,2715.6658680325627,bench_add_aut_reg
150.0856,150.0864,0.0007999999999981355,2666.0102535906594,bench_add_aut_reg
150.286,150.28752,0.0015199999999992997,4712.041271847714,bench_add_reg_idx
150.4871,150.48862,0.0015199999999992997,4696.7579796893715,bench_add_reg_idx
150.6882,150.68972,0.0015199999999992997,4704.632977954349,bench_add_reg_idx
150.8893,150.89082,0.0015199999999992997,4694.054764694299,bench_add_reg_idx
151.0904,151.09192,0.0015199999999992997,4716.984806581728,bench_add_reg_idx
151.2915,151.29302,0.0015199999999992997,4704.992549953909,bench_add_reg_idx
151.4926,151.49412,0.0015199999999992997,4714.879125819102,bench_add_reg_idx
151.6937,151.69522,0.0015199999999992997,4711.288800460589,bench_add_reg_idx
151.8948,151.89632,0.0015199999999992997,4724.418835245995,bench_add_reg_idx
152.0959,152.09742,0.0015199999999992997,4726.297140584774,bench_add_reg_idx
152.297,152.29852,0.0015199999999992997,4736.622385678922,bench_add_reg_idx
152.4981,152.49962,0.0015199999999992997,4731.7532892329755,bench_add_reg_idx
152.6992,152.70072,0.0015199999999992997,4731.205774003695,bench_add_reg_idx
152.9003,152.90182,0.0015199999999992997,4727.95610548799,bench_add_reg_idx
153.10142,153.10294,0.0015199999999992997,4711.9927988376185,bench_add_reg_idx
153.30252,153.30404,0.0015199999999992997,4717.875944917073,bench_add_reg_idx
153.50362,153.50514,0.0015199999999992997,4705.558661367697,bench_add_reg_idx
153.70472,153.70624,0.0015199999999992997,4707.9314105167305,bench_add_reg_idx
153.90582,153.90734,0.0015199999999992997,4705.258866303067,bench_add_reg_idx
154.10692,154.10844,0.0015199999999992997,4692.261370362932,bench_add_reg_idx
154.30802,154.30954,0.0015199999999992997,4697.812313678252,bench_add_reg_idx
154.50912,154.51066,0.001540000000005648,4760.5795553130265,bench_add_reg_idx
154.71024,154.71176,0.0015199999999992997,4712.261839302151,bench_add_reg_idx
154.91134,154.91286,0.0015199999999992997,4703.829064963473,bench_add_reg_idx
155.11242,155.11396,0.001540000000005648,4783.153363989544,bench_add_reg_idx
155.31354,155.31506,0.0015199999999992997,4723.080478141122,bench_add_reg_idx
155.51464,155.51616,0.0015199999999992997,4718.898909626683,bench_add_reg_idx
155.71574,155.71726,0.0015199999999992997,4719.073227601118,bench_add_reg_idx
155.91684,155.91836,0.0015199999999992997,4725.63781775274,bench_add_reg_idx
156.11794,156.11946,0.0015199999999992997,4712.9707038373745,bench_add_reg_idx
156.31904,156.32056,0.0015199999999992997,4728.227157608877,bench_add_reg_idx
156.52014,156.52166,0.0015199999999992997,4720.459831876866,bench_add_reg_idx
156.72124,156.72276,0.0015199999999992997,4720.532381905652,bench_add_reg_idx
156.92234,156.92386,0.0015199999999992997,4706.846207845491,bench_add_reg_idx
157.12342,157.12494,0.0015199999999992997,4702.611530661383,bench_add_reg_idx
157.32452,157.32604,0.0015199999999992997,4699.730575082332,bench_add_reg_idx
157.52562,157.52714,0.0015199999999992997,4700.59859566236,bench_add_reg_idx
157.72672,157.72824,0.0015199999999992997,4687.971428499428,bench_add_reg_idx
157.92782,157.92934,0.0015199999999992997,4701.546186113717,bench_add_reg_idx
158.12892,158.13044,0.0015199999999992997,4724.375717339486,bench_add_reg_idx
158.33002,158.33154,0.0015199999999992997,4717.861285896888,bench_add_reg_idx
158.53112,158.53264,0.0015199999999992997,4718.118477614064,bench_add_reg_idx
158.73222,158.73374,0.0015199999999992997,4735.248442734626,bench_add_reg_idx
158.93332,158.93484,0.0015199999999992997,4735.946927680976,bench_add_reg_idx
159.13442,159.13594,0.0015199999999992997,4729.707506482805,bench_add_reg_idx
159.33552,159.33704,0.0015199999999992997,4722.827645016521,bench_add_reg_idx
159.53662,159.53814,0.0015199999999992997,4732.585255985988,bench_add_reg_idx
159.73772,159.73924,0.0015199999999992997,4716.31580963556,bench_add_reg_idx
159.93882,159.94034,0.0015199999999992997,4720.715172586644,bench_add_reg_idx
160.13992,160.14144,0.0015199999999992997,4713.326869531148,bench_add_reg_idx
160.34102,160.34254,0.0015200000000277214,4700.883727142381,bench_add_reg_idx
160.54212,160.54364,0.0015199999999992997,4704.32233530627,bench_add_reg_idx
160.74322,160.74474,0.0015199999999992997,4699.846897269347,bench_add_reg_idx
160.94432,160.94584,0.0015199999999992997,4699.494729281168,bench_add_reg_idx
161.14542,161.14694,0.0015199999999992997,4694.122401995224,bench_add_reg_idx
161.34652,161.34804,0.0015199999999992997,4702.108763156808,bench_add_reg_idx
161.54762,161.54914,0.0015199999999992997,4712.00759522521,bench_add_reg_idx
161.74872,161.75024,0.0015199999999992997,4711.718126199665,bench_add_reg_idx
161.9498,161.95132,0.0015199999999992997,4729.510250030328,bench_add_reg_idx
162.1509,162.15242,0.0015199999999992997,4738.250379447945,bench_add_reg_idx
162.35198,162.3535,0.0015199999999992997,4720.547238828288,bench_add_reg_idx
162.55308,162.5546,0.0015199999999992997,4710.119471418237,bench_add_reg_idx
162.75416,162.75568,0.0015199999999992997,4742.501880968212,bench_add_reg_idx
162.95526,162.95678,0.0015199999999992997,4724.108583755079,bench_add_reg_idx
163.15636,163.15788,0.0015199999999992997,4729.600804854467,bench_add_reg_idx
163.35744,163.35896,0.0015199999999992997,4718.530282842225,bench_add_reg_idx
163.55854,163.56006,0.0015199999999992997,4712.293960618709,bench_add_reg_idx
163.75964,163.76116,0.0015199999999992997,4707.738196011163,bench_add_reg_idx
163.96074,163.96226,0.0015199999999992997,4688.710179178215,bench_add_reg_idx
164.16184,164.16336,0.0015199999999992997,4702.269055410575,bench_add_reg_idx
164.36292,164.36444,0.0015199999999992997,4716.992573810424,bench_add_reg_idx
164.56402,164.56554,0.0015199999999992997,4701.662936710839,bench_add_reg_idx
164.76512,164.76664,0.0015199999999992997,4709.507331715491,bench_add_reg_idx
164.96622,164.96774,0.0015199999999992997,4701.325483618843,bench_add_reg_idx
165.16732,165.16884,0.0015199999999992997,4726.748964747222,bench_add_reg_idx
165.36842,165.36994,0.0015200000000277214,4718.031017196274,bench_add_reg_idx
165.5695,165.57102,0.0015199999999992997,4735.578887627285,bench_add_reg_idx
165.7706,165.77212,0.0015199999999992997,4722.5679689997505,bench_add_reg_idx
165.9717,165.97322,0.0015199999999992997,4720.030152237272,bench_add_reg_idx
166.1728,166.17432,0.0015199999999992997,4709.646049884022,bench_add_reg_idx
166.3739,166.37544,0.001540000000005648,4787.607465422595,bench_add_reg_idx
166.575,166.57652,0.0015199999999992997,4717.570669017354,bench_add_reg_idx
166.7761,166.77762,0.0015199999999992997,4722.233731293427,bench_add_reg_idx
166.9772,166.97872,0.0015199999999992997,4700.657699718287,bench_add_reg_idx
167.1783,167.17982,0.0015199999999992997,4703.9273916714865,bench_add_reg_idx
167.3794,167.38092,0.0015199999999992997,4694.294831713644,bench_add_reg_idx
167.5805,167.58202,0.0015199999999992997,4693.9854766228955,bench_add_reg_idx
167.7816,167.78312,0.0015199999999992997,4694.691987242001,bench_add_reg_idx
167.98268,167.98422,0.001540000000005648,4771.306712664769,bench_add_reg_idx
168.18378,168.1853,0.0015199999999992997,4706.9154446902485,bench_add_reg_idx
168.38488,168.3864,0.0015199999999992997,4711.560951541899,bench_add_reg_idx
168.58598,168.5875,0.0015199999999992997,4715.575519946218,bench_add_reg_idx
168.78708,168.7886,0.0015199999999992997,4734.39798690143,bench_add_reg_idx
168.98816,168.9897,0.001540000000005648,4780.018921029303,bench_add_reg_idx
169.18926,169.19078,0.0015199999999992997,4720.100585835344,bench_add_reg_idx
169.39036,169.39188,0.0015199999999992997,4720.605870240447,bench_add_reg_idx
169.59146,169.59298,0.0015199999999992997,4739.19281735444,bench_add_reg_idx
169.79256,169.79408,0.0015199999999992997,4722.438713066844,bench_add_reg_idx
169.99366,169.99518,0.0015199999999992997,4723.035728090782,bench_add_reg_idx
170.19474,170.19628,0.001540000000005648,4777.72533196986,bench_add_reg_idx
170.39584,170.39734,0.0015000000000213731,4766.933561837238,bench_add_reg_sym
170.59692,170.59842,0.0014999999999929514,4763.975441432851,bench_add_reg_sym
170.79798,170.79948,0.0014999999999929514,4761.15143855718,bench_add_reg_sym
170.99906,171.00056,0.0015000000000213731,4772.196766058298,bench_add_reg_sym
171.20014,171.20162,0.0014799999999866031,4697.649867696643,bench_add_reg_sym
171.4012,171.4027,0.0015000000000213731,4766.3328634326335,bench_add_reg_sym
171.60228,171.60378,0.0014999999999929514,4778.267205670779,bench_add_reg_sym
171.80336,171.80486,0.0014999999999929514,4774.938574969627,bench_add_reg_sym
172.00442,172.00592,0.0014999999999929514,4778.334270208519,bench_add_reg_sym
172.2055,172.207,0.0014999999999929514,4790.406003572553,bench_add_reg_sym
172.40656,172.40806,0.0014999999999929514,4789.366065500379,bench_add_reg_sym
172.60764,172.60914,0.0014999999999929514,4789.932402758168,bench_add_reg_sym
172.8087,172.8102,0.0015000000000213731,4782.173254130428,bench_add_reg_sym
173.00978,173.01128,0.0014999999999929514,4769.850750431036,bench_add_reg_sym
173.21084,173.21234,0.0015000000000213731,4788.773155373945,bench_add_reg_sym
173.41192,173.4134,0.0014799999999866031,4725.852266377233,bench_add_reg_sym
173.61298,173.61448,0.0014999999999929514,4778.963194670837,bench_add_reg_sym
173.81406,173.81556,0.0014999999999929514,4774.088717507284,bench_add_reg_sym
174.01514,174.01664,0.0014999999999929514,4759.089460107882,bench_add_reg_sym
174.2162,174.2177,0.0015000000000213731,4767.707286004834,bench_add_reg_sym
174.41728,174.41878,0.0014999999999929514,4757.216172269329,bench_add_reg_sym
174.61836,174.61986,0.0014999999999929514,4756.991281152046,bench_add_reg_sym
174.81944,174.82094,0.0015000000000213731,4764.217084808609,bench_add_reg_sym
175.0205,175.022,0.0014999999999929514,4781.843274808744,bench_add_reg_sym
175.22156,175.22306,0.0014999999999929514,4776.353503089286,bench_add_reg_sym
175.42264,175.42414,0.0014999999999929514,4773.014811776324,bench_add_reg_sym
175.62372,175.62522,0.0015000000000213731,4784.578504108203,bench_add_reg_sym
175.82478,175.82628,0.0014999999999929514,4781.279612775777,bench_add_reg_sym
176.02586,176.02736,0.0014999999999929514,4789.458031277844,bench_add_reg_sym
176.22694,176.22844,0.0014999999999929514,4788.095110537031,bench_add_reg_sym
176.428,176.4295,0.0014999999999929514,4783.691510070022,bench_add_reg_sym
176.62908,176.63058,0.0015000000000213731,4782.972314930172,bench_add_reg_sym
176.83016,176.83166,0.0014999999999929514,4781.2007297526,bench_add_reg_sym
177.03122,177.03272,0.0015000000000213731,4778.950100367616,bench_add_reg_sym
177.2323,177.2338,0.0014999999999929514,4769.03750558753,bench_add_reg_sym
177.43338,177.43488,0.0014999999999929514,4768.150569848814,bench_add_reg_sym
177.63446,177.63596,0.0015000000000213731,4771.726031389476,bench_add_reg_sym
177.83554,177.83704,0.0014999999999929514,4763.80097677396,bench_add_reg_sym
178.0366,178.0381,0.0014999999999929514,4764.88675919953,bench_add_reg_sym
178.23768,178.23918,0.0014999999999929514,4761.8870879289625,bench_add_reg_sym
178.43876,178.44026,0.0014999999999929514,4768.804856553187,bench_add_reg_sym
178.63984,178.64134,0.0015000000000213731,4771.947118057668,bench_add_reg_sym
178.84092,178.84242,0.0014999999999929514,4757.292047120464,bench_add_reg_sym
179.04198,179.04348,0.0014999999999929514,4780.129431724807,bench_add_reg_sym
179.24306,179.24456,0.0014999999999929514,4790.893790754077,bench_add_reg_sym
179.44414,179.44564,0.0014999999999929514,4778.109770245367,bench_add_reg_sym
179.64522,179.64672,0.0014999999999929514,4795.602208446692,bench_add_reg_sym
179.8463,179.8478,0.0014999999999929514,4781.014560697509,bench_add_reg_sym
180.0474,180.04888,0.0014799999999866031,4728.191157294361,bench_add_reg_sym
180.24848,180.24996,0.0014799999999866031,4717.048245905224,bench_add_reg_sym
180.44956,180.45106,0.0015000000000213731,4780.445937135743,bench_add_reg_sym
180.65064,180.65212,0.0014799999999866031,4729.378330477207,bench_add_reg_sym
180.85172,180.85322,0.0014999999999929514,4769.374683942677,bench_add_reg_sym
181.0528,181.0543,0.0015000000000213731,4760.461715118204,bench_add_reg_sym
181.25388,181.25538,0.0014999999999929514,4776.629256060883,bench_add_reg_sym
181.45494,181.45644,0.0014999999999929514,4756.635562494824,bench_add_reg_sym
181.65602,181.65752,0.0014999999999929514,4745.518802641446,bench_add_reg_sym
181.8571,181.8586,0.0014999999999929514,4766.496489732679,bench_add_reg_sym
182.05816,182.05966,0.0015000000000213731,4763.959257466441,bench_add_reg_sym
182.25924,182.26074,0.0014999999999929514,4783.160998463458,bench_add_reg_sym
182.4603,182.4618,0.0015000000000213731,4787.447650520099,bench_add_reg_sym
182.66138,182.66288,0.0014999999999929514,4788.668607339181,bench_add_reg_sym
182.86244,182.86394,0.0015000000000213731,4786.512346541894,bench_add_reg_sym
183.06352,183.06502,0.0014999999999929514,4785.264567448494,bench_add_reg_sym
183.2646,183.2661,0.0014999999999929514,4770.471008937831,bench_add_reg_sym
183.46568,183.46718,0.0015000000000213731,4797.010135439786,bench_add_reg_sym
183.66674,183.66824,0.0014999999999929514,4783.279444067688,bench_add_reg_sym
183.86782,183.86932,0.0014999999999929514,4786.032396347178,bench_add_reg_sym
184.06888,184.07038,0.0014999999999929514,4779.166821367705,bench_add_reg_sym
184.26996,184.27146,0.0014999999999929514,4763.001396763625,bench_add_reg_sym
184.47104,184.47254,0.0015000000000213731,4774.24249292753,bench_add_reg_sym
184.67212,184.67362,0.0014999999999929514,4746.426134347381,bench_add_reg_sym
184.87318,184.87468,0.0015000000000213731,4755.430675644509,bench_add_reg_sym
185.07426,185.07574,0.0014799999999866031,4694.397102532635,bench_add_reg_sym
185.27532,185.27682,0.0014999999999929514,4762.617214560379,bench_add_reg_sym
185.4764,185.4779,0.0014999999999929514,4769.898536591923,bench_add_reg_sym
185.67748,185.67898,0.0014999999999929514,4794.700595061693,bench_add_reg_sym
185.87854,185.88004,0.0015000000000213731,4775.562645004401,bench_add_reg_sym
186.07962,186.08112,0.0014999999999929514,4795.328378654215,bench_add_reg_sym
186.2807,186.2822,0.0014999999999929514,4793.881692435886,bench_add_reg_sym
186.48178,186.48328,0.0015000000000213731,4791.796491550296,bench_add_reg_sym
186.68286,186.68436,0.0014999999999929514,4782.159421570334,bench_add_reg_sym
186.88394,186.88544,0.0014999999999929514,4783.455054252332,bench_add_reg_sym
187.08502,187.08652,0.0015000000000213731,4776.316166458007,bench_add_reg_sym
187.2861,187.2876,0.0014999999999929514,4787.515173643121,bench_add_reg_sym
187.48716,187.48866,0.0015000000000213731,4783.762125366358,bench_add_reg_sym
187.68824,187.68974,0.0014999999999929514,4775.968980953482,bench_add_reg_sym
187.88932,187.89082,0.0014999999999929514,4767.561783060961,bench_add_reg_sym
188.0904,188.0919,0.0015000000000213731,4756.909806815251,bench_add_reg_sym
188.29148,188.29298,0.0014999999999929514,4768.683586711979,bench_add_reg_sym
188.49256,188.49406,0.0014999999999929514,4753.492029828167,bench_add_reg_sym
188.69364,188.69512,0.0014800000000150249,4701.552738017043,bench_add_reg_sym
188.8947,188.8962,0.0014999999999929514,4762.59176617086,bench_add_reg_sym
189.09578,189.09728,0.0015000000000213731,4777.422021211494,bench_add_reg_sym
189.29686,189.29836,0.0014999999999929514,4788.562983716518,bench_add_reg_sym
189.49794,189.49944,0.0014999999999929514,4788.263179338189,bench_add_reg_sym
189.69902,189.70052,0.0015000000000213731,4776.510400766373,bench_add_reg_sym
189.9001,189.9016,0.0014999999999929514,4780.276915966115,bench_add_reg_sym
190.10118,190.10268,0.0014999999999929514,4796.287624608574,bench_add_reg_sym
190.30226,190.30376,0.0015000000000213731,4792.577428811824,bench_add_reg_sym
190.50334,190.50484,0.0014999999999929514,4696.811942825805,bench_add_reg_abs
190.7044,190.7059,0.0015000000000213731,4694.437556967503,bench_add_reg_abs
190.90548,190.90698,0.0014999999999929514,4693.0272108623985,bench_add_reg_abs
191.10656,191.10806,0.0014999999999929514,4695.214843355057,bench_add_reg_abs
191.30764,191.30914,0.0015000000000213731,4682.766017570583,bench_add_reg_abs
191.50872,191.51022,0.0014999999999929514,4677.549703023237,bench_add_reg_abs
191.7098,191.7113,0.0014999999999929514,4672.569308873979,bench_add_reg_abs
191.91086,191.91236,0.0014999999999929514,4659.979797411094,bench_add_reg_abs
192.11194,192.11344,0.0014999999999929514,4681.954346574237,bench_add_reg_abs
192.31302,192.31452,0.0014999999999929514,4668.051360619782,bench_add_reg_abs
192.5141,192.5156,0.0014999999999929514,4674.045266559588,bench_add_reg_abs
192.71518,192.71668,0.0014999999999929514,4679.895944405524,bench_add_reg_abs
192.91626,192.91776,0.0014999999999929514,4678.864297435717,bench_add_reg_abs
193.11734,193.11884,0.0014999999999929514,4696.947166207127,bench_add_reg_abs
193.31842,193.31992,0.0014999999999929514,4701.405502832581,bench_add_reg_abs
193.51948,193.52098,0.0015000000000213731,4691.409617730673,bench_add_reg_abs
193.72056,193.72206,0.0014999999999929514,4693.597992859371,bench_add_reg_abs
193.92164,193.92314,0.0014999999999929514,4692.518375792164,bench_add_reg_abs
194.12272,194.12422,0.0015000000000213731,4684.642127317523,bench_add_reg_abs
194.3238,194.3253,0.0014999999999929514,4681.207574881049,bench_add_reg_abs
194.52488,194.52638,0.0014999999999929514,4695.681012213568,bench_add_reg_abs
194.72596,194.72746,0.0015000000000213731,4688.827779675802,bench_add_reg_abs
194.92702,194.92852,0.0014999999999929514,4681.350551523859,bench_add_reg_abs
195.1281,195.1296,0.0015000000000213731,4672.903777166464,bench_add_reg_abs
195.32918,195.33068,0.0014999999999929514,4675.015255320145,bench_add_reg_abs
195.53026,195.53176,0.0014999999999929514,4671.069851590353,bench_add_reg_abs
195.73134,195.73284,0.0015000000000213731,4670.4063751483845,bench_add_reg_abs
195.93242,195.93392,0.0014999999999929514,4685.454654950826,bench_add_reg_abs
196.1335,196.135,0.0014999999999929514,4677.382847272126,bench_add_reg_abs
196.33458,196.33608,0.0015000000000213731,4701.934333492601,bench_add_reg_abs
196.53564,196.53714,0.0014999999999929514,4691.806540337143,bench_add_reg_abs
196.73672,196.73822,0.0015000000000213731,4695.689764407192,bench_add_reg_abs
196.9378,196.9393,0.0014999999999929514,4697.908542561123,bench_add_reg_abs
197.13888,197.14038,0.0014999999999929514,4704.612230393824,bench_add_reg_abs
197.33996,197.34146,0.0015000000000213731,4698.51018634856,bench_add_reg_abs
197.54104,197.54254,0.0014999999999929514,4698.504614620222,bench_add_reg_abs
197.74212,197.74362,0.0014999999999929514,4681.017321978722,bench_add_reg_abs
197.94322,197.94472,0.0014999999999929514,4685.832387747151,bench_add_reg_abs
198.14428,198.14578,0.0014999999999929514,4688.794128571684,bench_add_reg_abs
198.34536,198.34686,0.0014999999999929514,4673.92081392549,bench_add_reg_abs
198.54644,198.54794,0.0015000000000213731,4672.656962715532,bench_add_reg_abs
198.74752,198.74902,0.0014999999999929514,4677.9411006489445,bench_add_reg_abs
198.9486,198.9501,0.0014999999999929514,4673.360248540992,bench_add_reg_abs
199.14968,199.15118,0.0015000000000213731,4673.22605435946,bench_add_reg_abs
199.35076,199.35226,0.0014999999999929514,4689.859405602564,bench_add_reg_abs
199.55184,199.55332,0.0014800000000150249,4630.477761431023,bench_add_reg_abs
199.7529,199.7544,0.0014999999999929514,4692.984623809579,bench_add_reg_abs
199.954,199.95548,0.0014799999999866031,4623.95524834658,bench_add_reg_abs
200.15506,200.15656,0.0015000000000213731,4702.49864512392,bench_add_reg_abs
200.35614,200.35764,0.0014999999999929514,4695.96954525839,bench_add_reg_abs
200.55722,200.55872,0.0014999999999929514,4692.678763508824,bench_add_reg_abs
200.7583,200.7598,0.0015000000000213731,4698.598538592122,bench_add_reg_abs
200.95938,200.96088,0.0014999999999929514,4680.239697894345,bench_add_reg_abs
201.16046,201.16196,0.0014999999999929514,4688.174631424147,bench_add_reg_abs
201.36152,201.36302,0.0014999999999929514,4691.681868838917,bench_add_reg_abs
201.5626,201.5641,0.0014999999999929514,4684.986029729413,bench_add_reg_abs
201.76368,201.76518,0.0014999999999929514,4677.6377991558065,bench_add_reg_abs
201.96476,201.96626,0.0014999999999929514,4681.527982441807,bench_add_reg_abs
202.16584,202.16734,0.0014999999999929514,4665.473920735056,bench_add_reg_abs
202.3669,202.3684,0.0015000000000213731,4671.598270137673,bench_add_reg_abs
202.56798,202.56948,0.0014999999999929514,4681.024108991135,bench_add_reg_abs
202.76906,202.77056,0.0014999999999929514,4684.007826705134,bench_add_reg_abs
202.97012,202.97162,0.0014999999999929514,4681.768650165149,bench_add_reg_abs
203.1712,203.1727,0.0014999999999929514,4683.652799554441,bench_add_reg_abs
203.37228,203.37378,0.0015000000000213731,4687.520915244314,bench_add_reg_abs
203.57336,203.57486,0.0014999999999929514,4673.618562496381,bench_add_reg_abs
203.77442,203.77592,0.0015000000000213731,4695.890813668687,bench_add_reg_abs
203.9755,203.977,0.0014999999999929514,4704.38069661527,bench_add_reg_abs
204.17658,204.17808,0.0014999999999929514,4698.235897791329,bench_add_reg_abs
204.37766,204.37916,0.0015000000000213731,4689.910386289968,bench_add_reg_abs
204.57872,204.58022,0.0014999999999929514,4698.709610361126,bench_add_reg_abs
204.7798,204.7813,0.0014999999999929514,4689.932006855441,bench_add_reg_abs
204.98088,204.98238,0.0014999999999929514,4679.445452032871,bench_add_reg_abs
205.18196,205.18346,0.0014999999999929514,4662.393766899044,bench_add_reg_abs
205.38302,205.38452,0.0015000000000213731,4677.331983178776,bench_add_reg_abs
205.5841,205.5856,0.0014999999999929514,4660.349602322147,bench_add_reg_abs
205.78518,205.78668,0.0014999999999929514,4687.567218185441,bench_add_reg_abs
205.98624,205.98774,0.0014999999999929514,4677.400540071999,bench_add_reg_abs
206.18732,206.18882,0.0014999999999929514,4685.619848292334,bench_add_reg_abs
206.3884,206.3899,0.0015000000000213731,4676.955228274384,bench_add_reg_abs
206.58946,206.59096,0.0014999999999929514,4713.258955139472,bench_add_reg_abs
206.79054,206.79204,0.0014999999999929514,4691.535062136026,bench_add_reg_abs
206.99162,206.99312,0.0014999999999929514,4694.378892868074,bench_add_reg_abs
207.19272,207.19422,0.0014999999999929514,4695.407303493072,bench_add_reg_abs
207.3938,207.3953,0.0014999999999929514,4685.344316508847,bench_add_reg_abs
207.59488,207.59638,0.0015000000000213731,4695.262650562482,bench_add_reg_abs
207.79596,207.79746,0.0014999999999929514,4702.1557693137565,bench_add_reg_abs
207.99704,207.99854,0.0014999999999929514,4691.470037192105,bench_add_reg_abs
208.19812,208.19962,0.0015000000000213731,4686.055574633385,bench_add_reg_abs
208.39918,208.40068,0.0014999999999929514,4685.100370530606,bench_add_reg_abs
208.60026,208.60176,0.0015000000000213731,4672.8332411231895,bench_add_reg_abs
208.80132,208.80282,0.0014999999999929514,4678.247040116537,bench_add_reg_abs
209.0024,209.0039,0.0014999999999929514,4672.1839951133725,bench_add_reg_abs
209.20348,209.20498,0.0014999999999929514,4665.922839170021,bench_add_reg_abs
209.40456,209.40606,0.0014999999999929514,4660.367968004022,bench_add_reg_abs
209.60562,209.60712,0.0015000000000213731,4678.934305042614,bench_add_reg_abs
209.80668,209.80818,0.0014999999999929514,4681.497118414576,bench_add_reg_abs
210.00776,210.00926,0.0015000000000213731,4676.727776016411,bench_add_reg_abs
210.20882,210.21032,0.0014999999999929514,4709.080078150924,bench_add_reg_abs
210.4099,210.4114,0.0014999999999929514,4695.588091831595,bench_add_reg_abs
210.61096,210.61162,0.0006599999999821193,1733.3952406861547,bench_inc_reg
210.8112,210.81186,0.0006599999999821193,1726.5050159222594,bench_inc_reg
211.01142,211.01208,0.000660000000010541,1751.314844041407,bench_inc_reg
211.21166,211.21232,0.000660000000010541,1726.4016811130186,bench_inc_reg
211.41188,211.41254,0.000660000000010541,1722.645144940022,bench_inc_reg
211.61212,211.61278,0.0006599999999821193,1719.060307320992,bench_inc_reg
211.81234,211.813,0.0006599999999821193,1737.3827099295688,bench_inc_reg
212.01258,212.01324,0.0006599999999821193,1731.7581129657078,bench_inc_reg
212.2128,212.21346,0.000660000000010541,1728.4546955830358,bench_inc_reg
212.41304,212.4137,0.000660000000010541,1717.3146317080782,bench_inc_reg
212.61326,212.61394,0.0006800000000168893,1785.745734860553,bench_inc_reg
212.8135,212.81416,0.0006599999999821193,1747.8731157702105,bench_inc_reg
213.01374,213.0144,0.0006599999999821193,1733.033517320515,bench_inc_reg
213.21396,213.21462,0.000660000000010541,1744.6726793778287,bench_inc_reg
213.4142,213.41486,0.000660000000010541,1725.2294998942905,bench_inc_reg
213.61444,213.6151,0.000660000000010541,1725.0078404582,bench_inc_reg
213.81466,213.81532,0.000660000000010541,1732.187650657746,bench_inc_reg
214.0149,214.01556,0.0006599999999821193,1737.9676945878964,bench_inc_reg
214.21514,214.2158,0.000660000000010541,1731.380980960405,bench_inc_reg
214.41538,214.41604,0.000660000000010541,1734.6042744166164,bench_inc_reg
214.6156,214.61626,0.000660000000010541,1740.3838993343918,bench_inc_reg
214.81584,214.8165,0.0006599999999821193,1727.105325499303,bench_inc_reg
215.01608,215.01674,0.000660000000010541,1747.0732913697361,bench_inc_reg
215.21632,215.21698,0.000660000000010541,1730.95464476543,bench_inc_reg
215.41656,215.41722,0.0006599999999821193,1730.8550863039368,bench_inc_reg
215.61678,215.61744,0.0006599999999821193,1741.0243977289522,bench_inc_reg
215.81702,215.81768,0.0006599999999821193,1717.4968495404994,bench_inc_reg
216.01726,216.01792,0.000660000000010541,1733.217877368751,bench_inc_reg
216.2175,216.21816,0.000660000000010541,1739.5902797877088,bench_inc_reg
216.41772,216.41838,0.000660000000010541,1740.6277521769025,bench_inc_reg
216.61796,216.61862,0.0006599999999821193,1720.5439879964154,bench_inc_reg
216.8182,216.81886,0.000660000000010541,1731.27512217901,bench_inc_reg
217.01844,217.0191,0.000660000000010541,1722.3274126008298,bench_inc_reg
217.21868,217.21934,0.0006599999999821193,1717.859057195041,bench_inc_reg
217.4189,217.41956,0.0006599999999821193,1730.5021127189518,bench_inc_reg
217.61914,217.6198,0.000660000000010541,1723.9424214098249,bench_inc_reg
217.81936,217.82002,0.000660000000010541,1730.124987695748,bench_inc_reg
218.0196,218.02026,0.000660000000010541,1733.0466374127611,bench_inc_reg
218.21984,218.2205,0.0006599999999821193,1716.1230509602076,bench_inc_reg
218.42006,218.42072,0.0006599999999821193,1731.9494345663663,bench_inc_reg
218.6203,218.62096,0.000660000000010541,1720.1798945072505,bench_inc_reg
218.82052,218.8212,0.0006800000000168893,1797.0205098899332,bench_inc_reg
219.02076,219.02142,0.000660000000010541,1716.8527120093997,bench_inc_reg
219.221,219.22166,0.000660000000010541,1739.5086703143888,bench_inc_reg
219.42122,219.42188,0.0006599999999821193,1727.2070981046509,bench_inc_reg
219.62146,219.62212,0.0006599999999821193,1732.8713880298972,bench_inc_reg
219.82168,219.82236,0.0006800000000168893,1778.7490995184564,bench_inc_reg
220.02192,220.02258,0.000660000000010541,1730.0331616163242,bench_inc_reg
220.22216,220.22282,0.000660000000010541,1733.728456336698,bench_inc_reg
220.4224,220.42306,0.0006599999999821193,1717.7359410029985,bench_inc_reg
220.62262,220.62328,0.0006599999999821193,1720.6331341901155,bench_inc_reg
220.82284,220.8235,0.0006599999999821193,1728.2756673548993,bench_inc_reg
221.02308,221.02374,0.000660000000010541,1719.3929525408873,bench_inc_reg
221.22332,221.22398,0.000660000000010541,1711.864348063383,bench_inc_reg
221.42354,221.4242,0.000660000000010541,1737.4804220415938,bench_inc_reg
221.62378,221.62444,0.0006599999999821193,1722.1733787498845,bench_inc_reg
221.82402,221.82468,0.000660000000010541,1729.4446565536769,bench_inc_reg
222.02426,222.02492,0.000660000000010541,1729.2779009156015,bench_inc_reg
222.22448,222.22516,0.0006799999999884676,1790.1108250680306,bench_inc_reg
222.42472,222.4254,0.0006799999999884676,1782.2706303217096,bench_inc_reg
222.62496,222.62562,0.000660000000010541,1732.0545344039574,bench_inc_reg
222.8252,222.82586,0.000660000000010541,1725.3278056455445,bench_inc_reg
223.02544,223.0261,0.000660000000010541,1727.5885772219744,bench_inc_reg
223.22568,223.22634,0.0006599999999821193,1722.7930691473082,bench_inc_reg
223.42592,223.42658,0.000660000000010541,1727.0132946172557,bench_inc_reg
223.62616,223.62682,0.000660000000010541,1723.4509182452268,bench_inc_reg
223.8264,223.82706,0.0006599999999821193,1716.4491582175176,bench_inc_reg
224.02664,224.0273,0.000660000000010541,1713.5617439971254,bench_inc_reg
224.22686,224.22752,0.000660000000010541,1723.1484502906812,bench_inc_reg
224.4271,224.42776,0.000660000000010541,1719.7019025049556,bench_inc_reg
224.62734,224.628,0.0006599999999821193,1709.6817632658303,bench_inc_reg
224.82758,224.82824,0.0006599999999821193,1726.8093069478682,bench_inc_reg
225.0278,225.02846,0.0006599999999821193,1721.7354126641687,bench_inc_reg
225.22804,225.2287,0.000660000000010541,1735.5113313850811,bench_inc_reg
225.42828,225.42894,0.000660000000010541,1726.330858684795,bench_inc_reg
225.62852,225.62918,0.0006599999999821193,1724.0835865426818,bench_inc_reg
225.82876,225.82942,0.000660000000010541,1718.1007541133692,bench_inc_reg
226.029,226.02966,0.000660000000010541,1713.650969351865,bench_inc_reg
226.22924,226.2299,0.0006599999999821193,1720.630982843171,bench_inc_reg
226.42946,226.43014,0.0006799999999884676,1784.1451125817264,bench_inc_reg
226.6297,226.63036,0.0006599999999821193,1719.9254058679087,bench_inc_reg
226.82994,226.8306,0.000660000000010541,1714.3681226618658,bench_inc_reg
227.03018,227.03084,0.000660000000010541,1698.1787095139664,bench_inc_reg
227.2304,227.23106,0.000660000000010541,1727.0994093529157,bench_inc_reg
227.43064,227.4313,0.0006599999999821193,1710.5437348983,bench_inc_reg
227.63088,227.63154,0.000660000000010541,1723.7834818970916,bench_inc_reg
227.83112,227.83178,0.000660000000010541,1711.0014590723817,bench_inc_reg
228.03134,228.032,0.000660000000010541,1724.6889439699949,bench_inc_reg
228.23158,228.23224,0.0006599999999821193,1717.8493714346437,bench_inc_reg
228.43182,228.43248,0.000660000000010541,1718.9981439496557,bench_inc_reg
228.63206,228.63272,0.000660000000010541,1712.2414359181507,bench_inc_reg
228.83228,228.83294,0.000660000000010541,1748.0269423987827,bench_inc_reg
229.03252,229.03318,0.0006599999999821193,1721.6066992348517,bench_inc_reg
229.23274,229.2334,0.0006599999999821193,1719.3095827907907,bench_inc_reg
229.43298,229.43364,0.000660000000010541,1736.3718501629685,bench_inc_reg
229.63322,229.63388,0.000660000000010541,1731.3499516194074,bench_inc_reg
229.83346,229.83412,0.000660000000010541,1708.9211312373845,bench_inc_reg
230.03368,230.03434,0.0006599999999821193,1729.993307913666,bench_inc_reg
230.23392,230.23458,0.0006599999999821193,1728.4963349251964,bench_inc_reg
230.43416,230.43482,0.000660000000010541,1743.5453785904929,bench_inc_reg
230.63438,230.63588,0.0014999999999929514,4727.414464555948,bench_inc_idx
230.83546,230.83696,0.0014999999999929514,4718.6978696616225,bench_inc_idx
231.03654,231.03804,0.0014999999999929514,4717.650399520815,bench_inc_idx
231.23762,231.23912,0.0015000000000213731,4726.095616421001,bench_inc_idx
231.43868,231.44018,0.0014999999999929514,4733.119637217332,bench_inc_idx
231.63976,231.64126,0.0014999999999929514,4730.453467906542,bench_inc_idx
231.84086,231.84236,0.0015000000000213731,4736.466251847903,bench_inc_idx
232.04194,232.04344,0.0014999999999929514,4734.711565519246,bench_inc_idx
232.24302,232.24452,0.0014999999999929514,4732.458060584882,bench_inc_idx
232.4441,232.4456,0.0015000000000213731,4704.294838079116,bench_inc_idx
232.64518,232.64668,0.0014999999999929514,4683.191683120292,bench_inc_idx
232.84624,232.84774,0.0014999999999929514,4681.166878414123,bench_inc_idx
233.04732,233.04882,0.0014999999999929514,4684.336716286042,bench_inc_idx
233.2484,233.2499,0.0014999999999929514,4693.181563611071,bench_inc_idx
233.44948,233.45098,0.0014999999999929514,4693.761561044457,bench_inc_idx
233.65054,233.65204,0.0014999999999929514,4696.351783327948,bench_inc_idx
233.85162,233.85312,0.0014999999999929514,4713.383812899349,bench_inc_idx
234.0527,234.0542,0.0015000000000213731,4686.634962050198,bench_inc_idx
234.25378,234.25528,0.0014999999999929514,4709.711731388445,bench_inc_idx
234.45486,234.45636,0.0014999999999929514,4707.831700776151,bench_inc_idx
234.65594,234.65744,0.0015000000000213731,4707.633855355998,bench_inc_idx
234.85702,234.85852,0.0014999999999929514,4715.957371495969,bench_inc_idx
235.0581,235.0596,0.0014999999999929514,4715.242742073532,bench_inc_idx
235.25918,235.26068,0.0015000000000213731,4720.229005974932,bench_inc_idx
235.46026,235.46176,0.0014999999999929514,4722.8016145300935,bench_inc_idx
235.66132,235.66282,0.0015000000000213731,4713.805965216775,bench_inc_idx
235.8624,235.8639,0.0014999999999929514,4728.134358278949,bench_inc_idx
236.06348,236.06498,0.0014999999999929514,4723.208360351625,bench_inc_idx
236.26456,236.26606,0.0015000000000213731,4705.39091394601,bench_inc_idx
236.46562,236.46712,0.0014999999999929514,4707.588404395533,bench_inc_idx
236.6667,236.6682,0.0015000000000213731,4693.474804584525,bench_inc_idx
236.86778,236.86928,0.0014999999999929514,4717.587521276516,bench_inc_idx
237.06886,237.07036,0.0014999999999929514,4713.410728124102,bench_inc_idx
237.26994,237.27144,0.0015000000000213731,4719.352820025053,bench_inc_idx
237.47102,237.47252,0.0014999999999929514,4706.406169548078,bench_inc_idx
237.6721,237.6736,0.0014999999999929514,4718.490065983979,bench_inc_idx
237.87318,237.87468,0.0015000000000213731,4726.126103264687,bench_inc_idx
238.07426,238.07576,0.0014999999999929514,4726.4719777503615,bench_inc_idx
238.27534,238.27684,0.0014999999999929514,4742.327609543022,bench_inc_idx
238.47642,238.47792,0.0015000000000213731,4725.746829129798,bench_inc_idx
238.6775,238.679,0.0014999999999929514,4727.840190730432,bench_inc_idx
238.87856,238.88006,0.0014999999999929514,4757.136041276748,bench_inc_idx
239.07964,239.08114,0.0014999999999929514,4696.712528796171,bench_inc_idx
239.28072,239.28222,0.0014999999999929514,4697.694405891278,bench_inc_idx
239.4818,239.4833,0.0015000000000213731,4710.643990033435,bench_inc_idx
239.68286,239.68436,0.0014999999999929514,4693.068081956518,bench_inc_idx
239.88394,239.88544,0.0014999999999929514,4679.815468822964,bench_inc_idx
240.08502,240.08652,0.0015000000000213731,4680.63571497157,bench_inc_idx
240.2861,240.2876,0.0014999999999929514,4689.498508792956,bench_inc_idx
240.48718,240.48868,0.0014999999999929514,4689.138990340105,bench_inc_idx
240.68826,240.68976,0.0014999999999929514,4685.320118419299,bench_inc_idx
240.88932,240.89082,0.0014999999999929514,4686.081861123549,bench_inc_idx
241.0904,241.0919,0.0015000000000213731,4695.167949024999,bench_inc_idx
241.29148,241.29298,0.0014999999999929514,4704.702636205849,bench_inc_idx
241.49254,241.49404,0.0015000000000213731,4714.675098725821,bench_inc_idx
241.69362,241.69512,0.0014999999999929514,4712.226146342292,bench_inc_idx
241.8947,241.8962,0.0014999999999929514,4714.636695550347,bench_inc_idx
242.09578,242.09728,0.0015000000000213731,4714.914348510972,bench_inc_idx
242.29686,242.29836,0.0014999999999929514,4718.763097166691,bench_inc_idx
242.49794,242.49944,0.0014999999999929514,4725.8787066464365,bench_inc_idx
242.69902,242.70052,0.0015000000000213731,4729.815370005251,bench_inc_idx
242.9001,242.9016,0.0014999999999929514,4728.494782442958,bench_inc_idx
243.10118,243.10268,0.0014999999999929514,4708.001031518027,bench_inc_idx
243.30226,243.30376,0.0015000000000213731,4717.337028191406,bench_inc_idx
243.50334,243.50484,0.0014999999999929514,4718.147860816061,bench_inc_idx
243.70442,243.70592,0.0014999999999929514,4709.583078488433,bench_inc_idx
243.9055,243.907,0.0015000000000213731,4718.130508040271,bench_inc_idx
244.10658,244.10808,0.0014999999999929514,4700.071609089844,bench_inc_idx
244.30766,244.30916,0.0014999999999929514,4710.525865645627,bench_inc_idx
244.50874,244.51024,0.0015000000000213731,4699.5464154272995,bench_inc_idx
244.70982,244.71132,0.0014999999999929514,4704.911124404392,bench_inc_idx
244.9109,244.9124,0.0014999999999929514,4713.9206644870455,bench_inc_idx
245.11198,245.11348,0.0015000000000213731,4735.835087553851,bench_inc_idx
245.31306,245.31454,0.0014799999999866031,4651.662656063549,bench_inc_idx
245.51412,245.51562,0.0015000000000213731,4733.4737983282575,bench_inc_idx
245.7152,245.7167,0.0014999999999929514,4693.891725014897,bench_inc_idx
245.91628,245.91778,0.0014999999999929514,4717.688818905914,bench_inc_idx
246.11736,246.11886,0.0015000000000213731,4693.98910652073,bench_inc_idx
246.31844,246.31992,0.0014799999999866031,4634.98324617179,bench_inc_idx
246.5195,246.521,0.0014999999999929514,4711.717360164244,bench_inc_idx
246.72058,246.72208,0.0014999999999929514,4711.122543062703,bench_inc_idx
246.92166,246.92316,0.0014999999999929514,4688.142463542302,bench_inc_idx
247.12274,247.12424,0.0014999999999929514,4696.039000970868,bench_inc_idx
247.3238,247.3253,0.0014999999999929514,4682.7082009759315,bench_inc_idx
247.52488,247.52638,0.0014999999999929514,4690.333399900429,bench_inc_idx
247.72596,247.72746,0.0015000000000213731,4689.354146899653,bench_inc_idx
247.92702,247.92852,0.0014999999999929514,4699.685184727365,bench_inc_idx
248.1281,248.1296,0.0015000000000213731,4712.7735824996635,bench_inc_idx
248.32918,248.33068,0.0014999999999929514,4712.566828796707,bench_inc_idx
248.53026,248.53176,0.0014999999999929514,4703.584203940717,bench_inc_idx
248.73132,248.73282,0.0014999999999929514,4702.929432946633,bench_inc_idx
248.9324,248.9339,0.0014999999999929514,4707.796615526271,bench_inc_idx
249.13346,249.13496,0.0014999999999929514,4726.000276836174,bench_inc_idx
249.33454,249.33604,0.0014999999999929514,4716.437892034483,bench_inc_idx
249.5356,249.5371,0.0015000000000213731,4720.466358189431,bench_inc_idx
249.73668,249.73818,0.0014999999999929514,4717.004673998262,bench_inc_idx
249.93774,249.93924,0.0015000000000213731,4737.936637898107,bench_inc_idx
250.13882,250.14032,0.0014999999999929514,4729.419408808805,bench_inc_idx
250.33988,250.34138,0.0014999999999929514,4724.795694906795,bench_inc_idx
250.54096,250.54246,0.0014999999999929514,4707.65330826416,bench_inc_idx
250.74204,250.74352,0.0014799999999866031,4668.756260028121,bench_inc_sym
250.9431,250.9446,0.0015000000000213731,4745.258197723536,bench_inc_sym
251.14418,251.14566,0.0014799999999866031,4681.319401091548,bench_inc_sym
251.34524,251.34674,0.0015000000000213731,4748.894702713322,bench_inc_sym
251.54632,251.54782,0.0014999999999929514,4747.925167880878,bench_inc_sym
251.7474,251.74888,0.0014800000000150249,4688.794566366582,bench_inc_sym
251.94848,251.94996,0.0014800000000150249,4694.772930863141,bench_inc_sym
252.14954,252.15104,0.0014999999999929514,4775.7566091370245,bench_inc_sym
252.35062,252.35212,0.0015000000000213731,4775.651716696088,bench_inc_sym
252.5517,252.55318,0.0014799999999866031,4686.161510136583,bench_inc_sym
252.75276,252.75426,0.0014999999999929514,4765.930573900676,bench_inc_sym
252.95384,252.95534,0.0014999999999929514,4768.984469095415,bench_inc_sym
253.1549,253.1564,0.0014999999999929514,4757.756167068234,bench_inc_sym
253.35598,253.35748,0.0015000000000213731,4770.224699820331,bench_inc_sym
253.55704,253.55854,0.0014999999999929514,4760.999854166715,bench_inc_sym
253.75812,253.7596,0.0014800000000150249,4700.506883721518,bench_inc_sym
253.95918,253.96066,0.0014799999999866031,4683.836477301035,bench_inc_sym
254.16024,254.16174,0.0015000000000213731,4719.73405459312,bench_inc_sym
254.3613,254.3628,0.0014999999999929514,4732.755112906635,bench_inc_sym
254.56236,254.56386,0.0014999999999929514,4713.550670979903,bench_inc_sym
254.76344,254.76494,0.0014999999999929514,4725.978877371338,bench_inc_sym
254.9645,254.966,0.0015000000000213731,4728.597025454763,bench_inc_sym
255.16558,255.16706,0.0014799999999866031,4680.939468046643,bench_inc_sym
255.36664,255.36814,0.0015000000000213731,4736.180205432481,bench_inc_sym
255.5677,255.5692,0.0014999999999929514,4746.641120851801,bench_inc_sym
255.76878,255.77026,0.0014800000000150249,4680.182526401442,bench_inc_sym
255.96984,255.97134,0.0014999999999929514,4750.576561758405,bench_inc_sym
256.17092,256.17242,0.0014999999999645297,4759.751700215928,bench_inc_sym
256.37198,256.37348,0.0014999999999645297,4748.776219673158,bench_inc_sym
256.57306,256.57456,0.0015000000000213731,4743.082465205935,bench_inc_sym
256.77412,256.77562,0.0015000000000213731,4745.256688979116,bench_inc_sym
256.9752,256.97668,0.0014800000000150249,4684.68168522558,bench_inc_sym
257.17626,257.17776,0.0014999999999645297,4741.193975676094,bench_inc_sym
257.37732,257.37882,0.0015000000000213731,4747.758181832118,bench_inc_sym
257.5784,257.5799,0.0015000000000213731,4737.452541078135,bench_inc_sym
257.77948,257.78096,0.0014800000000150249,4677.253689201693,bench_inc_sym
257.98054,257.98204,0.0014999999999645297,4751.904201581276,bench_inc_sym
258.18162,258.18312,0.0014999999999645297,4737.802999912175,bench_inc_sym
258.3827,258.38418,0.0014800000000150249,4702.760691335411,bench_inc_sym
258.58376,258.58526,0.0015000000000213731,4744.4971325586885,bench_inc_sym
258.78484,258.78634,0.0015000000000213731,4750.60533971974,bench_inc_sym
258.98592,258.98742,0.0014999999999645297,4761.1771336548545,bench_inc_sym
259.187,259.18848,0.0014800000000150249,4694.214423699159,bench_inc_sym
259.38806,259.38956,0.0015000000000213731,4751.981215155556,bench_inc_sym
259.58914,259.59064,0.0015000000000213731,4754.599754302451,bench_inc_sym
259.79022,259.79172,0.0015000000000213731,4765.811583564431,bench_inc_sym
259.9913,259.9928,0.0014999999999645297,4778.00792071707,bench_inc_sym
260.19238,260.19386,0.0014799999999581814,4703.176074990635,bench_inc_sym
260.39344,260.39494,0.0015000000000213731,4770.779802998232,bench_inc_sym
260.5945,260.596,0.0015000000000213731,4761.829199339831,bench_inc_sym
260.79558,260.79706,0.0014800000000150249,4671.4356472243635,bench_inc_sym
260.99664,260.99814,0.0014999999999645297,4734.123998672168,bench_inc_sym
261.1977,261.1992,0.0015000000000213731,4731.619102014788,bench_inc_sym
261.39878,261.40026,0.0014800000000150249,4663.352686959021,bench_inc_sym
261.59984,261.60134,0.0015000000000213731,4737.847158754608,bench_inc_sym
261.8009,261.8024,0.0014999999999645297,4736.178095802906,bench_inc_sym
262.00196,262.00346,0.0015000000000213731,4738.781328844961,bench_inc_sym
262.20304,262.20452,0.0014800000000150249,4684.266862507709,bench_inc_sym
262.4041,262.4056,0.0014999999999645297,4733.120570776058,bench_inc_sym
262.60516,262.60666,0.0014999999999645297,4748.941506143507,bench_inc_sym
262.80622,262.80772,0.0015000000000213731,4755.585796732911,bench_inc_sym
263.0073,263.0088,0.0015000000000213731,4753.387679880376,bench_inc_sym
263.20836,263.20986,0.0014999999999645297,4744.0685703189065,bench_inc_sym
263.40944,263.41092,0.0014799999999581814,4690.163798960111,bench_inc_sym
263.6105,263.612,0.0015000000000213731,4762.944551251606,bench_inc_sym
263.81156,263.81306,0.0015000000000213731,4758.02470936787,bench_inc_sym
264.01264,264.01412,0.0014800000000150249,4676.784512170103,bench_inc_sym
264.2137,264.2152,0.0014999999999645297,4771.057830545919,bench_inc_sym
264.41478,264.41626,0.0014800000000150249,4681.158107754291,bench_inc_sym
264.61584,264.61734,0.0015000000000213731,4729.077185107506,bench_inc_sym
264.81692,264.8184,0.0014800000000150249,4683.777836666097,bench_inc_sym
265.01798,265.01948,0.0014999999999645297,4736.922390175263,bench_inc_sym
265.21906,265.22054,0.0014800000000150249,4677.282699894185,bench_inc_sym
265.42012,265.42162,0.0015000000000213731,4754.193567272912,bench_inc_sym
265.62118,265.62268,0.0015000000000213731,4747.123727643605,bench_inc_sym
265.82224,265.82374,0.0014999999999645297,4753.443065450954,bench_inc_sym
266.02332,266.02482,0.0014999999999645297,4763.421793358823,bench_inc_sym
266.22438,266.22588,0.0015000000000213731,4765.062711736768,bench_inc_sym
266.42546,266.42694,0.0014800000000150249,4687.79180901998,bench_inc_sym
266.62652,266.628,0.0014799999999581814,4711.029222099705,bench_inc_sym
266.82758,266.82908,0.0014999999999645297,4759.874271582464,bench_inc_sym
267.02864,267.03014,0.0015000000000213731,4774.740785430567,bench_inc_sym
267.2297,267.2312,0.0015000000000213731,4754.190086455414,bench_inc_sym
267.43078,267.43226,0.0014799999999581814,4666.00571745461,bench_inc_sym
267.63184,267.63332,0.0014800000000150249,4656.084713107738,bench_inc_sym
267.8329,267.83438,0.0014800000000150249,4661.56176296187,bench_inc_sym
268.03396,268.03544,0.0014800000000150249,4660.048736308052,bench_inc_sym
268.23502,268.2365,0.0014799999999581814,4650.865925808283,bench_inc_sym
268.43608,268.43756,0.0014800000000150249,4662.786084274116,bench_inc_sym
268.63714,268.63862,0.0014800000000150249,4668.618298650708,bench_inc_sym
268.83818,268.83968,0.0014999999999645297,4720.89354868958,bench_inc_sym
269.03924,269.04074,0.0015000000000213731,4735.203511147161,bench_inc_sym
269.2403,269.2418,0.0015000000000213731,4732.003104941799,bench_inc_sym
269.44136,269.44286,0.0015000000000213731,4741.728736620002,bench_inc_sym
269.64244,269.64392,0.0014799999999581814,4681.837193067945,bench_inc_sym
269.8435,269.84498,0.0014800000000150249,4682.459193328926,bench_inc_sym
270.04456,270.04604,0.0014800000000150249,4700.601252310845,bench_inc_sym
270.24562,270.2471,0.0014800000000150249,4687.904093927263,bench_inc_sym
270.44668,270.44816,0.0014799999999581814,4702.282228841511,bench_inc_sym
270.64774,270.64924,0.0015000000000213731,4763.889054368085,bench_inc_sym
270.84882,270.8503,0.0014800000000150249,4639.420884244972,bench_inc_abs
271.04988,271.05138,0.0015000000000213731,4699.307177286944,bench_inc_abs
271.25096,271.25244,0.0014799999999581814,4628.38475346495,bench_inc_abs
271.45202,271.45352,0.0015000000000213731,4688.0109422604055,bench_inc_abs
271.6531,271.65458,0.0014800000000150249,4627.847964921176,bench_inc_abs
271.85416,271.85566,0.0015000000000213731,4682.373998293065,bench_inc_abs
272.05522,272.05672,0.0014999999999645297,4684.928343520433,bench_inc_abs
272.2563,272.2578,0.0014999999999645297,4674.991052485568,bench_inc_abs
272.45738,272.45886,0.0014800000000150249,4619.987411474027,bench_inc_abs
272.65844,272.65994,0.0015000000000213731,4703.443169196112,bench_inc_abs
272.85952,272.86102,0.0015000000000213731,4701.496935518959,bench_inc_abs
273.06058,273.06208,0.0014999999999645297,4702.657861522489,bench_inc_abs
273.26166,273.26316,0.0015000000000213731,4714.351140495876,bench_inc_abs
273.46272,273.46422,0.0015000000000213731,4698.975640417113,bench_inc_abs
273.6638,273.66528,0.0014800000000150249,4652.775211773224,bench_inc_abs
273.86486,273.86636,0.0014999999999645297,4677.072961233349,bench_inc_abs
274.06594,274.06742,0.0014800000000150249,4626.787141940086,bench_inc_abs
274.267,274.2685,0.0015000000000213731,4680.829576751133,bench_inc_abs
274.46806,274.46956,0.0015000000000213731,4677.267735892195,bench_inc_abs
274.66914,274.67064,0.0014999999999645297,4668.054326788554,bench_inc_abs
274.8702,274.8717,0.0014999999999645297,4673.829276468696,bench_inc_abs
275.07128,275.07276,0.0014800000000150249,4605.928484863691,bench_inc_abs
275.27234,275.27384,0.0015000000000213731,4676.544528988024,bench_inc_abs
275.47342,275.4749,0.0014800000000150249,4590.0099748286675,bench_inc_abs
275.67448,275.67598,0.0014999999999645297,4670.479190423799,bench_inc_abs
275.87556,275.87706,0.0014999999999645297,4671.94163694765,bench_inc_abs
276.07662,276.07812,0.0015000000000213731,4676.42195296613,bench_inc_abs
276.2777,276.2792,0.0015000000000213731,4675.29344612051,bench_inc_abs
276.47878,276.48028,0.0015000000000213731,4686.7072280247185,bench_inc_abs
276.67984,276.68134,0.0014999999999645297,4690.560290944454,bench_inc_abs
276.88092,276.88242,0.0015000000000213731,4701.121095632237,bench_inc_abs
277.082,277.0835,0.0015000000000213731,4698.025020840698,bench_inc_abs
277.28306,277.28456,0.0015000000000213731,4702.364769833954,bench_inc_abs
277.48414,277.48564,0.0014999999999645297,4688.440281783621,bench_inc_abs
277.6852,277.6867,0.0014999999999645297,4703.625328727399,bench_inc_abs
277.88628,277.88776,0.0014800000000150249,4637.587191583437,bench_inc_abs
278.08734,278.08884,0.0015000000000213731,4701.283339012969,bench_inc_abs
278.28842,278.28992,0.0015000000000213731,4675.68567262634,bench_inc_abs
278.48948,278.49098,0.0014999999999645297,4685.559759270319,bench_inc_abs
278.69056,278.69206,0.0015000000000213731,4677.966439695234,bench_inc_abs
278.89164,278.89312,0.0014800000000150249,4607.634367470597,bench_inc_abs
279.0927,279.0942,0.0015000000000213731,4679.876731311162,bench_inc_abs
279.29378,279.29528,0.0014999999999645297,4679.691076628328,bench_inc_abs
279.49486,279.49634,0.0014799999999581814,4625.869805325037,bench_inc_abs
279.69592,279.69742,0.0015000000000213731,4692.457304403473,bench_inc_abs
279.897,279.8985,0.0015000000000213731,4700.517763916387,bench_inc_abs
280.09806,280.09956,0.0015000000000213731,4712.129775502352,bench_inc_abs
280.29914,280.30062,0.0014799999999581814,4656.636414449161,bench_inc_abs
280.5002,280.50168,0.0014800000000150249,4617.21553704634,bench_inc_abs
280.70126,280.70276,0.0015000000000213731,4680.4230102086985,bench_inc_abs
280.90234,280.90382,0.0014800000000150249,4619.042659228116,bench_inc_abs
281.1034,281.1049,0.0014999999999645297,4670.776359159705,bench_inc_abs
281.30446,281.30596,0.0015000000000213731,4676.7844632953365,bench_inc_abs
281.50554,281.50702,0.0014800000000150249,4616.671446760775,bench_inc_abs
281.7066,281.7081,0.0015000000000213731,4667.020612463557,bench_inc_abs
281.90768,281.90916,0.0014799999999581814,4613.941188302366,bench_inc_abs
282.10874,282.11024,0.0014999999999645297,4651.369284729097,bench_inc_abs
282.30982,282.3113,0.0014800000000150249,4606.396809734977,bench_inc_abs
282.51088,282.51238,0.0015000000000213731,4658.242499060317,bench_inc_abs
282.71196,282.71344,0.0014800000000150249,4610.7898862574975,bench_inc_abs
282.91302,282.91452,0.0014999999999645297,4681.248725277668,bench_inc_abs
283.11408,283.11558,0.0015000000000213731,4688.807833075763,bench_inc_abs
283.31516,283.31666,0.0015000000000213731,4675.43304904591,bench_inc_abs
283.51622,283.51772,0.0015000000000213731,4693.123544633843,bench_inc_abs
283.7173,283.7188,0.0014999999999645297,4699.462496095082,bench_inc_abs
283.91838,283.91986,0.0014800000000150249,4637.282677038733,bench_inc_abs
284.11944,284.12094,0.0015000000000213731,4708.369250945348,bench_inc_abs
284.32052,284.322,0.0014800000000150249,4631.577851299538,bench_inc_abs
284.52158,284.52308,0.0015000000000213731,4700.253768893498,bench_inc_abs
284.72266,284.72416,0.0014999999999645297,4696.296669894983,bench_inc_abs
284.92372,284.92522,0.0015000000000213731,4693.186653379801,bench_inc_abs
285.1248,285.1263,0.0015000000000213731,4681.854306324135,bench_inc_abs
285.32588,285.32738,0.0015000000000213731,4681.349406088968,bench_inc_abs
285.52694,285.52844,0.0014999999999645297,4687.272272888352,bench_inc_abs
285.72802,285.72952,0.0014999999999645297,4681.14065228143,bench_inc_abs
285.92908,285.93058,0.0015000000000213731,4680.37544989545,bench_inc_abs
286.13014,286.13164,0.0015000000000213731,4688.921310076088,bench_inc_abs
286.33122,286.3327,0.0014800000000150249,4627.275376163256,bench_inc_abs
286.53228,286.53378,0.0014999999999645297,4705.285469425669,bench_inc_abs
286.73334,286.73484,0.0015000000000213731,4701.956424462622,bench_inc_abs
286.9344,286.9359,0.0015000000000213731,4688.913237840838,bench_inc_abs
287.13548,287.13696,0.0014800000000150249,4613.8080885184645,bench_inc_abs
287.33654,287.33804,0.0014999999999645297,4688.233246447369,bench_inc_abs
287.53762,287.5391,0.0014800000000150249,4614.24903715811,bench_inc_abs
287.73868,287.74018,0.0015000000000213731,4694.738783942901,bench_inc_abs
287.93976,287.94126,0.0015000000000213731,4673.218119493743,bench_inc_abs
288.14082,288.14232,0.0014999999999645297,4700.456291790473,bench_inc_abs
288.3419,288.3434,0.0014999999999645297,4677.717129122693,bench_inc_abs
288.54298,288.54448,0.0015000000000213731,4671.369083290285,bench_inc_abs
288.74406,288.74556,0.0015000000000213731,4660.75874406451,bench_inc_abs
288.94514,288.94662,0.0014800000000150249,4587.257206489227,bench_inc_abs
289.1462,289.1477,0.0014999999999645297,4651.443294600155,bench_inc_abs
289.34728,289.34878,0.0014999999999645297,4661.440965610205,bench_inc_abs
289.54836,289.54984,0.0014800000000150249,4620.20081938418,bench_inc_abs
289.74942,289.75092,0.0015000000000213731,4689.8557292966,bench_inc_abs
289.9505,289.952,0.0015000000000213731,4686.837075344715,bench_inc_abs
290.15156,290.15306,0.0014999999999645297,4683.333085737233,bench_inc_abs
290.35264,290.35414,0.0014999999999645297,4701.4010556774265,bench_inc_abs
290.55372,290.55522,0.0015000000000213731,4703.539540128924,bench_inc_abs
290.7548,290.75628,0.0014800000000150249,4645.796017768565,bench_inc_abs
290.95588,290.95656,0.000680000000045311,1769.108141434523,bench_rlam_1_reg
291.15614,291.15682,0.0006799999999884676,1777.1142977046723,bench_rlam_1_reg
291.3564,291.35708,0.0006799999999884676,1776.3789882583612,bench_rlam_1_reg
291.55666,291.55734,0.0006799999999884676,1780.9742362739967,bench_rlam_1_reg
291.75692,291.7576,0.000680000000045311,1773.738237226195,bench_rlam_1_reg
291.9572,291.95788,0.0006799999999884676,1767.1959683973712,bench_rlam_1_reg
292.15746,292.15814,0.0006799999999884676,1773.5931533025523,bench_rlam_1_reg
292.35772,292.3584,0.000680000000045311,1765.408218037021,bench_rlam_1_reg
292.55798,292.55866,0.0006799999999884676,1762.693552277817,bench_rlam_1_reg
292.75824,292.75892,0.0006799999999884676,1782.7548295928227,bench_rlam_1_reg
292.9585,292.95918,0.0006799999999884676,1780.6795774595666,bench_rlam_1_reg
293.15876,293.15944,0.000680000000045311,1769.2203611495297,bench_rlam_1_reg
293.35902,293.3597,0.0006799999999884676,1775.832732652952,bench_rlam_1_reg
293.55928,293.55996,0.0006799999999884676,1775.9775253667851,bench_rlam_1_reg
293.75954,293.76022,0.0006799999999884676,1763.2613144473773,bench_rlam_1_reg
293.9598,293.96048,0.000680000000045311,1779.4252490969188,bench_rlam_1_reg
294.16008,294.16076,0.0006799999999884676,1760.3501793685396,bench_rlam_1_reg
294.36034,294.36102,0.0006799999999884676,1755.9253889757642,bench_rlam_1_reg
294.5606,294.56128,0.0006799999999884676,1773.0049835018986,bench_rlam_1_reg
294.76086,294.76154,0.000680000000045311,1767.9070216932241,bench_rlam_1_reg
294.96112,294.9618,0.0006799999999884676,1764.458119846336,bench_rlam_1_reg
295.1614,295.16206,0.0006599999999821193,1705.47293959678,bench_rlam_1_reg
295.36166,295.36234,0.000680000000045311,1763.6045512148298,bench_rlam_1_reg
295.56192,295.5626,0.0006799999999884676,1759.6247722184153,bench_rlam_1_reg
295.76218,295.76286,0.0006799999999884676,1759.5648346226576,bench_rlam_1_reg
295.96244,295.96312,0.0006799999999884676,1759.9931009686943,bench_rlam_1_reg
296.1627,296.16338,0.000680000000045311,1773.1221277607938,bench_rlam_1_reg
296.36296,296.36364,0.0006799999999884676,1761.1103597834938,bench_rlam_1_reg
296.56322,296.5639,0.0006799999999884676,1760.2409585113978,bench_rlam_1_reg
296.76348,296.76416,0.0006799999999884676,1771.4970907781599,bench_rlam_1_reg
296.96374,296.96442,0.000680000000045311,1772.2159718511066,bench_rlam_1_reg
297.164,297.16468,0.0006799999999884676,1771.7279190900074,bench_rlam_1_reg
297.36428,297.36494,0.0006599999999821193,1703.2539937185934,bench_rlam_1_reg
297.56454,297.56522,0.0006799999999884676,1758.4514035367847,bench_rlam_1_reg
297.7648,297.76548,0.000680000000045311,1749.6695347458137,bench_rlam_1_reg
297.96506,297.96574,0.0006799999999884676,1758.9476960473576,bench_rlam_1_reg
298.16532,298.166,0.0006799999999884676,1762.8524312449263,bench_rlam_1_reg
298.36558,298.36624,0.0006599999999821193,1709.994522324075,bench_rlam_1_reg
298.56582,298.5665,0.000680000000045311,1765.565453226492,bench_rlam_1_reg
298.76608,298.76676,0.0006799999999884676,1759.1995186877336,bench_rlam_1_reg
298.96634,298.96702,0.0006799999999884676,1758.707938688494,bench_rlam_1_reg
299.16658,299.16726,0.0006799999999884676,1785.6665234656946,bench_rlam_1_reg
299.36684,299.36752,0.0006799999999884676,1769.0144129518226,bench_rlam_1_reg
299.5671,299.56778,0.000680000000045311,1766.4346612418954,bench_rlam_1_reg
299.76736,299.76804,0.0006799999999884676,1754.770369711846,bench_rlam_1_reg
299.96762,299.9683,0.0006799999999884676,1749.5610611159266,bench_rlam_1_reg
300.16786,300.16854,0.0006799999999884676,1770.382460627863,bench_rlam_1_reg
300.36812,300.3688,0.000680000000045311,1778.6750641077554,bench_rlam_1_reg
300.56838,300.56906,0.0006799999999884676,1773.7768939451603,bench_rlam_1_reg
300.76864,300.76932,0.0006799999999884676,1751.4908825676218,bench_rlam_1_reg
300.9689,300.96958,0.0006799999999884676,1765.293704767476,bench_rlam_1_reg
301.16916,301.16984,0.000680000000045311,1761.3311974678568,bench_rlam_1_reg
301.36942,301.3701,0.0006799999999884676,1763.166643190092,bench_rlam_1_reg
301.56968,301.57036,0.0006799999999884676,1766.1460186066117,bench_rlam_1_reg
301.76994,301.77062,0.0006799999999884676,1779.4760199739567,bench_rlam_1_reg
301.9702,301.97088,0.000680000000045311,1754.5283144698321,bench_rlam_1_reg
302.17046,302.17114,0.0006799999999884676,1760.510862784264,bench_rlam_1_reg
302.37072,302.3714,0.0006799999999884676,1780.6749650899649,bench_rlam_1_reg
302.57098,302.57166,0.0006799999999884676,1768.5142787656994,bench_rlam_1_reg
302.77124,302.77192,0.000680000000045311,1776.2866990067885,bench_rlam_1_reg
302.9715,302.97218,0.0006799999999884676,1771.836620732067,bench_rlam_1_reg
303.17176,303.17244,0.0006799999999884676,1766.6582762902187,bench_rlam_1_reg
303.37202,303.3727,0.0006799999999884676,1774.2813471304223,bench_rlam_1_reg
303.57228,303.57296,0.000680000000045311,1763.9909639349019,bench_rlam_1_reg
303.77254,303.77322,0.0006799999999884676,1768.9304752053438,bench_rlam_1_reg
303.97278,303.97346,0.0006799999999884676,1764.015681084056,bench_rlam_1_reg
304.17304,304.17372,0.0006799999999884676,1773.1396224925013,bench_rlam_1_reg
304.3733,304.37398,0.000680000000045311,1758.1410404642181,bench_rlam_1_reg
304.57358,304.57424,0.0006599999999821193,1711.396155838027,bench_rlam_1_reg
304.77384,304.77452,0.0006799999999884676,1760.0484890566645,bench_rlam_1_reg
304.9741,304.97478,0.0006799999999884676,1764.4752515079451,bench_rlam_1_reg
305.17434,305.17502,0.000680000000045311,1779.0026521636755,bench_rlam_1_reg
305.3746,305.37528,0.0006799999999884676,1778.7439748444033,bench_rlam_1_reg
305.57486,305.57554,0.0006799999999884676,1778.1799263050186,bench_rlam_1_reg
305.77512,305.7758,0.0006799999999884676,1773.0397288347262,bench_rlam_1_reg
305.97536,305.97604,0.0006799999999884676,1789.6039713577784,bench_rlam_1_reg
306.17562,306.1763,0.000680000000045311,1776.4113774863406,bench_rlam_1_reg
306.37588,306.37656,0.0006799999999884676,1762.889325593148,bench_rlam_1_reg
306.57612,306.5768,0.0006799999999884676,1772.0481217534614,bench_rlam_1_reg
306.77638,306.77706,0.0006799999999884676,1770.4503680163007,bench_rlam_1_reg
306.97664,306.97732,0.000680000000045311,1765.5859912160452,bench_rlam_1_reg
307.17688,307.17756,0.000680000000045311,1779.2873900747024,bench_rlam_1_reg
307.37714,307.37782,0.0006799999999884676,1790.1574843283506,bench_rlam_1_reg
307.5774,307.57808,0.0006799999999884676,1767.56099794153,bench_rlam_1_reg
307.77766,307.77834,0.0006799999999884676,1775.8128931211374,bench_rlam_1_reg
307.97794,307.9786,0.0006599999999821193,1718.3057544368535,bench_rlam_1_reg
308.1782,308.17888,0.0006799999999884676,1775.21240894376,bench_rlam_1_reg
308.37846,308.37914,0.0006799999999884676,1776.7274309473514,bench_rlam_1_reg
308.57872,308.5794,0.000680000000045311,1776.7681275814723,bench_rlam_1_reg
308.77898,308.77966,0.0006799999999884676,1757.49731946449,bench_rlam_1_reg
308.97924,308.97992,0.0006799999999884676,1771.9445679974044,bench_rlam_1_reg
309.1795,309.18018,0.0006799999999884676,1766.5251763142799,bench_rlam_1_reg
309.37976,309.38044,0.000680000000045311,1776.2703100593435,bench_rlam_1_reg
309.58002,309.5807,0.0006799999999884676,1765.7497757836427,bench_rlam_1_reg
309.78028,309.78096,0.0006799999999884676,1766.1142442071987,bench_rlam_1_reg
309.98054,309.98122,0.0006799999999884676,1779.0943430313653,bench_rlam_1_reg
310.1808,310.18148,0.000680000000045311,1766.927063129854,bench_rlam_1_reg
310.38106,310.38174,0.0006799999999884676,1766.9049137958025,bench_rlam_1_reg
310.5813,310.58198,0.0006799999999884676,1780.2287637920697,bench_rlam_1_reg
310.78156,310.78224,0.0006799999999884676,1773.6970143966462,bench_rlam_1_reg
310.98182,310.98264,0.0008199999999760621,2117.68797590237,bench_rlam_2_reg
311.1822,311.18302,0.0008199999999760621,2133.2694077007627,bench_rlam_2_reg
311.3826,311.3834,0.0007999999999697138,2057.6717424154535,bench_rlam_2_reg
311.58298,311.58378,0.0007999999999697138,2060.319241045025,bench_rlam_2_reg
311.78338,311.78418,0.0007999999999697138,2059.0643118107955,bench_rlam_2_reg
311.98376,311.98456,0.0007999999999697138,2062.487422862683,bench_rlam_2_reg
312.18414,312.18494,0.0007999999999697138,2062.6481249088793,bench_rlam_2_reg
312.38452,312.38534,0.0008199999999760621,2131.419824373896,bench_rlam_2_reg
312.58492,312.58572,0.0007999999999697138,2065.08441121416,bench_rlam_2_reg
312.7853,312.7861,0.0007999999999697138,2057.361809923601,bench_rlam_2_reg
312.98568,312.98648,0.0007999999999697138,2063.904364985529,bench_rlam_2_reg
313.18606,313.18686,0.0008000000000265572,2066.269703280219,bench_rlam_2_reg
313.38644,313.38726,0.0008200000000329055,2128.3092583519815,bench_rlam_2_reg
313.58684,313.58764,0.0008000000000265572,2048.7521892216296,bench_rlam_2_reg
313.78722,313.78802,0.0008000000000265572,2054.6753775157604,bench_rlam_2_reg
313.9876,313.9884,0.0008000000000265572,2055.4580656655016,bench_rlam_2_reg
314.18798,314.1888,0.0008200000000329055,2110.7203700605837,bench_rlam_2_reg
314.38836,314.38918,0.0008200000000329055,2105.3501894765877,bench_rlam_2_reg
314.58876,314.58956,0.0008000000000265572,2057.8533178957773,bench_rlam_2_reg
314.78914,314.78994,0.0008000000000265572,2055.2910026930595,bench_rlam_2_reg
314.98952,314.99032,0.0007999999999697138,2049.8788868036636,bench_rlam_2_reg
315.1899,315.1907,0.0007999999999697138,2059.850299163496,bench_rlam_2_reg
315.39028,315.39108,0.0007999999999697138,2048.5222618127577,bench_rlam_2_reg
315.59066,315.59146,0.0007999999999697138,2060.49936582137,bench_rlam_2_reg
315.79104,315.79184,0.0007999999999697138,2044.0697669164963,bench_rlam_2_reg
315.99142,315.99222,0.0007999999999697138,2060.488706842915,bench_rlam_2_reg
316.1918,316.1926,0.0008000000000265572,2063.9256109286175,bench_rlam_2_reg
316.39218,316.39298,0.0008000000000265572,2064.0559960908736,bench_rlam_2_reg
316.59256,316.59336,0.0008000000000265572,2072.3659103559366,bench_rlam_2_reg
316.79296,316.79376,0.0008000000000265572,2050.6575075708884,bench_rlam_2_reg
316.99334,316.99414,0.0008000000000265572,2062.658860888714,bench_rlam_2_reg
317.19372,317.19452,0.0008000000000265572,2058.7041462608327,bench_rlam_2_reg
317.3941,317.3949,0.0008000000000265572,2064.653430213651,bench_rlam_2_reg
317.59448,317.59528,0.0008000000000265572,2064.777303101949,bench_rlam_2_reg
317.79488,317.79568,0.0008000000000265572,2053.224297783788,bench_rlam_2_reg
317.99526,317.99606,0.0008000000000265572,2071.699660816529,bench_rlam_2_reg
318.19564,318.19644,0.0007999999999697138,2080.502479700547,bench_rlam_2_reg
318.39602,318.39682,0.0007999999999697138,2064.931429830952,bench_rlam_2_reg
318.5964,318.59722,0.0008199999999760621,2125.478887388337,bench_rlam_2_reg
318.7968,318.7976,0.0007999999999697138,2059.5836754939237,bench_rlam_2_reg
318.99718,318.99798,0.0007999999999697138,2059.6461556017853,bench_rlam_2_reg
319.19758,319.19838,0.0007999999999697138,2055.971170688582,bench_rlam_2_reg
319.39796,319.39876,0.0007999999999697138,2074.33627676974,bench_rlam_2_reg
319.59834,319.59914,0.0007999999999697138,2061.344564346863,bench_rlam_2_reg
319.79872,319.79952,0.0007999999999697138,2067.2128069421583,bench_rlam_2_reg
319.9991,319.99992,0.0008199999999760621,2120.3317958267194,bench_rlam_2_reg
320.1995,320.2003,0.0008000000000265572,2054.0573960896963,bench_rlam_2_reg
320.39988,320.40068,0.0008000000000265572,2076.413342804328,bench_rlam_2_reg
320.60026,320.60106,0.0008000000000265572,2068.453033065094,bench_rlam_2_reg
320.80064,320.80144,0.0008000000000265572,2065.4376247746723,bench_rlam_2_reg
321.00102,321.00184,0.0008200000000329055,2131.813841501034,bench_rlam_2_reg
321.2014,321.20222,0.0008200000000329055,2130.090855160391,bench_rlam_2_reg
321.4018,321.4026,0.0008000000000265572,2062.8355164859154,bench_rlam_2_reg
321.60218,321.60298,0.0008000000000265572,2063.7802524340555,bench_rlam_2_reg
321.80256,321.80336,0.0007999999999697138,2079.3281122045637,bench_rlam_2_reg
322.00294,322.00374,0.0007999999999697138,2064.0755117799404,bench_rlam_2_reg
322.20332,322.20412,0.0007999999999697138,2065.048112909906,bench_rlam_2_reg
322.4037,322.40452,0.0008199999999760621,2107.105255058874,bench_rlam_2_reg
322.60408,322.6049,0.0008199999999760621,2124.1462928514293,bench_rlam_2_reg
322.80448,322.80528,0.0007999999999697138,2054.0155748950747,bench_rlam_2_reg
323.00486,323.00566,0.0007999999999697138,2064.382387246235,bench_rlam_2_reg
323.20524,323.20604,0.0007999999999697138,2055.8424828742222,bench_rlam_2_reg
323.40562,323.40642,0.0008000000000265572,2057.362557459298,bench_rlam_2_reg
323.606,323.60682,0.0008200000000329055,2121.56942588995,bench_rlam_2_reg
323.8064,323.8072,0.0008000000000265572,2056.2602510517327,bench_rlam_2_reg
324.00678,324.00758,0.0008000000000265572,2064.9856841942897,bench_rlam_2_reg
324.20716,324.20798,0.0008200000000329055,2123.1483994993177,bench_rlam_2_reg
324.40756,324.40836,0.0008000000000265572,2049.892721773014,bench_rlam_2_reg
324.60794,324.60876,0.0008200000000329055,2108.598419092054,bench_rlam_2_reg
324.80834,324.80914,0.0008000000000265572,2058.846782969529,bench_rlam_2_reg
325.00872,325.00952,0.0008000000000265572,2061.459107869352,bench_rlam_2_reg
325.20912,325.20992,0.0008000000000265572,2056.9783962163724,bench_rlam_2_reg
325.4095,325.4103,0.0008000000000265572,2062.239761078398,bench_rlam_2_reg
325.6099,325.6107,0.0008000000000265572,2055.06971346439,bench_rlam_2_reg
325.81028,325.81108,0.0008000000000265572,2061.7886912882104,bench_rlam_2_reg
326.01068,326.01148,0.0008000000000265572,2047.2043148066289,bench_rlam_2_reg
326.21106,326.21186,0.0008000000000265572,2054.4376923568434,bench_rlam_2_reg
326.41146,326.41226,0.0008000000000265572,2058.135005725744,bench_rlam_2_reg
326.61184,326.61264,0.0008000000000265572,2068.5968525574704,bench_rlam_2_reg
326.81224,326.81304,0.0008000000000265572,2059.9444630414823,bench_rlam_2_reg
327.01262,327.01342,0.0007999999999697138,2054.547245978506,bench_rlam_2_reg
327.21302,327.21382,0.0008000000000265572,2059.8289185055323,bench_rlam_2_reg
327.4134,327.4142,0.0007999999999697138,2073.491134116356,bench_rlam_2_reg
327.61378,327.61458,0.0007999999999697138,2072.586743070074,bench_rlam_2_reg
327.81416,327.81496,0.0007999999999697138,2070.6498389226804,bench_rlam_2_reg
328.01454,328.01536,0.0008199999999760621,2110.5797308732363,bench_rlam_2_reg
328.21494,328.21574,0.0007999999999697138,2058.0916245574967,bench_rlam_2_reg
328.41532,328.41612,0.0007999999999697138,2059.5884578434207,bench_rlam_2_reg
328.61568,328.6165,0.0008199999999760621,2143.0436288355836,bench_rlam_2_reg
328.81606,328.81688,0.0008200000000329055,2128.518470652524,bench_rlam_2_reg
329.01644,329.01726,0.0008200000000329055,2126.662975737255,bench_rlam_2_reg
329.21682,329.21764,0.0008200000000329055,2132.678821310648,bench_rlam_2_reg
329.4172,329.41802,0.0008200000000329055,2129.6480159282874,bench_rlam_2_reg
329.61758,329.6184,0.0008200000000329055,2118.583417130119,bench_rlam_2_reg
329.81798,329.81878,0.0008000000000265572,2055.607980661662,bench_rlam_2_reg
330.01836,330.01916,0.0008000000000265572,2081.0630801944985,bench_rlam_2_reg
330.21874,330.21954,0.0007999999999697138,2067.8379618491454,bench_rlam_2_reg
330.41912,330.41992,0.0007999999999697138,2076.3758615613506,bench_rlam_2_reg
330.6195,330.6203,0.0007999999999697138,2067.7814771414705,bench_rlam_2_reg
330.81988,330.8207,0.0008199999999760621,2126.9510266650245,bench_rlam_2_reg
331.02028,331.0212,0.0009200000000078035,2306.467434404025,bench_rlam_3_reg
331.22078,331.22172,0.0009400000000141517,2361.7419903609134,bench_rlam_3_reg
331.4213,331.42222,0.0009200000000078035,2298.310450309613,bench_rlam_3_reg
331.6218,331.62274,0.0009400000000141517,2351.6596877364605,bench_rlam_3_reg
331.82232,331.82324,0.0009200000000078035,2292.5117635425863,bench_rlam_3_reg
332.02282,332.02376,0.0009399999999573083,2369.1099205602113,bench_rlam_3_reg
332.22334,332.22426,0.0009200000000078035,2309.2068103321567,bench_rlam_3_reg
332.42384,332.42478,0.0009400000000141517,2341.904474933378,bench_rlam_3_reg
332.62436,332.62528,0.00091999999995096,2293.7741874201743,bench_rlam_3_reg
332.82486,332.82578,0.0009200000000078035,2294.8190872789146,bench_rlam_3_reg
333.02536,333.0263,0.0009400000000141517,2352.6660609543064,bench_rlam_3_reg
333.22588,333.22682,0.0009399999999573083,2347.552981105201,bench_rlam_3_reg
333.4264,333.42732,0.0009200000000078035,2279.0114674944352,bench_rlam_3_reg
333.6269,333.62784,0.0009400000000141517,2333.1502592654797,bench_rlam_3_reg
333.82742,333.82834,0.0009200000000078035,2279.7257406720128,bench_rlam_3_reg
334.02792,334.02886,0.0009400000000141517,2345.793286848267,bench_rlam_3_reg
334.22844,334.22936,0.0009200000000078035,2298.1386608760013,bench_rlam_3_reg
334.42894,334.42988,0.0009400000000141517,2351.4915420977477,bench_rlam_3_reg
334.62946,334.63038,0.0009200000000078035,2295.1950016690507,bench_rlam_3_reg
334.82996,334.8309,0.0009399999999573083,2346.830414476378,bench_rlam_3_reg
335.03048,335.0314,0.0009200000000078035,2303.1439446042727,bench_rlam_3_reg
335.23098,335.23192,0.0009400000000141517,2355.2315985326627,bench_rlam_3_reg
335.4315,335.43242,0.00091999999995096,2303.1572553722212,bench_rlam_3_reg
335.63202,335.63294,0.0009200000000078035,2295.715883388559,bench_rlam_3_reg
335.83252,335.83346,0.0009400000000141517,2365.212580234411,bench_rlam_3_reg
336.03304,336.03398,0.0009399999999573083,2359.991385468969,bench_rlam_3_reg
336.23356,336.2345,0.0009400000000141517,2375.2823169621875,bench_rlam_3_reg
336.43408,336.435,0.0009200000000078035,2312.75665110705,bench_rlam_3_reg
336.6346,336.63552,0.0009200000000078035,2304.438322348959,bench_rlam_3_reg
336.83512,336.83604,0.0009200000000078035,2302.2219585314688,bench_rlam_3_reg
337.03562,337.03656,0.0009400000000141517,2363.4175560870585,bench_rlam_3_reg
337.23614,337.23706,0.0009200000000078035,2310.131324956007,bench_rlam_3_reg
337.43664,337.43758,0.0009400000000141517,2364.987928914534,bench_rlam_3_reg
337.63716,337.63808,0.0009200000000078035,2295.22071083081,bench_rlam_3_reg
337.83766,337.8386,0.0009399999999573083,2371.6027893660907,bench_rlam_3_reg
338.03818,338.0391,0.0009200000000078035,2306.1941261549105,bench_rlam_3_reg
338.23868,338.23962,0.0009400000000141517,2359.122301031724,bench_rlam_3_reg
338.4392,338.44012,0.00091999999995096,2304.4453746111535,bench_rlam_3_reg
338.63972,338.64064,0.0009200000000078035,2306.570550441723,bench_rlam_3_reg
338.84022,338.84116,0.0009400000000141517,2365.0488094879825,bench_rlam_3_reg
339.04074,339.04166,0.00091999999995096,2297.385220738885,bench_rlam_3_reg
339.24126,339.24218,0.0009200000000078035,2314.1962243389758,bench_rlam_3_reg
339.44176,339.4427,0.0009400000000141517,2349.395465614864,bench_rlam_3_reg
339.64228,339.6432,0.00091999999995096,2285.3606355780807,bench_rlam_3_reg
339.84278,339.84372,0.0009400000000141517,2340.2324715051273,bench_rlam_3_reg
340.04328,340.04422,0.0009400000000141517,2363.7737590376805,bench_rlam_3_reg
340.2438,340.24472,0.00091999999995096,2290.885608973651,bench_rlam_3_reg
340.4443,340.44524,0.0009400000000141517,2346.866938788588,bench_rlam_3_reg
340.64482,340.64574,0.0009200000000078035,2291.2213090167356,bench_rlam_3_reg
340.84532,340.84626,0.0009399999999573083,2344.381885957435,bench_rlam_3_reg
341.04584,341.04676,0.0009200000000078035,2279.753687350943,bench_rlam_3_reg
341.24634,341.24728,0.0009400000000141517,2334.11395694136,bench_rlam_3_reg
341.44686,341.44778,0.0009200000000078035,2297.0186546572777,bench_rlam_3_reg
341.64738,341.6483,0.0009200000000078035,2299.347324321306,bench_rlam_3_reg
341.84788,341.84882,0.0009400000000141517,2353.8146797135987,bench_rlam_3_reg
342.0484,342.04932,0.0009200000000078035,2290.231017409415,bench_rlam_3_reg
342.2489,342.24984,0.0009400000000141517,2356.0408060873037,bench_rlam_3_reg
342.44942,342.45034,0.0009200000000078035,2288.638316123618,bench_rlam_3_reg
342.64992,342.65086,0.0009400000000141517,2348.4321614138357,bench_rlam_3_reg
342.85044,342.85136,0.0009200000000078035,2305.268386871679,bench_rlam_3_reg
343.05096,343.05188,0.0009200000000078035,2299.736875603687,bench_rlam_3_reg
343.25146,343.2524,0.0009400000000141517,2370.3514878054766,bench_rlam_3_reg
343.45198,343.45292,0.0009400000000141517,2369.950874751733,bench_rlam_3_reg
343.6525,343.65344,0.0009400000000141517,2366.0739744551456,bench_rlam_3_reg
343.85302,343.85396,0.0009399999999573083,2354.4144373186487,bench_rlam_3_reg
344.05354,344.05446,0.0009200000000078035,2303.954062541882,bench_rlam_3_reg
344.25404,344.25498,0.0009400000000141517,2384.2722410835195,bench_rlam_3_reg
344.45456,344.4555,0.0009399999999573083,2350.7225326059256,bench_rlam_3_reg
344.65508,344.656,0.0009200000000078035,2310.5739057291044,bench_rlam_3_reg
344.8556,344.85652,0.0009200000000078035,2302.4453688698077,bench_rlam_3_reg
345.0561,345.05704,0.0009399999999573083,2357.2799515706015,bench_rlam_3_reg
345.25662,345.25756,0.0009400000000141517,2367.8265721908588,bench_rlam_3_reg
345.45714,345.45806,0.0009200000000078035,2310.7638163788383,bench_rlam_3_reg
345.65766,345.65858,0.00091999999995096,2317.3020103497433,bench_rlam_3_reg
345.85816,345.8591,0.0009400000000141517,2354.843148534483,bench_rlam_3_reg
346.05868,346.0596,0.0009200000000078035,2307.8459687821005,bench_rlam_3_reg
346.2592,346.26012,0.00091999999995096,2290.33575146736,bench_rlam_3_reg
346.4597,346.46064,0.0009400000000141517,2356.91744139723,bench_rlam_3_reg
346.66022,346.66114,0.0009200000000078035,2290.9777658366525,bench_rlam_3_reg
346.86072,346.86166,0.0009399999999573083,2340.483337061263,bench_rlam_3_reg
347.06124,347.06216,0.0009200000000078035,2284.885752038567,bench_rlam_3_reg
347.26174,347.26266,0.0009200000000078035,2294.176304743755,bench_rlam_3_reg
347.46224,347.46318,0.0009400000000141517,2343.7352059767945,bench_rlam_3_reg
347.66276,347.66368,0.0009200000000078035,2290.3533862231916,bench_rlam_3_reg
347.86326,347.8642,0.0009399999999573083,2349.965090263595,bench_rlam_3_reg
348.06378,348.0647,0.0009200000000078035,2298.22509225158,bench_rlam_3_reg
348.26428,348.26522,0.0009400000000141517,2353.4377082730352,bench_rlam_3_reg
348.4648,348.46572,0.00091999999995096,2297.9295368714043,bench_rlam_3_reg
348.6653,348.66624,0.0009400000000141517,2345.809722358359,bench_rlam_3_reg
348.86582,348.86674,0.0009200000000078035,2303.571237747714,bench_rlam_3_reg
349.06632,349.06726,0.0009399999999573083,2353.816272103047,bench_rlam_3_reg
349.26684,349.26776,0.0009200000000078035,2304.731267527808,bench_rlam_3_reg
349.46736,349.46828,0.0009200000000078035,2303.071052331156,bench_rlam_3_reg
349.66786,349.6688,0.0009399999999573083,2367.8682277621565,bench_rlam_3_reg
349.86838,349.8693,0.0009200000000078035,2298.015803122129,bench_rlam_3_reg
350.06888,350.06982,0.0009400000000141517,2356.510581494311,bench_rlam_3_reg
350.2694,350.27032,0.0009200000000078035,2302.2543080224277,bench_rlam_3_reg
350.4699,350.47082,0.0009200000000078035,2303.5963019622036,bench_rlam_3_reg
350.67042,350.67134,0.0009200000000078035,2285.7280657903207,bench_rlam_3_reg
350.87092,350.87186,0.0009400000000141517,2361.4050704341635,bench_rlam_3_reg
351.07144,351.0725,0.001059999999995398,2595.593249422867,bench_rlam_4_reg
351.27208,351.27314,0.001059999999995398,2590.1909824212366,bench_rlam_4_reg
351.47272,351.47376,0.001040000000045893,2548.4340150207786,bench_rlam_4_reg
351.67334,351.6744,0.001059999999995398,2607.8025111896272,bench_rlam_4_reg
351.87398,351.87504,0.001059999999995398,2599.3218272655536,bench_rlam_4_reg
352.07462,352.07568,0.001059999999995398,2607.158278117936,bench_rlam_4_reg
352.27526,352.2763,0.0010399999999890497,2538.540696238027,bench_rlam_4_reg
352.47588,352.47694,0.001059999999995398,2595.7471434679387,bench_rlam_4_reg
352.67652,352.67756,0.001040000000045893,2541.571080340203,bench_rlam_4_reg
352.87714,352.8782,0.001059999999995398,2582.838963711521,bench_rlam_4_reg
353.07778,353.07884,0.001059999999995398,2582.2014338070976,bench_rlam_4_reg
353.27842,353.27946,0.0010399999999890497,2519.693623747733,bench_rlam_4_reg
353.47904,353.4801,0.001059999999995398,2578.639246048811,bench_rlam_4_reg
353.67968,353.68072,0.0010399999999890497,2511.730138169932,bench_rlam_4_reg
353.88032,353.88136,0.0010399999999890497,2509.5446943138095,bench_rlam_4_reg
354.08094,354.082,0.001059999999995398,2586.3548135294445,bench_rlam_4_reg
354.28158,354.28264,0.001059999999995398,2579.073519420851,bench_rlam_4_reg
354.48222,354.48326,0.0010399999999890497,2527.086278409162,bench_rlam_4_reg
354.68284,354.6839,0.001059999999995398,2584.172622295745,bench_rlam_4_reg
354.88348,354.88454,0.001059999999995398,2595.6506235236084,bench_rlam_4_reg
355.08412,355.08518,0.001059999999995398,2591.211625841323,bench_rlam_4_reg
355.28476,355.28582,0.001059999999995398,2596.7368530004114,bench_rlam_4_reg
355.4854,355.48646,0.001059999999995398,2597.2438323853216,bench_rlam_4_reg
355.68604,355.6871,0.001059999999995398,2600.471118926238,bench_rlam_4_reg
355.88668,355.88774,0.001059999999995398,2598.51661741974,bench_rlam_4_reg
356.08732,356.08838,0.001059999999995398,2596.6806220854646,bench_rlam_4_reg
356.28796,356.28902,0.001059999999995398,2596.003205974907,bench_rlam_4_reg
356.4886,356.48966,0.001059999999995398,2604.0310691760224,bench_rlam_4_reg
356.68924,356.6903,0.001059999999995398,2596.0770435667346,bench_rlam_4_reg
356.88988,356.89094,0.001059999999995398,2606.449741857706,bench_rlam_4_reg
357.09052,357.09158,0.001059999999995398,2594.9525576636765,bench_rlam_4_reg
357.29116,357.29222,0.001059999999995398,2599.5734520241776,bench_rlam_4_reg
357.4918,357.49286,0.001059999999995398,2597.5253782037666,bench_rlam_4_reg
357.69244,357.6935,0.001059999999995398,2590.563194830658,bench_rlam_4_reg
357.89308,357.89414,0.001059999999995398,2588.778026395603,bench_rlam_4_reg
358.09372,358.09478,0.001059999999995398,2592.5592914875874,bench_rlam_4_reg
358.29436,358.29542,0.001059999999995398,2604.1394309154216,bench_rlam_4_reg
358.49502,358.49606,0.0010399999999890497,2525.9952805636217,bench_rlam_4_reg
358.69566,358.6967,0.001040000000045893,2537.6073062710493,bench_rlam_4_reg
358.8963,358.89734,0.0010399999999890497,2528.533972778757,bench_rlam_4_reg
359.09694,359.09798,0.0010399999999890497,2509.210631210638,bench_rlam_4_reg
359.29758,359.29862,0.001040000000045893,2538.7712941807645,bench_rlam_4_reg
359.49822,359.49926,0.0010399999999890497,2526.0494649136767,bench_rlam_4_reg
359.69884,359.6999,0.001059999999995398,2581.742496667155,bench_rlam_4_reg
359.89948,359.90054,0.001059999999995398,2577.379283029393,bench_rlam_4_reg
360.10012,360.10116,0.0010399999999890497,2524.265618968327,bench_rlam_4_reg
360.30074,360.3018,0.001059999999995398,2598.358208749647,bench_rlam_4_reg
360.50138,360.50244,0.001059999999995398,2605.538323990631,bench_rlam_4_reg
360.70202,360.70308,0.001059999999995398,2593.9959101272843,bench_rlam_4_reg
360.90266,360.90372,0.001059999999995398,2591.8918707952334,bench_rlam_4_reg
361.1033,361.10436,0.001059999999995398,2593.3184451428774,bench_rlam_4_reg
361.30394,361.30498,0.0010399999999890497,2548.7493467190825,bench_rlam_4_reg
361.50458,361.50562,0.001040000000045893,2536.9340904346923,bench_rlam_4_reg
361.70522,361.70626,0.0010399999999890497,2553.817748535075,bench_rlam_4_reg
361.90584,361.9069,0.001059999999995398,2600.466699785963,bench_rlam_4_reg
362.10648,362.10754,0.001059999999995398,2604.3475302906345,bench_rlam_4_reg
362.30712,362.30818,0.001059999999995398,2580.5765134211742,bench_rlam_4_reg
362.50776,362.50882,0.001059999999995398,2592.1728694535805,bench_rlam_4_reg
362.7084,362.70946,0.001059999999995398,2592.3187332255197,bench_rlam_4_reg
362.90904,362.9101,0.001059999999995398,2592.9443072416525,bench_rlam_4_reg
363.10968,363.11074,0.001059999999995398,2595.9490565208894,bench_rlam_4_reg
363.31032,363.31138,0.001059999999995398,2591.908324976265,bench_rlam_4_reg
363.51096,363.51202,0.001059999999995398,2586.20738050186,bench_rlam_4_reg
363.7116,363.71264,0.001040000000045893,2540.261934172014,bench_rlam_4_reg
363.91224,363.9133,0.001059999999995398,2586.595613966781,bench_rlam_4_reg
364.11288,364.11394,0.001059999999995398,2588.246918722243,bench_rlam_4_reg
364.31352,364.31458,0.001059999999995398,2588.7864013231365,bench_rlam_4_reg
364.51416,364.5152,0.0010399999999890497,2529.7729810415804,bench_rlam_4_reg
364.71478,364.71584,0.001059999999995398,2582.1218243513454,bench_rlam_4_reg
364.91542,364.91648,0.001059999999995398,2573.446165772286,bench_rlam_4_reg
365.11606,365.11712,0.001059999999995398,2594.2328991250065,bench_rlam_4_reg
365.3167,365.31776,0.001059999999995398,2576.589053460536,bench_rlam_4_reg
365.51734,365.51838,0.0010399999999890497,2532.310117951118,bench_rlam_4_reg
365.71798,365.71902,0.0010399999999890497,2527.2041628753586,bench_rlam_4_reg
365.91862,365.91966,0.001040000000045893,2536.535035009539,bench_rlam_4_reg
366.11926,366.12032,0.001059999999995398,2593.7476102178043,bench_rlam_4_reg
366.3199,366.32096,0.001059999999995398,2594.1122835262936,bench_rlam_4_reg
366.52054,366.52158,0.0010399999999890497,2522.9539139951744,bench_rlam_4_reg
366.72116,366.72222,0.001059999999995398,2591.251793775658,bench_rlam_4_reg
366.9218,366.92286,0.001059999999995398,2595.678998594419,bench_rlam_4_reg
367.12244,367.1235,0.001059999999995398,2599.0044325629415,bench_rlam_4_reg
367.32308,367.32414,0.001059999999995398,2608.3393674231734,bench_rlam_4_reg
367.52372,367.52476,0.0010399999999890497,2553.435917895526,bench_rlam_4_reg
367.72434,367.7254,0.001059999999995398,2606.995226822115,bench_rlam_4_reg
367.92498,367.92604,0.001059999999995398,2584.3039620547183,bench_rlam_4_reg
368.12562,368.12668,0.001059999999995398,2580.4838351517524,bench_rlam_4_reg
368.32626,368.32732,0.001059999999995398,2583.08858377546,bench_rlam_4_reg
368.5269,368.52796,0.001059999999995398,2599.4236860264446,bench_rlam_4_reg
368.72754,368.7286,0.001059999999995398,2603.04801631915,bench_rlam_4_reg
368.92818,368.92924,0.001059999999995398,2603.1789812187526,bench_rlam_4_reg
369.12882,369.12988,0.001059999999995398,2585.9449174912615,bench_rlam_4_reg
369.32946,369.33052,0.001059999999995398,2589.3691927216287,bench_rlam_4_reg
369.5301,369.53116,0.001059999999995398,2575.3502757159326,bench_rlam_4_reg
369.73074,369.7318,0.001059999999995398,2593.2158808757413,bench_rlam_4_reg
369.93138,369.93244,0.001059999999995398,2579.677628819402,bench_rlam_4_reg
370.13202,370.13306,0.0010399999999890497,2518.8705557651538,bench_rlam_4_reg
370.33264,370.3337,0.001059999999995398,2586.5338462922887,bench_rlam_4_reg
370.53328,370.53434,0.001059999999995398,2592.1612908131087,bench_rlam_4_reg
370.73392,370.73498,0.001059999999995398,2585.329988486231,bench_rlam_4_reg
370.93456,370.93562,0.001059999999995398,2580.8898266454244,bench_rlam_4_reg
371.1352,371.1365,0.0013000000000147338,3493.1163397099303,bench_jge_not_taken
371.33608,371.33738,0.0013000000000147338,3500.1333291163664,bench_jge_not_taken
371.53694,371.53824,0.0012999999999578904,3510.831282355406,bench_jge_not_taken
371.73782,371.73912,0.0013000000000147338,3502.909927673296,bench_jge_not_taken
371.9387,371.94,0.0013000000000147338,3500.300545758013,bench_jge_not_taken
372.13958,372.14088,0.0012999999999578904,3493.8585198100045,bench_jge_not_taken
372.34046,372.34174,0.0012800000000083855,3443.4961877069836,bench_jge_not_taken
372.54132,372.54262,0.0013000000000147338,3512.412998872834,bench_jge_not_taken
372.7422,372.7435,0.0012999999999578904,3505.531432909311,bench_jge_not_taken
372.94308,372.94438,0.0013000000000147338,3502.4069226757333,bench_jge_not_taken
373.14396,373.14526,0.0013000000000147338,3499.4775755808423,bench_jge_not_taken
373.34484,373.34614,0.0013000000000147338,3501.9847564893385,bench_jge_not_taken
373.54572,373.54702,0.0012999999999578904,3490.7021721538435,bench_jge_not_taken
373.7466,373.7479,0.0013000000000147338,3487.9105934345594,bench_jge_not_taken
373.94748,373.94878,0.0013000000000147338,3485.5458350417744,bench_jge_not_taken
374.14836,374.14964,0.0012799999999515421,3432.011685654258,bench_jge_not_taken
374.34924,374.35052,0.0012800000000083855,3437.3521828322046,bench_jge_not_taken
374.55012,374.5514,0.0012800000000083855,3417.196606778512,bench_jge_not_taken
374.751,374.75228,0.0012800000000083855,3427.830713365435,bench_jge_not_taken
374.95188,374.95316,0.0012800000000083855,3428.4892166182067,bench_jge_not_taken
375.15276,375.15404,0.0012800000000083855,3438.304208708768,bench_jge_not_taken
375.35362,375.35492,0.0013000000000147338,3509.1938521296674,bench_jge_not_taken
375.5545,375.5558,0.0012999999999578904,3500.981994314433,bench_jge_not_taken
375.75536,375.75666,0.0013000000000147338,3493.4594273096754,bench_jge_not_taken
375.95624,375.95754,0.0013000000000147338,3508.74684057567,bench_jge_not_taken
376.15712,376.15842,0.0012999999999578904,3500.2076461583883,bench_jge_not_taken
376.358,376.35928,0.0012800000000083855,3442.7049104355806,bench_jge_not_taken
376.55886,376.56016,0.0013000000000147338,3510.1444763602785,bench_jge_not_taken
376.75972,376.76102,0.0012999999999578904,3515.0268952111132,bench_jge_not_taken
376.9606,376.9619,0.0013000000000147338,3507.740120445042,bench_jge_not_taken
377.16148,377.16278,0.0013000000000147338,3491.3805942533468,bench_jge_not_taken
377.36236,377.36364,0.0012799999999515421,3431.5423363289215,bench_jge_not_taken
377.56322,377.56452,0.0013000000000147338,3490.528808949322,bench_jge_not_taken
377.7641,377.7654,0.0013000000000147338,3500.993936370717,bench_jge_not_taken
377.96498,377.96628,0.0012999999999578904,3492.894854729558,bench_jge_not_taken
378.16586,378.16716,0.0013000000000147338,3474.5441773353778,bench_jge_not_taken
378.36676,378.36804,0.0012800000000083855,3437.7309680244207,bench_jge_not_taken
378.56764,378.56894,0.0013000000000147338,3478.485329590438,bench_jge_not_taken
378.76852,378.76982,0.0012999999999578904,3472.8490164132527,bench_jge_not_taken
378.9694,378.9707,0.0013000000000147338,3481.585949233833,bench_jge_not_taken
379.17028,379.17158,0.0013000000000147338,3496.2914651729457,bench_jge_not_taken
379.37118,379.37246,0.0012800000000083855,3423.7475763417046,bench_jge_not_taken
379.57206,379.57334,0.0012799999999515421,3429.510076389784,bench_jge_not_taken
379.77294,379.77422,0.0012800000000083855,3431.6459531193473,bench_jge_not_taken
379.9738,379.9751,0.0013000000000147338,3500.974364624776,bench_jge_not_taken
380.17468,380.17598,0.0012999999999578904,3507.092306256974,bench_jge_not_taken
380.37556,380.37686,0.0013000000000147338,3499.408874234579,bench_jge_not_taken
380.57644,380.57774,0.0013000000000147338,3510.194411545213,bench_jge_not_taken
380.77732,380.7786,0.0012800000000083855,3454.092864443339,bench_jge_not_taken
380.9782,380.9795,0.0012999999999578904,3497.419194201822,bench_jge_not_taken
381.17908,381.18038,0.0013000000000147338,3487.6405680972734,bench_jge_not_taken
381.37996,381.38126,0.0013000000000147338,3486.3999765841027,bench_jge_not_taken
381.58084,381.58212,0.0012799999999515421,3442.724242196563,bench_jge_not_taken
381.7817,381.783,0.0013000000000147338,3507.12667689304,bench_jge_not_taken
381.98258,381.98388,0.0013000000000147338,3475.9820160017816,bench_jge_not_taken
382.18346,382.18476,0.0012999999999578904,3495.962987524836,bench_jge_not_taken
382.38434,382.38564,0.0013000000000147338,3466.4009977542223,bench_jge_not_taken
382.5852,382.5865,0.0013000000000147338,3470.6527134874045,bench_jge_not_taken
382.78608,382.78738,0.0012999999999578904,3481.2077482799887,bench_jge_not_taken
382.98696,382.98824,0.0012800000000083855,3427.8658381811,bench_jge_not_taken
383.18782,383.18912,0.0013000000000147338,3487.5739855243437,bench_jge_not_taken
383.3887,383.39,0.0013000000000147338,3508.814920256548,bench_jge_not_taken
383.58958,383.59088,0.0013000000000147338,3492.94657356836,bench_jge_not_taken
383.79046,383.79174,0.0012800000000083855,3462.6497724367296,bench_jge_not_taken
383.99134,383.99262,0.0012800000000083855,3443.1079868535603,bench_jge_not_taken
384.1922,384.1935,0.0012999999999578904,3497.5113276125676,bench_jge_not_taken
384.39308,384.39438,0.0013000000000147338,3511.727741031549,bench_jge_not_taken
384.59396,384.59524,0.0012800000000083855,3436.356070480506,bench_jge_not_taken
384.79482,384.79612,0.0012999999999578904,3501.843081201596,bench_jge_not_taken
384.9957,384.997,0.0013000000000147338,3494.8113700810286,bench_jge_not_taken
385.19658,385.19788,0.0013000000000147338,3511.6208671155828,bench_jge_not_taken
385.39746,385.39876,0.0012999999999578904,3496.507457325139,bench_jge_not_taken
385.59834,385.59964,0.0013000000000147338,3497.3847144691226,bench_jge_not_taken
385.79922,385.80052,0.0013000000000147338,3490.945443088161,bench_jge_not_taken
386.0001,386.0014,0.0013000000000147338,3489.067815289552,bench_jge_not_taken
386.20098,386.20228,0.0012999999999578904,3481.5308846282205,bench_jge_not_taken
386.40186,386.40314,0.0012800000000083855,3421.124396871032,bench_jge_not_taken
386.60272,386.60402,0.0013000000000147338,3483.905324296981,bench_jge_not_taken
386.8036,386.8049,0.0012999999999578904,3466.409586715787,bench_jge_not_taken
387.00448,387.00578,0.0013000000000147338,3473.9507991313367,bench_jge_not_taken
387.20536,387.20666,0.0013000000000147338,3470.6510953128654,bench_jge_not_taken
387.40624,387.40752,0.0012799999999515421,3440.7585787982034,bench_jge_not_taken
387.6071,387.6084,0.0013000000000147338,3491.3578699783557,bench_jge_not_taken
387.80798,387.80928,0.0013000000000147338,3505.7903710303444,bench_jge_not_taken
388.00884,388.01014,0.0012999999999578904,3512.3752917770216,bench_jge_not_taken
388.20972,388.21102,0.0013000000000147338,3498.39823091469,bench_jge_not_taken
388.4106,388.41188,0.0012800000000083855,3444.6374094424227,bench_jge_not_taken
388.61148,388.61276,0.0012800000000083855,3455.0783434239434,bench_jge_not_taken
388.81236,388.81364,0.0012800000000083855,3438.7057484330157,bench_jge_not_taken
389.01322,389.01452,0.0013000000000147338,3493.7033500061298,bench_jge_not_taken
389.2141,389.2154,0.0013000000000147338,3492.9750324710185,bench_jge_not_taken
389.41498,389.41626,0.0012800000000083855,3448.4716574849517,bench_jge_not_taken
389.61586,389.61716,0.0013000000000147338,3493.6761809937443,bench_jge_not_taken
389.81674,389.81804,0.0013000000000147338,3491.3071897355676,bench_jge_not_taken
390.01762,390.01892,0.0012999999999578904,3476.3268077351086,bench_jge_not_taken
390.2185,390.2198,0.0013000000000147338,3483.1750998670555,bench_jge_not_taken
390.4194,390.42068,0.0012800000000083855,3416.2413492144387,bench_jge_not_taken
390.62028,390.62156,0.0012800000000083855,3431.132819999097,bench_jge_not_taken
390.82116,390.82244,0.0012799999999515421,3428.6083372769463,bench_jge_not_taken
391.02204,391.02334,0.0013000000000147338,3489.615302571403,bench_jge_not_taken
391.22294,391.2242,0.0012600000000020373,3381.885210997754,bench_jge_taken
391.4238,391.42508,0.0012799999999515421,3430.102623384836,bench_jge_taken
391.62466,391.62594,0.0012800000000083855,3440.0081611451387,bench_jge_taken
391.82552,391.8268,0.0012800000000083855,3461.932621462493,bench_jge_taken
392.02638,392.02766,0.0012800000000083855,3434.9075518636737,bench_jge_taken
392.22724,392.22852,0.0012800000000083855,3454.110827325307,bench_jge_taken
392.4281,392.42938,0.0012800000000083855,3461.639613409572,bench_jge_taken
392.62896,392.63024,0.0012800000000083855,3443.53945695329,bench_jge_taken
392.82984,392.8311,0.0012600000000020373,3380.3241676784314,bench_jge_taken
393.0307,393.03198,0.0012799999999515421,3463.2778259354172,bench_jge_taken
393.23156,393.23284,0.0012800000000083855,3458.9453134930386,bench_jge_taken
393.43244,393.43372,0.0012800000000083855,3435.533959449969,bench_jge_taken
393.6333,393.63458,0.0012800000000083855,3455.606610527196,bench_jge_taken
393.83416,393.83544,0.0012800000000083855,3438.8282546092278,bench_jge_taken
394.03504,394.03632,0.0012800000000083855,3444.1715432636547,bench_jge_taken
394.2359,394.23718,0.0012800000000083855,3428.08884104513,bench_jge_taken
394.43678,394.43804,0.0012600000000020373,3387.9758254694652,bench_jge_taken
394.63764,394.63892,0.0012800000000083855,3431.861433232523,bench_jge_taken
394.8385,394.83978,0.0012800000000083855,3434.9897271183363,bench_jge_taken
395.03938,395.04066,0.0012800000000083855,3429.117347141527,bench_jge_taken
395.24024,395.24152,0.0012800000000083855,3433.4736829959998,bench_jge_taken
395.4411,395.44238,0.0012800000000083855,3416.491763224338,bench_jge_taken
395.64196,395.64324,0.0012800000000083855,3449.9836969503936,bench_jge_taken
395.84284,395.8441,0.0012600000000020373,3394.940742281178,bench_jge_taken
396.0437,396.04498,0.0012800000000083855,3456.4358671420932,bench_jge_taken
396.24456,396.24584,0.0012800000000083855,3455.255767361512,bench_jge_taken
396.44544,396.44672,0.0012800000000083855,3446.208233954358,bench_jge_taken
396.6463,396.64758,0.0012800000000083855,3440.1200618873568,bench_jge_taken
396.84718,396.84846,0.0012800000000083855,3448.7074194767006,bench_jge_taken
397.04804,397.04932,0.0012800000000083855,3452.8803220200602,bench_jge_taken
397.2489,397.25018,0.0012800000000083855,3450.4752420171544,bench_jge_taken
397.44978,397.45104,0.0012600000000020373,3385.1483464355847,bench_jge_taken
397.65064,397.65192,0.0012800000000083855,3444.095344765378,bench_jge_taken
397.8515,397.85278,0.0012800000000083855,3447.765223713701,bench_jge_taken
398.05236,398.05364,0.0012799999999515421,3438.519800404051,bench_jge_taken
398.25324,398.25452,0.0012800000000083855,3419.129198905331,bench_jge_taken
398.4541,398.45538,0.0012800000000083855,3429.581925767776,bench_jge_taken
398.65498,398.65626,0.0012799999999515421,3426.042033674819,bench_jge_taken
398.85584,398.85712,0.0012800000000083855,3418.330480372873,bench_jge_taken
399.05672,399.05798,0.0012600000000020373,3370.6559753193474,bench_jge_taken
399.25758,399.25886,0.0012800000000083855,3434.8433278637262,bench_jge_taken
399.45844,399.45972,0.0012800000000083855,3420.451795710498,bench_jge_taken
399.6593,399.66058,0.0012800000000083855,3434.8525177061683,bench_jge_taken
399.86018,399.86144,0.0012600000000020373,3389.8259536380115,bench_jge_taken
400.06104,400.06232,0.0012800000000083855,3436.7820713951414,bench_jge_taken
400.2619,400.26318,0.0012799999999515421,3439.8317242419967,bench_jge_taken
400.46276,400.46404,0.0012800000000083855,3450.330947551563,bench_jge_taken
400.66362,400.6649,0.0012800000000083855,3455.324014681649,bench_jge_taken
400.86448,400.86576,0.0012800000000083855,3447.3308222534247,bench_jge_taken
401.06534,401.06662,0.0012800000000083855,3462.4954895399414,bench_jge_taken
401.2662,401.26748,0.0012799999999515421,3445.8355673943106,bench_jge_taken
401.46708,401.46834,0.0012600000000020373,3387.2604346863964,bench_jge_taken
401.66794,401.66922,0.0012800000000083855,3434.606040857744,bench_jge_taken
401.8688,401.87008,0.0012799999999515421,3429.4124668005247,bench_jge_taken
402.06966,402.07094,0.0012800000000083855,3434.8747413838278,bench_jge_taken
402.27052,402.2718,0.0012800000000083855,3423.079482776294,bench_jge_taken
402.47138,402.47266,0.0012800000000083855,3421.528206691389,bench_jge_taken
402.67224,402.67352,0.0012800000000083855,3432.9869877856927,bench_jge_taken
402.8731,402.87438,0.0012799999999515421,3418.026785214683,bench_jge_taken
403.07398,403.07526,0.0012800000000083855,3420.0221719430283,bench_jge_taken
403.27484,403.27612,0.0012800000000083855,3441.3608815852917,bench_jge_taken
403.4757,403.47698,0.0012800000000083855,3450.95745987332,bench_jge_taken
403.67658,403.67786,0.0012800000000083855,3434.1034572831722,bench_jge_taken
403.87744,403.87872,0.0012800000000083855,3444.7141620644693,bench_jge_taken
404.07832,404.0796,0.0012800000000083855,3457.1492299572874,bench_jge_taken
404.2792,404.28046,0.0012600000000020373,3390.2227529404654,bench_jge_taken
404.48006,404.48134,0.0012800000000083855,3448.6193512881173,bench_jge_taken
404.68094,404.6822,0.0012600000000020373,3387.2864511745793,bench_jge_taken
404.8818,404.88308,0.0012800000000083855,3448.9966044432663,bench_jge_taken
405.08266,405.08394,0.0012800000000083855,3443.7174327018524,bench_jge_taken
405.28354,405.28482,0.0012800000000083855,3455.318580394989,bench_jge_taken
405.4844,405.48568,0.0012800000000083855,3447.631907211546,bench_jge_taken
405.68528,405.68654,0.0012600000000020373,3383.2851331821553,bench_jge_taken
405.88614,405.88742,0.0012800000000083855,3438.0138782025374,bench_jge_taken
406.087,406.08828,0.0012800000000083855,3439.097551191599,bench_jge_taken
406.28788,406.28916,0.0012800000000083855,3427.5792702399735,bench_jge_taken
406.48876,406.49002,0.0012600000000020373,3362.091116143303,bench_jge_taken
406.68962,406.6909,0.0012800000000083855,3443.6173015567456,bench_jge_taken
406.8905,406.89176,0.0012600000000020373,3374.1934620890083,bench_jge_taken
407.09136,407.09264,0.0012800000000083855,3429.8640210383523,bench_jge_taken
407.29222,407.2935,0.0012800000000083855,3433.738730414783,bench_jge_taken
407.4931,407.49438,0.0012799999999515421,3435.4109222445118,bench_jge_taken
407.69396,407.69524,0.0012800000000083855,3434.0446000223146,bench_jge_taken
407.89482,407.8961,0.0012800000000083855,3446.664242103376,bench_jge_taken
408.09568,408.09696,0.0012800000000083855,3443.293867176126,bench_jge_taken
408.29654,408.29782,0.0012800000000083855,3448.0068367270674,bench_jge_taken
408.4974,408.49868,0.0012799999999515421,3455.3635002467367,bench_jge_taken
408.69826,408.69954,0.0012800000000083855,3464.5282104817356,bench_jge_taken
408.89914,408.9004,0.0012600000000020373,3376.6013803054334,bench_jge_taken
409.1,409.10128,0.0012799999999515421,3436.80700272352,bench_jge_taken
409.30086,409.30214,0.0012800000000083855,3434.291069885851,bench_jge_taken
409.50172,409.503,0.0012800000000083855,3434.985498929616,bench_jge_taken
409.70258,409.70386,0.0012800000000083855,3437.9450185419573,bench_jge_taken
409.90346,409.90474,0.0012800000000083855,3441.2460704607756,bench_jge_taken
410.10432,410.1056,0.0012800000000083855,3434.635228510141,bench_jge_taken
410.30518,410.30646,0.0012800000000083855,3449.8425782873546,bench_jge_taken
410.50604,410.50732,0.0012800000000083855,3418.104050247741,bench_jge_taken
410.70692,410.7082,0.0012799999999515421,3421.054263450609,bench_jge_taken
410.90778,410.90906,0.0012800000000083855,3416.8692119659595,bench_jge_taken
411.10864,411.10992,0.0012800000000083855,3431.82296728266,bench_jge_taken
411.30952,411.31026,0.0007400000000075124,1919.1330717938315,bench_jmp
411.50986,411.51062,0.0007600000000138607,1975.133281701499,bench_jmp
411.7102,411.71096,0.0007600000000138607,1985.7726688954206,bench_jmp
411.91056,411.91132,0.0007600000000138607,1989.4906739223638,bench_jmp
412.1109,412.11166,0.0007599999999570173,1976.0871886960942,bench_jmp
412.31124,412.312,0.0007600000000138607,1985.7245171836425,bench_jmp
412.5116,412.51236,0.0007600000000138607,1965.7613966123893,bench_jmp
412.71194,412.7127,0.0007599999999570173,1991.1670241074253,bench_jmp
412.9123,412.91306,0.0007599999999570173,1968.6526454685531,bench_jmp
413.11266,413.11342,0.0007600000000138607,1984.3647443109962,bench_jmp
413.31302,413.31376,0.0007400000000075124,1922.2276751197533,bench_jmp
413.51336,413.51412,0.0007600000000138607,1973.626387818992,bench_jmp
413.71372,413.71448,0.0007599999999570173,1984.0788746802555,bench_jmp
413.91406,413.91482,0.0007600000000138607,1975.301271338531,bench_jmp
414.1144,414.11516,0.0007600000000138607,1993.232085415761,bench_jmp
414.31474,414.3155,0.0007600000000138607,1979.26728292702,bench_jmp
414.5151,414.51584,0.0007400000000075124,1915.4946808792545,bench_jmp
414.71544,414.71618,0.0007400000000075124,1914.9006484289582,bench_jmp
414.91578,414.91654,0.0007600000000138607,1970.152871263531,bench_jmp
415.11612,415.11688,0.0007599999999570173,1979.9800145981253,bench_jmp
415.31646,415.31722,0.0007600000000138607,1980.7428610857696,bench_jmp
415.5168,415.51756,0.0007600000000138607,1977.0755037176536,bench_jmp
415.71714,415.7179,0.0007600000000138607,1964.746960484143,bench_jmp
415.91748,415.91824,0.0007600000000138607,1990.4881436683054,bench_jmp
416.11782,416.11858,0.0007600000000138607,1976.0928373280035,bench_jmp
416.31816,416.31892,0.0007600000000138607,1976.1890639121411,bench_jmp
416.51852,416.51926,0.000739999999950669,1919.5235612261695,bench_jmp
416.71886,416.7196,0.0007400000000075124,1914.247686527642,bench_jmp
416.9192,416.91996,0.0007600000000138607,1957.637807398063,bench_jmp
417.11954,417.1203,0.0007600000000138607,1979.1327836446674,bench_jmp
417.31988,417.32064,0.0007600000000138607,1977.5770418676293,bench_jmp
417.52022,417.52098,0.0007600000000138607,1959.9117711601036,bench_jmp
417.72056,417.72132,0.0007600000000138607,1978.4650835682128,bench_jmp
417.92092,417.92168,0.0007599999999570173,1966.0805443849654,bench_jmp
418.12126,418.12202,0.0007600000000138607,1965.6006223873344,bench_jmp
418.32162,418.32236,0.0007400000000075124,1908.024395840157,bench_jmp
418.52196,418.52272,0.0007600000000138607,1954.8038556690221,bench_jmp
418.7223,418.72306,0.0007599999999570173,1976.8817954399763,bench_jmp
418.92264,418.9234,0.0007600000000138607,1962.071638593981,bench_jmp
419.123,419.12374,0.0007400000000075124,1903.911561264284,bench_jmp
419.32334,419.3241,0.0007600000000138607,1960.3435788772258,bench_jmp
419.52368,419.52444,0.0007600000000138607,1965.8498419743376,bench_jmp
419.72402,419.72478,0.0007600000000138607,1976.547101555295,bench_jmp
419.92436,419.92512,0.0007600000000138607,1966.637647756374,bench_jmp
420.1247,420.12546,0.0007599999999570173,1960.49846929321,bench_jmp
420.32504,420.3258,0.0007600000000138607,1971.630812662496,bench_jmp
420.52538,420.52614,0.0007600000000138607,1979.5600232176168,bench_jmp
420.72572,420.72648,0.0007599999999570173,1978.9863842162913,bench_jmp
420.92604,420.9268,0.0007600000000138607,1968.1843510296683,bench_jmp
421.12638,421.12714,0.0007600000000138607,1968.518863480558,bench_jmp
421.32672,421.32748,0.0007599999999570173,1969.0348951639714,bench_jmp
421.52706,421.52782,0.0007600000000138607,1975.4928467198981,bench_jmp
421.72742,421.72816,0.0007400000000075124,1922.6467097436791,bench_jmp
421.92776,421.92852,0.0007600000000138607,1983.5793646492466,bench_jmp
422.1281,422.12886,0.0007599999999570173,1974.4799494447739,bench_jmp
422.32844,422.3292,0.0007600000000138607,1963.0062207986596,bench_jmp
422.52878,422.52954,0.0007600000000138607,1982.8204904241525,bench_jmp
422.72912,422.72988,0.0007599999999570173,1988.0279291932543,bench_jmp
422.92948,422.93024,0.0007600000000138607,1976.6742294019375,bench_jmp
423.12982,423.13058,0.0007600000000138607,1984.259344215333,bench_jmp
423.33016,423.33092,0.0007600000000138607,1975.424119782434,bench_jmp
423.5305,423.53126,0.0007599999999570173,1984.247660606289,bench_jmp
423.73084,423.7316,0.0007600000000138607,1977.512603665713,bench_jmp
423.9312,423.93196,0.0007600000000138607,1977.1984080292484,bench_jmp
424.13154,424.1323,0.0007600000000138607,1986.1713215256852,bench_jmp
424.33188,424.33264,0.0007600000000138607,1978.6914321917632,bench_jmp
424.53222,424.53298,0.0007600000000138607,1993.3230546722393,bench_jmp
424.73256,424.73332,0.0007600000000138607,1981.5633236898354,bench_jmp
424.9329,424.93366,0.0007599999999570173,1978.771560703547,bench_jmp
425.13324,425.134,0.0007600000000138607,1965.012552722924,bench_jmp
425.33358,425.33434,0.0007600000000138607,1977.371999574492,bench_jmp
425.53392,425.53468,0.0007599999999570173,1979.7432328174993,bench_jmp
425.73426,425.73502,0.0007600000000138607,1973.441352637268,bench_jmp
425.9346,425.93536,0.0007600000000138607,1972.5494692541076,bench_jmp
426.13496,426.1357,0.0007400000000075124,1910.5406175641858,bench_jmp
426.3353,426.33606,0.0007599999999570173,1971.8561227132361,bench_jmp
426.53564,426.5364,0.0007600000000138607,1965.8430805833964,bench_jmp
426.73598,426.73674,0.0007600000000138607,1979.1035820245388,bench_jmp
426.93632,426.93708,0.0007599999999570173,1976.6734469263042,bench_jmp
427.13668,427.13744,0.0007600000000138607,1958.777098946669,bench_jmp
427.33702,427.33778,0.0007600000000138607,1958.418807520877,bench_jmp
427.53736,427.53812,0.0007600000000138607,1959.2610258139657,bench_jmp
427.7377,427.73846,0.0007599999999570173,1965.7875875640382,bench_jmp
427.93804,427.9388,0.0007600000000138607,1970.9238387089802,bench_jmp
428.13838,428.13914,0.0007600000000138607,1962.5702780198299,bench_jmp
428.33872,428.33948,0.0007599999999570173,1962.267469948014,bench_jmp
428.53906,428.53982,0.0007600000000138607,1965.8578234132217,bench_jmp
428.7394,428.74016,0.0007600000000138607,1961.2915441842135,bench_jmp
428.93974,428.9405,0.0007600000000138607,1974.3282767498283,bench_jmp
429.14008,429.14084,0.0007600000000138607,1974.9126048155013,bench_jmp
429.34042,429.34118,0.0007600000000138607,1966.517998413069,bench_jmp
429.54076,429.54152,0.0007600000000138607,1966.9874804565836,bench_jmp
429.7411,429.74186,0.0007599999999570173,1970.3770101706082,bench_jmp
429.94144,429.94218,0.0007400000000075124,1922.9041785259592,bench_jmp
430.14176,430.14252,0.0007600000000138607,1971.2527259735712,bench_jmp
430.3421,430.34286,0.0007599999999570173,1974.041252269139,bench_jmp
430.54244,430.5432,0.0007600000000138607,1979.5422023540557,bench_jmp
430.74278,430.74354,0.0007600000000138607,1978.6724774643835,bench_jmp
430.94312,430.94388,0.0007599999999570173,1982.7444850172071,bench_jmp
431.14346,431.14422,0.0007600000000138607,1979.3891162026353,bench_jmp
