t_start_s,t_end_s,duration_s,energy_nJ,event_label
9.78662,9.7873,0.0006800000000009021,1864.3752811504887,bench_add_reg_reg
9.98672,9.9874,0.0006799999999991257,1871.0936116960663,bench_add_reg_reg
10.18682,10.1875,0.0006799999999991257,1861.5075526730127,bench_add_reg_reg
10.38692,10.3876,0.0006800000000009021,1867.598230021583,bench_add_reg_reg
10.58702,10.5877,0.0006799999999991257,1874.724840742557,bench_add_reg_reg
10.78712,10.7878,0.0006800000000009021,1868.1576079715226,bench_add_reg_reg
10.98722,10.9879,0.0006799999999991257,1875.558923927087,bench_add_reg_reg
11.1873,11.18798,0.0006799999999991257,1858.5685081753284,bench_add_reg_reg
11.3874,11.38808,0.0006800000000009021,1878.3558928435245,bench_add_reg_reg
11.5875,11.58818,0.0006799999999991257,1862.6109696899402,bench_add_reg_reg
11.78758,11.78826,0.0006799999999991257,1881.0963956613502,bench_add_reg_reg
11.98766,11.98836,0.000700000000000145,1938.479077071249,bench_add_reg_reg
12.18776,12.18844,0.0006799999999991257,1872.9638797202388,bench_add_reg_reg
12.38784,12.38852,0.0006799999999991257,1866.4956279069993,bench_add_reg_reg
12.58794,12.58862,0.0006800000000009021,1865.4616735901855,bench_add_reg_reg
12.78802,12.7887,0.0006800000000009021,1876.6342895133216,bench_add_reg_reg
12.9881,12.9888,0.000700000000000145,1939.5491969779737,bench_add_reg_reg
13.1882,13.18888,0.0006799999999991257,1880.0450279351285,bench_add_reg_reg
13.38828,13.38896,0.0006800000000009021,1875.3613205650533,bench_add_reg_reg
13.58836,13.58906,0.000700000000000145,1943.5673905541705,bench_add_reg_reg
13.78846,13.78914,0.0006799999999991257,1872.6043263423464,bench_add_reg_reg
13.98854,13.98922,0.0006799999999991257,1874.081420243802,bench_add_reg_reg
14.18862,14.18932,0.000700000000000145,1935.5752551930843,bench_add_reg_reg
14.38872,14.3894,0.0006800000000009021,1865.321702792357,bench_add_reg_reg
14.5888,14.58948,0.0006799999999991257,1881.170854900809,bench_add_reg_reg
14.78888,14.78958,0.000700000000000145,1929.5582640914347,bench_add_reg_reg
14.98898,14.98966,0.0006800000000009021,1872.3884201634755,bench_add_reg_reg
15.18908,15.18976,0.0006799999999991257,1890.5016034814485,bench_add_reg_reg
15.38918,15.38986,0.0006800000000009021,1858.7460718143616,bench_add_reg_reg
15.58928,15.58996,0.0006799999999991257,1875.468220093442,bench_add_reg_reg
15.78938,15.79006,0.0006800000000009021,1878.0368519974372,bench_add_reg_reg
15.98946,15.99014,0.0006800000000009021,1876.4062575093292,bench_add_reg_reg
16.18956,16.19024,0.0006799999999991257,1860.7351765941464,bench_add_reg_reg
16.38966,16.39034,0.0006799999999991257,1858.794321304128,bench_add_reg_reg
16.58974,16.59042,0.0006800000000026785,1866.4704053740181,bench_add_reg_reg
16.78984,16.79052,0.0006799999999991257,1860.1306108726342,bench_add_reg_reg
16.98992,16.9906,0.0006799999999991257,1882.5432960844118,bench_add_reg_reg
17.19002,17.1907,0.0006799999999991257,1860.744436268931,bench_add_reg_reg
17.3901,17.3908,0.0006999999999983686,1937.4614115758113,bench_add_reg_reg
17.5902,17.59088,0.0006799999999991257,1874.9135779195483,bench_add_reg_reg
17.7903,17.79098,0.0006800000000026785,1867.1871838242498,bench_add_reg_reg
17.9904,17.99108,0.0006799999999991257,1880.0845975027771,bench_add_reg_reg
18.19048,18.19118,0.0006999999999983686,1939.71924483262,bench_add_reg_reg
18.39058,18.39126,0.0006799999999991257,1880.4085301209998,bench_add_reg_reg
18.59066,18.59136,0.0007000000000019213,1931.3444383493245,bench_add_reg_reg
18.79076,18.79144,0.0006800000000026785,1870.3199294477658,bench_add_reg_reg
18.99086,18.99154,0.0006799999999991257,1869.321130212832,bench_add_reg_reg
19.19096,19.19164,0.0006799999999991257,1879.477307663459,bench_add_reg_reg
19.39106,19.39174,0.0006799999999991257,1866.1086237967384,bench_add_reg_reg
19.59116,19.59184,0.0006800000000026785,1873.8498794926873,bench_add_reg_reg
19.79124,19.79194,0.0007000000000019213,1940.6922953267585,bench_add_reg_reg
19.99134,19.99202,0.0006799999999991257,1889.2468232630722,bench_add_reg_reg
20.19144,20.19212,0.0006799999999991257,1867.889598940675,bench_add_reg_reg
20.39154,20.39222,0.0006799999999991257,1867.3072732032742,bench_add_reg_reg
20.59164,20.59232,0.0006799999999991257,1877.88171693348,bench_add_reg_reg
20.79174,20.79242,0.0006799999999991257,1864.1051696583893,bench_add_reg_reg
20.99184,20.99252,0.0006799999999991257,1874.3744934883237,bench_add_reg_reg
21.19194,21.19262,0.0006800000000026785,1870.5328251317158,bench_add_reg_reg
21.39204,21.39272,0.0006799999999991257,1866.3544347478194,bench_add_reg_reg
21.59212,21.5928,0.0006799999999991257,1886.8595990321226,bench_add_reg_reg
21.79222,21.7929,0.0006799999999991257,1869.6008739035158,bench_add_reg_reg
21.9923,21.993,0.0006999999999983686,1939.908135677555,bench_add_reg_reg
22.1924,22.19308,0.0006799999999991257,1865.2657838515715,bench_add_reg_reg
22.3925,22.39318,0.0006800000000026785,1867.5500201145082,bench_add_reg_reg
22.5926,22.59328,0.0006799999999991257,1878.9905612326795,bench_add_reg_reg
22.7927,22.79338,0.0006799999999991257,1868.7929841664663,bench_add_reg_reg
22.9928,22.99348,0.0006800000000026785,1878.7288875395318,bench_add_reg_reg
23.19288,23.19358,0.0007000000000019213,1926.551552029865,bench_add_reg_reg
23.39298,23.39366,0.0006799999999991257,1870.9996249494798,bench_add_reg_reg
23.59306,23.59374,0.0006799999999991257,1879.6976120179052,bench_add_reg_reg
23.79314,23.79384,0.0006999999999983686,1930.4819148913462,bench_add_reg_reg
23.99324,23.99392,0.0006799999999991257,1871.8851800050531,bench_add_reg_reg
24.19334,24.19402,0.0006799999999991257,1862.2722709530176,bench_add_reg_reg
24.39344,24.39412,0.0006800000000026785,1873.101585087281,bench_add_reg_reg
24.59352,24.59422,0.0006999999999983686,1935.0983062704727,bench_add_reg_reg
24.79362,24.79432,0.0006999999999983686,1937.428792002146,bench_add_reg_reg
24.99372,24.9944,0.0006799999999991257,1878.2428954706475,bench_add_reg_reg
25.19382,25.1945,0.0006800000000026785,1875.5620438686642,bench_add_reg_reg
25.3939,25.3946,0.0007000000000019213,1922.1511879065374,bench_add_reg_reg
25.594,25.59468,0.0006799999999991257,1877.297591415081,bench_add_reg_reg
25.79408,25.79478,0.0006999999999983686,1924.9919522502628,bench_add_reg_reg
25.99418,25.99486,0.0006799999999991257,1886.3589060466686,bench_add_reg_reg
26.19426,26.19496,0.0006999999999983686,1939.6140426350719,bench_add_reg_reg
26.39436,26.39504,0.0006800000000026785,1866.4140044793405,bench_add_reg_reg
26.59444,26.59514,0.0007000000000019213,1945.9046097532782,bench_add_reg_reg
26.79454,26.79522,0.0006799999999991257,1880.022324618434,bench_add_reg_reg
26.99464,26.99532,0.0006799999999991257,1863.0887335139957,bench_add_reg_reg
27.19472,27.19542,0.0006999999999983686,1943.4415339443453,bench_add_reg_reg
27.39482,27.3955,0.0006799999999991257,1883.6413766236842,bench_add_reg_reg
27.59492,27.5956,0.0006800000000026785,1879.3123657899039,bench_add_reg_reg
27.79502,27.7957,0.0006799999999991257,1862.7881887339915,bench_add_reg_reg
27.99512,27.9958,0.0006799999999991257,1885.0836111206677,bench_add_reg_reg
28.19522,28.1959,0.0006800000000026785,1871.3219300917822,bench_add_reg_reg
28.3953,28.39598,0.0006800000000026785,1872.0531324006952,bench_add_reg_reg
28.5954,28.59608,0.0006799999999991257,1869.7749986282095,bench_add_reg_reg
28.79548,28.79616,0.0006799999999991257,1871.6933135842016,bench_add_reg_reg
28.99558,28.99626,0.0006799999999991257,1878.7866062458813,bench_add_reg_reg
29.19566,29.19634,0.0006799999999991257,1880.6382454905633,bench_add_reg_reg
29.39576,29.39644,0.0006799999999991257,1874.9469565204884,bench_add_reg_reg
29.59586,29.59654,0.0006800000000026785,1869.3662667730277,bench_add_reg_reg
29.79596,29.79722,0.0012599999999984846,3517.459470308098,bench_add_imm_reg
29.99664,29.99792,0.0012800000000012801,3584.0999893881226,bench_add_imm_reg
30.19732,30.1986,0.0012799999999977274,3579.623200923459,bench_add_imm_reg
30.398,30.39928,0.0012800000000012801,3609.510932587341,bench_add_imm_reg
30.59868,30.59996,0.0012799999999977274,3595.6644802281407,bench_add_imm_reg
30.79938,30.80064,0.0012600000000020373,3534.5175769239386,bench_add_imm_reg
31.00006,31.00132,0.0012599999999984846,3528.775929002551,bench_add_imm_reg
31.20074,31.20202,0.0012800000000012801,3592.6522873380313,bench_add_imm_reg
31.40142,31.4027,0.0012799999999977274,3590.781697996079,bench_add_imm_reg
31.60212,31.60338,0.0012600000000020373,3535.6619092695314,bench_add_imm_reg
31.8028,31.80406,0.0012599999999984846,3532.1978200178232,bench_add_imm_reg
32.00348,32.00474,0.0012599999999949318,3534.4730596834465,bench_add_imm_reg
32.20416,32.20542,0.0012599999999949318,3511.202081557056,bench_add_imm_reg
32.40484,32.4061,0.0012600000000020373,3513.9889176988236,bench_add_imm_reg
32.60552,32.60678,0.0012600000000020373,3499.0850067756387,bench_add_imm_reg
32.80618,32.80746,0.0012800000000012801,3564.857325987409,bench_add_imm_reg
33.00688,33.00814,0.0012599999999949318,3492.7467605877155,bench_add_imm_reg
33.20756,33.20882,0.0012600000000020373,3494.8435542223665,bench_add_imm_reg
33.40824,33.4095,0.0012600000000020373,3480.1420313361914,bench_add_imm_reg
33.60892,33.6102,0.0012800000000012801,3540.577329700621,bench_add_imm_reg
33.8096,33.81088,0.0012799999999941747,3545.447716006634,bench_add_imm_reg
34.01028,34.01156,0.0012800000000012801,3547.3698354352055,bench_add_imm_reg
34.21098,34.21224,0.0012600000000020373,3500.163471332344,bench_add_imm_reg
34.41166,34.41294,0.0012800000000012801,3563.3377078971175,bench_add_imm_reg
34.61234,34.61362,0.0012799999999941747,3575.1159861511014,bench_add_imm_reg
34.81302,34.8143,0.0012800000000012801,3588.3169132310604,bench_add_imm_reg
35.0137,35.01496,0.0012600000000020373,3524.4190925785465,bench_add_imm_reg
35.21438,35.21564,0.0012600000000020373,3522.3338543499026,bench_add_imm_reg
35.41506,35.41632,0.0012600000000020373,3529.847871985715,bench_add_imm_reg
35.61574,35.61702,0.0012799999999941747,3591.6640423065433,bench_add_imm_reg
35.81642,35.8177,0.0012800000000012801,3586.8424456596513,bench_add_imm_reg
36.0171,36.01838,0.0012800000000012801,3600.057286679523,bench_add_imm_reg
36.2178,36.21906,0.0012600000000020373,3534.003552057374,bench_add_imm_reg
36.41848,36.41974,0.0012599999999949318,3531.516250208208,bench_add_imm_reg
36.61916,36.62044,0.0012800000000012801,3593.6195612913,bench_add_imm_reg
36.81984,36.82112,0.0012800000000012801,3592.3033650073203,bench_add_imm_reg
37.02052,37.02178,0.0012600000000020373,3532.8080644902375,bench_add_imm_reg
37.2212,37.22246,0.0012599999999949318,3539.214541654175,bench_add_imm_reg
37.42188,37.42314,0.0012599999999949318,3528.892849556854,bench_add_imm_reg
37.62256,37.62382,0.0012600000000020373,3525.5204723273305,bench_add_imm_reg
37.82324,37.8245,0.0012600000000020373,3524.858842144131,bench_add_imm_reg
38.0239,38.02518,0.0012800000000012801,3569.333441560393,bench_add_imm_reg
38.22458,38.22586,0.0012799999999941747,3562.7990844486385,bench_add_imm_reg
38.42526,38.42654,0.0012800000000012801,3543.044528926741,bench_add_imm_reg
38.62594,38.62722,0.0012800000000012801,3545.0834478283455,bench_add_imm_reg
38.82662,38.8279,0.0012800000000012801,3540.02595646731,bench_add_imm_reg
39.0273,39.02858,0.0012800000000012801,3537.907269789187,bench_add_imm_reg
39.22798,39.22926,0.0012799999999941747,3537.9717824813683,bench_add_imm_reg
39.42866,39.42992,0.0012600000000020373,3492.5665403766434,bench_add_imm_reg
39.62934,39.6306,0.0012600000000020373,3490.2478940842525,bench_add_imm_reg
39.83002,39.83128,0.0012600000000020373,3490.822757601419,bench_add_imm_reg
40.0307,40.03196,0.0012599999999949318,3512.6498387971747,bench_add_imm_reg
40.23138,40.23264,0.0012600000000020373,3516.1374043723586,bench_add_imm_reg
40.43206,40.43332,0.0012600000000020373,3512.5809023208903,bench_add_imm_reg
40.63274,40.634,0.0012600000000020373,3520.7557305753535,bench_add_imm_reg
40.8334,40.83468,0.0012800000000012801,3588.275790685175,bench_add_imm_reg
41.03408,41.03536,0.0012799999999941747,3608.076137007202,bench_add_imm_reg
41.23476,41.23604,0.0012800000000012801,3598.1939779621553,bench_add_imm_reg
41.43544,41.43672,0.0012800000000012801,3593.6558432906713,bench_add_imm_reg
41.63614,41.6374,0.0012600000000020373,3529.554798740156,bench_add_imm_reg
41.83682,41.83808,0.0012599999999949318,3545.053757246438,bench_add_imm_reg
42.0375,42.03876,0.0012600000000020373,3529.6057723509734,bench_add_imm_reg
42.23816,42.23944,0.0012800000000012801,3597.5801362686843,bench_add_imm_reg
42.43884,42.44012,0.0012800000000012801,3594.4511927699405,bench_add_imm_reg
42.63952,42.6408,0.0012800000000012801,3594.498138414542,bench_add_imm_reg
42.8402,42.84148,0.0012799999999941747,3595.0634954327243,bench_add_imm_reg
43.0409,43.04216,0.0012600000000020373,3527.9458318886873,bench_add_imm_reg
43.24158,43.24284,0.0012600000000020373,3524.9513923247378,bench_add_imm_reg
43.44226,43.44354,0.0012800000000012801,3581.2206007597115,bench_add_imm_reg
43.64294,43.64422,0.0012799999999941747,3559.6284735773506,bench_add_imm_reg
43.84362,43.8449,0.0012800000000012801,3554.272230251193,bench_add_imm_reg
44.0443,44.04558,0.0012800000000012801,3550.0434762831296,bench_add_imm_reg
44.24498,44.24624,0.0012600000000020373,3480.2999859734973,bench_add_imm_reg
44.44566,44.44692,0.0012600000000020373,3484.880912591351,bench_add_imm_reg
44.64632,44.6476,0.0012799999999941747,3551.5930456867477,bench_add_imm_reg
44.847,44.84828,0.0012800000000012801,3539.6924102699736,bench_add_imm_reg
45.04768,45.04896,0.0012800000000012801,3549.1175483942793,bench_add_imm_reg
45.24836,45.24964,0.0012800000000012801,3568.1168129709263,bench_add_imm_reg
45.44904,45.45032,0.0012800000000012801,3551.151016732717,bench_add_imm_reg
45.64972,45.65098,0.0012599999999949318,3512.645584981358,bench_add_imm_reg
45.85038,45.85166,0.0012800000000012801,3573.8360532584434,bench_add_imm_reg
46.05106,46.05232,0.0012600000000020373,3532.7113885487347,bench_add_imm_reg
46.25172,46.253,0.0012800000000012801,3587.6268427854434,bench_add_imm_reg
46.4524,46.45368,0.0012800000000012801,3587.1396400083313,bench_add_imm_reg
46.65308,46.65434,0.0012599999999949318,3536.7809422161267,bench_add_imm_reg
46.85376,46.85502,0.0012600000000020373,3528.2883956142405,bench_add_imm_reg
47.05442,47.0557,0.0012800000000012801,3610.396159350217,bench_add_imm_reg
47.2551,47.25638,0.0012800000000012801,3592.5891017575236,bench_add_imm_reg
47.45578,47.45704,0.0012600000000020373,3526.919817094314,bench_add_imm_reg
47.65646,47.65772,0.0012599999999949318,3540.5529825793296,bench_add_imm_reg
47.85712,47.85838,0.0012599999999949318,3521.3126474839855,bench_add_imm_reg
48.05778,48.05906,0.0012800000000012801,3597.0827844016544,bench_add_imm_reg
48.25846,48.25972,0.0012600000000020373,3529.5165120680654,bench_add_imm_reg
48.45914,48.4604,0.0012600000000020373,3540.037502541326,bench_add_imm_reg
48.6598,48.66108,0.0012800000000012801,3589.682576718153,bench_add_imm_reg
48.86048,48.86176,0.0012799999999941747,3558.7770258834535,bench_add_imm_reg
49.06114,49.06242,0.0012800000000012801,3572.9508451209526,bench_add_imm_reg
49.26182,49.26308,0.0012600000000020373,3504.046604508424,bench_add_imm_reg
49.46248,49.46376,0.0012800000000012801,3543.121491096927,bench_add_imm_reg
49.66316,49.66444,0.0012800000000012801,3547.57196270398,bench_add_imm_reg
49.86384,49.86524,0.0013999999999967372,4197.668721888837,bench_add_idx_reg
50.06464,50.06604,0.0014000000000038426,4175.483779994414,bench_add_idx_reg
50.26544,50.26684,0.0014000000000038426,4212.618249014544,bench_add_idx_reg
50.46624,50.46764,0.0014000000000038426,4202.7332424296665,bench_add_idx_reg
50.66704,50.66844,0.0013999999999967372,4203.370013264103,bench_add_idx_reg
50.86784,50.86924,0.0013999999999967372,4212.46936543748,bench_add_idx_reg
51.06864,51.07004,0.0013999999999967372,4232.948767010653,bench_add_idx_reg
51.26944,51.27084,0.0013999999999967372,4234.3967873498805,bench_add_idx_reg
51.47026,51.47166,0.0013999999999967372,4237.705434196244,bench_add_idx_reg
51.67106,51.67246,0.0014000000000038426,4252.926926141412,bench_add_idx_reg
51.87186,51.87326,0.0014000000000038426,4254.2538419483335,bench_add_idx_reg
52.07268,52.07408,0.0014000000000038426,4238.8842324842135,bench_add_idx_reg
52.27348,52.27488,0.0014000000000038426,4254.2798444743385,bench_add_idx_reg
52.4743,52.4757,0.0014000000000038426,4235.74044835953,bench_add_idx_reg
52.6751,52.6765,0.0013999999999967372,4254.636976391668,bench_add_idx_reg
52.8759,52.8773,0.0013999999999967372,4242.670536030726,bench_add_idx_reg
53.0767,53.0781,0.0013999999999967372,4235.677826207879,bench_add_idx_reg
53.2775,53.2789,0.0013999999999967372,4244.337680273101,bench_add_idx_reg
53.47832,53.47972,0.0014000000000038426,4212.748534058342,bench_add_idx_reg
53.67912,53.68052,0.0014000000000038426,4213.165771228516,bench_add_idx_reg
53.87992,53.88132,0.0014000000000038426,4218.268683192379,bench_add_idx_reg
54.08074,54.08214,0.0014000000000038426,4211.506752774828,bench_add_idx_reg
54.28154,54.28294,0.0014000000000038426,4185.549803089245,bench_add_idx_reg
54.48236,54.48376,0.0013999999999967372,4194.456525137323,bench_add_idx_reg
54.68316,54.68456,0.0013999999999967372,4196.826200921851,bench_add_idx_reg
54.88396,54.88536,0.0013999999999967372,4187.285653304867,bench_add_idx_reg
55.08478,55.08618,0.0013999999999967372,4205.218965642944,bench_add_idx_reg
55.28558,55.28698,0.0013999999999967372,4214.7177527552685,bench_add_idx_reg
55.4864,55.4878,0.0013999999999967372,4212.78339809619,bench_add_idx_reg
55.6872,55.6886,0.0014000000000038426,4248.173739774334,bench_add_idx_reg
55.888,55.8894,0.0014000000000038426,4236.132511880966,bench_add_idx_reg
56.08882,56.09022,0.0014000000000038426,4228.942138154928,bench_add_idx_reg
56.28962,56.29102,0.0014000000000038426,4236.538775742565,bench_add_idx_reg
56.49044,56.49184,0.0014000000000038426,4237.579696357715,bench_add_idx_reg
56.69124,56.69264,0.0013999999999967372,4238.715076343027,bench_add_idx_reg
56.89204,56.89344,0.0013999999999967372,4243.827706657888,bench_add_idx_reg
57.09284,57.09424,0.0013999999999967372,4248.429420393819,bench_add_idx_reg
57.29366,57.29506,0.0013999999999967372,4240.0250234535915,bench_add_idx_reg
57.49446,57.49586,0.0014000000000038426,4252.696351626752,bench_add_idx_reg
57.69528,57.69668,0.0014000000000038426,4246.917336725742,bench_add_idx_reg
57.89608,57.89748,0.0014000000000038426,4214.168216579705,bench_add_idx_reg
58.09688,58.09828,0.0014000000000038426,4216.707907629051,bench_add_idx_reg
58.2977,58.2991,0.0014000000000038426,4205.719325703253,bench_add_idx_reg
58.4985,58.4999,0.0013999999999967372,4207.835209080192,bench_add_idx_reg
58.69932,58.70072,0.0013999999999967372,4185.932839744953,bench_add_idx_reg
58.90012,58.90152,0.0013999999999967372,4188.925458573791,bench_add_idx_reg
59.10092,59.10232,0.0013999999999967372,4201.643115364868,bench_add_idx_reg
59.30172,59.30312,0.0013999999999967372,4212.448731985918,bench_add_idx_reg
59.50252,59.50392,0.0014000000000038426,4203.84690166783,bench_add_idx_reg
59.70332,59.70472,0.0014000000000038426,4193.518511031685,bench_add_idx_reg
59.90412,59.90552,0.0014000000000038426,4226.812999707092,bench_add_idx_reg
60.10494,60.10634,0.0014000000000038426,4240.363123838084,bench_add_idx_reg
60.30574,60.30714,0.0013999999999967372,4239.123074793295,bench_add_idx_reg
60.50656,60.50796,0.0013999999999967372,4245.48642010313,bench_add_idx_reg
60.70736,60.70876,0.0013999999999967372,4248.6811289458965,bench_add_idx_reg
60.90816,60.90956,0.0013999999999967372,4245.3503864712475,bench_add_idx_reg
61.10896,61.11036,0.0013999999999967372,4258.036327072218,bench_add_idx_reg
61.30978,61.31118,0.0013999999999967372,4247.975477472819,bench_add_idx_reg
61.51058,61.51198,0.0014000000000038426,4255.786726729124,bench_add_idx_reg
61.71138,61.71278,0.0014000000000038426,4250.527210545549,bench_add_idx_reg
61.91218,61.91358,0.0014000000000038426,4245.184867188495,bench_add_idx_reg
62.11298,62.11438,0.0013999999999967372,4248.105681024848,bench_add_idx_reg
62.3138,62.3152,0.0013999999999967372,4245.69925757953,bench_add_idx_reg
62.5146,62.516,0.0013999999999967372,4226.412756823714,bench_add_idx_reg
62.7154,62.7168,0.0013999999999967372,4214.985738497839,bench_add_idx_reg
62.9162,62.9176,0.0013999999999967372,4206.935958926182,bench_add_idx_reg
63.11702,63.11842,0.0014000000000038426,4193.578299612914,bench_add_idx_reg
63.31782,63.31922,0.0014000000000038426,4198.310072546254,bench_add_idx_reg
63.51862,63.52002,0.0014000000000038426,4195.609020547089,bench_add_idx_reg
63.71944,63.72084,0.0014000000000038426,4188.981393829246,bench_add_idx_reg
63.92024,63.92164,0.0013999999999967372,4197.74150707672,bench_add_idx_reg
64.12106,64.12246,0.0014000000000038426,4200.727154978808,bench_add_idx_reg
64.32186,64.32326,0.0014000000000038426,4207.30722603564,bench_add_idx_reg
64.52266,64.52406,0.0014000000000038426,4219.462859921157,bench_add_idx_reg
64.72346,64.72486,0.0014000000000038426,4246.578302710621,bench_add_idx_reg
64.92426,64.92566,0.0013999999999896318,4240.702271894498,bench_add_idx_reg
65.12506,65.12646,0.0013999999999896318,4256.71569301208,bench_add_idx_reg
65.32586,65.32726,0.0013999999999896318,4247.661046650188,bench_add_idx_reg
65.52668,65.52808,0.0014000000000038426,4251.493436762034,bench_add_idx_reg
65.72748,65.72888,0.0014000000000038426,4247.0206623084405,bench_add_idx_reg
65.92828,65.92968,0.0014000000000038426,4235.246770561252,bench_add_idx_reg
66.1291,66.1305,0.0014000000000038426,4244.234573575241,bench_add_idx_reg
66.3299,66.3313,0.0014000000000038426,4250.135680207861,bench_add_idx_reg
66.5307,66.5321,0.0014000000000038426,4249.192723085309,bench_add_idx_reg
66.73152,66.73292000000001,0.0014000000000038426,4233.959030836148,bench_add_idx_reg
66.93232,66.93372,0.0013999999999896318,4214.13450964177,bench_add_idx_reg
67.13312,67.13452,0.0013999999999896318,4208.6213640536835,bench_add_idx_reg
67.33394,67.33534,0.0014000000000038426,4188.175110624247,bench_add_idx_reg
67.53474,67.53614,0.0014000000000038426,4183.182148275382,bench_add_idx_reg
67.73554,67.73694,0.0014000000000038426,4189.946963463794,bench_add_idx_reg
67.93634,67.93774,0.0014000000000038426,4180.073915060412,bench_add_idx_reg
68.13714,68.13854,0.0014000000000038426,4185.914038691243,bench_add_idx_reg
68.33796,68.33936,0.0014000000000038426,4197.186995310299,bench_add_idx_reg
68.53876,68.54016,0.0014000000000038426,4211.960141559377,bench_add_idx_reg
68.73956,68.74096,0.0014000000000038426,4217.777054303754,bench_add_idx_reg
68.94038,68.94178,0.0013999999999896318,4233.327016666969,bench_add_idx_reg
69.14118,69.14258,0.0013999999999896318,4230.5666440768,bench_add_idx_reg
69.342,69.3434,0.0014000000000038426,4233.639372990408,bench_add_idx_reg
69.5428,69.5442,0.0014000000000038426,4249.529442762212,bench_add_idx_reg
69.74358,69.74498,0.0014000000000038426,4251.720723709876,bench_add_idx_reg
69.9444,69.9458,0.0014000000000038426,4333.598555542474,bench_add_sym_reg
70.1452,70.14658,0.0013799999999974943,4288.018420329822,bench_add_sym_reg
70.346,70.34738,0.0013799999999974943,4275.723656165499,bench_add_sym_reg
70.5468,70.5482,0.0013999999999896318,4348.828238401517,bench_add_sym_reg
70.7476,70.749,0.0013999999999896318,4330.523107167309,bench_add_sym_reg
70.9484,70.9498,0.0013999999999896318,4334.805048969098,bench_add_sym_reg
71.1492,71.15058,0.0013800000000117052,4270.163998045521,bench_add_sym_reg
71.34998,71.35138,0.0014000000000038426,4324.195960081981,bench_add_sym_reg
71.55078,71.55218,0.0014000000000038426,4302.737836270783,bench_add_sym_reg
71.75158,71.75298,0.0013999999999896318,4297.578260269217,bench_add_sym_reg
71.95238,71.95378,0.0013999999999896318,4282.537456568827,bench_add_sym_reg
72.1532,72.1546,0.0014000000000038426,4274.302637216775,bench_add_sym_reg
72.354,72.3554,0.0014000000000038426,4271.24992945483,bench_add_sym_reg
72.5548,72.5562,0.0014000000000038426,4278.619824921065,bench_add_sym_reg
72.7556,72.757,0.0014000000000038426,4294.763021182576,bench_add_sym_reg
72.9564,72.9578,0.0014000000000038426,4305.790909577481,bench_add_sym_reg
73.15722,73.1586,0.0013800000000117052,4254.880764092846,bench_add_sym_reg
73.358,73.3594,0.0013999999999896318,4315.606425483087,bench_add_sym_reg
73.55882,73.5602,0.0013799999999974943,4263.357704032267,bench_add_sym_reg
73.75962,73.76102,0.0014000000000038426,4331.319960777861,bench_add_sym_reg
73.96042,73.96182,0.0014000000000038426,4332.1445700832055,bench_add_sym_reg
74.16122,74.16262,0.0014000000000038426,4326.861999009856,bench_add_sym_reg
74.362,74.3634,0.0014000000000038426,4332.981870988248,bench_add_sym_reg
74.5628,74.5642,0.0014000000000038426,4339.852668358383,bench_add_sym_reg
74.7636,74.765,0.0014000000000038426,4343.060767290331,bench_add_sym_reg
74.9644,74.9658,0.0014000000000038426,4338.001341105611,bench_add_sym_reg
75.1652,75.1666,0.0014000000000038426,4349.7557495840065,bench_add_sym_reg
75.366,75.3674,0.0014000000000038426,4338.5039828838035,bench_add_sym_reg
75.5668,75.56818,0.0013799999999974943,4255.788174916735,bench_add_sym_reg
75.76758,75.76898,0.0014000000000038426,4333.2423363012185,bench_add_sym_reg
75.96838,75.96978,0.0014000000000038426,4289.699171216837,bench_add_sym_reg
76.16918,76.17058,0.0014000000000038426,4294.608950162128,bench_add_sym_reg
76.36998,76.37138,0.0014000000000038426,4282.429930766488,bench_add_sym_reg
76.57078,76.57218,0.0014000000000038426,4282.751753938477,bench_add_sym_reg
76.77158,76.77298,0.0014000000000038426,4285.027948220296,bench_add_sym_reg
76.97238,76.97378,0.0014000000000038426,4287.510735459721,bench_add_sym_reg
77.17318,77.17456,0.0013799999999974943,4224.256437729597,bench_add_sym_reg
77.37396,77.37536,0.0014000000000038426,4293.935934559839,bench_add_sym_reg
77.57476,77.57614,0.0013799999999974943,4238.029329564312,bench_add_sym_reg
77.77556,77.77694,0.0013799999999974943,4250.408501822597,bench_add_sym_reg
77.97636,77.97774,0.0013799999999974943,4251.242433667217,bench_add_sym_reg
78.17716,78.17854,0.0013799999999974943,4270.169802468534,bench_add_sym_reg
78.37796,78.37934,0.0013799999999974943,4259.5571675254305,bench_add_sym_reg
78.57876,78.58016,0.0014000000000038426,4350.31663860376,bench_add_sym_reg
78.77956,78.78096,0.0013999999999896318,4324.571655563966,bench_add_sym_reg
78.98036,78.98176,0.0013999999999896318,4335.029509350753,bench_add_sym_reg
79.18116,79.18256,0.0013999999999896318,4331.516514033074,bench_add_sym_reg
79.38196,79.38336,0.0013999999999896318,4335.573194514344,bench_add_sym_reg
79.58276,79.58416,0.0014000000000038426,4331.258938195628,bench_add_sym_reg
79.78358,79.78496,0.0013799999999974943,4264.383679247996,bench_add_sym_reg
79.98438,79.98576,0.0013799999999974943,4267.937231334843,bench_add_sym_reg
80.18518,80.18656,0.0013799999999974943,4267.439413806945,bench_add_sym_reg
80.38598,80.38738,0.0013999999999896318,4318.842866890562,bench_add_sym_reg
80.58678,80.58818,0.0013999999999896318,4304.985632155087,bench_add_sym_reg
80.78758,80.78898,0.0013999999999896318,4311.59482567064,bench_add_sym_reg
80.98838,80.98978,0.0013999999999896318,4291.4621950721885,bench_add_sym_reg
81.18918,81.19058,0.0014000000000038426,4289.659287328146,bench_add_sym_reg
81.38998,81.39138,0.0014000000000038426,4284.084413680232,bench_add_sym_reg
81.5908,81.5922,0.0014000000000038426,4277.563148654793,bench_add_sym_reg
81.7916,81.793,0.0014000000000038426,4299.919735650726,bench_add_sym_reg
81.9924,81.9938,0.0013999999999896318,4294.380960021961,bench_add_sym_reg
82.19322,82.1946,0.0013799999999974943,4241.334318641471,bench_add_sym_reg
82.39402,82.39542,0.0014000000000038426,4313.161284675117,bench_add_sym_reg
82.59482,82.59622,0.0014000000000038426,4315.419993375604,bench_add_sym_reg
82.79564,82.79702,0.0013799999999974943,4262.265560673472,bench_add_sym_reg
82.99644,82.99784,0.0013999999999896318,4324.7591098436515,bench_add_sym_reg
83.19724,83.19864,0.0014000000000038426,4328.100678989797,bench_add_sym_reg
83.39804,83.39944,0.0014000000000038426,4352.207442292888,bench_add_sym_reg
83.59884,83.60024,0.0014000000000038426,4327.701714367901,bench_add_sym_reg
83.79966,83.80104,0.0013799999999974943,4266.687957561309,bench_add_sym_reg
84.00046,84.00184,0.0013799999999974943,4269.391801199261,bench_add_sym_reg
84.20124,84.20264,0.0014000000000038426,4354.742846929546,bench_add_sym_reg
84.40204,84.40344,0.0014000000000038426,4335.376524844032,bench_add_sym_reg
84.60284,84.60424,0.0014000000000038426,4329.730067414418,bench_add_sym_reg
84.80366,84.80504,0.0013800000000117052,4245.891564097536,bench_add_sym_reg
85.00446,85.00586,0.0014000000000038426,4312.964277355352,bench_add_sym_reg
85.20526,85.20666,0.0014000000000038426,4307.92834611095,bench_add_sym_reg
85.40606,85.40746,0.0014000000000038426,4295.262091339801,bench_add_sym_reg
85.60686,85.60826,0.0014000000000038426,4275.042500824193,bench_add_sym_reg
85.80768,85.80908,0.0013999999999896318,4284.073547426638,bench_add_sym_reg
86.00848,86.00988,0.0013999999999896318,4274.381834515598,bench_add_sym_reg
86.20928,86.21068,0.0013999999999896318,4278.16304142073,bench_add_sym_reg
86.41008,86.41148,0.0014000000000038426,4287.068110438037,bench_add_sym_reg
86.61088,86.61228,0.0014000000000038426,4301.9464519009225,bench_add_sym_reg
86.8117,86.81308,0.0013799999999974943,4248.942381228324,bench_add_sym_reg
87.0125,87.01388,0.0013799999999974943,4249.032037323943,bench_add_sym_reg
87.2133,87.2147,0.0013999999999896318,4324.985872920994,bench_add_sym_reg
87.4141,87.4155,0.0013999999999896318,4330.102317001386,bench_add_sym_reg
87.61492,87.6163,0.0013799999999974943,4261.613406699151,bench_add_sym_reg
87.81572,87.81712,0.0014000000000038426,4337.348528218894,bench_add_sym_reg
88.01652,88.01792,0.0014000000000038426,4328.555238910772,bench_add_sym_reg
88.21732,88.21872,0.0014000000000038426,4344.207840052131,bench_add_sym_reg
88.41812,88.41952,0.0014000000000038426,4336.418004252351,bench_add_sym_reg
88.61892,88.62032,0.0014000000000038426,4340.64010392171,bench_add_sym_reg
88.81972,88.82112,0.0013999999999896318,4336.34990590084,bench_add_sym_reg
89.02054,89.02192,0.0013799999999974943,4270.776836194976,bench_add_sym_reg
89.22134,89.22274,0.0014000000000038426,4327.498045761962,bench_add_sym_reg
89.42214,89.42354,0.0014000000000038426,4322.705022071544,bench_add_sym_reg
89.62294,89.62434,0.0014000000000038426,4307.7922123604085,bench_add_sym_reg
89.82374,89.82514,0.0014000000000038426,4292.075780696973,bench_add_sym_reg
90.02456,90.02596,0.0014000000000038426,4203.623894149883,bench_add_abs_reg
90.22536,90.22676,0.0014000000000038426,4197.188587872077,bench_add_abs_reg
90.42618,90.42758,0.0014000000000038426,4196.493108767838,bench_add_abs_reg
90.62698,90.62838,0.0014000000000038426,4195.3519475752755,bench_add_abs_reg
90.82778,90.82918,0.0013999999999896318,4206.595632680021,bench_add_abs_reg
91.02858,91.02998,0.0013999999999896318,4195.507294465351,bench_add_abs_reg
91.22938,91.23078,0.0013999999999896318,4208.466494422837,bench_add_abs_reg
91.43018,91.43156,0.0013800000000117052,4168.857161458125,bench_add_abs_reg
91.63098,91.63236,0.0013800000000117052,4173.224866427108,bench_add_abs_reg
91.83178,91.83316,0.0013800000000117052,4178.395071103312,bench_add_abs_reg
92.03258,92.03396,0.0013799999999974943,4177.949375000547,bench_add_abs_reg
92.23338,92.23478,0.0014000000000038426,4243.8251734834885,bench_add_abs_reg
92.43418,92.43558,0.0014000000000038426,4247.872424323564,bench_add_abs_reg
92.635,92.6364,0.0013999999999896318,4251.761825257286,bench_add_abs_reg
92.8358,92.8372,0.0013999999999896318,4252.726456582429,bench_add_abs_reg
93.0366,93.038,0.0013999999999896318,4246.021343827642,bench_add_abs_reg
93.23742,93.2388,0.0013799999999974943,4188.34613402586,bench_add_abs_reg
93.43822,93.43962,0.0014000000000038426,4250.336817942439,bench_add_abs_reg
93.63902,93.64042,0.0014000000000038426,4259.035179867906,bench_add_abs_reg
93.83982,93.84122,0.0014000000000038426,4234.033380645365,bench_add_abs_reg
94.04062,94.04202,0.0013999999999896318,4211.209176541415,bench_add_abs_reg
94.24142,94.24282,0.0013999999999896318,4208.347841599165,bench_add_abs_reg
94.44222,94.44362,0.0013999999999896318,4206.41879547842,bench_add_abs_reg
94.64302,94.64442,0.0013999999999896318,4195.673316684503,bench_add_abs_reg
94.84382,94.84522,0.0014000000000038426,4198.600247049695,bench_add_abs_reg
95.04462,95.04602,0.0014000000000038426,4187.600333255934,bench_add_abs_reg
95.24542,95.24682,0.0014000000000038426,4196.510505875358,bench_add_abs_reg
95.44622,95.44762,0.0014000000000038426,4201.07193292454,bench_add_abs_reg
95.64704,95.64842,0.0013799999999974943,4142.17487908054,bench_add_abs_reg
95.84784,95.84924,0.0013999999999896318,4234.400333338228,bench_add_abs_reg
96.04864,96.05004,0.0013999999999896318,4235.317548704329,bench_add_abs_reg
96.24944,96.25084,0.0013999999999896318,4246.2158668455,bench_add_abs_reg
96.45026,96.45166,0.0014000000000038426,4240.522275225725,bench_add_abs_reg
96.65108,96.65248,0.0014000000000038426,4245.283899376959,bench_add_abs_reg
96.85188,96.85328,0.0014000000000038426,4256.7285662656595,bench_add_abs_reg
97.0527,97.05408,0.0013799999999974943,4183.739754363043,bench_add_abs_reg
97.2535,97.2549,0.0014000000000038426,4266.426279220422,bench_add_abs_reg
97.4543,97.4557,0.0013999999999896318,4251.367945657101,bench_add_abs_reg
97.65512,97.6565,0.0013799999999974943,4193.8899829917855,bench_add_abs_reg
97.85592,97.8573,0.0013799999999974943,4199.099871322613,bench_add_abs_reg
98.05672,98.05812,0.0014000000000038426,4243.694168993415,bench_add_abs_reg
98.25752,98.25892,0.0014000000000038426,4236.139224388316,bench_add_abs_reg
98.45832,98.45972,0.0014000000000038426,4217.621870350742,bench_add_abs_reg
98.65912,98.66052,0.0014000000000038426,4215.035731915185,bench_add_abs_reg
98.85992,98.86132,0.0014000000000038426,4206.129745590356,bench_add_abs_reg
99.06072,99.06212,0.0013999999999896318,4205.4182896065295,bench_add_abs_reg
99.26152,99.26292,0.0013999999999896318,4191.634568819109,bench_add_abs_reg
99.46232,99.46372,0.0013999999999896318,4197.303689983261,bench_add_abs_reg
99.66312,99.66452,0.0013999999999896318,4192.088756211455,bench_add_abs_reg
99.86392,99.86532,0.0014000000000038426,4207.590522723021,bench_add_abs_reg
100.06472,100.06612,0.0014000000000038426,4208.436207859192,bench_add_abs_reg
100.26552,100.26692,0.0014000000000038426,4221.984311019687,bench_add_abs_reg
100.46634,100.46772,0.0013799999999974943,4175.746678365712,bench_add_abs_reg
100.66712,100.66852,0.0014000000000038426,4237.002148305325,bench_add_abs_reg
100.86792,100.86932,0.0014000000000038426,4260.45865753002,bench_add_abs_reg
101.06872,101.07012,0.0014000000000038426,4259.125245747152,bench_add_abs_reg
101.26952,101.27092,0.0014000000000038426,4242.2233009832835,bench_add_abs_reg
101.47032,101.47172,0.0014000000000038426,4239.915683875968,bench_add_abs_reg
101.67112,101.67252,0.0014000000000038426,4255.4256250261315,bench_add_abs_reg
101.87192,101.87332,0.0014000000000038426,4249.516963037777,bench_add_abs_reg
102.07272,102.07412,0.0013999999999896318,4250.460108709656,bench_add_abs_reg
102.27352,102.27492,0.0013999999999896318,4247.125168297452,bench_add_abs_reg
102.47432,102.47572,0.0013999999999896318,4257.729588973789,bench_add_abs_reg
102.67512,102.67652,0.0013999999999896318,4247.866296176217,bench_add_abs_reg
102.87592,102.87732,0.0014000000000038426,4231.010063099193,bench_add_abs_reg
103.07674,103.07814,0.0014000000000038426,4194.388887855762,bench_add_abs_reg
103.27754,103.27894,0.0014000000000038426,4202.370005670611,bench_add_abs_reg
103.47834,103.47974,0.0014000000000038426,4199.8735070332,bench_add_abs_reg
103.67914,103.68054,0.0013999999999896318,4176.6026802031965,bench_add_abs_reg
103.87994,103.88134,0.0013999999999896318,4198.422662416059,bench_add_abs_reg
104.08074,104.08214,0.0013999999999896318,4195.214002360239,bench_add_abs_reg
104.28154,104.28294,0.0013999999999896318,4206.82168096747,bench_add_abs_reg
104.48234,104.48374,0.0014000000000038426,4217.789946137639,bench_add_abs_reg
104.68314,104.68454,0.0014000000000038426,4221.132763207856,bench_add_abs_reg
104.88394,104.88534,0.0014000000000038426,4225.550612913461,bench_add_abs_reg
105.08474,105.08614,0.0014000000000038426,4246.824632876702,bench_add_abs_reg
105.28554,105.28694,0.0014000000000038426,4243.472765677957,bench_add_abs_reg
105.48634,105.48774,0.0014000000000038426,4248.51197052113,bench_add_abs_reg
105.68714,105.68854,0.0014000000000038426,4254.9316445491795,bench_add_abs_reg
105.88794,105.88934,0.0014000000000038426,4257.201266021453,bench_add_abs_reg
106.08874,106.09014,0.0014000000000038426,4262.732171930746,bench_add_abs_reg
106.28954,106.29094,0.0014000000000038426,4242.418322256843,bench_add_abs_reg
106.49034,106.49174,0.0013999999999896318,4253.033266835653,bench_add_abs_reg
106.69114,106.69254,0.0013999999999896318,4249.9839351185565,bench_add_abs_reg
106.89194,106.89332,0.0013799999999974943,4176.757764061238,bench_add_abs_reg
107.09274,107.09414,0.0013999999999896318,4233.55193572545,bench_add_abs_reg
107.29354,107.29494,0.0014000000000038426,4235.299939768756,bench_add_abs_reg
107.49434,107.49574,0.0014000000000038426,4230.304495445477,bench_add_abs_reg
107.69514,107.69654,0.0014000000000038426,4215.090421506974,bench_add_abs_reg
107.89594,107.89734,0.0014000000000038426,4172.835433867892,bench_add_abs_reg
108.09676,108.09814,0.0013799999999974943,4108.56319124871,bench_add_abs_reg
108.29754,108.29894,0.0014000000000038426,4197.4307526950615,bench_add_abs_reg
108.49834,108.49974,0.0014000000000038426,4200.836748362169,bench_add_abs_reg
108.69914,108.70054,0.0014000000000038426,4196.405375854054,bench_add_abs_reg
108.89994,108.90134,0.0014000000000038426,4214.770430710192,bench_add_abs_reg
109.10074,109.10214,0.0014000000000038426,4232.842717329948,bench_add_abs_reg
109.30154,109.30294,0.0014000000000038426,4231.664983100164,bench_add_abs_reg
109.50234,109.50374,0.0013999999999896318,4240.277619068378,bench_add_abs_reg
109.70314,109.70454,0.0013999999999896318,4247.873909738567,bench_add_abs_reg
109.90394,109.90534,0.0013999999999896318,4249.172653037924,bench_add_abs_reg
110.10474,110.10556,0.000819999999990273,2745.9602034323925,bench_add_ind_reg
110.30496,110.30576,0.0008000000000123464,2680.333966896312,bench_add_ind_reg
110.50516,110.50598,0.000819999999990273,2734.30589816071,bench_add_ind_reg
110.70538,110.70618,0.0007999999999981355,2685.65524136048,bench_add_ind_reg
110.90558,110.90638,0.0007999999999981355,2682.3705062206723,bench_add_ind_reg
111.10578,111.1066,0.0008200000000044838,2736.301259152425,bench_add_ind_reg
111.306,111.3068,0.0007999999999981355,2683.954730157909,bench_add_ind_reg
111.5062,111.50702,0.000819999999990273,2740.0664658889777,bench_add_ind_reg
111.70642,111.70722,0.0008000000000123464,2673.4339958469923,bench_add_ind_reg
111.90662,111.90744,0.000819999999990273,2754.2668487547935,bench_add_ind_reg
112.10684,112.10764,0.0007999999999981355,2681.6386310317203,bench_add_ind_reg
112.30704,112.30786,0.0008200000000044838,2741.418730016868,bench_add_ind_reg
112.50724,112.50806,0.0008200000000044838,2748.5910686812467,bench_add_ind_reg
112.70744,112.70826,0.000819999999990273,2748.4595332901467,bench_add_ind_reg
112.90766,112.90846,0.0007999999999981355,2679.049645078907,bench_add_ind_reg
113.10786,113.10866,0.0007999999999981355,2692.2771590702914,bench_add_ind_reg
113.30808,113.30888,0.0007999999999981355,2691.878906910631,bench_add_ind_reg
113.50828,113.50908,0.0007999999999981355,2682.184707366558,bench_add_ind_reg
113.70848,113.70928,0.0008000000000123464,2681.22759651787,bench_add_ind_reg
113.90868,113.90948,0.0007999999999981355,2676.7273130762214,bench_add_ind_reg
114.10888,114.1097,0.0008200000000044838,2749.8897398041468,bench_add_ind_reg
114.3091,114.3099,0.0007999999999981355,2675.606450060054,bench_add_ind_reg
114.5093,114.51012,0.0008200000000044838,2747.1017837673344,bench_add_ind_reg
114.7095,114.71032,0.000819999999990273,2736.2189045780406,bench_add_ind_reg
114.90972,114.91052,0.0008000000000123464,2670.435486402231,bench_add_ind_reg
115.10994,115.11074,0.0008000000000123464,2688.1327713317423,bench_add_ind_reg
115.31014,115.31096,0.000819999999990273,2742.023381837562,bench_add_ind_reg
115.51036,115.51118,0.000819999999990273,2747.4419725739426,bench_add_ind_reg
115.71058,115.71138,0.0008000000000123464,2682.592344977202,bench_add_ind_reg
115.91078,115.9116,0.0008200000000044838,2744.90124780263,bench_add_ind_reg
116.11098,116.1118,0.0008200000000044838,2749.463138185697,bench_add_ind_reg
116.3112,116.312,0.0007999999999981355,2672.740416595088,bench_add_ind_reg
116.5114,116.51222,0.0008200000000044838,2742.1550033761846,bench_add_ind_reg
116.71162,116.71242,0.0007999999999981355,2660.502507344594,bench_add_ind_reg
116.91182,116.91264,0.000819999999990273,2739.902038560836,bench_add_ind_reg
117.11204,117.11284,0.0008000000000123464,2657.5410599296024,bench_add_ind_reg
117.31224,117.31306,0.000819999999990273,2729.836029433769,bench_add_ind_reg
117.51246,117.51326,0.0007999999999981355,2663.3127173343,bench_add_ind_reg
117.71268,117.71348,0.0007999999999981355,2675.377931439573,bench_add_ind_reg
117.9129,117.9137,0.0008000000000123464,2659.7979828196735,bench_add_ind_reg
118.1131,118.11392,0.000819999999990273,2719.8586100392326,bench_add_ind_reg
118.31332,118.31414,0.000819999999990273,2745.912941140266,bench_add_ind_reg
118.51354,118.51436,0.000819999999990273,2726.992811043931,bench_add_ind_reg
118.71376,118.71456,0.0008000000000123464,2666.9843704846953,bench_add_ind_reg
118.91398,118.91478,0.0007999999999981355,2658.3583420078153,bench_add_ind_reg
119.1142,119.115,0.0007999999999981355,2654.8176747679413,bench_add_ind_reg
119.3144,119.31522,0.000819999999990273,2711.8862489844314,bench_add_ind_reg
119.51462,119.51544,0.0008200000000044838,2715.2072475436194,bench_add_ind_reg
119.71484,119.71564,0.0007999999999981355,2654.633400956045,bench_add_ind_reg
119.91506,119.91586,0.0007999999999981355,2658.9383161566825,bench_add_ind_reg
120.11526,120.11608,0.000819999999990273,2715.5186095881804,bench_add_ind_reg
120.31548,120.31628,0.0008000000000123464,2635.7502607108704,bench_add_ind_reg
120.5157,120.5165,0.0007999999999981355,2654.5730559091953,bench_add_ind_reg
120.7159,120.71672,0.000819999999990273,2713.4068961862204,bench_add_ind_reg
120.91612,120.91692,0.0007999999999981355,2651.5815826075495,bench_add_ind_reg
121.11632,121.11714,0.0008200000000044838,2712.0476006673575,bench_add_ind_reg
121.31654,121.31734,0.0007999999999981355,2639.5917846759644,bench_add_ind_reg
121.51676,121.51756,0.0007999999999981355,2646.9064620262693,bench_add_ind_reg
121.71698,121.71778,0.0007999999999981355,2649.5987246688233,bench_add_ind_reg
121.91718,121.918,0.0008200000000044838,2707.5647330057404,bench_add_ind_reg
122.1174,122.11822,0.000819999999990273,2715.536670261388,bench_add_ind_reg
122.31762,122.31844,0.000819999999990273,2722.725213938846,bench_add_ind_reg
122.51784,122.51866,0.000819999999990273,2705.7205605934005,bench_add_ind_reg
122.71806,122.71888,0.0008200000000044838,2714.4646528325366,bench_add_ind_reg
122.91828,122.91908,0.0007999999999981355,2650.8698495966137,bench_add_ind_reg
123.1185,123.1193,0.0007999999999981355,2657.0695429043867,bench_add_ind_reg
123.3187,123.31952,0.000819999999990273,2732.516808868948,bench_add_ind_reg
123.51892,123.51972,0.0008000000000123464,2662.8711354401544,bench_add_ind_reg
123.71912,123.71994,0.000819999999990273,2719.489457053729,bench_add_ind_reg
123.91934,123.92014,0.0007999999999981355,2669.081159395951,bench_add_ind_reg
124.11954,124.12036,0.0008200000000044838,2735.6390352511335,bench_add_ind_reg
124.31976,124.32056,0.0007999999999981355,2672.6806070594926,bench_add_ind_reg
124.51998,124.52078,0.0007999999999981355,2662.4767808182323,bench_add_ind_reg
124.7202,124.721,0.0007999999999981355,2669.584692915426,bench_add_ind_reg
124.92042,124.92122,0.0008000000000123464,2685.308391269433,bench_add_ind_reg
125.12062,125.12144,0.0008200000000044838,2746.505169212841,bench_add_ind_reg
125.32084,125.32164,0.0007999999999981355,2671.541890588693,bench_add_ind_reg
125.52106,125.52186,0.0007999999999981355,2671.9946786702017,bench_add_ind_reg
125.72128,125.72208,0.0008000000000123464,2672.7018552310988,bench_add_ind_reg
125.92148,125.9223,0.0008200000000044838,2740.9643517026893,bench_add_ind_reg
126.1217,126.1225,0.0007999999999981355,2678.218355861958,bench_add_ind_reg
126.32192,126.32272,0.0007999999999981355,2680.119588033681,bench_add_ind_reg
126.52212,126.52294,0.0008200000000044838,2744.505889728732,bench_add_ind_reg
126.72234,126.72314,0.0007999999999981355,2679.344313213051,bench_add_ind_reg
126.92256,126.92336,0.0007999999999981355,2673.4872790922122,bench_add_ind_reg
127.12276,127.12358,0.0008200000000044838,2756.5446193477774,bench_add_ind_reg
127.32298,127.32378,0.0007999999999981355,2686.2811017719764,bench_add_ind_reg
127.52318,127.524,0.0008200000000044838,2758.030081182614,bench_add_ind_reg
127.7234,127.7242,0.0007999999999981355,2679.5139210234447,bench_add_ind_reg
127.92362,127.92442,0.0007999999999981355,2690.533499693037,bench_add_ind_reg
128.12384,128.12464,0.0007999999999981355,2678.405481849433,bench_add_ind_reg
128.32404,128.32486,0.0008200000000044838,2745.3011879845294,bench_add_ind_reg
128.52426,128.52506,0.0007999999999981355,2688.3400743765797,bench_add_ind_reg
128.72446,128.72528,0.0008200000000044838,2746.957317008659,bench_add_ind_reg
128.92468,128.92548,0.0007999999999981355,2682.9334953735556,bench_add_ind_reg
129.1249,129.1257,0.0007999999999981355,2687.075149727782,bench_add_ind_reg
129.32512,129.32592,0.0007999999999981355,2681.484941852815,bench_add_ind_reg
129.52534,129.52614,0.0007999999999981355,2684.6956252058967,bench_add_ind_reg
129.72554,129.72636,0.0008200000000044838,2746.7832830884154,bench_add_ind_reg
129.92576,129.92656,0.0007999999999981355,2685.9523751711727,bench_add_ind_reg
130.12596,130.12678,0.0008200000000044838,2808.96085315932,bench_add_aut_reg
130.32618,130.32698,0.0007999999999981355,2755.7573886523764,bench_add_aut_reg
130.52638,130.5272,0.0008200000000044838,2824.5185734837396,bench_add_aut_reg
130.7266,130.72742,0.0008200000000044838,2809.583214126265,bench_add_aut_reg
130.92682,130.92762,0.0007999999999981355,2750.1025656157153,bench_add_aut_reg
131.12702,131.12784,0.0008200000000044838,2811.7451281430526,bench_add_aut_reg
131.32724,131.32806,0.0008200000000044838,2810.7342869190616,bench_add_aut_reg
131.52746,131.52826,0.0007999999999981355,2738.1329634150593,bench_add_aut_reg
131.72768,131.72848,0.0007999999999981355,2749.1407189440724,bench_add_aut_reg
131.92788,131.9287,0.0008200000000044838,2811.074350042155,bench_add_aut_reg
132.1281,132.1289,0.0007999999999981355,2750.8353697997404,bench_add_aut_reg
132.32832,132.32912,0.0007999999999981355,2744.837286874736,bench_add_aut_reg
132.52854,132.52934,0.0007999999999981355,2729.3474879043424,bench_add_aut_reg
132.72874,132.72956,0.0008200000000044838,2800.9312902723095,bench_add_aut_reg
132.92896,132.92976,0.0007999999999981355,2734.716979313377,bench_add_aut_reg
133.12916,133.12998,0.0008199999999760621,2809.1519418295616,bench_add_aut_reg
133.32938,133.33018,0.0008000000000265572,2713.56284860246,bench_add_aut_reg
133.5296,133.5304,0.0007999999999981355,2721.0239926272184,bench_add_aut_reg
133.7298,133.73062,0.0008199999999760621,2806.588904851899,bench_add_aut_reg
133.93002,133.93082,0.0007999999999981355,2717.0992409765818,bench_add_aut_reg
134.13022,134.13104,0.0008200000000044838,2785.6397140004487,bench_add_aut_reg
134.33044,134.33126,0.0008199999999760621,2780.2803063899446,bench_add_aut_reg
134.53066,134.53146,0.0007999999999981355,2723.051004572989,bench_add_aut_reg
134.73088,134.73168,0.0007999999999981355,2712.2370339898666,bench_add_aut_reg
134.93108,134.9319,0.0008200000000044838,2772.288529684045,bench_add_aut_reg
135.1313,135.1321,0.0007999999999981355,2711.048370688276,bench_add_aut_reg
135.33152,135.33232,0.0007999999999981355,2697.025316296523,bench_add_aut_reg
135.53174,135.53254,0.0007999999999981355,2706.3479367602163,bench_add_aut_reg
135.73194,135.73276,0.0008200000000044838,2771.827781123854,bench_add_aut_reg
135.93216,135.93298,0.0008199999999760621,2774.8462673406357,bench_add_aut_reg
136.13238,136.1332,0.0008199999999760621,2784.1608621314817,bench_add_aut_reg
136.3326,136.3334,0.0007999999999981355,2704.5222441617834,bench_add_aut_reg
136.53282,136.53362,0.0008000000000265572,2708.492407198174,bench_add_aut_reg
136.73304,136.73386,0.0008200000000044838,2784.7699239050394,bench_add_aut_reg
136.93326,136.93408,0.0008200000000044838,2776.050069384896,bench_add_aut_reg
137.13348,137.1343,0.0008200000000044838,2789.6055928569976,bench_add_aut_reg
137.3337,137.33452,0.0008200000000044838,2789.092969628813,bench_add_aut_reg
137.53392,137.53474,0.0008200000000044838,2791.005896885723,bench_add_aut_reg
137.73414,137.73496,0.0008200000000044838,2785.9603287798554,bench_add_aut_reg
137.93436,137.93518,0.0008200000000044838,2782.900719918966,bench_add_aut_reg
138.13458,138.1354,0.0008200000000044838,2794.150167625542,bench_add_aut_reg
138.3348,138.3356,0.0007999999999981355,2728.952469763781,bench_add_aut_reg
138.53502,138.53582,0.0007999999999981355,2735.56335828636,bench_add_aut_reg
138.73524,138.73604,0.0007999999999981355,2735.1544052308623,bench_add_aut_reg
138.93546,138.93626,0.0007999999999981355,2733.431821682794,bench_add_aut_reg
139.13568,139.13648,0.0007999999999981355,2718.4052579046997,bench_add_aut_reg
139.33588,139.3367,0.0008200000000044838,2808.293723517794,bench_add_aut_reg
139.5361,139.5369,0.0007999999999981355,2733.7744343036793,bench_add_aut_reg
139.73632,139.73712,0.0007999999999981355,2731.3446090486323,bench_add_aut_reg
139.93652,139.93734,0.0008200000000044838,2805.407918074114,bench_add_aut_reg
140.13674,140.13754,0.0007999999999981355,2742.03057400262,bench_add_aut_reg
140.33696,140.33776,0.0007999999999981355,2749.717675609501,bench_add_aut_reg
140.53718,140.53798,0.0007999999999981355,2751.136785366311,bench_add_aut_reg
140.73738,140.7382,0.0008200000000044838,2802.963315059815,bench_add_aut_reg
140.93762,140.93842,0.0007999999999981355,2741.319532500899,bench_add_aut_reg
141.13782,141.13864,0.0008200000000044838,2813.6259806508883,bench_add_aut_reg
141.33804,141.33886,0.0008200000000044838,2816.732213849005,bench_add_aut_reg
141.53826,141.53906,0.0007999999999981355,2740.6637580080196,bench_add_aut_reg
141.73848,141.73928,0.0007999999999981355,2735.392341851467,bench_add_aut_reg
141.93868,141.9395,0.0008200000000044838,2799.2081409490966,bench_add_aut_reg
142.1389,142.13972,0.0008200000000044838,2810.860627811785,bench_add_aut_reg
142.33912,142.33992,0.0007999999999981355,2744.0009824882636,bench_add_aut_reg
142.53934,142.54014,0.0007999999999981355,2737.46473015679,bench_add_aut_reg
142.73956,142.74036,0.0007999999999981355,2737.7072395702908,bench_add_aut_reg
142.93978,142.94058,0.0007999999999981355,2739.942171605131,bench_add_aut_reg
143.13998,143.1408,0.0008200000000044838,2801.5721682616927,bench_add_aut_reg
143.3402,143.341,0.0007999999999981355,2753.1671523990417,bench_add_aut_reg
143.5404,143.54122,0.0008200000000044838,2816.9326833608397,bench_add_aut_reg
143.74062,143.74142,0.0007999999999981355,2747.380083886302,bench_add_aut_reg
143.94084,143.94164,0.0007999999999981355,2747.4932768327963,bench_add_aut_reg
144.14104,144.14186,0.0008200000000044838,2816.9690678054235,bench_add_aut_reg
144.34126,144.34206,0.0007999999999981355,2739.6468236055966,bench_add_aut_reg
144.54146,144.54228,0.0008200000000044838,2800.529680696259,bench_add_aut_reg
144.74168,144.7425,0.0008200000000044838,2806.9932339869342,bench_add_aut_reg
144.9419,144.9427,0.0007999999999981355,2733.4138471567567,bench_add_aut_reg
145.1421,145.14292,0.0008200000000044838,2820.1192640843747,bench_add_aut_reg
145.34232,145.34312,0.0007999999999981355,2723.6097934582963,bench_add_aut_reg
145.54252,145.54332,0.0007999999999981355,2736.8096681240977,bench_add_aut_reg
145.74272,145.74354,0.0008200000000044838,2804.514491013656,bench_add_aut_reg
145.94294,145.94374,0.0007999999999981355,2733.062992330826,bench_add_aut_reg
146.14314,146.14396,0.0008200000000044838,2789.2186376400264,bench_add_aut_reg
146.34336,146.34418,0.0008200000000044838,2795.8779735640624,bench_add_aut_reg
146.54358,146.54438,0.0007999999999981355,2735.168142236096,bench_add_aut_reg
146.74378,146.7446,0.0008200000000044838,2791.0351078164804,bench_add_aut_reg
146.944,146.94482,0.0008200000000044838,2782.7439876417966,bench_add_aut_reg
147.14422,147.14502,0.0007999999999981355,2714.1682826844667,bench_add_aut_reg
147.34444,147.34524,0.0007999999999981355,2723.1810870512372,bench_add_aut_reg
147.54464,147.54546,0.0008200000000044838,2789.8744936240487,bench_add_aut_reg
147.74486,147.74568,0.0008200000000044838,2772.5881617656205,bench_add_aut_reg
147.94508,147.9459,0.0008200000000044838,2769.6922561298084,bench_add_aut_reg
148.1453,148.14612,0.0008200000000044838,2785.4239940780744,bench_add_aut_reg
148.34554,148.34634,0.0007999999999981355,2705.6104596641385,bench_add_aut_reg
148.54576,148.54656,0.0007999999999981355,2701.959582039675,bench_add_aut_reg
148.74598,148.74678,0.0007999999999981355,2716.19999547796,bench_add_aut_reg
148.9462,148.947,0.0007999999999981355,2711.3193296761274,bench_add_aut_reg
149.14642,149.14722,0.0007999999999981355,2716.1552477570726,bench_add_aut_reg
149.34662,149.34744,0.0008200000000044838,2782.2002116739886,bench_add_aut_reg
149.54686,149.54766,0.0007999999999981355,2711.7797289930563,bench_add_aut_reg
149.74706,149.74788,0.0008200000000044838,2775.6427554567153,bench_add_aut_reg
149.94728,149.9481,0.0008200000000044838,2771.3179588478533,bench_add_aut_reg
150.1475,150.14902,0.0015199999999992997,4846.8904616277,bench_add_reg_idx
150.34844,150.34996,0.0015199999999992997,4848.671038632563,bench_add_reg_idx
150.54936,150.55088,0.0015199999999992997,4858.180144799791,bench_add_reg_idx
150.75028,150.7518,0.0015199999999992997,4868.638182520827,bench_add_reg_idx
150.95122,150.95274,0.0015199999999992997,4878.153214228052,bench_add_reg_idx
151.15214,151.15366,0.0015199999999992997,4883.856659287468,bench_add_reg_idx
151.35308,151.3546,0.0015199999999992997,4888.170582704077,bench_add_reg_idx
151.554,151.55552,0.0015199999999992997,4887.820216825508,bench_add_reg_idx
151.75494,151.75646,0.0015199999999992997,4894.69919819144,bench_add_reg_idx
151.95586,151.95738,0.0015199999999992997,4888.643415176659,bench_add_reg_idx
152.15678,152.1583,0.0015199999999992997,4901.046275623992,bench_add_reg_idx
152.3577,152.35922,0.0015199999999992997,4880.287647244943,bench_add_reg_idx
152.55864,152.56016,0.0015199999999992997,4871.603734788957,bench_add_reg_idx
152.75956,152.76108,0.0015199999999992997,4857.246279715382,bench_add_reg_idx
152.9605,152.96202,0.0015199999999992997,4824.230063239818,bench_add_reg_idx
153.16142,153.16294,0.0015199999999992997,4825.436819808529,bench_add_reg_idx
153.36236,153.36388,0.0015199999999992997,4825.6432241735965,bench_add_reg_idx
153.56328,153.5648,0.0015199999999992997,4844.005766790103,bench_add_reg_idx
153.76422,153.76574,0.0015199999999992997,4853.045807683889,bench_add_reg_idx
153.96514,153.96666,0.0015199999999992997,4860.9865922475565,bench_add_reg_idx
154.16606,154.16758,0.0015199999999992997,4870.0084397571045,bench_add_reg_idx
154.367,154.36852,0.0015199999999992997,4885.056382044184,bench_add_reg_idx
154.56792,154.56944,0.0015199999999992997,4869.735059327474,bench_add_reg_idx
154.76886,154.77038,0.0015199999999992997,4884.192007592338,bench_add_reg_idx
154.96978,154.9713,0.0015200000000277214,4875.653199942429,bench_add_reg_idx
155.1707,155.17224,0.0015399999999772263,4963.395399898696,bench_add_reg_idx
155.37164,155.37316,0.0015199999999992997,4891.364860808743,bench_add_reg_idx
155.57256,155.57408,0.0015199999999992997,4883.85825184767,bench_add_reg_idx
155.77348,155.775,0.0015199999999992997,4877.071960360107,bench_add_reg_idx
155.97442,155.97594,0.0015199999999992997,4869.161096864185,bench_add_reg_idx
156.17534,156.17686,0.0015199999999992997,4839.269674846448,bench_add_reg_idx
156.37626,156.37778,0.0015199999999992997,4843.878771640334,bench_add_reg_idx
156.5772,156.57872,0.0015199999999992997,4829.4421378502175,bench_add_reg_idx
156.77812,156.77964,0.0015199999999992997,4826.870434915333,bench_add_reg_idx
156.97904,156.98056,0.0015199999999992997,4821.529204488814,bench_add_reg_idx
157.17998,157.1815,0.0015199999999992997,4842.0463781782655,bench_add_reg_idx
157.38092,157.38244,0.0015199999999992997,4864.591816437876,bench_add_reg_idx
157.58184,157.58336,0.0015199999999992997,4878.047024829339,bench_add_reg_idx
157.78276,157.78428,0.0015199999999992997,4885.211859362334,bench_add_reg_idx
157.98368,157.9852,0.0015199999999992997,4885.9517439257115,bench_add_reg_idx
158.1846,158.18612,0.0015199999999992997,4890.358604024801,bench_add_reg_idx
158.38554,158.38706,0.0015199999999992997,4886.245115193667,bench_add_reg_idx
158.58646,158.58798,0.0015199999999992997,4887.142032383221,bench_add_reg_idx
158.7874,158.78892,0.0015199999999992997,4890.117705797332,bench_add_reg_idx
158.98832,158.98984,0.0015199999999992997,4890.443461481407,bench_add_reg_idx
159.18926,159.19078,0.0015199999999992997,4893.186893312523,bench_add_reg_idx
159.39018,159.3917,0.0015199999999992997,4872.845776844662,bench_add_reg_idx
159.5911,159.59262,0.0015199999999992997,4854.731261726949,bench_add_reg_idx
159.79204,159.79356,0.0015200000000277214,4845.290139871691,bench_add_reg_idx
159.99296,159.9945,0.0015399999999772263,4878.2393451978505,bench_add_reg_idx
160.1939,160.19542,0.0015199999999992997,4821.665014600834,bench_add_reg_idx
160.39484,160.39636,0.0015199999999992997,4824.238200671208,bench_add_reg_idx
160.59576,160.59728,0.0015199999999992997,4848.2823767660975,bench_add_reg_idx
160.79668,160.79822,0.0015399999999772263,4912.083472516679,bench_add_reg_idx
160.99762,160.99914,0.0015199999999992997,4863.595101046853,bench_add_reg_idx
161.19854,161.20006,0.0015199999999992997,4871.128236404789,bench_add_reg_idx
161.39946,161.40098,0.0015199999999992997,4872.163631951293,bench_add_reg_idx
161.6004,161.60192,0.0015199999999992997,4880.197504531341,bench_add_reg_idx
161.80132,161.80284,0.0015199999999992997,4891.113813497536,bench_add_reg_idx
162.00226,162.00378,0.0015199999999992997,4886.513571251218,bench_add_reg_idx
162.20318,162.2047,0.0015199999999992997,4888.788179957542,bench_add_reg_idx
162.4041,162.40562,0.0015199999999992997,4884.605351833155,bench_add_reg_idx
162.60502,162.60656,0.001540000000005648,4937.575478125653,bench_add_reg_idx
162.80596,162.80748,0.0015199999999992997,4873.168226330224,bench_add_reg_idx
163.00688,163.0084,0.0015199999999992997,4846.66497213635,bench_add_reg_idx
163.2078,163.20932,0.0015199999999992997,4831.588070372592,bench_add_reg_idx
163.40872,163.41024,0.0015199999999992997,4836.137634702005,bench_add_reg_idx
163.60964,163.61116,0.0015199999999992997,4825.744342520735,bench_add_reg_idx
163.81056,163.81208,0.0015199999999992997,4838.123384394295,bench_add_reg_idx
164.01148,164.013,0.0015199999999992997,4831.523597237848,bench_add_reg_idx
164.21242,164.21394,0.0015199999999992997,4855.858515944639,bench_add_reg_idx
164.41334,164.41486,0.0015199999999992997,4864.678869487972,bench_add_reg_idx
164.61426,164.61578,0.0015199999999992997,4876.905777489053,bench_add_reg_idx
164.8152,164.81672,0.0015199999999992997,4878.010132812905,bench_add_reg_idx
165.01612,165.01764,0.0015199999999992997,4888.562462290546,bench_add_reg_idx
165.21706,165.21858,0.0015199999999992997,4895.392055619207,bench_add_reg_idx
165.418,165.41952,0.0015199999999992997,4901.821708769237,bench_add_reg_idx
165.61892,165.62044,0.0015199999999992997,4889.327341221334,bench_add_reg_idx
165.81984,165.82136,0.0015199999999992997,4889.936568213474,bench_add_reg_idx
166.02076,166.02228,0.0015199999999992997,4867.779947815072,bench_add_reg_idx
166.2217,166.22322,0.0015199999999992997,4880.431455091779,bench_add_reg_idx
166.42262,166.42414,0.0015199999999992997,4876.490463501709,bench_add_reg_idx
166.62354,166.62506,0.0015199999999992997,4845.043972598815,bench_add_reg_idx
166.82448,166.826,0.0015199999999992997,4828.791376201752,bench_add_reg_idx
167.0254,167.02692,0.0015199999999992997,4834.411332848032,bench_add_reg_idx
167.22632,167.22784,0.0015199999999992997,4817.20011215687,bench_add_reg_idx
167.42726,167.42878,0.0015199999999992997,4844.664831177599,bench_add_reg_idx
167.62818,167.6297,0.0015200000000277214,4848.229724537997,bench_add_reg_idx
167.82912,167.83064,0.0015199999999992997,4877.663326914468,bench_add_reg_idx
168.03004,168.03156,0.0015199999999992997,4881.4253206316835,bench_add_reg_idx
168.23096,168.23248,0.0015199999999992997,4882.293071127535,bench_add_reg_idx
168.4319,168.43342,0.0015199999999992997,4876.7700348949265,bench_add_reg_idx
168.63282,168.63434,0.0015199999999992997,4886.3636935090935,bench_add_reg_idx
168.83374,168.83526,0.0015199999999992997,4891.966516150407,bench_add_reg_idx
169.03468,169.0362,0.0015199999999992997,4900.00912220868,bench_add_reg_idx
169.2356,169.23712,0.0015199999999992997,4889.331087466703,bench_add_reg_idx
169.43652,169.43804,0.0015199999999992997,4877.903226295032,bench_add_reg_idx
169.63744,169.63896,0.0015199999999992997,4856.030100489538,bench_add_reg_idx
169.83838,169.8399,0.0015199999999992997,4861.447152214415,bench_add_reg_idx
170.0393,170.04082,0.0015199999999992997,4844.602907540265,bench_add_reg_idx
170.24022,170.24172,0.0014999999999929514,4891.003163041849,bench_add_reg_sym
170.44112,170.44262,0.0014999999999929514,4889.9545194325365,bench_add_reg_sym
170.64204,170.64352,0.0014799999999866031,4815.821053881348,bench_add_reg_sym
170.84294,170.84444,0.0014999999999929514,4884.1705731812235,bench_add_reg_sym
171.04384,171.04534,0.0015000000000213731,4910.572627628352,bench_add_reg_sym
171.24474,171.24624,0.0014999999999929514,4909.746733005372,bench_add_reg_sym
171.44564,171.44714,0.0014999999999929514,4933.899943694227,bench_add_reg_sym
171.64654,171.64804,0.0015000000000213731,4931.248782740253,bench_add_reg_sym
171.84744,171.84894,0.0014999999999929514,4943.501737410918,bench_add_reg_sym
172.04834,172.04982,0.0014800000000150249,4884.569069885314,bench_add_reg_sym
172.24924,172.25072,0.0014800000000150249,4887.710735251905,bench_add_reg_sym
172.45014,172.45164,0.0014999999999929514,4939.603507494771,bench_add_reg_sym
172.65104,172.65254,0.0014999999999929514,4945.165319344669,bench_add_reg_sym
172.85194,172.85344,0.0014999999999929514,4946.5651320998695,bench_add_reg_sym
173.05284,173.05434,0.0014999999999929514,4939.28175417279,bench_add_reg_sym
173.25374,173.25524,0.0014999999999929514,4935.193862743446,bench_add_reg_sym
173.45464,173.45614,0.0014999999999929514,4914.630283577438,bench_add_reg_sym
173.65554,173.65704,0.0014999999999929514,4899.347303411894,bench_add_reg_sym
173.85644,173.85794,0.0015000000000213731,4908.398396871604,bench_add_reg_sym
174.05734,174.05884,0.0014999999999929514,4898.768137184263,bench_add_reg_sym
174.25824,174.25974,0.0014999999999929514,4885.00271223088,bench_add_reg_sym
174.45914,174.46064,0.0015000000000213731,4899.264434423005,bench_add_reg_sym
174.66004,174.66154,0.0014999999999929514,4898.6565717255535,bench_add_reg_sym
174.86094,174.86244,0.0014999999999929514,4924.800931453431,bench_add_reg_sym
175.06184,175.06334,0.0015000000000213731,4925.889098156244,bench_add_reg_sym
175.26274,175.26424,0.0014999999999929514,4949.0526946960035,bench_add_reg_sym
175.46364,175.46514,0.0014999999999929514,4952.670375328962,bench_add_reg_sym
175.66454,175.66604,0.0015000000000213731,4947.974619062446,bench_add_reg_sym
175.86546,175.86696,0.0014999999999929514,4963.571461824283,bench_add_reg_sym
176.06636,176.06786,0.0014999999999929514,4952.999236970053,bench_add_reg_sym
176.26724,176.26874,0.0015000000000213731,4950.874189451541,bench_add_reg_sym
176.46814,176.46964,0.0014999999999929514,4939.375019142882,bench_add_reg_sym
176.66904,176.67054,0.0014999999999929514,4944.146163737158,bench_add_reg_sym
176.86994,176.87144,0.0014999999999929514,4937.492036236876,bench_add_reg_sym
177.07084,177.07234,0.0014999999999929514,4919.3904199405915,bench_add_reg_sym
177.27174,177.27324,0.0014999999999929514,4914.263270306735,bench_add_reg_sym
177.47264,177.47414,0.0014999999999929514,4891.522238008289,bench_add_reg_sym
177.67354,177.67504,0.0014999999999929514,4895.680476888727,bench_add_reg_sym
177.87444,177.87594,0.0015000000000213731,4880.338129657454,bench_add_reg_sym
178.07534,178.07684,0.0014999999999929514,4890.121542824497,bench_add_reg_sym
178.27626,178.27776,0.0014999999999929514,4898.9135818323775,bench_add_reg_sym
178.47716,178.47866,0.0014999999999929514,4907.853039889609,bench_add_reg_sym
178.67806,178.67956,0.0015000000000213731,4924.152265372861,bench_add_reg_sym
178.87896,178.88046,0.0014999999999929514,4936.2431512916455,bench_add_reg_sym
179.07986,179.08136,0.0014999999999929514,4942.64049918792,bench_add_reg_sym
179.28078,179.28228,0.0014999999999929514,4942.691824376455,bench_add_reg_sym
179.48168,179.48318,0.0014999999999929514,4946.522978111286,bench_add_reg_sym
179.68258,179.68408,0.0014999999999929514,4950.134390942524,bench_add_reg_sym
179.88348,179.88498,0.0015000000000213731,4958.163558110787,bench_add_reg_sym
180.08438,180.08588,0.0014999999999929514,4951.896853721246,bench_add_reg_sym
180.28528,180.28678,0.0014999999999929514,4941.243655025594,bench_add_reg_sym
180.48618,180.48768,0.0015000000000213731,4936.707501835427,bench_add_reg_sym
180.68708,180.68858,0.0014999999999929514,4933.2927050760645,bench_add_reg_sym
180.88798,180.88948,0.0014999999999929514,4915.899799647499,bench_add_reg_sym
181.08888,181.09038,0.0015000000000213731,4918.2644859649745,bench_add_reg_sym
181.2898,181.29128,0.0014799999999866031,4828.974273942502,bench_add_reg_sym
181.4907,181.49218,0.0014799999999866031,4816.283911887115,bench_add_reg_sym
181.6916,181.6931,0.0014999999999929514,4880.367293930621,bench_add_reg_sym
181.8925,181.894,0.0014999999999929514,4903.432505647001,bench_add_reg_sym
182.0934,182.0949,0.0014999999999929514,4909.920056793641,bench_add_reg_sym
182.2943,182.2958,0.0015000000000213731,4918.285831880333,bench_add_reg_sym
182.4952,182.4967,0.0014999999999929514,4926.5489587324255,bench_add_reg_sym
182.69612,182.69762,0.0014999999999929514,4937.92790684338,bench_add_reg_sym
182.89702,182.89852,0.0014999999999929514,4941.465223651046,bench_add_reg_sym
183.0979,183.0994,0.0014999999999929514,4949.553112941607,bench_add_reg_sym
183.2988,183.3003,0.0014999999999929514,4941.20882123381,bench_add_reg_sym
183.4997,183.5012,0.0015000000000213731,4944.3175877216245,bench_add_reg_sym
183.70062,183.7021,0.0014800000000150249,4884.701981259626,bench_add_reg_sym
183.90152,183.90302,0.0014999999999929514,4942.473899550047,bench_add_reg_sym
184.10242,184.10392,0.0014999999999929514,4944.365890674146,bench_add_reg_sym
184.30334,184.30484,0.0015000000000213731,4941.6924711078545,bench_add_reg_sym
184.50424,184.50574,0.0014999999999929514,4925.110209709533,bench_add_reg_sym
184.70514,184.70664,0.0014999999999929514,4910.595347151186,bench_add_reg_sym
184.90606,184.90754,0.0014800000000150249,4820.691493853953,bench_add_reg_sym
185.10694,185.10844,0.0014999999999929514,4886.303283250821,bench_add_reg_sym
185.30786,185.30934,0.0014799999999866031,4817.585765805272,bench_add_reg_sym
185.50876,185.51024,0.0014800000000150249,4830.475861720933,bench_add_reg_sym
185.70964,185.71114,0.0014999999999929514,4894.784386246684,bench_add_reg_sym
185.91054,185.91204,0.0014999999999929514,4905.217040773611,bench_add_reg_sym
186.11144,186.11294,0.0015000000000213731,4922.159512132857,bench_add_reg_sym
186.31234,186.31384,0.0014999999999929514,4934.78031593774,bench_add_reg_sym
186.51324,186.51472,0.0014800000000150249,4874.933662407985,bench_add_reg_sym
186.71412,186.71562,0.0014999999999929514,4944.193563400174,bench_add_reg_sym
186.91502,186.91652,0.0014999999999929514,4955.897703744182,bench_add_reg_sym
187.11592,187.11742,0.0015000000000213731,4943.228801782519,bench_add_reg_sym
187.31682,187.31832,0.0014999999999929514,4951.832154742378,bench_add_reg_sym
187.51772,187.51922,0.0014999999999929514,4965.987168229131,bench_add_reg_sym
187.71862,187.72012,0.0015000000000213731,4952.23848156342,bench_add_reg_sym
187.91952,187.92102,0.0014999999999929514,4937.836278672562,bench_add_reg_sym
188.12042,188.12192,0.0014999999999929514,4940.83112569136,bench_add_reg_sym
188.32132,188.32282,0.0015000000000213731,4933.966635798133,bench_add_reg_sym
188.52222,188.52372,0.0014999999999929514,4899.2230323843,bench_add_reg_sym
188.72312,188.72462,0.0014999999999929514,4901.5973950503085,bench_add_reg_sym
188.92402,188.92552,0.0014999999999929514,4890.435966637732,bench_add_reg_sym
189.12492,189.12642,0.0014999999999929514,4884.122635680005,bench_add_reg_sym
189.32584,189.32732,0.0014799999999866031,4841.424955476068,bench_add_reg_sym
189.52674,189.52824,0.0015000000000213731,4899.113620701938,bench_add_reg_sym
189.72764,189.72914,0.0014999999999929514,4899.630933044055,bench_add_reg_sym
189.92854,189.93004,0.0014999999999929514,4937.563494290262,bench_add_reg_sym
190.12944,190.13092,0.0014800000000150249,4877.649017193806,bench_add_reg_sym
190.33034,190.33184,0.0014999999999929514,4859.131448879277,bench_add_reg_abs
190.53124,190.53274,0.0014999999999929514,4856.925473991404,bench_add_reg_abs
190.73214,190.73362,0.0014800000000150249,4790.617425509872,bench_add_reg_abs
190.93304,190.93452,0.0014799999999866031,4792.029061311318,bench_add_reg_abs
191.13394,191.13544,0.0014999999999929514,4857.199853263333,bench_add_reg_abs
191.33484,191.33634,0.0014999999999929514,4855.371559945777,bench_add_reg_abs
191.53574,191.53722,0.0014799999999866031,4787.553236775354,bench_add_reg_abs
191.73662,191.73812,0.0015000000000213731,4845.721218804951,bench_add_reg_abs
191.93752,191.93902,0.0014999999999929514,4847.948916698787,bench_add_reg_abs
192.13842,192.13992,0.0014999999999929514,4821.353063431405,bench_add_reg_abs
192.33932,192.34082,0.0015000000000213731,4804.801794304185,bench_add_reg_abs
192.54022,192.54172,0.0014999999999929514,4824.487280543869,bench_add_reg_abs
192.74112,192.74262,0.0014999999999929514,4810.06153391375,bench_add_reg_abs
192.94202,192.94352,0.0014999999999929514,4803.464768896885,bench_add_reg_abs
193.14292,193.14442,0.0014999999999929514,4802.051309939464,bench_add_reg_abs
193.34382,193.34532,0.0014999999999929514,4817.330019993954,bench_add_reg_abs
193.54472,193.54622,0.0014999999999929514,4822.148466458108,bench_add_reg_abs
193.74562,193.74712,0.0014999999999929514,4828.080877174267,bench_add_reg_abs
193.94652,193.94802,0.0015000000000213731,4856.561911361974,bench_add_reg_abs
194.14742,194.14892,0.0014999999999929514,4861.468928841312,bench_add_reg_abs
194.34832,194.34982,0.0014999999999929514,4844.8797082307065,bench_add_reg_abs
194.54922,194.55072,0.0015000000000213731,4857.759084622021,bench_add_reg_abs
194.75012,194.75162,0.0014999999999929514,4855.210678628526,bench_add_reg_abs
194.95102,194.95252,0.0014999999999929514,4857.165513071518,bench_add_reg_abs
195.15192,195.15342,0.0015000000000213731,4863.008232855289,bench_add_reg_abs
195.35282,195.35432,0.0014999999999929514,4846.712637202907,bench_add_reg_abs
195.55372,195.55522,0.0014999999999929514,4850.166460943163,bench_add_reg_abs
195.75462,195.75612,0.0015000000000213731,4861.122113722094,bench_add_reg_abs
195.95554,195.95704,0.0014999999999929514,4831.017800582969,bench_add_reg_abs
196.15644,196.15794,0.0014999999999929514,4806.051724568768,bench_add_reg_abs
196.35734,196.35884,0.0014999999999929514,4802.937628679473,bench_add_reg_abs
196.55824,196.55974,0.0014999999999929514,4795.646383403199,bench_add_reg_abs
196.75912,196.76062,0.0014999999999929514,4806.221721204596,bench_add_reg_abs
196.96002,196.96152,0.0015000000000213731,4793.96144633622,bench_add_reg_abs
197.16092,197.16242,0.0014999999999929514,4807.540564774974,bench_add_reg_abs
197.36182,197.36332,0.0014999999999929514,4834.185170452736,bench_add_reg_abs
197.56272,197.56422,0.0014999999999929514,4832.300497194795,bench_add_reg_abs
197.76362,197.76512,0.0014999999999929514,4844.232366862828,bench_add_reg_abs
197.96452,197.96602,0.0014999999999929514,4851.147490530774,bench_add_reg_abs
198.16542,198.16692,0.0014999999999929514,4853.260966461057,bench_add_reg_abs
198.36632,198.36782,0.0014999999999929514,4853.648007824377,bench_add_reg_abs
198.56722,198.56872,0.0015000000000213731,4850.6975221213825,bench_add_reg_abs
198.76812,198.76962,0.0014999999999929514,4842.032659773929,bench_add_reg_abs
198.969,198.9705,0.0014999999999929514,4857.365975598265,bench_add_reg_abs
199.1699,199.1714,0.0014999999999929514,4848.152564347605,bench_add_reg_abs
199.3708,199.3723,0.0014999999999929514,4852.179391286244,bench_add_reg_abs
199.57172,199.57322,0.0014999999999929514,4841.876635305071,bench_add_reg_abs
199.77262,199.77412,0.0015000000000213731,4828.9176519733055,bench_add_reg_abs
199.97352,199.97502,0.0014999999999929514,4818.5079870502905,bench_add_reg_abs
200.17442,200.17592,0.0014999999999929514,4809.286396463057,bench_add_reg_abs
200.37532,200.37682,0.0015000000000213731,4816.032589948925,bench_add_reg_abs
200.57622,200.57772,0.0014999999999929514,4796.374221309978,bench_add_reg_abs
200.77712,200.77862,0.0014999999999929514,4799.1537838012955,bench_add_reg_abs
200.97804,200.97952,0.0014800000000150249,4749.133912896042,bench_add_reg_abs
201.17894,201.18044,0.0014999999999929514,4823.482145996855,bench_add_reg_abs
201.37984,201.38134,0.0014999999999929514,4841.492557875493,bench_add_reg_abs
201.58074,201.58224,0.0015000000000213731,4859.292768010819,bench_add_reg_abs
201.78164,201.78314,0.0014999999999929514,4851.452149426983,bench_add_reg_abs
201.98254,201.98404,0.0014999999999929514,4852.950770852612,bench_add_reg_abs
202.18342,202.18492,0.0014999999999929514,4865.478749828844,bench_add_reg_abs
202.38432,202.38582,0.0014999999999929514,4874.179554148838,bench_add_reg_abs
202.58522,202.58672,0.0015000000000213731,4858.169984143445,bench_add_reg_abs
202.78612,202.78762,0.0014999999999929514,4875.06574715902,bench_add_reg_abs
202.98702,202.98852,0.0014999999999929514,4852.381318319389,bench_add_reg_abs
203.18792,203.18942,0.0015000000000213731,4852.445260692332,bench_add_reg_abs
203.38882,203.39032,0.0014999999999929514,4846.099801338937,bench_add_reg_abs
203.58972,203.59122,0.0014999999999929514,4827.520830999156,bench_add_reg_abs
203.79062,203.79212,0.0015000000000213731,4826.593829854257,bench_add_reg_abs
203.99152,203.99302,0.0014999999999929514,4800.740987969333,bench_add_reg_abs
204.19242,204.19392,0.0014999999999929514,4799.937538315607,bench_add_reg_abs
204.39332,204.39482,0.0015000000000213731,4796.409085462443,bench_add_reg_abs
204.59422,204.59572,0.0014999999999929514,4804.325539129266,bench_add_reg_abs
204.79512,204.79662,0.0014999999999929514,4806.671820092758,bench_add_reg_abs
204.99602,204.99752,0.0015000000000213731,4822.647576291048,bench_add_reg_abs
205.1969,205.1984,0.0014999999999929514,4836.811069375647,bench_add_reg_abs
205.3978,205.3993,0.0015000000000213731,4849.9101331227175,bench_add_reg_abs
205.5987,205.6002,0.0014999999999929514,4852.583156874661,bench_add_reg_abs
205.7996,205.8011,0.0014999999999929514,4849.735640432596,bench_add_reg_abs
206.0005,206.002,0.0015000000000213731,4857.011095224907,bench_add_reg_abs
206.2014,206.2029,0.0014999999999929514,4861.664534524162,bench_add_reg_abs
206.4023,206.4038,0.0014999999999929514,4858.205607138138,bench_add_reg_abs
206.6032,206.6047,0.0015000000000213731,4857.0760200496225,bench_add_reg_abs
206.8041,206.8056,0.0014999999999929514,4863.942826609911,bench_add_reg_abs
207.005,207.0065,0.0014999999999929514,4861.292885594346,bench_add_reg_abs
207.20588,207.20738,0.0014999999999929514,4828.019104875157,bench_add_reg_abs
207.40678,207.40828,0.0014999999999929514,4816.232963906944,bench_add_reg_abs
207.60768,207.60918,0.0015000000000213731,4812.671444447125,bench_add_reg_abs
207.80858,207.81006,0.0014799999999866031,4736.493830524838,bench_add_reg_abs
208.00946,208.01096,0.0015000000000213731,4796.257864286702,bench_add_reg_abs
208.21036,208.21186,0.0014999999999929514,4791.781948855238,bench_add_reg_abs
208.41126,208.41276,0.0014999999999929514,4802.646818548458,bench_add_reg_abs
208.61216,208.61366,0.0015000000000213731,4822.7304477021935,bench_add_reg_abs
208.81306,208.81456,0.0014999999999929514,4823.052014666269,bench_add_reg_abs
209.01396,209.01546,0.0014999999999929514,4826.689078449667,bench_add_reg_abs
209.21486,209.21636,0.0015000000000213731,4848.683257656581,bench_add_reg_abs
209.41574,209.41724,0.0014999999999929514,4853.424597508992,bench_add_reg_abs
209.61664,209.61814,0.0015000000000213731,4855.609752772469,bench_add_reg_abs
209.81754,209.81904,0.0014999999999929514,4859.39555333458,bench_add_reg_abs
210.01844,210.01992,0.0014800000000150249,4802.330953582847,bench_add_reg_abs
210.21932,210.22082,0.0014999999999929514,4864.870666035957,bench_add_reg_abs
210.42022,210.42088,0.000660000000010541,1807.763006103257,bench_inc_reg
210.62028,210.62094,0.0006599999999821193,1803.5635281726472,bench_inc_reg
210.82034,210.821,0.000660000000010541,1804.16058985479,bench_inc_reg
211.0204,211.02106,0.000660000000010541,1811.8872167883746,bench_inc_reg
211.22046,211.22112,0.000660000000010541,1811.003936480773,bench_inc_reg
211.42052,211.42118,0.0006599999999821193,1815.1565710449258,bench_inc_reg
211.6206,211.62126,0.000660000000010541,1793.7222589115488,bench_inc_reg
211.82064,211.8213,0.000660000000010541,1814.212694329935,bench_inc_reg
212.0207,212.02136,0.0006599999999821193,1800.868404046205,bench_inc_reg
212.22076,212.22144,0.0006799999999884676,1866.8234464310092,bench_inc_reg
212.42084,212.4215,0.000660000000010541,1794.7714706248444,bench_inc_reg
212.6209,212.62156,0.0006599999999821193,1817.0462804335812,bench_inc_reg
212.82096,212.82162,0.0006599999999821193,1803.0572728608158,bench_inc_reg
213.02102,213.02168,0.000660000000010541,1813.4492473080566,bench_inc_reg
213.22108,213.22174,0.000660000000010541,1811.0886635557733,bench_inc_reg
213.42114,213.4218,0.0006599999999821193,1815.1680379548804,bench_inc_reg
213.6212,213.62186,0.000660000000010541,1799.2922524348746,bench_inc_reg
213.82126,213.82192,0.000660000000010541,1805.6654674310678,bench_inc_reg
214.02132,214.02198,0.000660000000010541,1807.7223236021953,bench_inc_reg
214.22138,214.22204,0.0006599999999821193,1811.2810607446595,bench_inc_reg
214.42144,214.4221,0.000660000000010541,1811.9952967733984,bench_inc_reg
214.62152,214.62218,0.0006599999999821193,1794.9565569374522,bench_inc_reg
214.82158,214.82224,0.0006599999999821193,1800.1263169010024,bench_inc_reg
215.02164,215.0223,0.000660000000010541,1790.768499520658,bench_inc_reg
215.22172,215.22238,0.0006599999999821193,1804.8473912702036,bench_inc_reg
215.42178,215.42244,0.0006599999999821193,1795.5419164518037,bench_inc_reg
215.62184,215.6225,0.000660000000010541,1793.406526592226,bench_inc_reg
215.8219,215.82256,0.000660000000010541,1808.0616672828087,bench_inc_reg
216.02198,216.02264,0.0006599999999821193,1805.9070244797717,bench_inc_reg
216.22204,216.2227,0.000660000000010541,1801.3244960801258,bench_inc_reg
216.4221,216.42276,0.000660000000010541,1807.454125985781,bench_inc_reg
216.62218,216.62284,0.000660000000010541,1794.8772129949173,bench_inc_reg
216.82224,216.8229,0.000660000000010541,1804.416321717703,bench_inc_reg
217.0223,217.02296,0.000660000000010541,1801.8138339111042,bench_inc_reg
217.22236,217.22302,0.0006599999999821193,1809.2283536123396,bench_inc_reg
217.42242,217.42308,0.000660000000010541,1807.097373567007,bench_inc_reg
217.6225,217.62316,0.000660000000010541,1780.8709270589263,bench_inc_reg
217.82256,217.82322,0.0006599999999821193,1807.0726375470817,bench_inc_reg
218.02264,218.0233,0.000660000000010541,1797.1126712234272,bench_inc_reg
218.2227,218.22336,0.000660000000010541,1803.3054122041233,bench_inc_reg
218.42276,218.42342,0.0006599999999821193,1791.2388871788035,bench_inc_reg
218.62282,218.62348,0.000660000000010541,1794.988941434846,bench_inc_reg
218.8229,218.82356,0.0006599999999821193,1797.9780048557302,bench_inc_reg
219.02296,219.02362,0.0006599999999821193,1805.5357550646768,bench_inc_reg
219.22304,219.2237,0.000660000000010541,1798.9168875232338,bench_inc_reg
219.4231,219.42376,0.0006599999999821193,1798.1749074021204,bench_inc_reg
219.62316,219.62382,0.0006599999999821193,1812.51713069023,bench_inc_reg
219.82324,219.8239,0.000660000000010541,1795.1929266860784,bench_inc_reg
220.0233,220.02396,0.0006599999999821193,1808.8584811831845,bench_inc_reg
220.22338,220.22404,0.000660000000010541,1792.9587350567613,bench_inc_reg
220.42344,220.4241,0.000660000000010541,1791.6199122854093,bench_inc_reg
220.6235,220.62416,0.0006599999999821193,1799.48583007275,bench_inc_reg
220.82358,220.82424,0.000660000000010541,1799.9735707751445,bench_inc_reg
221.02364,221.0243,0.000660000000010541,1785.9797436108015,bench_inc_reg
221.2237,221.22436,0.0006599999999821193,1783.5786565580013,bench_inc_reg
221.42376,221.42442,0.000660000000010541,1793.0928315390527,bench_inc_reg
221.62384,221.6245,0.000660000000010541,1788.121527090743,bench_inc_reg
221.8239,221.82456,0.0006599999999821193,1793.481761069195,bench_inc_reg
222.02396,222.02464,0.0006800000000168893,1855.2466086661884,bench_inc_reg
222.22404,222.2247,0.000660000000010541,1800.996232804468,bench_inc_reg
222.4241,222.42476,0.0006599999999821193,1805.2481952493777,bench_inc_reg
222.62418,222.62484,0.000660000000010541,1792.9686885635444,bench_inc_reg
222.82426,222.82492,0.0006599999999821193,1780.5446870070696,bench_inc_reg
223.02432,223.02498,0.000660000000010541,1801.427805367555,bench_inc_reg
223.22438,223.22506,0.0006800000000168893,1850.4273077024604,bench_inc_reg
223.42446,223.42512,0.0006599999999821193,1776.3078072485812,bench_inc_reg
223.62452,223.62518,0.000660000000010541,1782.6218530862316,bench_inc_reg
223.82458,223.82524,0.000660000000010541,1786.5336849663893,bench_inc_reg
224.02464,224.0253,0.0006599999999821193,1795.1898788525452,bench_inc_reg
224.22472,224.22538,0.000660000000010541,1777.7418438679497,bench_inc_reg
224.42478,224.42544,0.000660000000010541,1783.1829074137722,bench_inc_reg
224.62484,224.6255,0.0006599999999821193,1792.5793677063969,bench_inc_reg
224.8249,224.82556,0.0006599999999821193,1788.3531143324788,bench_inc_reg
225.02496,225.02562,0.000660000000010541,1799.4642421001806,bench_inc_reg
225.22504,225.2257,0.0006599999999821193,1785.6531938959345,bench_inc_reg
225.4251,225.42576,0.000660000000010541,1777.7612083942379,bench_inc_reg
225.62518,225.62584,0.000660000000010541,1774.9909893910615,bench_inc_reg
225.82524,225.8259,0.0006599999999821193,1799.2517188572403,bench_inc_reg
226.0253,226.02596,0.000660000000010541,1786.0192503207786,bench_inc_reg
226.22538,226.22604,0.000660000000010541,1785.2455959951344,bench_inc_reg
226.42544,226.4261,0.0006599999999821193,1791.346259359436,bench_inc_reg
226.6255,226.62616,0.000660000000010541,1792.8581522212546,bench_inc_reg
226.82556,226.82624,0.0006800000000168893,1834.4474211810366,bench_inc_reg
227.02564,227.0263,0.0006599999999821193,1788.383636104287,bench_inc_reg
227.2257,227.22636,0.000660000000010541,1774.948274284788,bench_inc_reg
227.42576,227.42642,0.000660000000010541,1775.2832104763381,bench_inc_reg
227.62582,227.62648,0.0006599999999821193,1792.343216898861,bench_inc_reg
227.82588,227.82654,0.0006599999999821193,1783.3930230132096,bench_inc_reg
228.02596,228.02662,0.000660000000010541,1777.7509615127246,bench_inc_reg
228.22602,228.22668,0.0006599999999821193,1771.9901632007093,bench_inc_reg
228.42608,228.42674,0.0006599999999821193,1783.704962524759,bench_inc_reg
228.62614,228.6268,0.000660000000010541,1778.3346795800344,bench_inc_reg
228.8262,228.82686,0.000660000000010541,1772.5182976879307,bench_inc_reg
229.02626,229.02692,0.0006599999999821193,1790.8889147866412,bench_inc_reg
229.22634,229.227,0.000660000000010541,1759.7646382958053,bench_inc_reg
229.4264,229.42706,0.000660000000010541,1793.3517648208758,bench_inc_reg
229.62646,229.62712,0.0006599999999821193,1789.546126910382,bench_inc_reg
229.82652,229.82718,0.000660000000010541,1781.295230648308,bench_inc_reg
230.02658,230.02724,0.000660000000010541,1790.4756870434635,bench_inc_reg
230.22666,230.22732,0.0006599999999821193,1773.3220359689042,bench_inc_reg
230.42672,230.42822,0.0015000000000213731,4836.952216061239,bench_inc_idx
230.62762,230.62912,0.0014999999999929514,4840.901601104609,bench_inc_idx
230.82852,230.83002,0.0014999999999929514,4852.1609138457525,bench_inc_idx
231.02942,231.03092,0.0015000000000213731,4867.816162365256,bench_inc_idx
231.23032,231.23182,0.0014999999999929514,4867.631471693046,bench_inc_idx
231.43124,231.43274,0.0014999999999929514,4886.257287557257,bench_inc_idx
231.63214,231.63364,0.0015000000000213731,4897.30531589633,bench_inc_idx
231.83304,231.83454,0.0014999999999929514,4898.436390771817,bench_inc_idx
232.03396,232.03544,0.0014799999999866031,4825.211993840151,bench_inc_idx
232.23486,232.23636,0.0014999999999929514,4882.144802226508,bench_inc_idx
232.43576,232.43726,0.0015000000000213731,4867.618340138196,bench_inc_idx
232.63666,232.63816,0.0014999999999929514,4869.442814938627,bench_inc_idx
232.83758,232.83908,0.0014999999999929514,4850.694129686307,bench_inc_idx
233.03848,233.03998,0.0015000000000213731,4856.160450795576,bench_inc_idx
233.23938,233.24088,0.0014999999999929514,4849.654650291492,bench_inc_idx
233.44028,233.44178,0.0014999999999929514,4831.654163986729,bench_inc_idx
233.64118,233.64268,0.0015000000000213731,4821.153672014059,bench_inc_idx
233.8421,233.8436,0.0015000000000213731,4817.480656852825,bench_inc_idx
234.043,234.0445,0.0014999999999929514,4815.238362620285,bench_inc_idx
234.2439,234.2454,0.0014999999999929514,4813.64152857618,bench_inc_idx
234.44482,234.44632,0.0014999999999929514,4837.877040240399,bench_inc_idx
234.64572,234.64722,0.0014999999999929514,4847.971654937928,bench_inc_idx
234.84664,234.84814,0.0014999999999929514,4867.311753310449,bench_inc_idx
235.04754,235.04904,0.0014999999999929514,4868.73578045106,bench_inc_idx
235.24844,235.24994,0.0015000000000213731,4875.457505766047,bench_inc_idx
235.44934,235.45084,0.0014999999999929514,4888.5829164404,bench_inc_idx
235.65026,235.65176,0.0014999999999929514,4876.451005669644,bench_inc_idx
235.85116,235.85266,0.0014999999999929514,4896.648444678202,bench_inc_idx
236.05206,236.05356,0.0014999999999929514,4886.11272766728,bench_inc_idx
236.25296,236.25446,0.0014999999999929514,4899.286027044398,bench_inc_idx
236.45388,236.45536,0.0014800000000150249,4809.102742052215,bench_inc_idx
236.65478,236.65628,0.0015000000000213731,4881.876008655141,bench_inc_idx
236.85568,236.85718,0.0014999999999929514,4861.299393208762,bench_inc_idx
237.0566,237.05808,0.0014799999999866031,4779.502288394152,bench_inc_idx
237.2575,237.259,0.0014999999999929514,4837.15089501395,bench_inc_idx
237.4584,237.4599,0.0014999999999929514,4833.644649455184,bench_inc_idx
237.6593,237.6608,0.0014999999999929514,4833.731022640707,bench_inc_idx
237.86022,237.86172,0.0014999999999929514,4841.706319688131,bench_inc_idx
238.06112,238.06262,0.0015000000000213731,4848.179936014038,bench_inc_idx
238.26204,238.26354,0.0014999999999929514,4871.234127762792,bench_inc_idx
238.46296,238.46446,0.0014999999999929514,4889.461633260286,bench_inc_idx
238.66386,238.66536,0.0014999999999929514,4891.357512655805,bench_inc_idx
238.86478,238.86628,0.0014999999999929514,4861.171762435837,bench_inc_idx
239.0657,239.0672,0.0015000000000213731,4880.42987191574,bench_inc_idx
239.2666,239.2681,0.0014999999999929514,4867.322212060705,bench_inc_idx
239.4675,239.469,0.0014999999999929514,4872.973582219135,bench_inc_idx
239.66842,239.66992,0.0014999999999929514,4874.142226741423,bench_inc_idx
239.86934,239.87084,0.0014999999999929514,4875.808430347748,bench_inc_idx
240.07026,240.07174,0.0014800000000150249,4802.2637609886315,bench_inc_idx
240.27116,240.27266,0.0014999999999929514,4866.046181391299,bench_inc_idx
240.47206,240.47356,0.0014999999999929514,4833.968449360245,bench_inc_idx
240.67298,240.67448,0.0014999999999929514,4811.751740029198,bench_inc_idx
240.87388,240.87538,0.0014999999999929514,4808.266721642136,bench_inc_idx
241.0748,241.0763,0.0014999999999929514,4821.7621817945555,bench_inc_idx
241.2757,241.2772,0.0014999999999929514,4812.890724255963,bench_inc_idx
241.47662,241.4781,0.0014800000000150249,4780.44631663098,bench_inc_idx
241.67752,241.67902,0.0015000000000213731,4852.655308857701,bench_inc_idx
241.87842,241.87992,0.0014999999999929514,4861.880335933232,bench_inc_idx
242.07932,242.08082,0.0014999999999929514,4875.633525640198,bench_inc_idx
242.28022,242.28172,0.0014999999999929514,4894.722420697962,bench_inc_idx
242.48114,242.48262,0.0014799999999866031,4803.79695766884,bench_inc_idx
242.68204,242.68354,0.0014999999999929514,4894.4582463945135,bench_inc_idx
242.88294,242.88444,0.0015000000000213731,4895.958297489754,bench_inc_idx
243.08386,243.08536,0.0015000000000213731,4896.444294206748,bench_inc_idx
243.28476,243.28626,0.0014999999999929514,4876.406996022685,bench_inc_idx
243.48566,243.48716,0.0014999999999929514,4884.79600984148,bench_inc_idx
243.68656,243.68806,0.0015000000000213731,4875.701742782854,bench_inc_idx
243.88748,243.88898,0.0014999999999929514,4852.671523089426,bench_inc_idx
244.08838,244.08988,0.0014999999999929514,4847.641119244929,bench_inc_idx
244.2893,244.2908,0.0014999999999929514,4824.527539290319,bench_inc_idx
244.4902,244.4917,0.0015000000000213731,4835.5545197383135,bench_inc_idx
244.69112,244.6926,0.0014799999999866031,4761.736120518445,bench_inc_idx
244.89202,244.89352,0.0014999999999929514,4867.880891519893,bench_inc_idx
245.09292,245.09442,0.0015000000000213731,4847.254073316588,bench_inc_idx
245.29382,245.29532,0.0014999999999929514,4880.1480047162495,bench_inc_idx
245.49474,245.49622,0.0014799999999866031,4783.247006082323,bench_inc_idx
245.69564,245.69714,0.0014999999999929514,4860.561706568647,bench_inc_idx
245.89654,245.89804,0.0015000000000213731,4854.995850543466,bench_inc_idx
246.09744,246.09894,0.0014999999999929514,4860.694021894282,bench_inc_idx
246.29836,246.29984,0.0014799999999866031,4804.914109364794,bench_inc_idx
246.49926,246.50076,0.0015000000000213731,4866.838085068679,bench_inc_idx
246.70016,246.70166,0.0014999999999929514,4872.779850824542,bench_inc_idx
246.90106,246.90256,0.0014999999999929514,4858.575079102195,bench_inc_idx
247.10198,247.10348,0.0014999999999929514,4840.704202629918,bench_inc_idx
247.30288,247.30438,0.0015000000000213731,4839.020809227979,bench_inc_idx
247.5038,247.5053,0.0014999999999929514,4821.385049703187,bench_inc_idx
247.7047,247.7062,0.0014999999999929514,4815.956077049746,bench_inc_idx
247.9056,247.9071,0.0015000000000213731,4819.270530785105,bench_inc_idx
248.10652,248.10802,0.0015000000000213731,4821.339158876512,bench_inc_idx
248.3074,248.3089,0.0014999999999929514,4836.044700328219,bench_inc_idx
248.50832,248.50982,0.0014999999999929514,4835.521932668767,bench_inc_idx
248.70922,248.71072,0.0015000000000213731,4864.533222349542,bench_inc_idx
248.91012,248.91162,0.0014999999999929514,4873.768996890145,bench_inc_idx
249.11102,249.11252,0.0014999999999929514,4877.565810434738,bench_inc_idx
249.31194,249.31344,0.0015000000000213731,4880.103620304946,bench_inc_idx
249.51284,249.51434,0.0014999999999929514,4889.702377816438,bench_inc_idx
249.71376,249.71526,0.0014999999999929514,4890.347237209675,bench_inc_idx
249.91466,249.91616,0.0014999999999929514,4890.660184878369,bench_inc_idx
250.11558,250.11708,0.0014999999999929514,4891.3527419562915,bench_inc_idx
250.31648,250.31798,0.0014999999999929514,4889.686473154343,bench_inc_idx
250.5174,250.5189,0.0014999999999929514,4902.840917906208,bench_inc_sym
250.7183,250.7198,0.0014999999999929514,4897.994189500768,bench_inc_sym
250.91922,250.9207,0.0014800000000150249,4800.318321261459,bench_inc_sym
251.12012,251.12162,0.0015000000000213731,4856.498055230122,bench_inc_sym
251.32102,251.32252,0.0014999999999929514,4867.854146263835,bench_inc_sym
251.52192,251.52342,0.0014999999999929514,4876.130570169991,bench_inc_sym
251.72282,251.72432,0.0014999999999929514,4892.526334128203,bench_inc_sym
251.92374,251.92522,0.0014799999999866031,4823.0342287134035,bench_inc_sym
252.12464,252.12612,0.0014799999999866031,4843.297691505386,bench_inc_sym
252.32554,252.32702,0.0014800000000150249,4848.453910139429,bench_inc_sym
252.52644,252.52794,0.0014999999999929514,4917.532873782203,bench_inc_sym
252.72734,252.72884,0.0014999999999929514,4927.073342236997,bench_inc_sym
252.92824,252.92974,0.0015000000000213731,4926.122666872708,bench_inc_sym
253.12914,253.13062,0.0014799999999866031,4866.7975584528085,bench_inc_sym
253.33002,253.33152,0.0015000000000213731,4937.347823359531,bench_inc_sym
253.53092,253.53242,0.0014999999999929514,4928.550200977913,bench_inc_sym
253.73182,253.7333,0.0014800000000150249,4854.551926302832,bench_inc_sym
253.93272,253.9342,0.0014800000000150249,4818.280879457116,bench_inc_sym
254.1336,254.1351,0.0014999999999929514,4886.061104458163,bench_inc_sym
254.3345,254.336,0.0015000000000213731,4871.392522542909,bench_inc_sym
254.5354,254.5369,0.0014999999999929514,4846.1008001803875,bench_inc_sym
254.7363,254.7378,0.0014999999999929514,4855.625373287841,bench_inc_sym
254.9372,254.9387,0.0015000000000213731,4849.392881220425,bench_inc_sym
255.1381,255.13958,0.0014799999999866031,4790.303886357691,bench_inc_sym
255.339,255.34048,0.0014800000000150249,4822.851626716894,bench_inc_sym
255.53988,255.54138,0.0014999999999929514,4876.553204351275,bench_inc_sym
255.74078,255.74228,0.0014999999999929514,4922.682892042956,bench_inc_sym
255.94168,255.94318,0.0015000000000213731,4893.160627760412,bench_inc_sym
256.14258,256.14406,0.0014800000000150249,4838.834924206411,bench_inc_sym
256.34346,256.34496,0.0015000000000213731,4902.403357043088,bench_inc_sym
256.54436,256.54586,0.0015000000000213731,4927.4990894587545,bench_inc_sym
256.74526,256.74676,0.0015000000000213731,4923.273990933578,bench_inc_sym
256.94616,256.94764,0.0014799999999581814,4859.111164555961,bench_inc_sym
257.14706,257.14854,0.0014800000000150249,4840.657496872898,bench_inc_sym
257.34796,257.34944,0.0014800000000150249,4841.734003325869,bench_inc_sym
257.54886,257.55034,0.0014800000000150249,4843.783152806005,bench_inc_sym
257.74976,257.75124,0.0014800000000150249,4822.914840238962,bench_inc_sym
257.95066,257.95214,0.0014799999999581814,4800.354062907823,bench_inc_sym
258.15154,258.15304,0.0014999999999645297,4893.548001882004,bench_inc_sym
258.35244,258.35394,0.0015000000000213731,4865.611575149551,bench_inc_sym
258.55334,258.55484,0.0015000000000213731,4876.334620705988,bench_inc_sym
258.75424,258.75574,0.0015000000000213731,4875.182784232763,bench_inc_sym
258.95514000000003,258.95664,0.0014999999999645297,4897.482716360689,bench_inc_sym
259.15604,259.15752,0.0014799999999581814,4846.998737058205,bench_inc_sym
259.35694,259.35842,0.0014800000000150249,4842.977458661648,bench_inc_sym
259.55782,259.55932,0.0015000000000213731,4911.645785976977,bench_inc_sym
259.75872,259.76022,0.0015000000000213731,4930.260463224507,bench_inc_sym
259.95962,259.9611,0.0014800000000150249,4863.738901961743,bench_inc_sym
260.1605,260.162,0.0014999999999645297,4942.989603032254,bench_inc_sym
260.3614,260.3629,0.0015000000000213731,4919.351618806558,bench_inc_sym
260.5623,260.56378,0.0014800000000150249,4851.20279486386,bench_inc_sym
260.7632,260.76468,0.0014800000000150249,4837.807985071799,bench_inc_sym
260.96408,260.96558,0.0014999999999645297,4894.159610732489,bench_inc_sym
261.16498,261.16648,0.0014999999999645297,4878.760368911201,bench_inc_sym
261.36588,261.36736,0.0014800000000150249,4804.325504275722,bench_inc_sym
261.56676,261.56826,0.0015000000000213731,4862.514140620635,bench_inc_sym
261.76766,261.76916,0.0015000000000213731,4860.777563952833,bench_inc_sym
261.96856,261.97006,0.0014999999999645297,4857.506051073296,bench_inc_sym
262.16946,262.17094,0.0014799999999581814,4793.054798947322,bench_inc_sym
262.37034,262.37184,0.0015000000000213731,4868.554447378622,bench_inc_sym
262.57124,262.57274,0.0015000000000213731,4882.448881467268,bench_inc_sym
262.77214,262.77364,0.0015000000000213731,4890.116453242139,bench_inc_sym
262.97304,262.97452,0.0014799999999581814,4835.120802603922,bench_inc_sym
263.17394,263.17542,0.0014799999999581814,4848.555729119026,bench_inc_sym
263.37484,263.37632,0.0014800000000150249,4848.94931554066,bench_inc_sym
263.57574,263.57722,0.0014800000000150249,4857.789992870132,bench_inc_sym
263.77664,263.77812,0.0014800000000150249,4860.311853749361,bench_inc_sym
263.97754,263.97902,0.0014800000000150249,4854.6407139446665,bench_inc_sym
264.17844,264.17992,0.0014799999999581814,4846.870179616306,bench_inc_sym
264.37934,264.38082,0.0014800000000150249,4852.697097276943,bench_inc_sym
264.58022,264.58172,0.0015000000000213731,4899.625035540056,bench_inc_sym
264.78112,264.78262,0.0015000000000213731,4885.337965169232,bench_inc_sym
264.98202,264.98352,0.0015000000000213731,4884.96094250805,bench_inc_sym
265.18292,265.18442,0.0014999999999645297,4866.917210047296,bench_inc_sym
265.38382,265.3853,0.0014799999999581814,4802.006573746412,bench_inc_sym
265.58472,265.5862,0.0014800000000150249,4804.469686981244,bench_inc_sym
265.78562,265.7871,0.0014800000000150249,4801.387607633943,bench_inc_sym
265.98652,265.988,0.0014800000000150249,4819.50300052169,bench_inc_sym
266.18742,266.1889,0.0014800000000150249,4829.041983517427,bench_inc_sym
266.38832,266.38982,0.0014999999999645297,4924.123755074026,bench_inc_sym
266.58922,266.5907,0.0014800000000150249,4852.261110260796,bench_inc_sym
266.79012,266.7916,0.0014800000000150249,4861.281181269314,bench_inc_sym
266.99102,266.9925,0.0014800000000150249,4862.167954030405,bench_inc_sym
267.19192,267.19342,0.0015000000000213731,4906.9057801529625,bench_inc_sym
267.39282,267.39432,0.0015000000000213731,4899.1220189047135,bench_inc_sym
267.59372,267.59522,0.0014999999999645297,4911.928556273653,bench_inc_sym
267.79464,267.79612,0.0014799999999581814,4838.157428756004,bench_inc_sym
267.99554,267.99702,0.0014800000000150249,4846.71704010439,bench_inc_sym
268.19644,268.19792,0.0014800000000150249,4836.410658949748,bench_inc_sym
268.39734,268.39882,0.0014800000000150249,4824.933896357856,bench_inc_sym
268.59824,268.59974,0.0015000000000213731,4872.321707730552,bench_inc_sym
268.79914,268.80064,0.0014999999999645297,4862.266252630033,bench_inc_sym
269.00004,269.00154,0.0014999999999645297,4844.2048997390475,bench_inc_sym
269.20096,269.20244,0.0014800000000150249,4771.140033894034,bench_inc_sym
269.40186,269.40336,0.0015000000000213731,4865.050469596298,bench_inc_sym
269.60276,269.60426,0.0015000000000213731,4871.76267437454,bench_inc_sym
269.80368,269.80516,0.0014800000000150249,4821.229195273808,bench_inc_sym
270.00458,270.00608,0.0015000000000213731,4892.4652604176545,bench_inc_sym
270.20548,270.20698,0.0014999999999645297,4908.677113593452,bench_inc_sym
270.4064,270.40788,0.0014799999999581814,4852.965751057201,bench_inc_sym
270.6073,270.60878,0.0014800000000150249,4795.791495174358,bench_inc_abs
270.8082,270.8097,0.0015000000000213731,4852.836788699884,bench_inc_abs
271.0091,271.0106,0.0015000000000213731,4878.701381455013,bench_inc_abs
271.21,271.2115,0.0015000000000213731,4864.801743602171,bench_inc_abs
271.4109,271.4124,0.0014999999999645297,4876.049253966264,bench_inc_abs
271.61182,271.61332,0.0014999999999645297,4858.470593924403,bench_inc_abs
271.81272,271.81422,0.0014999999999645297,4855.68585328349,bench_inc_abs
272.01362,272.01512,0.0015000000000213731,4832.335691966842,bench_inc_abs
272.21452,272.21602,0.0015000000000213731,4826.21652779549,bench_inc_abs
272.41542,272.41692,0.0015000000000213731,4802.357880468989,bench_inc_abs
272.61632,272.61782,0.0015000000000213731,4806.113457376494,bench_inc_abs
272.81722,272.81872,0.0014999999999645297,4811.187395710554,bench_inc_abs
273.01812,273.01962,0.0014999999999645297,4822.60476786592,bench_inc_abs
273.21902,273.22052,0.0015000000000213731,4829.705706864882,bench_inc_abs
273.41992,273.42142,0.0015000000000213731,4824.54035438258,bench_inc_abs
273.62082,273.62232,0.0015000000000213731,4822.21312595278,bench_inc_abs
273.82172,273.82322,0.0014999999999645297,4848.833631139748,bench_inc_abs
274.02262,274.02412,0.0014999999999645297,4835.371868565342,bench_inc_abs
274.22354,274.22502,0.0014799999999581814,4785.955308336933,bench_inc_abs
274.42444,274.42594,0.0015000000000213731,4860.515443212875,bench_inc_abs
274.62534,274.62682,0.0014800000000150249,4784.106125635264,bench_inc_abs
274.82624,274.82774,0.0015000000000213731,4847.706793877985,bench_inc_abs
275.02714,275.02864,0.0015000000000213731,4856.917257489576,bench_inc_abs
275.22804,275.22954,0.0014999999999645297,4847.042935317914,bench_inc_abs
275.42894,275.43044,0.0014999999999645297,4844.088798737515,bench_inc_abs
275.62984,275.63134,0.0015000000000213731,4826.00854483867,bench_inc_abs
275.83074,275.83224,0.0015000000000213731,4809.869451049838,bench_inc_abs
276.03164,276.03312,0.0014800000000150249,4739.6634961977215,bench_inc_abs
276.23254,276.23402,0.0014800000000150249,4734.965048312948,bench_inc_abs
276.43342,276.43492,0.0014999999999645297,4788.459103906115,bench_inc_abs
276.63432,276.63582,0.0015000000000213731,4802.083920289883,bench_inc_abs
276.83522,276.83672,0.0015000000000213731,4805.006845926393,bench_inc_abs
277.03614,277.03762,0.0014800000000150249,4743.991021582382,bench_inc_abs
277.23704,277.23852,0.0014800000000150249,4768.368022100042,bench_inc_abs
277.43794,277.43942,0.0014799999999581814,4772.934187064433,bench_inc_abs
277.63884,277.64034,0.0014999999999645297,4844.316700357625,bench_inc_abs
277.83974,277.84124,0.0015000000000213731,4860.648408134094,bench_inc_abs
278.04064,278.04214,0.0015000000000213731,4858.238394444103,bench_inc_abs
278.24154,278.24304,0.0015000000000213731,4878.630570668983,bench_inc_abs
278.44244,278.44394,0.0015000000000213731,4868.053870811039,bench_inc_abs
278.64334,278.64484,0.0014999999999645297,4865.651775498145,bench_inc_abs
278.84426,278.84574,0.0014799999999581814,4787.216286506055,bench_inc_abs
279.04516,279.04664,0.0014800000000150249,4797.559033665242,bench_inc_abs
279.24606,279.24756,0.0015000000000213731,4858.303165598998,bench_inc_abs
279.44696,279.44846,0.0015000000000213731,4854.988053044271,bench_inc_abs
279.64786,279.64936,0.0015000000000213731,4842.839504194144,bench_inc_abs
279.84878,279.85026,0.0014800000000150249,4764.313323004161,bench_inc_abs
280.04968,280.05118,0.0014999999999645297,4814.280411110913,bench_inc_abs
280.25058,280.25208,0.0014999999999645297,4782.779817357781,bench_inc_abs
280.4515,280.45298,0.0014800000000150249,4728.627223564042,bench_inc_abs
280.6524,280.6539,0.0015000000000213731,4780.544831952816,bench_inc_abs
280.8533,280.8548,0.0015000000000213731,4816.326331417441,bench_inc_abs
281.0542,281.0557,0.0015000000000213731,4828.642278514817,bench_inc_abs
281.2551,281.2566,0.0014999999999645297,4832.255397806128,bench_inc_abs
281.456,281.4575,0.0014999999999645297,4846.368601895278,bench_inc_abs
281.6569,281.6584,0.0014999999999645297,4846.79665172163,bench_inc_abs
281.8578,281.8593,0.0015000000000213731,4826.903841531262,bench_inc_abs
282.0587,282.0602,0.0015000000000213731,4844.592455843024,bench_inc_abs
282.2596,282.2611,0.0015000000000213731,4847.523085843103,bench_inc_abs
282.4605,282.462,0.0014999999999645297,4866.464927205418,bench_inc_abs
282.6614,282.6629,0.0014999999999645297,4854.022776590159,bench_inc_abs
282.8623,282.8638,0.0015000000000213731,4845.651176363478,bench_inc_abs
283.0632,283.0647,0.0015000000000213731,4841.4557334710325,bench_inc_abs
283.2641,283.2656,0.0015000000000213731,4839.835281086701,bench_inc_abs
283.465,283.4665,0.0015000000000213731,4825.831840351509,bench_inc_abs
283.6659,283.66738,0.0014799999999581814,4754.663961802153,bench_inc_abs
283.8668,283.86828,0.0014800000000150249,4739.904250066589,bench_inc_abs
284.0677,284.06918,0.0014800000000150249,4732.07665379322,bench_inc_abs
284.2686,284.27008,0.0014800000000150249,4744.087390183756,bench_inc_abs
284.4695,284.47098,0.0014800000000150249,4746.898559435807,bench_inc_abs
284.67038,284.67188,0.0014999999999645297,4829.1645081459255,bench_inc_abs
284.8713,284.87278,0.0014799999999581814,4780.144772821191,bench_inc_abs
285.0722,285.07368,0.0014800000000150249,4786.720017483144,bench_inc_abs
285.2731,285.27458,0.0014800000000150249,4798.812705605596,bench_inc_abs
285.47398,285.47548,0.0015000000000213731,4874.32467525326,bench_inc_abs
285.67488,285.67636,0.0014800000000150249,4793.248188265346,bench_inc_abs
285.87578,285.87726,0.0014799999999581814,4808.46753097279,bench_inc_abs
286.07666,286.07816,0.0015000000000213731,4864.832554082322,bench_inc_abs
286.27756,286.27906,0.0015000000000213731,4870.144638768737,bench_inc_abs
286.47846,286.47996,0.0015000000000213731,4869.465488081768,bench_inc_abs
286.67936,286.68084,0.0014800000000150249,4796.577054123315,bench_inc_abs
286.88026,286.88174,0.0014799999999581814,4768.731121303278,bench_inc_abs
287.08114,287.08264,0.0015000000000213731,4825.79619164764,bench_inc_abs
287.28204,287.28354,0.0015000000000213731,4813.205881580342,bench_inc_abs
287.48294,287.48444,0.0015000000000213731,4805.9764668144035,bench_inc_abs
287.68384,287.68534,0.0015000000000213731,4790.732285547942,bench_inc_abs
287.88474,287.88624,0.0014999999999645297,4793.279641192778,bench_inc_abs
288.08564,288.08714,0.0014999999999645297,4789.8505743404,bench_inc_abs
288.28654,288.28804,0.0015000000000213731,4775.816653924386,bench_inc_abs
288.48744,288.48892,0.0014800000000150249,4738.731596203641,bench_inc_abs
288.68834,288.68982,0.0014800000000150249,4750.713431326648,bench_inc_abs
288.88924,288.89072,0.0014800000000150249,4763.153579598615,bench_inc_abs
289.09014,289.09162,0.0014799999999581814,4774.8677757106,bench_inc_abs
289.29104,289.29254,0.0014999999999645297,4839.384874677915,bench_inc_abs
289.49194,289.49344,0.0015000000000213731,4853.986371380489,bench_inc_abs
289.69284,289.69434,0.0015000000000213731,4833.874271787635,bench_inc_abs
289.89374,289.89524,0.0015000000000213731,4853.6972120174405,bench_inc_abs
290.09464,290.09614,0.0014999999999645297,4862.479008615972,bench_inc_abs
290.29554,290.29704,0.0014999999999645297,4855.348439769008,bench_inc_abs
290.49646,290.49794,0.0014800000000150249,4783.321670302255,bench_inc_abs
290.69736,290.69804,0.0006799999999884676,1857.9362309206977,bench_rlam_1_reg
290.89746,290.89814,0.0006799999999884676,1842.399777329576,bench_rlam_1_reg
291.09754,291.09822,0.000680000000045311,1839.5924476398113,bench_rlam_1_reg
291.29764,291.2983,0.0006599999999821193,1781.679545481439,bench_rlam_1_reg
291.49772,291.4984,0.0006799999999884676,1842.6026682923005,bench_rlam_1_reg
291.69782,291.69848,0.0006600000000389628,1784.7142067040238,bench_rlam_1_reg
291.8979,291.89858,0.0006799999999884676,1849.7032299408909,bench_rlam_1_reg
292.098,292.09868,0.0006799999999884676,1851.7909245199903,bench_rlam_1_reg
292.29808,292.29876,0.0006799999999884676,1838.9814462891075,bench_rlam_1_reg
292.49816,292.49884,0.0006799999999884676,1837.9572988269058,bench_rlam_1_reg
292.69826,292.69894,0.0006799999999884676,1839.2854230155535,bench_rlam_1_reg
292.89834,292.89902,0.0006799999999884676,1846.668554892639,bench_rlam_1_reg
293.09842,293.0991,0.000680000000045311,1840.7442468628522,bench_rlam_1_reg
293.2985,293.29918,0.0006799999999884676,1845.60439314252,bench_rlam_1_reg
293.49858,293.49926,0.0006799999999884676,1836.771415514186,bench_rlam_1_reg
293.69866,293.69934,0.0006799999999884676,1845.2314473212382,bench_rlam_1_reg
293.89876,293.89944,0.000680000000045311,1829.683648089725,bench_rlam_1_reg
294.09886,294.09952,0.0006599999999821193,1790.3409548563857,bench_rlam_1_reg
294.29894,294.29962,0.0006799999999884676,1834.1382033674947,bench_rlam_1_reg
294.49904,294.49972,0.000680000000045311,1837.8621480801262,bench_rlam_1_reg
294.69912,294.6998,0.0006799999999884676,1835.827636507861,bench_rlam_1_reg
294.8992,294.89988,0.0006799999999884676,1834.4653513910719,bench_rlam_1_reg
295.09928,295.09996,0.0006799999999884676,1839.0171555375343,bench_rlam_1_reg
295.29938,295.30004,0.0006600000000389628,1782.5649097774183,bench_rlam_1_reg
295.49946,295.50014,0.0006799999999884676,1844.2123685687438,bench_rlam_1_reg
295.69956,295.70024,0.0006799999999884676,1838.3688781912176,bench_rlam_1_reg
295.89964,295.90032,0.000680000000045311,1859.8506158597424,bench_rlam_1_reg
296.09974,296.10042,0.0006799999999884676,1851.2440821815621,bench_rlam_1_reg
296.29982,296.3005,0.0006799999999884676,1848.5468066831286,bench_rlam_1_reg
296.49992,296.5006,0.000680000000045311,1834.8045229391878,bench_rlam_1_reg
296.70002,296.7007,0.0006799999999884676,1834.82007121317,bench_rlam_1_reg
296.9001,296.90078,0.0006799999999884676,1832.4850941676232,bench_rlam_1_reg
297.1002,297.10086,0.0006600000000389628,1768.6332297727502,bench_rlam_1_reg
297.30028,297.30096,0.0006799999999884676,1832.796090727341,bench_rlam_1_reg
297.50036,297.50104,0.0006799999999884676,1835.372690083651,bench_rlam_1_reg
297.70044,297.70112,0.0006799999999884676,1836.0626161651037,bench_rlam_1_reg
297.90054,297.90122,0.000680000000045311,1836.786740590367,bench_rlam_1_reg
298.10062,298.1013,0.0006799999999884676,1834.3272106475677,bench_rlam_1_reg
298.3007,298.30138,0.0006799999999884676,1847.3994894554623,bench_rlam_1_reg
298.5008,298.50148,0.0006799999999884676,1841.6128074264311,bench_rlam_1_reg
298.70088,298.70156,0.0006799999999884676,1831.4441758959151,bench_rlam_1_reg
298.90096,298.90164,0.0006799999999884676,1856.8851705380398,bench_rlam_1_reg
299.10106,299.10174,0.0006799999999884676,1826.7318279971425,bench_rlam_1_reg
299.30114,299.30182,0.000680000000045311,1837.7446803663433,bench_rlam_1_reg
299.50124,299.50192,0.0006799999999884676,1821.9129787498475,bench_rlam_1_reg
299.70132,299.702,0.0006799999999884676,1824.3920988964917,bench_rlam_1_reg
299.9014,299.90208,0.0006799999999884676,1822.5093138799882,bench_rlam_1_reg
300.10148,300.10216,0.000680000000045311,1844.7186543080556,bench_rlam_1_reg
300.30158,300.30226,0.0006799999999884676,1825.4128494007668,bench_rlam_1_reg
300.50166,300.50234,0.0006799999999884676,1854.0154699798336,bench_rlam_1_reg
300.70174,300.70242,0.000680000000045311,1848.2939667484925,bench_rlam_1_reg
300.90184,300.9025,0.0006599999999821193,1772.610482251063,bench_rlam_1_reg
301.10192,301.1026,0.0006799999999884676,1829.300159555687,bench_rlam_1_reg
301.302,301.30268,0.0006799999999884676,1827.6291107326383,bench_rlam_1_reg
301.50208,301.50276,0.000680000000045311,1826.4829135907037,bench_rlam_1_reg
301.70218,301.70284,0.0006599999999821193,1770.62629717755,bench_rlam_1_reg
301.90226,301.90294,0.0006799999999884676,1830.8200128008864,bench_rlam_1_reg
302.10234,302.10302,0.0006799999999884676,1829.8960336891532,bench_rlam_1_reg
302.30244,302.30312,0.0006799999999884676,1830.6267354433458,bench_rlam_1_reg
302.50252,302.5032,0.0006799999999884676,1826.8377310283895,bench_rlam_1_reg
302.70262,302.7033,0.0006799999999884676,1821.0443132069947,bench_rlam_1_reg
302.9027,302.90338,0.000680000000045311,1830.2553730482994,bench_rlam_1_reg
303.10278,303.10346,0.0006799999999884676,1822.9530751472382,bench_rlam_1_reg
303.30288,303.30356,0.0006799999999884676,1828.922023952023,bench_rlam_1_reg
303.50296,303.50364,0.000680000000045311,1817.0779944790336,bench_rlam_1_reg
303.70306,303.70372,0.0006599999999821193,1772.4650608890488,bench_rlam_1_reg
303.90314,303.90382,0.0006799999999884676,1825.8466734231897,bench_rlam_1_reg
304.10322,304.1039,0.0006799999999884676,1826.605836355017,bench_rlam_1_reg
304.3033,304.30398,0.000680000000045311,1825.6550749225046,bench_rlam_1_reg
304.50338,304.50406,0.0006799999999884676,1837.5771911568231,bench_rlam_1_reg
304.70346,304.70414,0.0006799999999884676,1823.8062015422013,bench_rlam_1_reg
304.90354,304.90422,0.0006799999999884676,1826.7682729774804,bench_rlam_1_reg
305.10362,305.1043,0.000680000000045311,1812.1307297994501,bench_rlam_1_reg
305.3037,305.30438,0.0006799999999884676,1816.9583286858121,bench_rlam_1_reg
305.50378,305.50446,0.0006799999999884676,1836.106230008554,bench_rlam_1_reg
305.70386,305.70454,0.0006799999999884676,1830.9116176823766,bench_rlam_1_reg
305.90394,305.90462,0.000680000000045311,1839.1407212636536,bench_rlam_1_reg
306.10402,306.1047,0.0006799999999884676,1824.8804425587498,bench_rlam_1_reg
306.3041,306.30478,0.0006799999999884676,1827.373406818235,bench_rlam_1_reg
306.5042,306.50488,0.0006799999999884676,1825.784426132508,bench_rlam_1_reg
306.70428,306.70496,0.000680000000045311,1821.3101081932564,bench_rlam_1_reg
306.90436,306.90504,0.0006799999999884676,1814.8309527613787,bench_rlam_1_reg
307.10444,307.10512,0.0006799999999884676,1823.366265707389,bench_rlam_1_reg
307.30454,307.30522,0.000680000000045311,1818.5409555580868,bench_rlam_1_reg
307.50462,307.5053,0.0006799999999884676,1817.9871095127637,bench_rlam_1_reg
307.70472,307.7054,0.0006799999999884676,1826.669028929465,bench_rlam_1_reg
307.9048,307.90548,0.0006799999999884676,1809.5215619026928,bench_rlam_1_reg
308.10488,308.10556,0.000680000000045311,1815.9534830062994,bench_rlam_1_reg
308.30496,308.30564,0.0006799999999884676,1843.7741184378813,bench_rlam_1_reg
308.50506,308.50574,0.0006799999999884676,1831.7981972003672,bench_rlam_1_reg
308.70514000000003,308.70582,0.0006799999999884676,1826.2449232330187,bench_rlam_1_reg
308.90524,308.90592,0.0006799999999884676,1822.5024011650817,bench_rlam_1_reg
309.10532,309.106,0.0006799999999884676,1811.432256332777,bench_rlam_1_reg
309.3054,309.30608,0.0006799999999884676,1824.9801476063303,bench_rlam_1_reg
309.50548,309.50616,0.000680000000045311,1840.2010552968545,bench_rlam_1_reg
309.70558,309.70626,0.0006799999999884676,1821.1185792198994,bench_rlam_1_reg
309.90566,309.90634,0.0006799999999884676,1824.6127105866858,bench_rlam_1_reg
310.10574,310.10642,0.0006799999999884676,1823.4445922497985,bench_rlam_1_reg
310.30584,310.30652,0.0006799999999884676,1823.7468832898824,bench_rlam_1_reg
310.50594,310.50662,0.0006799999999884676,1823.5872801959354,bench_rlam_1_reg
310.70602,310.70684,0.0008199999999760621,2180.425783066753,bench_rlam_2_reg
310.90624,310.90704,0.0007999999999697138,2116.2675715914083,bench_rlam_2_reg
311.10646,311.10726,0.0007999999999697138,2123.5662744321253,bench_rlam_2_reg
311.30668,311.30748,0.0008000000000265572,2125.702879938874,bench_rlam_2_reg
311.50688,311.50768,0.0007999999999697138,2138.671034378724,bench_rlam_2_reg
311.7071,311.7079,0.0007999999999697138,2119.964414641294,bench_rlam_2_reg
311.9073,311.90812,0.0008199999999760621,2190.407295636254,bench_rlam_2_reg
312.10752,312.10832,0.0007999999999697138,2127.2499602188923,bench_rlam_2_reg
312.30774,312.30854,0.0007999999999697138,2104.839116698598,bench_rlam_2_reg
312.50794,312.50876,0.0008199999999760621,2190.5367285153457,bench_rlam_2_reg
312.70816,312.70896,0.0007999999999697138,2133.855260815134,bench_rlam_2_reg
312.90838,312.90918,0.0007999999999697138,2130.727870287527,bench_rlam_2_reg
313.10858,313.1094,0.0008199999999760621,2199.9443065533583,bench_rlam_2_reg
313.3088,313.3096,0.0007999999999697138,2140.907484476394,bench_rlam_2_reg
313.50902,313.50982,0.0007999999999697138,2141.889408138923,bench_rlam_2_reg
313.70924,313.71004,0.0007999999999697138,2130.5548771167037,bench_rlam_2_reg
313.90946,313.91026,0.0007999999999697138,2135.290210034666,bench_rlam_2_reg
314.10966,314.11048,0.0008199999999760621,2210.0145741486435,bench_rlam_2_reg
314.30988,314.31068,0.0007999999999697138,2144.482771306697,bench_rlam_2_reg
314.51008,314.51088,0.0007999999999697138,2158.169813827847,bench_rlam_2_reg
314.7103,314.7111,0.0007999999999697138,2149.6233529379047,bench_rlam_2_reg
314.9105,314.9113,0.0007999999999697138,2158.607584335711,bench_rlam_2_reg
315.11072,315.11152,0.0007999999999697138,2145.8846609189086,bench_rlam_2_reg
315.31092,315.31172,0.0007999999999697138,2154.5709505749282,bench_rlam_2_reg
315.51114,315.51194,0.0007999999999697138,2147.0104808944743,bench_rlam_2_reg
315.71136,315.71216,0.0007999999999697138,2151.0403788717044,bench_rlam_2_reg
315.91156,315.91236,0.0007999999999697138,2161.677281759625,bench_rlam_2_reg
316.11176,316.11258,0.0008199999999760621,2205.0789743027035,bench_rlam_2_reg
316.31198,316.31278,0.0007999999999697138,2163.819251499451,bench_rlam_2_reg
316.5122,316.513,0.0007999999999697138,2152.242304210898,bench_rlam_2_reg
316.7124,316.7132,0.0007999999999697138,2154.6169392928846,bench_rlam_2_reg
316.91262,316.91342,0.0007999999999697138,2154.825653334599,bench_rlam_2_reg
317.11282,317.11362,0.0008000000000265572,2169.8781383038963,bench_rlam_2_reg
317.31304,317.31384,0.0008000000000265572,2136.1250407803154,bench_rlam_2_reg
317.51324,317.51404,0.0008000000000265572,2174.943629731854,bench_rlam_2_reg
317.71346,317.71426,0.0008000000000265572,2157.9448227608987,bench_rlam_2_reg
317.91366,317.91448,0.0008200000000329055,2216.798449028369,bench_rlam_2_reg
318.11388,318.11468,0.0008000000000265572,2156.771645026928,bench_rlam_2_reg
318.3141,318.3149,0.0008000000000265572,2139.382439278178,bench_rlam_2_reg
318.5143,318.5151,0.0008000000000265572,2136.0456385480184,bench_rlam_2_reg
318.7145,318.7153,0.0008000000000265572,2152.9654716954096,bench_rlam_2_reg
318.9147,318.9155,0.0008000000000265572,2167.1210416487843,bench_rlam_2_reg
319.11492,319.11572,0.0008000000000265572,2148.275734006853,bench_rlam_2_reg
319.31512,319.31594,0.0008200000000329055,2214.148333396823,bench_rlam_2_reg
319.51534,319.51614,0.0008000000000265572,2154.305304948127,bench_rlam_2_reg
319.71556,319.71636,0.0008000000000265572,2157.2201350572864,bench_rlam_2_reg
319.91576,319.91656,0.0008000000000265572,2149.138820903984,bench_rlam_2_reg
320.11596,320.11676,0.0008000000000265572,2162.8930699904654,bench_rlam_2_reg
320.31618,320.31698,0.0008000000000265572,2152.742093976452,bench_rlam_2_reg
320.51638,320.51718,0.0007999999999697138,2141.5336685173834,bench_rlam_2_reg
320.7166,320.7174,0.0007999999999697138,2155.3026138718565,bench_rlam_2_reg
320.9168,320.9176,0.0007999999999697138,2165.4464489654047,bench_rlam_2_reg
321.11702,321.11782,0.0007999999999697138,2154.634257211523,bench_rlam_2_reg
321.31722,321.31804,0.0008199999999760621,2207.9827309710663,bench_rlam_2_reg
321.51744,321.51824,0.0007999999999697138,2142.5738603771188,bench_rlam_2_reg
321.71764,321.71846,0.0008199999999760621,2213.6868489121907,bench_rlam_2_reg
321.91786,321.91866,0.0007999999999697138,2142.3807017501927,bench_rlam_2_reg
322.11806,322.11886,0.0007999999999697138,2152.3343421574837,bench_rlam_2_reg
322.31828,322.31908,0.0007999999999697138,2140.5179937460184,bench_rlam_2_reg
322.51848,322.51928,0.0007999999999697138,2138.6308780949,bench_rlam_2_reg
322.71868,322.71948,0.0007999999999697138,2138.4048251551903,bench_rlam_2_reg
322.9189,322.9197,0.0007999999999697138,2120.1026997639824,bench_rlam_2_reg
323.1191,323.1199,0.0007999999999697138,2133.3193731582664,bench_rlam_2_reg
323.3193,323.3201,0.0008000000000265572,2139.6035212847796,bench_rlam_2_reg
323.5195,323.5203,0.0008000000000265572,2128.1723678889493,bench_rlam_2_reg
323.7197,323.72052,0.0008200000000329055,2192.900003961946,bench_rlam_2_reg
323.91992,323.92072,0.0008000000000265572,2116.5486868303724,bench_rlam_2_reg
324.12012,324.12092,0.0008000000000265572,2119.7454445863364,bench_rlam_2_reg
324.32032,324.32112,0.0008000000000265572,2110.6660343597146,bench_rlam_2_reg
324.52052,324.52132,0.0008000000000265572,2123.4760247990794,bench_rlam_2_reg
324.72072000000003,324.72152,0.0007999999999697138,2142.8580511263694,bench_rlam_2_reg
324.92092,324.92172,0.0007999999999697138,2130.9150311997687,bench_rlam_2_reg
325.12112,325.12192,0.0007999999999697138,2127.7588069431586,bench_rlam_2_reg
325.32132,325.32214,0.0008199999999760621,2185.5022524704077,bench_rlam_2_reg
325.52152,325.52234,0.0008199999999760621,2171.0343471966808,bench_rlam_2_reg
325.72174,325.72254,0.0007999999999697138,2117.0251210310703,bench_rlam_2_reg
325.92194,325.92274,0.0007999999999697138,2123.4027830996797,bench_rlam_2_reg
326.12214,326.12294,0.0008000000000265572,2119.846711941011,bench_rlam_2_reg
326.32234,326.32314,0.0008000000000265572,2123.8346142507567,bench_rlam_2_reg
326.52254,326.52334,0.0008000000000265572,2129.979021922925,bench_rlam_2_reg
326.72274,326.72354,0.0008000000000265572,2124.8145332420945,bench_rlam_2_reg
326.92296,326.92376,0.0008000000000265572,2111.5422924832123,bench_rlam_2_reg
327.12316,327.12396,0.0008000000000265572,2117.6718199482275,bench_rlam_2_reg
327.32336,327.32416,0.0008000000000265572,2128.7454595652266,bench_rlam_2_reg
327.52356,327.52436,0.0008000000000265572,2140.851861413115,bench_rlam_2_reg
327.72378,327.72458,0.0008000000000265572,2131.7383019133836,bench_rlam_2_reg
327.92398,327.92478,0.0008000000000265572,2129.4459794525283,bench_rlam_2_reg
328.12418,328.12498,0.0007999999999697138,2135.4136451978334,bench_rlam_2_reg
328.3244,328.3252,0.0007999999999697138,2122.9972433208272,bench_rlam_2_reg
328.5246,328.5254,0.0007999999999697138,2137.9389333530503,bench_rlam_2_reg
328.7248,328.7256,0.0007999999999697138,2151.9006019420394,bench_rlam_2_reg
328.925,328.92582,0.0008199999999760621,2196.336975249986,bench_rlam_2_reg
329.12522,329.12602,0.0007999999999697138,2131.8510918937973,bench_rlam_2_reg
329.32542,329.32622,0.0007999999999697138,2152.64701741968,bench_rlam_2_reg
329.52564,329.52644,0.0007999999999697138,2147.2219633019313,bench_rlam_2_reg
329.72584,329.72664,0.0007999999999697138,2160.3078836662667,bench_rlam_2_reg
329.92606,329.92686,0.0007999999999697138,2152.001471176325,bench_rlam_2_reg
330.12626,330.12706,0.0007999999999697138,2158.543546605791,bench_rlam_2_reg
330.32646,330.32726,0.0008000000000265572,2149.554286226356,bench_rlam_2_reg
330.52668,330.52748,0.0008000000000265572,2134.106983506055,bench_rlam_2_reg
330.72688,330.7278,0.0009200000000078035,2404.022021246897,bench_rlam_3_reg
330.92722,330.92814,0.0009200000000078035,2406.2393675874046,bench_rlam_3_reg
331.12754,331.12848,0.0009400000000141517,2455.078144587906,bench_rlam_3_reg
331.32788,331.3288,0.0009200000000078035,2398.200344787493,bench_rlam_3_reg
331.52822,331.52914,0.0009200000000078035,2399.778885330869,bench_rlam_3_reg
331.72854,331.72948,0.0009400000000141517,2443.1403749911647,bench_rlam_3_reg
331.92888,331.9298,0.0009200000000078035,2396.7058281678987,bench_rlam_3_reg
332.1292,332.13014,0.0009399999999573083,2457.9754959352563,bench_rlam_3_reg
332.32954,332.33046,0.0009200000000078035,2415.8810940753406,bench_rlam_3_reg
332.52988,332.5308,0.0009200000000078035,2398.9059310675216,bench_rlam_3_reg
332.7302,332.73114,0.0009399999999573083,2456.374331240083,bench_rlam_3_reg
332.93054,332.93146,0.0009200000000078035,2396.0269172867056,bench_rlam_3_reg
333.13088,333.1318,0.0009200000000078035,2405.859078308712,bench_rlam_3_reg
333.3312,333.33214,0.0009399999999573083,2460.9603358940067,bench_rlam_3_reg
333.53154,333.53246,0.0009200000000078035,2408.193100729803,bench_rlam_3_reg
333.73188,333.7328,0.0009200000000078035,2399.5183175717,bench_rlam_3_reg
333.93222,333.93314,0.0009200000000078035,2398.4358739427203,bench_rlam_3_reg
334.13254,334.13348,0.0009400000000141517,2454.401399045006,bench_rlam_3_reg
334.33288,334.33382,0.0009400000000141517,2460.8739582359767,bench_rlam_3_reg
334.53322000000003,334.53414,0.00091999999995096,2399.6650146679713,bench_rlam_3_reg
334.73356,334.73448,0.0009200000000078035,2391.864995018293,bench_rlam_3_reg
334.9339,334.93482,0.0009200000000078035,2386.010193760052,bench_rlam_3_reg
335.13422,335.13516,0.0009399999999573083,2447.6569866356426,bench_rlam_3_reg
335.33456,335.33548,0.0009200000000078035,2383.463974121824,bench_rlam_3_reg
335.5349,335.53582,0.0009200000000078035,2380.8264755916525,bench_rlam_3_reg
335.73522,335.73616,0.0009399999999573083,2444.0795694075496,bench_rlam_3_reg
335.93556,335.93648,0.0009200000000078035,2387.0948935061615,bench_rlam_3_reg
336.1359,336.13682,0.0009200000000078035,2384.173974887332,bench_rlam_3_reg
336.33624,336.33716,0.0009200000000078035,2373.354681803232,bench_rlam_3_reg
336.53656,336.5375,0.0009400000000141517,2431.674620639468,bench_rlam_3_reg
336.7369,336.73782,0.0009200000000078035,2373.4310642176893,bench_rlam_3_reg
336.93722,336.93816,0.0009399999999573083,2418.3161136262524,bench_rlam_3_reg
337.13756,337.13848,0.0009200000000078035,2365.4060065950007,bench_rlam_3_reg
337.3379,337.33882,0.0009200000000078035,2351.5660758424615,bench_rlam_3_reg
337.53822,337.53916,0.0009399999999573083,2429.0792293480367,bench_rlam_3_reg
337.73856,337.73948,0.0009200000000078035,2368.3726624780916,bench_rlam_3_reg
337.93888,337.93982,0.0009400000000141517,2426.361262383772,bench_rlam_3_reg
338.13922,338.14016,0.0009399999999573083,2430.387444193734,bench_rlam_3_reg
338.33956,338.34048,0.0009200000000078035,2377.078288718636,bench_rlam_3_reg
338.53988,338.54082,0.0009400000000141517,2432.2351557696666,bench_rlam_3_reg
338.74022,338.74114,0.00091999999995096,2378.788539057699,bench_rlam_3_reg
338.94056,338.94148,0.0009200000000078035,2375.5586543329114,bench_rlam_3_reg
339.14088,339.14182,0.0009400000000141517,2428.860990377721,bench_rlam_3_reg
339.34122,339.34214,0.00091999999995096,2376.677614961483,bench_rlam_3_reg
339.54156,339.54248,0.0009200000000078035,2386.1814150766863,bench_rlam_3_reg
339.7419,339.74282,0.0009200000000078035,2381.3608382179546,bench_rlam_3_reg
339.94222,339.94316,0.0009399999999573083,2443.9632262710184,bench_rlam_3_reg
340.14256,340.14348,0.0009200000000078035,2387.6247508657048,bench_rlam_3_reg
340.3429,340.34382,0.0009200000000078035,2388.9638623520586,bench_rlam_3_reg
340.54322,340.54416,0.0009399999999573083,2454.4753132983137,bench_rlam_3_reg
340.74356,340.7445,0.0009400000000141517,2456.110818351684,bench_rlam_3_reg
340.9439,340.94482,0.0009200000000078035,2397.1666139845074,bench_rlam_3_reg
341.14424,341.14516,0.00091999999995096,2410.106370079547,bench_rlam_3_reg
341.34458,341.3455,0.0009200000000078035,2394.786577225602,bench_rlam_3_reg
341.54492,341.54584,0.0009200000000078035,2390.4670332828823,bench_rlam_3_reg
341.74524,341.74618,0.0009399999999573083,2464.7647210909054,bench_rlam_3_reg
341.94558,341.94652,0.0009400000000141517,2449.7588468151503,bench_rlam_3_reg
342.14592,342.14684,0.0009200000000078035,2403.455772467136,bench_rlam_3_reg
342.34626,342.34718,0.0009200000000078035,2399.6059061309493,bench_rlam_3_reg
342.54658,342.54752,0.0009400000000141517,2454.772547389184,bench_rlam_3_reg
342.74692,342.74784,0.0009200000000078035,2413.986313651624,bench_rlam_3_reg
342.94726,342.94818,0.00091999999995096,2394.6846158594135,bench_rlam_3_reg
343.1476,343.14852,0.0009200000000078035,2404.847273152248,bench_rlam_3_reg
343.34794,343.34886,0.0009200000000078035,2406.340783955443,bench_rlam_3_reg
343.54826,343.5492,0.0009399999999573083,2453.242824273758,bench_rlam_3_reg
343.7486,343.74952,0.0009200000000078035,2406.6603579653392,bench_rlam_3_reg
343.94894,343.94986,0.0009200000000078035,2403.234196853237,bench_rlam_3_reg
344.14928,344.1502,0.0009200000000078035,2389.3590341618064,bench_rlam_3_reg
344.3496,344.35054,0.0009400000000141517,2453.6028318433378,bench_rlam_3_reg
344.54994,344.55086,0.0009200000000078035,2390.4707259784573,bench_rlam_3_reg
344.75026,344.75118,0.00091999999995096,2397.39969590285,bench_rlam_3_reg
344.95058,344.95152,0.0009400000000141517,2456.5571733241004,bench_rlam_3_reg
345.15092,345.15184,0.0009200000000078035,2407.8421015605745,bench_rlam_3_reg
345.35126,345.35218,0.00091999999995096,2403.4908458951463,bench_rlam_3_reg
345.5516,345.55252,0.0009200000000078035,2393.9817282554523,bench_rlam_3_reg
345.75192,345.75286,0.0009400000000141517,2472.726644529204,bench_rlam_3_reg
345.95226,345.9532,0.0009399999999573083,2448.5179454580366,bench_rlam_3_reg
346.1526,346.15352,0.0009200000000078035,2394.602980952055,bench_rlam_3_reg
346.35292,346.35386,0.0009400000000141517,2452.9646523798574,bench_rlam_3_reg
346.55326,346.55418,0.00091999999995096,2388.595156222197,bench_rlam_3_reg
346.7536,346.75452,0.0009200000000078035,2378.512111046667,bench_rlam_3_reg
346.95394,346.95486,0.0009200000000078035,2367.9310200114596,bench_rlam_3_reg
347.15428,347.1552,0.00091999999995096,2379.14142183978,bench_rlam_3_reg
347.35462,347.35554,0.0009200000000078035,2368.910515229345,bench_rlam_3_reg
347.55496,347.55588,0.0009200000000078035,2362.708104801258,bench_rlam_3_reg
347.75528,347.75622,0.0009399999999573083,2433.860439208077,bench_rlam_3_reg
347.95562,347.95654,0.0009200000000078035,2357.8734044116018,bench_rlam_3_reg
348.15594,348.15688,0.0009400000000141517,2430.2515481131704,bench_rlam_3_reg
348.35628,348.3572,0.00091999999995096,2366.450209951621,bench_rlam_3_reg
348.5566,348.55752,0.0009200000000078035,2369.2124616605556,bench_rlam_3_reg
348.75692,348.75786,0.0009400000000141517,2428.000019912019,bench_rlam_3_reg
348.95726,348.95818,0.0009200000000078035,2354.3994920410278,bench_rlam_3_reg
349.15758,349.1585,0.0009200000000078035,2363.7558613238657,bench_rlam_3_reg
349.3579,349.35884,0.0009400000000141517,2421.8529905686373,bench_rlam_3_reg
349.55824,349.55916,0.0009200000000078035,2382.840972873193,bench_rlam_3_reg
349.75856,349.7595,0.0009400000000141517,2429.7433998919973,bench_rlam_3_reg
349.9589,349.95982,0.00091999999995096,2362.9948378886693,bench_rlam_3_reg
350.15922,350.16016,0.0009400000000141517,2444.5316102705715,bench_rlam_3_reg
350.35956,350.36048,0.0009200000000078035,2361.0666999912987,bench_rlam_3_reg
350.55988,350.56082,0.0009399999999573083,2453.532751991069,bench_rlam_3_reg
350.76022,350.76128,0.001059999999995398,2691.778135473442,bench_rlam_4_reg
350.96068,350.96174,0.001059999999995398,2695.1784127902533,bench_rlam_4_reg
351.16116,351.1622,0.0010399999999890497,2634.933476782111,bench_rlam_4_reg
351.36162,351.36266,0.0010399999999890497,2641.394732012599,bench_rlam_4_reg
351.56208,351.56312,0.001040000000045893,2651.4608903216986,bench_rlam_4_reg
351.76254,351.76358,0.0010399999999890497,2647.6929499513,bench_rlam_4_reg
351.963,351.96404,0.0010399999999890497,2648.0008032608375,bench_rlam_4_reg
352.16344,352.1645,0.001059999999995398,2714.025597091481,bench_rlam_4_reg
352.3639,352.36496,0.001059999999995398,2713.0094612877065,bench_rlam_4_reg
352.56436,352.56542,0.001059999999995398,2704.388529498189,bench_rlam_4_reg
352.76482,352.76588,0.001059999999995398,2710.673485417375,bench_rlam_4_reg
352.96528,352.96632,0.0010399999999890497,2650.0193890806636,bench_rlam_4_reg
353.16572,353.16678,0.001059999999995398,2715.552090642252,bench_rlam_4_reg
353.36618,353.36724,0.001059999999995398,2701.428786381493,bench_rlam_4_reg
353.56664,353.56768,0.0010399999999890497,2652.767028166183,bench_rlam_4_reg
353.7671,353.76814,0.0010399999999890497,2649.0192161322743,bench_rlam_4_reg
353.96754,353.9686,0.001059999999995398,2714.5765791625386,bench_rlam_4_reg
354.168,354.16906,0.001059999999995398,2721.3882165833393,bench_rlam_4_reg
354.36846,354.3695,0.0010399999999890497,2657.7121857014195,bench_rlam_4_reg
354.56892,354.56996,0.0010399999999890497,2651.9085699456177,bench_rlam_4_reg
354.76936,354.77042,0.001059999999995398,2714.579054140414,bench_rlam_4_reg
354.96982,354.97088,0.001059999999995398,2725.4990790568163,bench_rlam_4_reg
355.17028,355.17134,0.001059999999995398,2714.1615305997993,bench_rlam_4_reg
355.37074,355.3718,0.001059999999995398,2696.6936792981255,bench_rlam_4_reg
355.5712,355.57226,0.0010600000000522414,2714.9039694691705,bench_rlam_4_reg
355.77166,355.77272,0.001059999999995398,2701.235688281515,bench_rlam_4_reg
355.97212,355.97318,0.001059999999995398,2684.2088461556714,bench_rlam_4_reg
356.17258,356.17364,0.001059999999995398,2672.785047908969,bench_rlam_4_reg
356.37304,356.3741,0.001059999999995398,2680.710272385144,bench_rlam_4_reg
356.5735,356.57456,0.001059999999995398,2674.2136780709307,bench_rlam_4_reg
356.77396,356.77502,0.001059999999995398,2665.7728222182604,bench_rlam_4_reg
356.97442,356.97546,0.0010399999999890497,2600.733218688474,bench_rlam_4_reg
357.17488,357.17594,0.0010600000000522414,2663.149389118708,bench_rlam_4_reg
357.37534,357.3764,0.001059999999995398,2675.070944237615,bench_rlam_4_reg
357.5758,357.57686,0.001059999999995398,2679.411836416747,bench_rlam_4_reg
357.77626,357.77732,0.001059999999995398,2671.432741919246,bench_rlam_4_reg
357.97672,357.97778,0.001059999999995398,2680.788910938498,bench_rlam_4_reg
358.17718,358.17822,0.0010399999999890497,2612.9569904456757,bench_rlam_4_reg
358.37764,358.37868,0.0010399999999890497,2615.3584569497243,bench_rlam_4_reg
358.5781,358.57914,0.0010399999999890497,2606.384963699376,bench_rlam_4_reg
358.77854,358.7796,0.001059999999995398,2695.396910390329,bench_rlam_4_reg
358.979,358.98006,0.001059999999995398,2694.093936588762,bench_rlam_4_reg
359.17946,359.18052,0.001059999999995398,2682.1139617711565,bench_rlam_4_reg
359.37992,359.38096,0.0010399999999890497,2637.549098528953,bench_rlam_4_reg
359.58036,359.58142,0.001059999999995398,2703.6458929062114,bench_rlam_4_reg
359.78082,359.78188,0.001059999999995398,2712.1012890586103,bench_rlam_4_reg
359.98128,359.98234,0.001059999999995398,2710.946707482733,bench_rlam_4_reg
360.18174,360.1828,0.001059999999995398,2714.275289323306,bench_rlam_4_reg
360.3822,360.38324,0.0010399999999890497,2648.9445543507086,bench_rlam_4_reg
360.58264,360.5837,0.001059999999995398,2714.180841536665,bench_rlam_4_reg
360.7831,360.78414,0.0010399999999890497,2656.1876712153635,bench_rlam_4_reg
360.98356,360.9846,0.0010399999999890497,2644.893755171884,bench_rlam_4_reg
361.18402,361.18506,0.001040000000045893,2660.4581415991083,bench_rlam_4_reg
361.38448,361.38552,0.0010399999999890497,2630.533955504608,bench_rlam_4_reg
361.58492,361.58598,0.001059999999995398,2718.8204414966203,bench_rlam_4_reg
361.78538,361.78644,0.0010600000000522414,2713.718123416668,bench_rlam_4_reg
361.98584,361.9869,0.001059999999995398,2715.681800613944,bench_rlam_4_reg
362.1863,362.18736,0.001059999999995398,2707.568532761311,bench_rlam_4_reg
362.38676,362.3878,0.001040000000045893,2658.072605390465,bench_rlam_4_reg
362.5872,362.58826,0.001059999999995398,2706.5386599852345,bench_rlam_4_reg
362.78768,362.78872,0.0010399999999890497,2648.347122543773,bench_rlam_4_reg
362.98814,362.98918,0.0010399999999890497,2646.571993810559,bench_rlam_4_reg
363.1886,363.18966,0.001059999999995398,2704.846649417422,bench_rlam_4_reg
363.38906,363.39012,0.0010600000000522414,2687.9511821568126,bench_rlam_4_reg
363.58952,363.59056,0.0010399999999890497,2630.8664632762952,bench_rlam_4_reg
363.78998,363.79102,0.0010399999999890497,2636.3065978163295,bench_rlam_4_reg
363.99044,363.99148,0.001040000000045893,2643.6469612052388,bench_rlam_4_reg
364.1909,364.19194,0.0010399999999890497,2622.2405652276734,bench_rlam_4_reg
364.39134,364.3924,0.001059999999995398,2666.0045818227563,bench_rlam_4_reg
364.5918,364.59284,0.001040000000045893,2620.8967064833455,bench_rlam_4_reg
364.79224,364.7933,0.001059999999995398,2663.306377359757,bench_rlam_4_reg
364.9927,364.99374,0.0010399999999890497,2626.03639389037,bench_rlam_4_reg
365.19316,365.1942,0.001040000000045893,2607.115453704616,bench_rlam_4_reg
365.3936,365.39466,0.001059999999995398,2674.809382293982,bench_rlam_4_reg
365.59406,365.59512,0.001059999999995398,2656.6127035615436,bench_rlam_4_reg
365.79452,365.79556,0.001040000000045893,2612.22406769112,bench_rlam_4_reg
365.99498,365.99602,0.0010399999999890497,2624.412353594275,bench_rlam_4_reg
366.19542,366.19648,0.001059999999995398,2675.4909078410174,bench_rlam_4_reg
366.3959,366.39694,0.0010399999999890497,2626.139188634487,bench_rlam_4_reg
366.59636,366.5974,0.0010399999999890497,2630.6750531943944,bench_rlam_4_reg
366.7968,366.79786,0.001059999999995398,2682.8552409711906,bench_rlam_4_reg
366.99726,366.99832,0.001059999999995398,2689.3960824233377,bench_rlam_4_reg
367.19772,367.19878,0.001059999999995398,2687.0671240478573,bench_rlam_4_reg
367.39818,367.39924,0.001059999999995398,2706.3328399875936,bench_rlam_4_reg
367.59864,367.5997,0.001059999999995398,2715.3909136542575,bench_rlam_4_reg
367.7991,367.80016,0.001059999999995398,2699.8370303604775,bench_rlam_4_reg
367.99956,368.0006,0.001040000000045893,2649.8459653369146,bench_rlam_4_reg
368.20002,368.20106,0.0010399999999890497,2662.139125150718,bench_rlam_4_reg
368.40048,368.40152,0.0010399999999890497,2642.13379701074,bench_rlam_4_reg
368.60092,368.60198,0.0010600000000522414,2699.6066632279844,bench_rlam_4_reg
368.80138,368.80242,0.0010399999999890497,2660.2041767705846,bench_rlam_4_reg
369.00182,369.00288,0.001059999999995398,2700.755039686892,bench_rlam_4_reg
369.20228,369.20334,0.0010600000000522414,2719.048021975967,bench_rlam_4_reg
369.40274,369.4038,0.001059999999995398,2711.3573066874897,bench_rlam_4_reg
369.6032,369.60424,0.0010399999999890497,2648.7199240033933,bench_rlam_4_reg
369.80364,369.8047,0.0010600000000522414,2717.3998836985274,bench_rlam_4_reg
370.0041,370.00516,0.001059999999995398,2718.826625492028,bench_rlam_4_reg
370.20456,370.20562,0.001059999999995398,2708.3875983765997,bench_rlam_4_reg
370.40502,370.40606,0.001040000000045893,2658.1326244738116,bench_rlam_4_reg
370.60548,370.60652,0.0010399999999890497,2663.1679478790293,bench_rlam_4_reg
370.80594,370.80724,0.0012999999999578904,3635.9485400478243,bench_jge_not_taken
371.00664,371.00794,0.0013000000000147338,3627.6661535202347,bench_jge_not_taken
371.20734,371.20864,0.0013000000000147338,3637.4611570968395,bench_jge_not_taken
371.40804,371.40934,0.0012999999999578904,3610.3159327556364,bench_jge_not_taken
371.60874,371.61004,0.0013000000000147338,3611.92833635728,bench_jge_not_taken
371.80946,371.81074,0.0012800000000083855,3526.213723263912,bench_jge_not_taken
372.01016,372.01144,0.0012800000000083855,3525.931099460529,bench_jge_not_taken
372.21084,372.21214,0.0012999999999578904,3585.091223813914,bench_jge_not_taken
372.41154,372.41284,0.0013000000000147338,3590.0508077356944,bench_jge_not_taken
372.61224,372.61354,0.0013000000000147338,3590.8011650214667,bench_jge_not_taken
372.81294,372.81422,0.0012799999999515421,3532.0390386876693,bench_jge_not_taken
373.01364,373.01494,0.0013000000000147338,3594.511866138549,bench_jge_not_taken
373.21434,373.21562,0.0012800000000083855,3558.2798323880534,bench_jge_not_taken
373.41502,373.41632,0.0012999999999578904,3619.347133071676,bench_jge_not_taken
373.61572,373.61702,0.0013000000000147338,3626.2409412649536,bench_jge_not_taken
373.81642,373.81772,0.0013000000000147338,3646.055213222133,bench_jge_not_taken
374.01712,374.0184,0.0012800000000083855,3568.705800022254,bench_jge_not_taken
374.21782,374.2191,0.0012800000000083855,3587.3775486995714,bench_jge_not_taken
374.4185,374.4198,0.0013000000000147338,3643.1687325733415,bench_jge_not_taken
374.6192,374.6205,0.0013000000000147338,3636.8496343999773,bench_jge_not_taken
374.8199,374.8212,0.0012999999999578904,3639.3848106804376,bench_jge_not_taken
375.0206,375.0219,0.0013000000000147338,3653.453211344394,bench_jge_not_taken
375.2213,375.2226,0.0013000000000147338,3629.4840975223296,bench_jge_not_taken
375.422,375.42328,0.0012799999999515421,3595.8516735907606,bench_jge_not_taken
375.62268,375.62398,0.0013000000000147338,3648.2346081615333,bench_jge_not_taken
375.82338,375.82468,0.0013000000000147338,3646.683038728511,bench_jge_not_taken
376.02408,376.02538,0.0012999999999578904,3633.411782659138,bench_jge_not_taken
376.22478,376.22606,0.0012800000000083855,3562.0171483789304,bench_jge_not_taken
376.42548,376.42676,0.0012800000000083855,3566.2176111052577,bench_jge_not_taken
376.62616,376.62746,0.0012999999999578904,3620.1075067317665,bench_jge_not_taken
376.82686,376.82816,0.0013000000000147338,3602.2693338198737,bench_jge_not_taken
377.02758,377.02886,0.0012800000000083855,3533.973959299586,bench_jge_not_taken
377.22828,377.22958,0.0013000000000147338,3593.809378846233,bench_jge_not_taken
377.42898,377.43028,0.0012999999999578904,3587.0949293995463,bench_jge_not_taken
377.62968,377.63098,0.0013000000000147338,3592.558559073339,bench_jge_not_taken
377.83038,377.83168,0.0013000000000147338,3587.5565140026265,bench_jge_not_taken
378.0311,378.03238,0.0012800000000083855,3544.2872159482154,bench_jge_not_taken
378.2318,378.23308,0.0012799999999515421,3551.13986865369,bench_jge_not_taken
378.4325,378.43378,0.0012800000000083855,3561.228413621027,bench_jge_not_taken
378.6332,378.6345,0.0013000000000147338,3631.2289699472567,bench_jge_not_taken
378.8339,378.8352,0.0012999999999578904,3631.1692324054775,bench_jge_not_taken
379.0346,379.0359,0.0013000000000147338,3639.6334646626715,bench_jge_not_taken
379.2353,379.23658,0.0012800000000083855,3579.269018983023,bench_jge_not_taken
379.436,379.43728,0.0012800000000083855,3577.670762345073,bench_jge_not_taken
379.63668,379.63798,0.0013000000000147338,3644.9350510174263,bench_jge_not_taken
379.83738,379.83868,0.0013000000000147338,3646.8754616063798,bench_jge_not_taken
380.03808,380.03938,0.0013000000000147338,3638.3343185788913,bench_jge_not_taken
380.23878,380.24008,0.0012999999999578904,3634.160936217812,bench_jge_not_taken
380.43948,380.44078,0.0013000000000147338,3654.4313212339475,bench_jge_not_taken
380.64018,380.64148,0.0013000000000147338,3636.0155232763886,bench_jge_not_taken
380.84088,380.84218,0.0012999999999578904,3632.624365717884,bench_jge_not_taken
381.0416,381.04288,0.0012800000000083855,3588.2181488107326,bench_jge_not_taken
381.24228,381.24358,0.0013000000000147338,3636.726923333512,bench_jge_not_taken
381.44298,381.44428,0.0013000000000147338,3636.1933639779645,bench_jge_not_taken
381.64368,381.64498,0.0012999999999578904,3620.423688425659,bench_jge_not_taken
381.84438,381.84568,0.0013000000000147338,3623.1234157914937,bench_jge_not_taken
382.04508,382.04638,0.0013000000000147338,3593.149774288333,bench_jge_not_taken
382.24578,382.24708,0.0012999999999578904,3596.027416506276,bench_jge_not_taken
382.44648,382.44778,0.0013000000000147338,3594.398542812009,bench_jge_not_taken
382.64718,382.64848,0.0013000000000147338,3580.4565740279136,bench_jge_not_taken
382.84788,382.84918,0.0013000000000147338,3595.0257047606474,bench_jge_not_taken
383.04858,383.04986,0.0012800000000083855,3540.6614234857752,bench_jge_not_taken
383.24926,383.25056,0.0013000000000147338,3623.536776330223,bench_jge_not_taken
383.44996,383.45126,0.0013000000000147338,3615.7077760917805,bench_jge_not_taken
383.65066,383.65196,0.0012999999999578904,3616.607347377156,bench_jge_not_taken
383.85138,383.85266,0.0012800000000083855,3569.937529995198,bench_jge_not_taken
384.05208,384.05336,0.0012800000000083855,3559.8177253581866,bench_jge_not_taken
384.25278,384.25408,0.0013000000000147338,3627.9092845995665,bench_jge_not_taken
384.45348,384.45478,0.0013000000000147338,3639.5959323671723,bench_jge_not_taken
384.65418,384.65548,0.0013000000000147338,3633.5847154732814,bench_jge_not_taken
384.85488,384.85618,0.0013000000000147338,3643.3304008603245,bench_jge_not_taken
385.05558,385.05688,0.0012999999999578904,3647.149733606032,bench_jge_not_taken
385.25628,385.25758,0.0013000000000147338,3650.9435205211607,bench_jge_not_taken
385.45698,385.45828,0.0013000000000147338,3629.2535905292048,bench_jge_not_taken
385.65768,385.65898,0.0012999999999578904,3631.095075844357,bench_jge_not_taken
385.85838,385.85968,0.0013000000000147338,3628.7112348108303,bench_jge_not_taken
386.05908,386.06036,0.0012800000000083855,3580.3160933122526,bench_jge_not_taken
386.25978,386.26108,0.0013000000000147338,3628.51752206012,bench_jge_not_taken
386.46048,386.46178,0.0012999999999578904,3625.34171888858,bench_jge_not_taken
386.66118,386.66248,0.0013000000000147338,3603.3019726593798,bench_jge_not_taken
386.86188,386.86318,0.0013000000000147338,3607.4056150873853,bench_jge_not_taken
387.06258,387.06388,0.0012999999999578904,3599.7433470158726,bench_jge_not_taken
387.26328,387.26458,0.0013000000000147338,3588.0930023656815,bench_jge_not_taken
387.46398,387.46528,0.0013000000000147338,3595.5318180405316,bench_jge_not_taken
387.66468,387.66598,0.0013000000000147338,3596.7971268604174,bench_jge_not_taken
387.86538,387.86668,0.0012999999999578904,3592.8588312688053,bench_jge_not_taken
388.0661,388.06738,0.0012800000000083855,3547.754650959983,bench_jge_not_taken
388.2668,388.2681,0.0013000000000147338,3610.7036192485825,bench_jge_not_taken
388.4675,388.4688,0.0013000000000147338,3613.5188793303814,bench_jge_not_taken
388.6682,388.6695,0.0013000000000147338,3618.3828628079373,bench_jge_not_taken
388.86892,388.8702,0.0012800000000083855,3576.468953423995,bench_jge_not_taken
389.06962,389.07092,0.0013000000000147338,3649.0819138033394,bench_jge_not_taken
389.27032,389.27162,0.0012999999999578904,3635.567026080511,bench_jge_not_taken
389.47104,389.47234,0.0012999999999578904,3639.2604116019374,bench_jge_not_taken
389.67174,389.67304,0.0013000000000147338,3646.599943792683,bench_jge_not_taken
389.87246,389.87374,0.0012800000000083855,3567.7250358564374,bench_jge_not_taken
390.07316,390.07446,0.0013000000000147338,3645.584289967511,bench_jge_not_taken
390.27386,390.27516,0.0013000000000147338,3638.156161213984,bench_jge_not_taken
390.47456,390.47586,0.0013000000000147338,3642.9806123892004,bench_jge_not_taken
390.67526,390.67656,0.0013000000000147338,3634.1959517946243,bench_jge_not_taken
390.87596,390.87724,0.0012799999999515421,3587.7140679807044,bench_jge_taken
391.07664,391.07792,0.0012800000000083855,3577.3325455619856,bench_jge_taken
391.27732,391.2786,0.0012800000000083855,3577.5621841073516,bench_jge_taken
391.478,391.47928,0.0012800000000083855,3551.585250558101,bench_jge_taken
391.67868,391.67996,0.0012800000000083855,3548.8780075991012,bench_jge_taken
391.87936,391.88064,0.0012800000000083855,3542.2647162455455,bench_jge_taken
392.08004,392.08132,0.0012800000000083855,3535.1636889639763,bench_jge_taken
392.28072,392.282,0.0012800000000083855,3537.411564064064,bench_jge_taken
392.48142,392.4827,0.0012800000000083855,3514.2831318230847,bench_jge_taken
392.6821,392.68338,0.0012800000000083855,3539.537587231766,bench_jge_taken
392.8828,392.88408,0.0012800000000083855,3536.6393113830827,bench_jge_taken
393.08348,393.08476,0.0012800000000083855,3545.9369328115085,bench_jge_taken
393.28418,393.28546,0.0012800000000083855,3547.573005809663,bench_jge_taken
393.48488,393.48614,0.0012600000000020373,3515.841178607758,bench_jge_taken
393.68556,393.68684,0.0012800000000083855,3569.1438871624796,bench_jge_taken
393.88626,393.88752,0.0012600000000020373,3513.5757783544655,bench_jge_taken
394.08694,394.08822,0.0012799999999515421,3574.8814044864225,bench_jge_taken
394.28762,394.2889,0.0012800000000083855,3578.3845721992743,bench_jge_taken
394.48832,394.48958,0.0012600000000020373,3528.648866351931,bench_jge_taken
394.689,394.69028,0.0012799999999515421,3585.7863163976544,bench_jge_taken
394.88968,394.89096,0.0012800000000083855,3577.3461172621205,bench_jge_taken
395.09036,395.09164,0.0012800000000083855,3597.2988792126325,bench_jge_taken
395.29106,395.29234,0.0012800000000083855,3579.0397273503663,bench_jge_taken
395.49174,395.49302,0.0012800000000083855,3591.2017477982426,bench_jge_taken
395.69244,395.6937,0.0012600000000020373,3529.45131018193,bench_jge_taken
395.89312,395.8944,0.0012800000000083855,3579.7893651946106,bench_jge_taken
396.09382,396.09508,0.0012600000000020373,3504.9693333098962,bench_jge_taken
396.2945,396.29578,0.0012799999999515421,3567.3874102882874,bench_jge_taken
396.4952,396.49648,0.0012800000000083855,3552.7520068183107,bench_jge_taken
396.6959,396.69718,0.0012800000000083855,3553.397627574593,bench_jge_taken
396.89658,396.89786,0.0012800000000083855,3535.569193805284,bench_jge_taken
397.09728,397.09856,0.0012800000000083855,3535.5718643572363,bench_jge_taken
397.29796,397.29924,0.0012800000000083855,3530.4801795023563,bench_jge_taken
397.49866,397.49994,0.0012800000000083855,3516.294423055309,bench_jge_taken
397.69934,397.70062,0.0012800000000083855,3540.0722176068357,bench_jge_taken
397.90002,397.9013,0.0012800000000083855,3545.438586768337,bench_jge_taken
398.10072,398.10198,0.0012600000000020373,3487.890271926056,bench_jge_taken
398.3014,398.30268,0.0012800000000083855,3548.0918991620124,bench_jge_taken
398.5021,398.50336,0.0012600000000020373,3498.53557536037,bench_jge_taken
398.70278,398.70406,0.0012800000000083855,3575.822114953858,bench_jge_taken
398.90348,398.90474,0.0012600000000020373,3494.263854817182,bench_jge_taken
399.10416,399.10544,0.0012800000000083855,3584.2485679642136,bench_jge_taken
399.30484,399.30612,0.0012800000000083855,3603.9155465762938,bench_jge_taken
399.50554,399.5068,0.0012600000000020373,3522.0621270227507,bench_jge_taken
399.70622,399.7075,0.0012800000000083855,3585.8870251442736,bench_jge_taken
399.90692,399.90818,0.0012600000000020373,3530.4352990358284,bench_jge_taken
400.1076,400.10888,0.0012800000000083855,3599.00821003532,bench_jge_taken
400.3083,400.30958,0.0012800000000083855,3588.151200711112,bench_jge_taken
400.509,400.51026,0.0012600000000020373,3537.2760240030557,bench_jge_taken
400.70968,400.71096,0.0012800000000083855,3574.87671778662,bench_jge_taken
400.91036,400.91164,0.0012799999999515421,3597.49520647792,bench_jge_taken
401.11106,401.11234,0.0012800000000083855,3571.7055457877113,bench_jge_taken
401.31174,401.31302,0.0012800000000083855,3563.019449390511,bench_jge_taken
401.51242,401.5137,0.0012799999999515421,3558.1968350749125,bench_jge_taken
401.71312,401.7144,0.0012800000000083855,3545.091459550126,bench_jge_taken
401.9138,401.91508,0.0012800000000083855,3542.6469031127403,bench_jge_taken
402.1145,402.11578,0.0012799999999515421,3532.4266411801223,bench_jge_taken
402.3152,402.31646,0.0012600000000020373,3467.3958760733817,bench_jge_taken
402.51588,402.51716,0.0012800000000083855,3540.85397211324,bench_jge_taken
402.71658,402.71786,0.0012799999999515421,3532.0088056358004,bench_jge_taken
402.91726,402.91854,0.0012800000000083855,3559.255788594523,bench_jge_taken
403.11796,403.11922,0.0012600000000020373,3503.748790840935,bench_jge_taken
403.31864,403.31992,0.0012800000000083855,3571.4726057009943,bench_jge_taken
403.51934,403.52062,0.0012800000000083855,3561.051033929802,bench_jge_taken
403.72004,403.72132,0.0012800000000083855,3562.5297180672405,bench_jge_taken
403.92072,403.922,0.0012800000000083855,3591.762853330279,bench_jge_taken
404.12142,404.1227,0.0012800000000083855,3582.8619310901763,bench_jge_taken
404.32212,404.3234,0.0012800000000083855,3590.0181928048078,bench_jge_taken
404.5228,404.52408,0.0012800000000083855,3588.367565547365,bench_jge_taken
404.7235,404.72478,0.0012800000000083855,3578.6166112211768,bench_jge_taken
404.92418,404.92546,0.0012800000000083855,3587.515128345932,bench_jge_taken
405.12488,405.12616,0.0012800000000083855,3590.6991548904125,bench_jge_taken
405.32558,405.32684,0.0012600000000020373,3523.8103824756586,bench_jge_taken
405.52626,405.52754,0.0012800000000083855,3567.8979079565347,bench_jge_taken
405.72696,405.72824,0.0012800000000083855,3559.3905300019082,bench_jge_taken
405.92764,405.92892,0.0012800000000083855,3569.732208297621,bench_jge_taken
406.12834,406.1296,0.0012600000000020373,3491.834490572523,bench_jge_taken
406.32902,406.3303,0.0012800000000083855,3550.7237748383513,bench_jge_taken
406.52972,406.531,0.0012800000000083855,3531.805470146866,bench_jge_taken
406.7304,406.73168,0.0012800000000083855,3535.105222870595,bench_jge_taken
406.93108,406.93236,0.0012800000000083855,3524.718494176458,bench_jge_taken
407.13176,407.13304,0.0012800000000083855,3527.9691336056403,bench_jge_taken
407.33246,407.33374,0.0012799999999515421,3529.8266074078015,bench_jge_taken
407.53314,407.53442,0.0012800000000083855,3535.52884890453,bench_jge_taken
407.73384,407.7351,0.0012600000000020373,3483.726624409433,bench_jge_taken
407.93452,407.9358,0.0012799999999515421,3563.064890769538,bench_jge_taken
408.1352,408.13648,0.0012800000000083855,3575.3039922811613,bench_jge_taken
408.33588,408.33716,0.0012800000000083855,3584.873729884563,bench_jge_taken
408.53656,408.53784,0.0012800000000083855,3584.5239251141497,bench_jge_taken
408.73724,408.73852,0.0012800000000083855,3591.452233991316,bench_jge_taken
408.93794,408.93922,0.0012799999999515421,3589.4182695418767,bench_jge_taken
409.13862,409.1399,0.0012800000000083855,3574.190586828875,bench_jge_taken
409.3393,409.34058,0.0012800000000083855,3591.036084141009,bench_jge_taken
409.53998,409.54126,0.0012800000000083855,3590.688691489302,bench_jge_taken
409.74068,409.74196,0.0012800000000083855,3590.4556350116973,bench_jge_taken
409.94136,409.94264,0.0012800000000083855,3568.969510996181,bench_jge_taken
410.14204,410.14332,0.0012800000000083855,3585.9065782497028,bench_jge_taken
410.34274,410.34402,0.0012800000000083855,3573.5266656000995,bench_jge_taken
410.54342,410.5447,0.0012799999999515421,3572.8305902665993,bench_jge_taken
410.74412,410.7454,0.0012800000000083855,3551.0382638485703,bench_jge_taken
410.9448,410.94556,0.0007600000000138607,2039.7463418073796,bench_jmp
411.14496,411.14572,0.0007599999999570173,2047.0799504347124,bench_jmp
411.34514,411.3459,0.0007599999999570173,2027.8030609426696,bench_jmp
411.5453,411.54606,0.0007600000000138607,2037.7923036417224,bench_jmp
411.74548,411.74624,0.0007600000000138607,2027.9054088038088,bench_jmp
411.94564,411.9464,0.0007599999999570173,2030.5154284961638,bench_jmp
412.1458,412.14656,0.0007600000000138607,2029.6034007695303,bench_jmp
412.34596,412.34672,0.0007600000000138607,2027.3179398348907,bench_jmp
412.54614,412.54688,0.0007400000000075124,1978.8082852315795,bench_jmp
412.7463,412.74706,0.0007599999999570173,2016.3902778758397,bench_jmp
412.94648,412.94724,0.0007600000000138607,2025.9930612884316,bench_jmp
413.14666,413.1474,0.0007400000000075124,1964.358524443197,bench_jmp
413.34682,413.34758,0.0007600000000138607,2027.3185498569646,bench_jmp
413.547,413.54776,0.0007599999999570173,2022.3623629237982,bench_jmp
413.74716,413.74792,0.0007600000000138607,2049.2730290073355,bench_jmp
413.94732,413.94808,0.0007600000000138607,2032.8796236295966,bench_jmp
414.1475,414.14824,0.0007400000000075124,1969.5270853435661,bench_jmp
414.34766,414.34842,0.0007599999999570173,2023.1950235213249,bench_jmp
414.54782,414.54858,0.0007600000000138607,2032.6384203913692,bench_jmp
414.748,414.74876,0.0007600000000138607,2029.6189841313378,bench_jmp
414.94816,414.94892,0.0007600000000138607,2037.7612160976491,bench_jmp
415.14834,415.1491,0.0007599999999570173,2034.6525286896208,bench_jmp
415.34852,415.34926,0.0007400000000075124,1970.1676746088965,bench_jmp
415.54868,415.54944,0.0007600000000138607,2013.578603554221,bench_jmp
415.74884,415.7496,0.0007600000000138607,2042.1996224214317,bench_jmp
415.949,415.94976,0.0007600000000138607,2035.7694011494546,bench_jmp
416.14918,416.14994,0.0007600000000138607,2032.4694854630447,bench_jmp
416.34934,416.3501,0.0007600000000138607,2036.2460124813952,bench_jmp
416.54952,416.55028,0.0007600000000138607,2025.8667460180552,bench_jmp
416.74968,416.75044,0.0007600000000138607,2043.8140444792757,bench_jmp
416.94986,416.95062,0.0007600000000138607,2027.1066204130416,bench_jmp
417.15002,417.15078,0.0007600000000138607,2043.8617584769195,bench_jmp
417.3502,417.35094,0.0007400000000075124,1987.0670489300048,bench_jmp
417.55036,417.55112,0.0007600000000138607,2036.9051676563092,bench_jmp
417.75052,417.75128,0.0007600000000138607,2050.850498533906,bench_jmp
417.9507,417.95146,0.0007600000000138607,2038.080631801495,bench_jmp
418.15086,418.15162,0.0007599999999570173,2050.3513560175397,bench_jmp
418.35104,418.35178,0.0007400000000075124,1992.3089817336688,bench_jmp
418.5512,418.55196,0.0007600000000138607,2053.7283807512217,bench_jmp
418.75136,418.75212,0.0007600000000138607,2053.6834886796573,bench_jmp
418.95154,418.9523,0.0007599999999570173,2049.115158010958,bench_jmp
419.1517,419.15246,0.0007600000000138607,2049.9071223111355,bench_jmp
419.35188,419.35264,0.0007600000000138607,2048.110037620882,bench_jmp
419.55204,419.5528,0.0007600000000138607,2058.2114626202583,bench_jmp
419.75222,419.75296,0.000739999999950669,2000.4837795498725,bench_jmp
419.95238,419.95314,0.0007600000000138607,2024.930529332042,bench_jmp
420.15254,420.1533,0.0007600000000138607,2061.084131758524,bench_jmp
420.3527,420.35346,0.0007599999999570173,2060.2536735592316,bench_jmp
420.55288,420.55364,0.0007599999999570173,2047.3750097309276,bench_jmp
420.75304,420.7538,0.0007600000000138607,2062.472126021414,bench_jmp
420.95322,420.95398,0.0007600000000138607,2058.6323529001675,bench_jmp
421.15338,421.15414,0.0007599999999570173,2064.244106739593,bench_jmp
421.35356,421.35432,0.0007599999999570173,2038.5522254397117,bench_jmp
421.55372,421.55448,0.0007600000000138607,2053.078135982685,bench_jmp
421.7539,421.75466,0.0007600000000138607,2058.8006917847556,bench_jmp
421.95406,421.95482,0.0007599999999570173,2062.494805876979,bench_jmp
422.15424,422.15498,0.0007400000000075124,1995.4071473477613,bench_jmp
422.3544,422.35516,0.0007600000000138607,2063.0753599513023,bench_jmp
422.55458,422.55534,0.0007600000000138607,2060.3158907508455,bench_jmp
422.75474,422.7555,0.0007599999999570173,2062.766863827511,bench_jmp
422.95492,422.95566,0.0007400000000075124,2008.0497488525536,bench_jmp
423.15508,423.15584,0.0007600000000138607,2062.4033804468604,bench_jmp
423.35524,423.356,0.0007600000000138607,2062.5999151311817,bench_jmp
423.55542,423.55618,0.0007599999999570173,2059.5898431287783,bench_jmp
423.75558,423.75634,0.0007600000000138607,2063.247235527979,bench_jmp
423.95576,423.95652,0.0007600000000138607,2056.2183927225765,bench_jmp
424.15592,424.15668,0.0007600000000138607,2062.554329216563,bench_jmp
424.35608,424.35684,0.0007599999999570173,2063.0788405996173,bench_jmp
424.55626,424.557,0.0007400000000075124,2003.5015652156296,bench_jmp
424.75642,424.75718,0.0007600000000138607,2056.8030747096363,bench_jmp
424.9566,424.95734,0.0007400000000075124,2003.9966935594196,bench_jmp
425.15676,425.15752,0.0007599999999570173,2057.70669259373,bench_jmp
425.35692,425.35768,0.0007600000000138607,2060.80566630159,bench_jmp
425.55708,425.55784,0.0007600000000138607,2062.506815466023,bench_jmp
425.75726,425.75802,0.0007600000000138607,2070.3899232214535,bench_jmp
425.95742,425.95818,0.0007600000000138607,2060.9712996832077,bench_jmp
426.1576,426.15834,0.0007400000000075124,1995.364741910738,bench_jmp
426.35776,426.35852,0.0007600000000138607,2066.068809991445,bench_jmp
426.55794,426.55868,0.0007400000000075124,1995.0535637651324,bench_jmp
426.7581,426.75886,0.0007600000000138607,2050.6992563908257,bench_jmp
426.95826,426.95902,0.0007600000000138607,2065.344888292845,bench_jmp
427.15844,427.1592,0.0007600000000138607,2054.2849740483584,bench_jmp
427.3586,427.35936,0.0007599999999570173,2058.971682425967,bench_jmp
427.55878,427.55954,0.0007600000000138607,2040.9566164325324,bench_jmp
427.75894,427.7597,0.0007600000000138607,2054.4112567297284,bench_jmp
427.9591,427.95986,0.0007600000000138607,2046.4354497867082,bench_jmp
428.15928,428.16002,0.000739999999950669,1991.0985439408823,bench_jmp
428.35944,428.36018,0.0007400000000075124,1991.3712027675704,bench_jmp
428.5596,428.56036,0.0007600000000138607,2033.254231837645,bench_jmp
428.75976,428.7605,0.000739999999950669,1992.3068162406341,bench_jmp
428.95992,428.96066,0.0007400000000075124,1986.46941223822,bench_jmp
429.16008,429.16082,0.0007400000000075124,1985.9344419343738,bench_jmp
429.36024,429.36098,0.0007400000000075124,1983.454581379254,bench_jmp
429.5604,429.56116,0.0007599999999570173,2040.3646373864383,bench_jmp
429.76056,429.76132,0.0007600000000138607,2028.4522930573808,bench_jmp
429.96072,429.96148,0.0007600000000138607,2038.8947264754636,bench_jmp
430.16088,430.16164,0.0007599999999570173,2024.5410780064644,bench_jmp
430.36104,430.3618,0.0007600000000138607,2034.0955397506646,bench_jmp
430.5612,430.56196,0.0007600000000138607,2037.2453192723274,bench_jmp
430.76136,430.76212,0.0007599999999570173,2042.3135066932884,bench_jmp
