t_start_s,t_end_s,duration_s,energy_nJ,event_label
9.84414,9.84482,0.0006800000000009021,1702.3245641055937,bench_add_reg_reg
10.04504,10.04572,0.0006799999999991257,1705.7060636556637,bench_add_reg_reg
10.24594,10.24662,0.0006800000000009021,1708.5329559657835,bench_add_reg_reg
10.44684,10.44752,0.0006800000000009021,1707.2547716110046,bench_add_reg_reg
10.64774,10.64844,0.000700000000000145,1747.7157176470787,bench_add_reg_reg
10.84866,10.84934,0.0006799999999991257,1706.2149359818352,bench_add_reg_reg
11.04956,11.05024,0.0006800000000009021,1699.697596489174,bench_add_reg_reg
11.25046,11.25114,0.0006799999999991257,1689.0855343057995,bench_add_reg_reg
11.45134,11.45204,0.000700000000000145,1742.819286883183,bench_add_reg_reg
11.65224,11.65294,0.0006999999999983686,1751.6916897101855,bench_add_reg_reg
11.85314,11.85382,0.0006800000000009021,1694.3649831252064,bench_add_reg_reg
12.05404,12.05472,0.0006799999999991257,1700.4092899127322,bench_add_reg_reg
12.25494,12.25562,0.0006800000000009021,1702.7055192763628,bench_add_reg_reg
12.45582,12.45652,0.000700000000000145,1755.906676408589,bench_add_reg_reg
12.65672,12.65742,0.000700000000000145,1765.2275832372698,bench_add_reg_reg
12.85762,12.85832,0.000700000000000145,1761.3040143622516,bench_add_reg_reg
13.05852,13.05922,0.000700000000000145,1772.4455008288312,bench_add_reg_reg
13.25942,13.26012,0.000700000000000145,1770.942735020132,bench_add_reg_reg
13.46032,13.461,0.0006800000000009021,1709.4483738790552,bench_add_reg_reg
13.66122,13.6619,0.0006799999999991257,1711.4801472029592,bench_add_reg_reg
13.86212,13.8628,0.0006799999999991257,1714.127380398131,bench_add_reg_reg
14.06302,14.06372,0.000700000000000145,1759.863453917729,bench_add_reg_reg
14.26392,14.2646,0.0006799999999991257,1712.5640064453275,bench_add_reg_reg
14.46482,14.4655,0.0006800000000009021,1715.5753984142143,bench_add_reg_reg
14.66572,14.6664,0.0006799999999991257,1706.6226340806625,bench_add_reg_reg
14.86662,14.8673,0.0006800000000009021,1708.2919972043742,bench_add_reg_reg
15.06752,15.06822,0.000700000000000145,1764.2783187332066,bench_add_reg_reg
15.26844,15.26912,0.0006799999999991257,1701.8019664078477,bench_add_reg_reg
15.46934,15.47002,0.0006799999999991257,1712.8240247230801,bench_add_reg_reg
15.67024,15.67092,0.0006800000000009021,1709.3670554483333,bench_add_reg_reg
15.87114,15.87184,0.000700000000000145,1749.3779421784357,bench_add_reg_reg
16.07204,16.07274,0.0006999999999983686,1762.5222681042226,bench_add_reg_reg
16.27294,16.27364,0.0007000000000019213,1759.2418915652372,bench_add_reg_reg
16.47386,16.47454,0.0006800000000026785,1701.084470849634,bench_add_reg_reg
16.67476,16.675440000000002,0.0006800000000026785,1687.2360115006966,bench_add_reg_reg
16.87566,16.87634,0.0006799999999991257,1707.7145818596905,bench_add_reg_reg
17.07656,17.07724,0.0006799999999991257,1702.0031739930619,bench_add_reg_reg
17.27746,17.27814,0.0006799999999991257,1705.3057416312308,bench_add_reg_reg
17.47836,17.47904,0.0006800000000026785,1711.4463588298215,bench_add_reg_reg
17.67926,17.67996,0.0007000000000019213,1769.1042576969255,bench_add_reg_reg
17.88016,17.88084,0.0006799999999991257,1715.291715224738,bench_add_reg_reg
18.08106,18.08176,0.0006999999999983686,1768.7763972159776,bench_add_reg_reg
18.28196,18.28264,0.0006799999999991257,1721.867155280703,bench_add_reg_reg
18.48286,18.48354,0.0006800000000026785,1696.3458829635128,bench_add_reg_reg
18.68376,18.68446,0.0007000000000019213,1766.3867818242115,bench_add_reg_reg
18.88466,18.88536,0.0006999999999983686,1766.0631029822332,bench_add_reg_reg
19.08558,19.08626,0.0006799999999991257,1713.0002542374334,bench_add_reg_reg
19.28648,19.28716,0.0006799999999991257,1709.3560192707062,bench_add_reg_reg
19.48738,19.48806,0.0006799999999991257,1707.405212797885,bench_add_reg_reg
19.68828,19.68898,0.0007000000000019213,1748.6678389889307,bench_add_reg_reg
19.8892,19.88988,0.0006800000000026785,1694.2105349227625,bench_add_reg_reg
20.0901,20.0908,0.0007000000000019213,1742.919282992769,bench_add_reg_reg
20.29102,20.2917,0.0006799999999991257,1686.0887920463451,bench_add_reg_reg
20.49192,20.4926,0.0006799999999991257,1698.4097636281074,bench_add_reg_reg
20.69282,20.6935,0.0006799999999991257,1702.809496780022,bench_add_reg_reg
20.89372,20.8944,0.0006800000000026785,1690.1426343323005,bench_add_reg_reg
21.09462,21.0953,0.0006800000000026785,1693.6462791705555,bench_add_reg_reg
21.29552,21.2962,0.0006799999999991257,1703.5081470361154,bench_add_reg_reg
21.49642,21.4971,0.0006799999999991257,1700.3542953144186,bench_add_reg_reg
21.69732,21.698,0.0006799999999991257,1705.1579453953345,bench_add_reg_reg
21.89822,21.8989,0.0006800000000026785,1704.5193561427375,bench_add_reg_reg
22.09912,22.0998,0.0006799999999991257,1711.1016693507981,bench_add_reg_reg
22.30002,22.3007,0.0006799999999991257,1709.9017440317864,bench_add_reg_reg
22.50092,22.50162,0.0006999999999983686,1763.7666501060073,bench_add_reg_reg
22.70184,22.70252,0.0006799999999991257,1702.2005794542097,bench_add_reg_reg
22.90274,22.90342,0.0006799999999991257,1714.2099654271765,bench_add_reg_reg
23.10364,23.10432,0.0006800000000026785,1719.6925380342332,bench_add_reg_reg
23.30454,23.30522,0.0006799999999991257,1706.3215863871203,bench_add_reg_reg
23.50544,23.50612,0.0006799999999991257,1708.4911023242628,bench_add_reg_reg
23.70634,23.70702,0.0006799999999991257,1705.1021568450396,bench_add_reg_reg
23.90724,23.90794,0.0006999999999983686,1755.932301743649,bench_add_reg_reg
24.10814,24.10884,0.0007000000000019213,1750.9812978152709,bench_add_reg_reg
24.30906,24.30974,0.0006800000000026785,1681.242736529464,bench_add_reg_reg
24.50996,24.51064,0.0006799999999991257,1684.3912540915858,bench_add_reg_reg
24.71086,24.71156,0.0006999999999983686,1749.0761517503163,bench_add_reg_reg
24.91178,24.91246,0.0006799999999991257,1704.6379973155954,bench_add_reg_reg
25.11268,25.11336,0.0006799999999991257,1708.0491105998535,bench_add_reg_reg
25.31358,25.31428,0.0006999999999983686,1771.0532993029472,bench_add_reg_reg
25.51448,25.51518,0.0007000000000019213,1772.7602063734048,bench_add_reg_reg
25.7154,25.71608,0.0006800000000026785,1709.3672440462985,bench_add_reg_reg
25.9163,25.91698,0.0006799999999991257,1709.8605050686529,bench_add_reg_reg
26.1172,26.11788,0.0006799999999991257,1712.1730511984076,bench_add_reg_reg
26.3181,26.31878,0.0006799999999991257,1715.1359398822253,bench_add_reg_reg
26.519,26.5197,0.0007000000000019213,1768.033904960577,bench_add_reg_reg
26.7199,26.7206,0.0007000000000019213,1760.4592046753787,bench_add_reg_reg
26.9208,26.9215,0.0007000000000019213,1769.5120186592094,bench_add_reg_reg
27.1217,27.1224,0.0006999999999983686,1776.2121371878497,bench_add_reg_reg
27.3226,27.3233,0.0006999999999983686,1761.052682990802,bench_add_reg_reg
27.5235,27.5242,0.0007000000000019213,1758.161068433892,bench_add_reg_reg
27.72442,27.7251,0.0006800000000026785,1712.8231027238044,bench_add_reg_reg
27.92532,27.92602,0.0007000000000019213,1757.413537712348,bench_add_reg_reg
28.12624,28.12692,0.0006799999999991257,1697.9529103243829,bench_add_reg_reg
28.32714,28.32784,0.0006999999999983686,1753.3292132386605,bench_add_reg_reg
28.52804,28.52874,0.0006999999999983686,1754.20064944303,bench_add_reg_reg
28.72894,28.72964,0.0006999999999983686,1756.0575716148674,bench_add_reg_reg
28.92986,28.93054,0.0006799999999991257,1707.3013633460719,bench_add_reg_reg
29.13076,29.13144,0.0006800000000026785,1675.8083016685464,bench_add_reg_reg
29.33166,29.33234,0.0006799999999991257,1704.7316231744933,bench_add_reg_reg
29.53256,29.53324,0.0006799999999991257,1696.8813119430658,bench_add_reg_reg
29.73346,29.73414,0.0006799999999991257,1711.7707384721593,bench_add_reg_reg
29.93436,29.93564,0.0012799999999977274,3257.6407142848648,bench_add_imm_reg
30.13586,30.13714,0.0012799999999977274,3256.7136268998083,bench_add_imm_reg
30.33734,30.33862,0.0012799999999977274,3272.3088399443186,bench_add_imm_reg
30.53884,30.54012,0.0012800000000012801,3270.754388070883,bench_add_imm_reg
30.74034,30.74162,0.0012800000000012801,3265.460694677564,bench_add_imm_reg
30.94182,30.9431,0.0012800000000012801,3263.6637520077256,bench_add_imm_reg
31.14332,31.14458,0.0012600000000020373,3212.6949541324466,bench_add_imm_reg
31.3448,31.34608,0.0012800000000012801,3250.494280367791,bench_add_imm_reg
31.5463,31.54756,0.0012600000000020373,3194.5594726187205,bench_add_imm_reg
31.74778,31.74906,0.0012800000000012801,3242.4901425877415,bench_add_imm_reg
31.94928,31.95056,0.0012799999999977274,3248.5374272732233,bench_add_imm_reg
32.15078,32.15206,0.0012800000000012801,3243.571338248535,bench_add_imm_reg
32.35228,32.35356,0.0012800000000012801,3263.748474421624,bench_add_imm_reg
32.55376,32.55504,0.0012800000000012801,3251.982287043928,bench_add_imm_reg
32.75526,32.75654,0.0012800000000012801,3279.1128172570966,bench_add_imm_reg
32.95676,32.95804,0.0012799999999941747,3267.1471475467356,bench_add_imm_reg
33.15824,33.15952,0.0012800000000012801,3277.59878244585,bench_add_imm_reg
33.35974,33.36102,0.0012800000000012801,3266.3657981926776,bench_add_imm_reg
33.56124,33.56252,0.0012800000000012801,3256.2293624543354,bench_add_imm_reg
33.76274,33.764,0.0012600000000020373,3198.6503535926618,bench_add_imm_reg
33.96422,33.9655,0.0012800000000012801,3253.6128931730454,bench_add_imm_reg
34.16572,34.167,0.0012800000000012801,3240.9034390029383,bench_add_imm_reg
34.36722,34.3685,0.0012799999999941747,3240.9449689859507,bench_add_imm_reg
34.5687,34.56998,0.0012800000000012801,3257.965324449457,bench_add_imm_reg
34.7702,34.77148,0.0012799999999941747,3262.1101289832727,bench_add_imm_reg
34.9717,34.97298,0.0012800000000012801,3264.835618905676,bench_add_imm_reg
35.17318,35.17446,0.0012800000000012801,3287.43515303546,bench_add_imm_reg
35.37468,35.37596,0.0012800000000012801,3270.1432332442237,bench_add_imm_reg
35.57618,35.57746,0.0012800000000012801,3281.1860600508962,bench_add_imm_reg
35.77768,35.77896,0.0012800000000012801,3260.4874833537992,bench_add_imm_reg
35.97918,35.98046,0.0012800000000012801,3268.803113608955,bench_add_imm_reg
36.18068,36.18196,0.0012799999999941747,3252.4049165503584,bench_add_imm_reg
36.38216,36.38344,0.0012800000000012801,3257.78335798858,bench_add_imm_reg
36.58366,36.58494,0.0012800000000012801,3257.3347073066957,bench_add_imm_reg
36.78516,36.78644,0.0012800000000012801,3241.689945575533,bench_add_imm_reg
36.98666,36.98794,0.0012800000000012801,3235.980707688977,bench_add_imm_reg
37.18816,37.18944,0.0012799999999941747,3261.625580473525,bench_add_imm_reg
37.38966,37.39094,0.0012800000000012801,3261.6429682856824,bench_add_imm_reg
37.59116,37.59242,0.0012599999999949318,3229.4143293846805,bench_add_imm_reg
37.79266,37.79394,0.0012800000000012801,3267.890571155412,bench_add_imm_reg
37.99416,37.99542,0.0012600000000020373,3209.824252412285,bench_add_imm_reg
38.19566,38.19692,0.0012600000000020373,3221.515321645981,bench_add_imm_reg
38.39716,38.39842,0.0012600000000020373,3209.6953340852488,bench_add_imm_reg
38.59864,38.59992,0.0012799999999941747,3264.120104706858,bench_add_imm_reg
38.80014,38.80142,0.0012800000000012801,3253.456843088965,bench_add_imm_reg
39.00164,39.00292,0.0012800000000012801,3241.225506647162,bench_add_imm_reg
39.20314,39.20442,0.0012800000000012801,3250.202133790402,bench_add_imm_reg
39.40464,39.4059,0.0012600000000020373,3198.5445017975558,bench_add_imm_reg
39.60612,39.6074,0.0012800000000012801,3249.700542079451,bench_add_imm_reg
39.80762,39.8089,0.0012800000000012801,3255.6787901588773,bench_add_imm_reg
40.00912,40.0104,0.0012799999999941747,3283.568613680627,bench_add_imm_reg
40.21062,40.21188,0.0012600000000020373,3217.7558983732797,bench_add_imm_reg
40.41212,40.41338,0.0012599999999949318,3213.593382374912,bench_add_imm_reg
40.6136,40.61488,0.0012800000000012801,3262.454294603701,bench_add_imm_reg
40.8151,40.81636,0.0012600000000020373,3202.5490189015522,bench_add_imm_reg
41.0166,41.01786,0.0012600000000020373,3199.7832330012143,bench_add_imm_reg
41.21808,41.21936,0.0012800000000012801,3259.564887269091,bench_add_imm_reg
41.41958,41.42086,0.0012799999999941747,3240.17220640805,bench_add_imm_reg
41.62108,41.62234,0.0012600000000020373,3179.1679118812986,bench_add_imm_reg
41.82256,41.82384,0.0012799999999941747,3251.4816964820347,bench_add_imm_reg
42.02406,42.02534,0.0012800000000012801,3255.3189597130095,bench_add_imm_reg
42.22554,42.22682,0.0012799999999941747,3279.891724216813,bench_add_imm_reg
42.42704,42.42832,0.0012800000000012801,3266.0884177352473,bench_add_imm_reg
42.62852,42.6298,0.0012800000000012801,3271.3623601034983,bench_add_imm_reg
42.83002,42.8313,0.0012800000000012801,3261.096398350696,bench_add_imm_reg
43.03152,43.03278,0.0012600000000020373,3208.3168183496937,bench_add_imm_reg
43.233,43.23428,0.0012800000000012801,3270.2741725424007,bench_add_imm_reg
43.43448,43.43576,0.0012800000000012801,3269.42843850958,bench_add_imm_reg
43.63598,43.63724,0.0012599999999949318,3195.980843142917,bench_add_imm_reg
43.83746,43.83874,0.0012800000000012801,3254.903310447443,bench_add_imm_reg
44.03896,44.04024,0.0012799999999941747,3241.4057245319323,bench_add_imm_reg
44.24044,44.24172,0.0012800000000012801,3242.331058720941,bench_add_imm_reg
44.44194,44.44322,0.0012799999999941747,3248.3005313978306,bench_add_imm_reg
44.64342,44.6447,0.0012800000000012801,3251.992245208264,bench_add_imm_reg
44.84492,44.8462,0.0012800000000012801,3256.2854094451027,bench_add_imm_reg
45.04642,45.0477,0.0012800000000012801,3286.5279028234604,bench_add_imm_reg
45.2479,45.24918,0.0012800000000012801,3267.2924431988954,bench_add_imm_reg
45.44938,45.45066,0.0012800000000012801,3281.2221534598157,bench_add_imm_reg
45.65088,45.65216,0.0012800000000012801,3269.2188629907455,bench_add_imm_reg
45.85236,45.85364,0.0012800000000012801,3265.9984682729814,bench_add_imm_reg
46.05386,46.05512,0.0012600000000020373,3200.0380381993286,bench_add_imm_reg
46.25534,46.25662,0.0012800000000012801,3260.2443802221246,bench_add_imm_reg
46.45682,46.4581,0.0012800000000012801,3247.181854679012,bench_add_imm_reg
46.65832,46.6596,0.0012799999999941747,3245.5011922706535,bench_add_imm_reg
46.8598,46.86108,0.0012800000000012801,3257.3070609969654,bench_add_imm_reg
47.0613,47.06258,0.0012799999999941747,3246.0753829057307,bench_add_imm_reg
47.26278,47.26406,0.0012800000000012801,3250.540159645591,bench_add_imm_reg
47.46428,47.46554,0.0012599999999949318,3214.743928970204,bench_add_imm_reg
47.66576,47.66704,0.0012800000000012801,3269.6344237809203,bench_add_imm_reg
47.86724,47.86852,0.0012799999999941747,3269.6168403911997,bench_add_imm_reg
48.06872,48.07,0.0012800000000012801,3267.958050131318,bench_add_imm_reg
48.27022,48.2715,0.0012800000000012801,3263.4950196394234,bench_add_imm_reg
48.4717,48.47298,0.0012800000000012801,3255.4519781881577,bench_add_imm_reg
48.6732,48.67446,0.0012600000000020373,3189.2668292899884,bench_add_imm_reg
48.87468,48.87594,0.0012600000000020373,3193.630981265259,bench_add_imm_reg
49.07616,49.07742,0.0012599999999949318,3189.885194865491,bench_add_imm_reg
49.27764,49.27892,0.0012800000000012801,3247.0260257872465,bench_add_imm_reg
49.47912,49.4804,0.0012800000000012801,3273.19727279479,bench_add_imm_reg
49.6806,49.68188,0.0012800000000012801,3251.4422806019325,bench_add_imm_reg
49.88208,49.88336,0.0012800000000012801,3275.209241548734,bench_add_imm_reg
50.08358,50.08498,0.0014000000000038426,3873.1830963048938,bench_add_idx_reg
50.28518,50.2866,0.0014200000000030855,3963.489548778946,bench_add_idx_reg
50.4868,50.4882,0.0013999999999967372,3890.1983527373272,bench_add_idx_reg
50.68842,50.68982,0.0013999999999967372,3893.180498843752,bench_add_idx_reg
50.89004,50.89144,0.0014000000000038426,3879.807388886214,bench_add_idx_reg
51.09164,51.09306,0.0014200000000030855,3923.869475265883,bench_add_idx_reg
51.29326,51.29466,0.0014000000000038426,3858.9035160957633,bench_add_idx_reg
51.49488,51.49628,0.0013999999999967372,3854.3495535753136,bench_add_idx_reg
51.6965,51.6979,0.0013999999999967372,3848.527185609572,bench_add_idx_reg
51.89812,51.89952,0.0014000000000038426,3856.3107256884546,bench_add_idx_reg
52.09974,52.10114,0.0014000000000038426,3894.993232109568,bench_add_idx_reg
52.30136,52.30278,0.00141999999999598,3943.7031070582957,bench_add_idx_reg
52.503,52.5044,0.0013999999999967372,3893.068998576993,bench_add_idx_reg
52.70462,52.70602,0.0014000000000038426,3883.542774721426,bench_add_idx_reg
52.90624,52.90766,0.0014200000000030855,3936.498810081274,bench_add_idx_reg
53.10788,53.10928,0.0013999999999967372,3887.448774175532,bench_add_idx_reg
53.3095,53.3109,0.0013999999999967372,3877.4612918404523,bench_add_idx_reg
53.51112,53.51252,0.0014000000000038426,3846.7891910224434,bench_add_idx_reg
53.71274,53.71414,0.0014000000000038426,3870.004110515726,bench_add_idx_reg
53.91436,53.91576,0.0013999999999967372,3857.2216289949724,bench_add_idx_reg
54.11598,54.11738,0.0013999999999967372,3884.4979274923553,bench_add_idx_reg
54.31762,54.31902,0.0014000000000038426,3881.598375748239,bench_add_idx_reg
54.51924,54.52064,0.0013999999999967372,3883.094685142676,bench_add_idx_reg
54.72086,54.72226,0.0013999999999967372,3893.8843225964956,bench_add_idx_reg
54.92248,54.9239,0.0014200000000030855,3954.7434495841944,bench_add_idx_reg
55.12412,55.12552,0.0014000000000038426,3875.56656963402,bench_add_idx_reg
55.32574,55.32714,0.0013999999999967372,3879.644446996752,bench_add_idx_reg
55.52736,55.52878,0.00141999999999598,3934.763537242708,bench_add_idx_reg
55.729,55.7304,0.0014000000000038426,3872.578141755878,bench_add_idx_reg
55.93062,55.93204,0.0014200000000030855,3917.681428147245,bench_add_idx_reg
56.13226,56.13366,0.0013999999999967372,3867.319063274157,bench_add_idx_reg
56.33388,56.33528,0.0013999999999967372,3864.149216087443,bench_add_idx_reg
56.53552,56.53692,0.0014000000000038426,3867.4930762606673,bench_add_idx_reg
56.73714,56.73856,0.0014200000000030855,3934.4648015784232,bench_add_idx_reg
56.93878,56.9402,0.00141999999999598,3952.3127418828294,bench_add_idx_reg
57.14042,57.14182,0.0014000000000038426,3900.865716870134,bench_add_idx_reg
57.34204,57.34346,0.0014200000000030855,3936.2078788780186,bench_add_idx_reg
57.54366,57.54508,0.00141999999999598,3940.2930391833734,bench_add_idx_reg
57.7453,57.7467,0.0013999999999967372,3871.1931509804153,bench_add_idx_reg
57.94692,57.94834,0.0014200000000030855,3928.468329840408,bench_add_idx_reg
58.14856,58.14996,0.0013999999999967372,3866.278617632884,bench_add_idx_reg
58.35018,58.35158,0.0013999999999967372,3874.0691495962624,bench_add_idx_reg
58.5518,58.5532,0.0013999999999967372,3872.617438891927,bench_add_idx_reg
58.75344,58.75484,0.0014000000000038426,3889.10214650649,bench_add_idx_reg
58.95506,58.95646,0.0013999999999967372,3884.4260899251162,bench_add_idx_reg
59.15668,59.15808,0.0013999999999967372,3897.414703378056,bench_add_idx_reg
59.35832,59.35972,0.0014000000000038426,3895.9462568270205,bench_add_idx_reg
59.55994,59.56134,0.0014000000000038426,3903.218740608666,bench_add_idx_reg
59.76158,59.76298,0.0013999999999967372,3885.0126555094844,bench_add_idx_reg
59.9632,59.9646,0.0013999999999967372,3886.3417203444233,bench_add_idx_reg
60.16482,60.16624,0.0014200000000030855,3923.7240026788554,bench_add_idx_reg
60.36646,60.36786,0.0014000000000038426,3862.2317160599205,bench_add_idx_reg
60.56808,60.56948,0.0013999999999967372,3862.5246519125667,bench_add_idx_reg
60.7697,60.7711,0.0013999999999967372,3870.6100196481893,bench_add_idx_reg
60.97132,60.97272,0.0014000000000038426,3880.7995081990603,bench_add_idx_reg
61.17294,61.17434,0.0014000000000038426,3881.012063951147,bench_add_idx_reg
61.37456,61.37596,0.0013999999999967372,3883.054160968689,bench_add_idx_reg
61.57618,61.57758,0.0013999999999967372,3888.101559122875,bench_add_idx_reg
61.7778,61.7792,0.0014000000000038426,3886.91214612834,bench_add_idx_reg
61.9794,61.98082,0.0014200000000030855,3954.785661780864,bench_add_idx_reg
62.18102,62.18242,0.0014000000000038426,3890.218308672948,bench_add_idx_reg
62.38264,62.38406,0.00141999999999598,3929.7052402866566,bench_add_idx_reg
62.58426,62.58568,0.0014200000000030855,3909.6752461124556,bench_add_idx_reg
62.78588,62.7873,0.0014200000000030855,3915.871125654466,bench_add_idx_reg
62.9875,62.98892,0.0014200000000030855,3926.379436171252,bench_add_idx_reg
63.18912,63.19054,0.00141999999999598,3928.8465073215725,bench_add_idx_reg
63.39074,63.39216,0.00141999999999598,3944.3059963989253,bench_add_idx_reg
63.59236,63.59376,0.0014000000000038426,3887.247915856066,bench_add_idx_reg
63.79398,63.79538,0.0014000000000038426,3887.4894543664423,bench_add_idx_reg
63.9956,63.997,0.0013999999999967372,3888.327693556975,bench_add_idx_reg
64.19722,64.19862,0.0014000000000038426,3891.1890005793907,bench_add_idx_reg
64.39884,64.40024,0.0013999999999896318,3884.248693909352,bench_add_idx_reg
64.60046,64.60186,0.0014000000000038426,3863.8360914886134,bench_add_idx_reg
64.80208,64.80348,0.0013999999999896318,3870.6491165497155,bench_add_idx_reg
65.0037,65.00512,0.0014200000000101909,3920.2286070507967,bench_add_idx_reg
65.20534,65.20674,0.0013999999999896318,3861.9945430825746,bench_add_idx_reg
65.40696,65.40836,0.0014000000000038426,3865.5868684982875,bench_add_idx_reg
65.60858,65.60998,0.0013999999999896318,3890.4181704554694,bench_add_idx_reg
65.81022,65.81162,0.0014000000000038426,3881.994693085115,bench_add_idx_reg
66.01184,66.01326,0.00141999999999598,3946.360945688167,bench_add_idx_reg
66.21348,66.21488,0.0013999999999896318,3891.355649071947,bench_add_idx_reg
66.4151,66.4165,0.0014000000000038426,3886.7253856856346,bench_add_idx_reg
66.61672,66.61812,0.0014000000000038426,3872.962347241815,bench_add_idx_reg
66.81834,66.81976,0.00141999999999598,3953.465230283856,bench_add_idx_reg
67.01998,67.02138,0.0013999999999896318,3854.2231521264566,bench_add_idx_reg
67.2216,67.223,0.0014000000000038426,3846.8395988574293,bench_add_idx_reg
67.42322,67.42462,0.0014000000000038426,3857.5386884735917,bench_add_idx_reg
67.62484,67.62624,0.0013999999999896318,3867.3866796006178,bench_add_idx_reg
67.82646,67.82786,0.0014000000000038426,3870.3429512793055,bench_add_idx_reg
68.02808,68.02948,0.0014000000000038426,3896.3154866446953,bench_add_idx_reg
68.2297,68.2311,0.0014000000000038426,3886.365231605247,bench_add_idx_reg
68.43132,68.43274,0.00141999999999598,3958.8740211803647,bench_add_idx_reg
68.63294,68.63436,0.00141999999999598,3956.780487192865,bench_add_idx_reg
68.83458,68.83598,0.0014000000000038426,3875.782014812033,bench_add_idx_reg
69.0362,69.0376,0.0014000000000038426,3889.382826176956,bench_add_idx_reg
69.23782,69.23924,0.00141999999999598,3932.634969231652,bench_add_idx_reg
69.43946,69.44086,0.0014000000000038426,3865.3021026516017,bench_add_idx_reg
69.64108,69.64248,0.0014000000000038426,3841.1011500383947,bench_add_idx_reg
69.8427,69.84412,0.0014200000000101909,3928.9338025567154,bench_add_idx_reg
70.04434,70.04574,0.0013999999999896318,3879.9218111370833,bench_add_idx_reg
70.24596,70.24736,0.0014000000000038426,3979.6147239508355,bench_add_sym_reg
70.44758,70.44898,0.0014000000000038426,3980.5609616552215,bench_add_sym_reg
70.6492,70.6506,0.0014000000000038426,3971.5569978710555,bench_add_sym_reg
70.85082,70.85222,0.0014000000000038426,3978.0974784048663,bench_add_sym_reg
71.05244,71.05384,0.0013999999999896318,3979.046649734931,bench_add_sym_reg
71.25406,71.25546,0.0014000000000038426,3980.5461862240445,bench_add_sym_reg
71.45568,71.45708,0.0014000000000038426,3969.4061293372033,bench_add_sym_reg
71.6573,71.6587,0.0013999999999896318,3964.1571440426087,bench_add_sym_reg
71.85892,71.86032,0.0014000000000038426,3961.4034025110304,bench_add_sym_reg
72.06054,72.06194,0.0014000000000038426,3955.19221435322,bench_add_sym_reg
72.26216,72.26356,0.0014000000000038426,3982.5428417080784,bench_add_sym_reg
72.4638,72.4652,0.0013999999999896318,3975.4126593161654,bench_add_sym_reg
72.66542,72.66682,0.0014000000000038426,3968.4513420909775,bench_add_sym_reg
72.86706,72.86846,0.0014000000000038426,3973.016033426796,bench_add_sym_reg
73.06868,73.07008,0.0014000000000038426,3977.896373264617,bench_add_sym_reg
73.27032,73.27172,0.0014000000000038426,3971.8812657634926,bench_add_sym_reg
73.47194,73.47334,0.0013999999999896318,3960.363473712882,bench_add_sym_reg
73.67356,73.67496,0.0014000000000038426,3956.161127437747,bench_add_sym_reg
73.8752,73.8766,0.0013999999999896318,3953.498690358798,bench_add_sym_reg
74.07682,74.07822,0.0014000000000038426,3958.1295987704216,bench_add_sym_reg
74.27844,74.27984,0.0013999999999896318,3960.0336085702897,bench_add_sym_reg
74.48006,74.48146,0.0014000000000038426,3974.61407120564,bench_add_sym_reg
74.68168,74.68308,0.0014000000000038426,3978.8557565882415,bench_add_sym_reg
74.8833,74.8847,0.0013999999999896318,3980.2743983142514,bench_add_sym_reg
75.08492,75.08634,0.0014200000000101909,4048.742097831783,bench_add_sym_reg
75.28656,75.28796,0.0014000000000038426,3983.308107139061,bench_add_sym_reg
75.48818,75.48958,0.0014000000000038426,3986.2970844956976,bench_add_sym_reg
75.6898,75.6912,0.0013999999999896318,3965.0085288721225,bench_add_sym_reg
75.89142,75.89282,0.0014000000000038426,3943.870977975901,bench_add_sym_reg
76.09304,76.09444,0.0014000000000038426,3938.518383084318,bench_add_sym_reg
76.29466,76.29606,0.0014000000000038426,3947.840768390523,bench_add_sym_reg
76.49628,76.49768,0.0014000000000038426,3953.421062335527,bench_add_sym_reg
76.6979,76.6993,0.0013999999999896318,3971.071289821324,bench_add_sym_reg
76.89952,76.90092,0.0014000000000038426,3976.788236771121,bench_add_sym_reg
77.10114,77.10254,0.0014000000000038426,3973.4286093253436,bench_add_sym_reg
77.30276,77.30416,0.0013999999999896318,3979.7834725745965,bench_add_sym_reg
77.50438,77.50578,0.0014000000000038426,3976.986818026714,bench_add_sym_reg
77.70602,77.70742,0.0014000000000038426,3989.0254708124457,bench_add_sym_reg
77.90764,77.90904,0.0014000000000038426,3974.666644364436,bench_add_sym_reg
78.10926,78.11066,0.0013999999999896318,3962.0358566449045,bench_add_sym_reg
78.31088,78.31228,0.0014000000000038426,3955.4098970370214,bench_add_sym_reg
78.5125,78.5139,0.0014000000000038426,3941.5662037311054,bench_add_sym_reg
78.71412,78.71552,0.0014000000000038426,3963.106900931888,bench_add_sym_reg
78.91574,78.91714,0.0014000000000038426,3976.8108842071197,bench_add_sym_reg
79.11738,79.11878,0.0014000000000038426,3975.2237498874983,bench_add_sym_reg
79.319,79.3204,0.0014000000000038426,3970.3826769348902,bench_add_sym_reg
79.52062,79.52202,0.0014000000000038426,3991.1302412060336,bench_add_sym_reg
79.72226,79.72366,0.0013999999999896318,3988.233092210062,bench_add_sym_reg
79.92388,79.92528,0.0014000000000038426,3973.8550642616583,bench_add_sym_reg
80.12552,80.12692,0.0014000000000038426,3966.578822595021,bench_add_sym_reg
80.32714,80.32854,0.0014000000000038426,3959.079533826846,bench_add_sym_reg
80.52876,80.53016,0.0013999999999896318,3959.625540270563,bench_add_sym_reg
80.7304,80.7318,0.0014000000000038426,3954.729679982223,bench_add_sym_reg
80.93202,80.93342,0.0014000000000038426,3967.733676558547,bench_add_sym_reg
81.13364,81.13504,0.0014000000000038426,3967.3528145179994,bench_add_sym_reg
81.33526,81.33666,0.0013999999999896318,3982.792461725286,bench_add_sym_reg
81.5369,81.5383,0.0014000000000038426,3987.6267034659245,bench_add_sym_reg
81.73852,81.73992,0.0014000000000038426,3990.168529574996,bench_add_sym_reg
81.94014,81.94154,0.0014000000000038426,3982.4388898086745,bench_add_sym_reg
82.14178,82.14318,0.0014000000000038426,3969.922920234608,bench_add_sym_reg
82.3434,82.3448,0.0014000000000038426,3970.7125257800044,bench_add_sym_reg
82.54502,82.54642,0.0014000000000038426,3954.7990588592884,bench_add_sym_reg
82.74664,82.74804,0.0014000000000038426,3951.9891329225466,bench_add_sym_reg
82.94826,82.94966,0.0013999999999896318,3950.807123879255,bench_add_sym_reg
83.1499,83.1513,0.0014000000000038426,3957.4841712703433,bench_add_sym_reg
83.35152,83.35292,0.0014000000000038426,3968.491565914227,bench_add_sym_reg
83.55314,83.55454,0.0014000000000038426,3966.6783576937205,bench_add_sym_reg
83.75476,83.75616,0.0013999999999896318,3980.129819797735,bench_add_sym_reg
83.95638,83.95778,0.0014000000000038426,3986.4856586909123,bench_add_sym_reg
84.15802,84.15942,0.0014000000000038426,3971.319473361704,bench_add_sym_reg
84.35964,84.36104,0.0014000000000038426,3971.2738013011453,bench_add_sym_reg
84.56126,84.56266,0.0013999999999896318,3965.699961378564,bench_add_sym_reg
84.7629,84.7643,0.0014000000000038426,3958.6907462321724,bench_add_sym_reg
84.96452,84.96592,0.0014000000000038426,3954.51475867374,bench_add_sym_reg
85.16614,85.16754,0.0014000000000038426,3935.9961310514823,bench_add_sym_reg
85.36776,85.36916,0.0013999999999896318,3959.6703904374526,bench_add_sym_reg
85.56938,85.57078,0.0014000000000038426,3966.2829996203172,bench_add_sym_reg
85.771,85.7724,0.0014000000000038426,3973.6839197676563,bench_add_sym_reg
85.97262,85.97402,0.0013999999999896318,3984.9848323192605,bench_add_sym_reg
86.17424,86.17564,0.0014000000000038426,3982.1359305755723,bench_add_sym_reg
86.37586,86.37726,0.0014000000000038426,3977.18751804046,bench_add_sym_reg
86.57748,86.57888,0.0014000000000038426,3968.7056956011966,bench_add_sym_reg
86.7791,86.7805,0.0014000000000038426,3978.2842923999137,bench_add_sym_reg
86.98072,86.98212,0.0013999999999896318,3967.7818468463297,bench_add_sym_reg
87.18234,87.18374,0.0014000000000038426,3961.378203250643,bench_add_sym_reg
87.38396,87.38538,0.00141999999999598,4013.9162540315315,bench_add_sym_reg
87.5856,87.587,0.0014000000000038426,3951.6588323858864,bench_add_sym_reg
87.7872,87.7886,0.0014000000000038426,3967.530466627751,bench_add_sym_reg
87.98882,87.99022,0.0013999999999896318,3986.8406392325496,bench_add_sym_reg
88.19044,88.19184,0.0014000000000038426,3987.4057704705165,bench_add_sym_reg
88.39208,88.39348,0.0013999999999896318,3971.4449224690707,bench_add_sym_reg
88.59368,88.59508,0.0013999999999896318,3986.852066560548,bench_add_sym_reg
88.7953,88.7967,0.0014000000000038426,3970.58442236138,bench_add_sym_reg
88.99692,88.99832,0.0014000000000038426,3986.746491874092,bench_add_sym_reg
89.19852,89.19994,0.00141999999999598,4021.6390997986678,bench_add_sym_reg
89.40014,89.40154,0.0014000000000038426,3952.770314657229,bench_add_sym_reg
89.60176,89.60316,0.0014000000000038426,3953.5859087591703,bench_add_sym_reg
89.80338,89.80478,0.0013999999999896318,3957.543743278138,bench_add_sym_reg
90.00498,90.0064,0.00141999999999598,4022.081294084373,bench_add_sym_reg
90.2066,90.208,0.0014000000000038426,3972.057139047251,bench_add_sym_reg
90.40822,90.40964,0.00141999999999598,3945.4805920721387,bench_add_abs_reg
90.60984,90.61124,0.0013999999999896318,3884.897581270862,bench_add_abs_reg
90.81146,90.81286,0.0014000000000038426,3891.3353253267487,bench_add_abs_reg
91.01308,91.01448,0.0014000000000038426,3893.2189927542927,bench_add_abs_reg
91.2147,91.2161,0.0014000000000038426,3889.3783488438917,bench_add_abs_reg
91.41632,91.41772,0.0014000000000038426,3872.247147384777,bench_add_abs_reg
91.61794,91.61934,0.0013999999999896318,3872.7065757544487,bench_add_abs_reg
91.81956,91.82096,0.0014000000000038426,3870.4888336479085,bench_add_abs_reg
92.02118,92.0226,0.00141999999999598,3923.781148612309,bench_add_abs_reg
92.22282,92.22422,0.0014000000000038426,3872.7045734523067,bench_add_abs_reg
92.42444,92.42584,0.0013999999999896318,3895.676725047954,bench_add_abs_reg
92.62604,92.62746,0.00141999999999598,3939.6886108320114,bench_add_abs_reg
92.82768,92.82908,0.0014000000000038426,3884.5701748602496,bench_add_abs_reg
93.02928,93.0307,0.00141999999999598,3955.1816484780234,bench_add_abs_reg
93.2309,93.2323,0.0013999999999896318,3904.281379624185,bench_add_abs_reg
93.43252,93.43392,0.0014000000000038426,3898.3726361881245,bench_add_abs_reg
93.63414,93.63554,0.0014000000000038426,3886.4758424559604,bench_add_abs_reg
93.83576,93.83716,0.0014000000000038426,3868.6574366997,bench_add_abs_reg
94.03738,94.03878,0.0014000000000038426,3860.1543894149577,bench_add_abs_reg
94.239,94.2404,0.0013999999999896318,3873.5179090571432,bench_add_abs_reg
94.44062,94.44202,0.0014000000000038426,3891.000971210036,bench_add_abs_reg
94.64224,94.64364,0.0014000000000038426,3887.3936259285906,bench_add_abs_reg
94.84386,94.84526,0.0013999999999896318,3886.177926293418,bench_add_abs_reg
95.04548,95.04688,0.0014000000000038426,3895.181247509993,bench_add_abs_reg
95.2471,95.2485,0.0014000000000038426,3893.5471722022594,bench_add_abs_reg
95.44872,95.45012,0.0014000000000038426,3904.771162209001,bench_add_abs_reg
95.65034,95.65174,0.0014000000000038426,3893.4200420152656,bench_add_abs_reg
95.85196,95.85336,0.0013999999999896318,3893.754463611939,bench_add_abs_reg
96.05358,96.05498,0.0014000000000038426,3865.3667993027293,bench_add_abs_reg
96.2552,96.2566,0.0014000000000038426,3868.90343158611,bench_add_abs_reg
96.45682,96.45822,0.0014000000000038426,3866.5921241172973,bench_add_abs_reg
96.65844,96.65984,0.0014000000000038426,3883.184390153987,bench_add_abs_reg
96.86006,96.86146,0.0013999999999896318,3902.1611865307364,bench_add_abs_reg
97.06168,97.06308,0.0014000000000038426,3896.508128393721,bench_add_abs_reg
97.2633,97.2647,0.0014000000000038426,3896.1658976136996,bench_add_abs_reg
97.46492,97.46632,0.0013999999999896318,3888.6011019043067,bench_add_abs_reg
97.66654,97.66794,0.0014000000000038426,3901.320835586568,bench_add_abs_reg
97.86816,97.86956,0.0014000000000038426,3885.9931216668087,bench_add_abs_reg
98.06978,98.0712,0.0014200000000101909,3951.7933735921188,bench_add_abs_reg
98.2714,98.2728,0.0014000000000038426,3871.3110354840055,bench_add_abs_reg
98.47302,98.47442,0.0013999999999896318,3857.533775704738,bench_add_abs_reg
98.67464,98.67604,0.0014000000000038426,3875.004113663343,bench_add_abs_reg
98.87626,98.87766,0.0014000000000038426,3858.0309040948564,bench_add_abs_reg
99.07786,99.07926,0.0014000000000038426,3890.9575832170563,bench_add_abs_reg
99.27948,99.28088,0.0013999999999896318,3881.848354327421,bench_add_abs_reg
99.4811,99.48252,0.00141999999999598,3950.041702471844,bench_add_abs_reg
99.68272,99.68412,0.0013999999999896318,3902.5780209045,bench_add_abs_reg
99.88434,99.88574,0.0014000000000038426,3890.0339254295254,bench_add_abs_reg
100.08596,100.08736,0.0014000000000038426,3891.592458832987,bench_add_abs_reg
100.28758,100.28898,0.0013999999999896318,3874.2018374308773,bench_add_abs_reg
100.4892,100.4906,0.0014000000000038426,3879.919077746686,bench_add_abs_reg
100.6908,100.6922,0.0014000000000038426,3870.4927475308523,bench_add_abs_reg
100.89242,100.89382,0.0014000000000038426,3875.303068208102,bench_add_abs_reg
101.09404,101.09544,0.0013999999999896318,3878.060986723,bench_add_abs_reg
101.29566,101.29706,0.0014000000000038426,3881.327176943481,bench_add_abs_reg
101.49728,101.49868,0.0013999999999896318,3888.299432553317,bench_add_abs_reg
101.6989,101.7003,0.0014000000000038426,3890.254793234692,bench_add_abs_reg
101.90052,101.90194,0.00141999999999598,3966.595968220174,bench_add_abs_reg
102.10214,102.10356,0.00141999999999598,3948.8775818474187,bench_add_abs_reg
102.30376,102.30516,0.0014000000000038426,3898.2947520096172,bench_add_abs_reg
102.50538,102.50678,0.0014000000000038426,3879.1951653636797,bench_add_abs_reg
102.707,102.7084,0.0014000000000038426,3877.6385458311775,bench_add_abs_reg
102.90862,102.91002,0.0014000000000038426,3877.2835489465087,bench_add_abs_reg
103.11024,103.11164,0.0013999999999896318,3860.8328881373177,bench_add_abs_reg
103.31186,103.31326,0.0014000000000038426,3876.1856919268166,bench_add_abs_reg
103.51348,103.51488,0.0014000000000038426,3884.5171895910285,bench_add_abs_reg
103.7151,103.7165,0.0013999999999896318,3898.7861992480352,bench_add_abs_reg
103.91672,103.91812,0.0014000000000038426,3897.0929361063427,bench_add_abs_reg
104.11834,104.11974,0.0013999999999896318,3890.3859746342246,bench_add_abs_reg
104.31994,104.32134,0.0014000000000038426,3898.69703446503,bench_add_abs_reg
104.52156,104.52296,0.0014000000000038426,3887.685586244523,bench_add_abs_reg
104.72318,104.72458,0.0014000000000038426,3894.6029963084607,bench_add_abs_reg
104.92478,104.92618,0.0014000000000038426,3886.1343171559647,bench_add_abs_reg
105.1264,105.1278,0.0013999999999896318,3880.2557880686663,bench_add_abs_reg
105.32802,105.32942,0.0014000000000038426,3868.0247473645604,bench_add_abs_reg
105.52964,105.53104,0.0014000000000038426,3876.0212157034466,bench_add_abs_reg
105.73126,105.73266,0.0013999999999896318,3883.7484363162257,bench_add_abs_reg
105.93288,105.93428,0.0014000000000038426,3889.7941797152334,bench_add_abs_reg
106.1345,106.1359,0.0014000000000038426,3891.3531019444517,bench_add_abs_reg
106.33612,106.33752,0.0014000000000038426,3897.0407168504753,bench_add_abs_reg
106.53774,106.53914,0.0014000000000038426,3900.8345548174807,bench_add_abs_reg
106.73936,106.74076,0.0013999999999896318,3892.3707138441737,bench_add_abs_reg
106.94098,106.94238,0.0014000000000038426,3899.1503371039153,bench_add_abs_reg
107.1426,107.144,0.0014000000000038426,3865.4232909999146,bench_add_abs_reg
107.34422,107.34562,0.0013999999999896318,3857.136061384296,bench_add_abs_reg
107.54584,107.54724,0.0014000000000038426,3874.741329356688,bench_add_abs_reg
107.74746,107.74888,0.00141999999999598,3943.0560706986976,bench_add_abs_reg
107.9491,107.9505,0.0014000000000038426,3885.241716644557,bench_add_abs_reg
108.1507,108.15212,0.00141999999999598,3950.497910834877,bench_add_abs_reg
108.35232,108.35372,0.0013999999999896318,3893.7891553782615,bench_add_abs_reg
108.55394,108.55534,0.0014000000000038426,3894.8684278991614,bench_add_abs_reg
108.75556,108.75698,0.00141999999999598,3965.248370064565,bench_add_abs_reg
108.9572,108.9586,0.0014000000000038426,3892.460989311745,bench_add_abs_reg
109.15882,109.16022,0.0013999999999896318,3880.9449947136377,bench_add_abs_reg
109.36044,109.36184,0.0014000000000038426,3864.089187712075,bench_add_abs_reg
109.56206,109.56346,0.0014000000000038426,3869.9313020427185,bench_add_abs_reg
109.76368,109.76508,0.0014000000000038426,3873.002850463047,bench_add_abs_reg
109.9653,109.96672,0.00141999999999598,3946.8066044974244,bench_add_abs_reg
110.16692,110.16834,0.00141999999999598,3938.984270194681,bench_add_abs_reg
110.36856,110.36996,0.0014000000000038426,3911.3780111181986,bench_add_abs_reg
110.57018,110.571,0.0008200000000044838,2543.9080386556575,bench_add_ind_reg
110.77122,110.77202,0.0007999999999981355,2469.0421600767954,bench_add_ind_reg
110.97224,110.97306,0.0008200000000044838,2548.398633967022,bench_add_ind_reg
111.17328,111.1741,0.000819999999990273,2525.377823009813,bench_add_ind_reg
111.37432,111.37512,0.0007999999999981355,2469.188924873177,bench_add_ind_reg
111.57534,111.57616,0.0008200000000044838,2528.8956705620735,bench_add_ind_reg
111.77638,111.7772,0.000819999999990273,2540.321196399114,bench_add_ind_reg
111.97742,111.97824,0.0008200000000044838,2529.3961796112144,bench_add_ind_reg
112.17846,112.17928,0.0008200000000044838,2528.2632163860776,bench_add_ind_reg
112.3795,112.38032,0.0008200000000044838,2522.7622850937737,bench_add_ind_reg
112.58054,112.58136,0.0008200000000044838,2516.151997274432,bench_add_ind_reg
112.78158,112.78238,0.0007999999999981355,2461.9435146393585,bench_add_ind_reg
112.9826,112.98342,0.000819999999990273,2516.2939144928646,bench_add_ind_reg
113.18364,113.18444,0.0007999999999981355,2474.6924149747697,bench_add_ind_reg
113.38468,113.38548,0.0007999999999981355,2469.0522206888427,bench_add_ind_reg
113.58572,113.58652,0.0007999999999981355,2460.0905040220987,bench_add_ind_reg
113.78674,113.78756,0.0008200000000044838,2533.6452038162433,bench_add_ind_reg
113.98778,113.9886,0.0008200000000044838,2530.17673735963,bench_add_ind_reg
114.18882,114.18962,0.0007999999999981355,2478.952177328915,bench_add_ind_reg
114.38986,114.39066,0.0007999999999981355,2456.2091869243395,bench_add_ind_reg
114.5909,114.5917,0.0007999999999981355,2484.887004824394,bench_add_ind_reg
114.79192,114.79274,0.000819999999990273,2534.500998414492,bench_add_ind_reg
114.99296,114.99376,0.0007999999999981355,2475.451719941341,bench_add_ind_reg
115.194,115.1948,0.0007999999999981355,2481.6385051179286,bench_add_ind_reg
115.39504,115.39584,0.0008000000000123464,2473.0619998092952,bench_add_ind_reg
115.59606,115.59688,0.0008200000000044838,2541.118522653735,bench_add_ind_reg
115.7971,115.79792,0.0008200000000044838,2522.9358254136296,bench_add_ind_reg
115.99814,115.99896,0.000819999999990273,2520.6211954051955,bench_add_ind_reg
116.19918,116.19998,0.0007999999999981355,2457.266594277185,bench_add_ind_reg
116.4002,116.40102,0.0008200000000044838,2525.826708892987,bench_add_ind_reg
116.60124,116.60204,0.0007999999999981355,2454.7823797856004,bench_add_ind_reg
116.80228,116.80308,0.0007999999999981355,2471.2570733332395,bench_add_ind_reg
117.0033,117.00412,0.0008200000000044838,2531.155045158149,bench_add_ind_reg
117.20434,117.20516,0.0008200000000044838,2546.649926821485,bench_add_ind_reg
117.40538,117.40618,0.0008000000000123464,2469.5188715506147,bench_add_ind_reg
117.6064,117.60722,0.0008200000000044838,2549.7631915051766,bench_add_ind_reg
117.80744,117.80824,0.0007999999999981355,2473.6314732520823,bench_add_ind_reg
118.00846,118.00928,0.0008200000000044838,2535.9954359146072,bench_add_ind_reg
118.2095,118.21032,0.000819999999990273,2537.97752779701,bench_add_ind_reg
118.41054,118.41134,0.0007999999999981355,2475.890307681406,bench_add_ind_reg
118.61156,118.61238,0.0008200000000044838,2524.298178045589,bench_add_ind_reg
118.81258,118.8134,0.0008200000000044838,2524.5325151038055,bench_add_ind_reg
119.01362,119.01444,0.000819999999990273,2519.3476327398002,bench_add_ind_reg
119.21464,119.21546,0.000819999999990273,2522.0483401488746,bench_add_ind_reg
119.41568,119.41648,0.0008000000000123464,2460.271194615027,bench_add_ind_reg
119.6167,119.61752,0.0008200000000044838,2513.193655772732,bench_add_ind_reg
119.81774,119.81854,0.0007999999999981355,2455.9986777545428,bench_add_ind_reg
120.01876,120.01958,0.0008200000000044838,2530.890512293864,bench_add_ind_reg
120.2198,120.22062,0.000819999999990273,2522.3963008895594,bench_add_ind_reg
120.42084,120.42164,0.0007999999999981355,2466.71675936664,bench_add_ind_reg
120.62186,120.62268,0.0008200000000044838,2532.3746120698993,bench_add_ind_reg
120.8229,120.82372,0.000819999999990273,2539.58478799804,bench_add_ind_reg
121.02394,121.02476,0.0008200000000044838,2540.730596533965,bench_add_ind_reg
121.22498,121.22578,0.0007999999999981355,2476.6809376829906,bench_add_ind_reg
121.42602,121.42682,0.0008000000000123464,2487.009065263777,bench_add_ind_reg
121.62704,121.62786,0.0008200000000044838,2542.8019510716445,bench_add_ind_reg
121.82808,121.8289,0.0008200000000044838,2544.0064119317813,bench_add_ind_reg
122.02912,122.02992,0.0007999999999981355,2461.352916428714,bench_add_ind_reg
122.23016,122.23096,0.0007999999999981355,2468.3800758738694,bench_add_ind_reg
122.43118,122.432,0.0008200000000044838,2522.6523121959913,bench_add_ind_reg
122.63222,122.63304,0.000819999999990273,2517.9235334203145,bench_add_ind_reg
122.83326,122.83406,0.0007999999999981355,2455.500259524142,bench_add_ind_reg
123.03428,123.0351,0.0008200000000044838,2512.975188451737,bench_add_ind_reg
123.23532,123.23614,0.0008200000000044838,2527.662622755666,bench_add_ind_reg
123.43636,123.43718,0.0008200000000044838,2521.516308202104,bench_add_ind_reg
123.63738,123.6382,0.0008200000000044838,2528.055408051962,bench_add_ind_reg
123.83842,123.83924,0.0008200000000044838,2536.2905091747652,bench_add_ind_reg
124.03946,124.04028,0.000819999999990273,2526.764022156505,bench_add_ind_reg
124.2405,124.2413,0.0007999999999981355,2486.912161106282,bench_add_ind_reg
124.44152,124.44234,0.0008200000000044838,2536.407469319873,bench_add_ind_reg
124.64256,124.64338,0.000819999999990273,2538.0391906646987,bench_add_ind_reg
124.8436,124.8444,0.0007999999999981355,2470.5675942763187,bench_add_ind_reg
125.04462,125.04544,0.0008200000000044838,2531.513480949,bench_add_ind_reg
125.24566,125.24646,0.0007999999999981355,2482.908528758102,bench_add_ind_reg
125.4467,125.4475,0.0007999999999981355,2468.5913626980387,bench_add_ind_reg
125.64774,125.64854,0.0007999999999981355,2466.6281090992125,bench_add_ind_reg
125.84878,125.84958,0.0007999999999981355,2457.6303455917478,bench_add_ind_reg
126.04982,126.05062,0.0007999999999981355,2470.5534963808777,bench_add_ind_reg
126.25086,126.25166,0.0007999999999981355,2456.3797586537203,bench_add_ind_reg
126.4519,126.4527,0.0007999999999981355,2456.44629932364,bench_add_ind_reg
126.65292,126.65374,0.0008200000000044838,2517.4129521610816,bench_add_ind_reg
126.85396,126.85476,0.0007999999999981355,2452.687476756015,bench_add_ind_reg
127.05498,127.0558,0.0008200000000044838,2539.4204538452054,bench_add_ind_reg
127.25602,127.25684,0.000819999999990273,2534.3030248470163,bench_add_ind_reg
127.45706,127.45788,0.0008200000000044838,2534.9877891271026,bench_add_ind_reg
127.6581,127.6589,0.0007999999999981355,2470.511505374358,bench_add_ind_reg
127.85914,127.85994,0.0007999999999981355,2461.656590451606,bench_add_ind_reg
128.06016,128.06098,0.0008200000000044838,2545.6004729631136,bench_add_ind_reg
128.2612,128.26202,0.0008200000000044838,2553.223327282106,bench_add_ind_reg
128.46224,128.46306,0.0008200000000044838,2544.3363352820575,bench_add_ind_reg
128.66328,128.6641,0.0008200000000044838,2538.243364556704,bench_add_ind_reg
128.86432,128.86514,0.0008200000000044838,2542.028559850563,bench_add_ind_reg
129.06536,129.06618,0.0008200000000044838,2529.604127644289,bench_add_ind_reg
129.2664,129.2672,0.0007999999999981355,2463.3665941605727,bench_add_ind_reg
129.46744,129.46824,0.0007999999999981355,2458.950427820265,bench_add_ind_reg
129.66848,129.66928,0.0007999999999981355,2458.45556258603,bench_add_ind_reg
129.8695,129.87032,0.0008200000000044838,2513.5332974750986,bench_add_ind_reg
130.07054,130.07136,0.0008200000000044838,2527.9788510075846,bench_add_ind_reg
130.27158,130.27238,0.0007999999999981355,2460.0813817171424,bench_add_ind_reg
130.47262,130.47342,0.0007999999999981355,2489.2730452061264,bench_add_ind_reg
130.67366,130.67446,0.0007999999999981355,2534.4923301545373,bench_add_aut_reg
130.8747,130.8755,0.0007999999999981355,2532.7814207344763,bench_add_aut_reg
131.07574,131.07654,0.0007999999999981355,2542.4171122661205,bench_add_aut_reg
131.27678,131.27758,0.0007999999999981355,2544.779013836693,bench_add_aut_reg
131.47782,131.47862,0.0007999999999981355,2533.6905708490945,bench_add_aut_reg
131.67886,131.67966,0.0008000000000265572,2535.3718503272094,bench_add_aut_reg
131.8799,131.8807,0.0007999999999981355,2536.677266465033,bench_add_aut_reg
132.08092,132.08174,0.0008200000000044838,2610.189646960947,bench_add_aut_reg
132.28196,132.28278,0.0008200000000044838,2603.995602125395,bench_add_aut_reg
132.483,132.4838,0.0007999999999981355,2535.5477724170737,bench_add_aut_reg
132.68402,132.68484,0.0008200000000044838,2606.0966495561584,bench_add_aut_reg
132.88506,132.88588,0.0008199999999760621,2594.9956033574663,bench_add_aut_reg
133.0861,133.0869,0.0008000000000265572,2522.4727951810096,bench_add_aut_reg
133.28714,133.28794,0.0007999999999981355,2506.6459132288537,bench_add_aut_reg
133.48816,133.48898,0.0008200000000044838,2601.2068707628,bench_add_aut_reg
133.6892,133.69,0.0007999999999981355,2536.7887341361006,bench_add_aut_reg
133.89024,133.89104,0.0007999999999981355,2517.0664652184864,bench_add_aut_reg
134.09126,134.09208,0.0008200000000044838,2583.0414449010527,bench_add_aut_reg
134.2923,134.2931,0.0007999999999981355,2533.363362304201,bench_add_aut_reg
134.49334,134.49414,0.0007999999999981355,2539.330073626367,bench_add_aut_reg
134.69436,134.69518,0.0008200000000044838,2608.4029325426545,bench_add_aut_reg
134.8954,134.89622,0.0008200000000044838,2599.855449528741,bench_add_aut_reg
135.09644,135.09724,0.0007999999999981355,2536.0030145318633,bench_add_aut_reg
135.29748,135.29828,0.0007999999999981355,2531.910936808881,bench_add_aut_reg
135.4985,135.49932,0.0008200000000044838,2597.6379332288807,bench_add_aut_reg
135.69954,135.70036,0.0008199999999760621,2602.143811454709,bench_add_aut_reg
135.90058,135.90138,0.0007999999999981355,2525.7823313520257,bench_add_aut_reg
136.10162,136.10242,0.0007999999999981355,2528.4852995475885,bench_add_aut_reg
136.30264,136.30346,0.0008200000000044838,2582.5673458298165,bench_add_aut_reg
136.50368,136.50448,0.0007999999999981355,2519.7516381688642,bench_add_aut_reg
136.7047,136.70552,0.0008200000000044838,2585.231352146374,bench_add_aut_reg
136.90574,136.90654,0.0007999999999981355,2526.1627649841903,bench_add_aut_reg
137.10676,137.10758,0.0008200000000044838,2578.134483207214,bench_add_aut_reg
137.3078,137.30862,0.0008200000000044838,2582.8435295392414,bench_add_aut_reg
137.50884,137.50964,0.0007999999999981355,2537.336440284983,bench_add_aut_reg
137.70988,137.71068,0.0007999999999981355,2530.4493866799876,bench_add_aut_reg
137.91092,137.91172,0.0007999999999981355,2537.202152883019,bench_add_aut_reg
138.11194,138.11276,0.0008200000000044838,2601.8880400948065,bench_add_aut_reg
138.31298,138.3138,0.0008199999999760621,2597.783030867114,bench_add_aut_reg
138.51402,138.51482,0.0007999999999981355,2540.987459935382,bench_add_aut_reg
138.71504,138.71586,0.0008200000000044838,2597.8978700130715,bench_add_aut_reg
138.91608,138.91688,0.0007999999999981355,2535.7883819319063,bench_add_aut_reg
139.1171,139.11792,0.0008200000000044838,2600.8672523440323,bench_add_aut_reg
139.31814,139.31896,0.0008200000000044838,2594.565351041731,bench_add_aut_reg
139.51918,139.51998,0.0007999999999981355,2542.123524466447,bench_add_aut_reg
139.7202,139.72102,0.0008200000000044838,2588.341878741374,bench_add_aut_reg
139.92124,139.92204,0.0007999999999981355,2517.9987447283197,bench_add_aut_reg
140.12226,140.12308,0.0008199999999760621,2582.364401240562,bench_add_aut_reg
140.3233,140.3241,0.0007999999999981355,2521.692092990664,bench_add_aut_reg
140.52432,140.52512,0.0007999999999981355,2521.5065455918702,bench_add_aut_reg
140.72534,140.72616,0.0008200000000044838,2599.8939457478905,bench_add_aut_reg
140.92638,140.92718,0.0007999999999981355,2532.4675231177366,bench_add_aut_reg
141.1274,141.12822,0.0008200000000044838,2578.259827582729,bench_add_aut_reg
141.32844,141.32926,0.0008200000000044838,2597.0411696609494,bench_add_aut_reg
141.52948,141.53028,0.0007999999999981355,2542.4319412504733,bench_add_aut_reg
141.7305,141.73132,0.0008200000000044838,2596.461495864762,bench_add_aut_reg
141.93154,141.93236,0.0008199999999760621,2599.73908301472,bench_add_aut_reg
142.13258,142.13338,0.0007999999999981355,2536.757092450187,bench_add_aut_reg
142.3336,142.33442,0.0008200000000044838,2607.101269545373,bench_add_aut_reg
142.53464,142.53544,0.0007999999999981355,2546.548219391425,bench_add_aut_reg
142.73566,142.73648,0.0008200000000044838,2601.172148729779,bench_add_aut_reg
142.9367,142.93752,0.0008200000000044838,2586.4186464026848,bench_add_aut_reg
143.13774,143.13854,0.0007999999999981355,2516.058229371088,bench_add_aut_reg
143.33876,143.33958,0.0008200000000044838,2588.343927650389,bench_add_aut_reg
143.53978,143.5406,0.0008200000000044838,2580.8338308844595,bench_add_aut_reg
143.7408,143.74162,0.0008200000000044838,2574.288246701898,bench_add_aut_reg
143.94184,143.94264,0.0007999999999981355,2531.777273393566,bench_add_aut_reg
144.14286,144.14368,0.0008199999999760621,2584.78810071987,bench_add_aut_reg
144.3439,144.3447,0.0007999999999981355,2531.1189307758254,bench_add_aut_reg
144.54492,144.54574,0.0008200000000044838,2588.0343676677867,bench_add_aut_reg
144.74594,144.74676,0.0008200000000044838,2613.405257010928,bench_add_aut_reg
144.94698,144.94778,0.0007999999999981355,2544.079469510827,bench_add_aut_reg
145.148,145.14882,0.0008200000000044838,2586.6640336011824,bench_add_aut_reg
145.34904,145.34984,0.0007999999999981355,2536.3294198118056,bench_add_aut_reg
145.55006,145.55088,0.0008200000000044838,2589.551573633906,bench_add_aut_reg
145.7511,145.75192,0.0008200000000044838,2599.1556327939297,bench_add_aut_reg
145.95214,145.95294,0.0007999999999981355,2548.755111633828,bench_add_aut_reg
146.15316,146.15398,0.0008199999999760621,2590.0389462898584,bench_add_aut_reg
146.3542,146.355,0.0007999999999981355,2534.14510050125,bench_add_aut_reg
146.55522,146.55604,0.0008200000000044838,2588.8670142880087,bench_add_aut_reg
146.75626,146.75708,0.0008200000000044838,2581.0309569484725,bench_add_aut_reg
146.9573,146.95812,0.0008200000000044838,2579.5286637874588,bench_add_aut_reg
147.15834,147.15914,0.0007999999999981355,2514.2434309187356,bench_add_aut_reg
147.35938,147.36018,0.0008000000000265572,2518.9734367538754,bench_add_aut_reg
147.5604,147.56122,0.0008200000000044838,2579.639353801955,bench_add_aut_reg
147.76144,147.76226,0.0008200000000044838,2579.720115768579,bench_add_aut_reg
147.96248,147.96328,0.0007999999999981355,2523.9251763492066,bench_add_aut_reg
148.1635,148.16432,0.0008200000000044838,2593.558051171038,bench_add_aut_reg
148.36454,148.36534,0.0007999999999981355,2527.265259990149,bench_add_aut_reg
148.56556,148.56638,0.0008200000000044838,2596.645432073891,bench_add_aut_reg
148.7666,148.7674,0.0007999999999981355,2532.983641135356,bench_add_aut_reg
148.96764,148.96844,0.0007999999999981355,2549.4071724762102,bench_add_aut_reg
149.16868,149.16948,0.0007999999999981355,2541.2941118638473,bench_add_aut_reg
149.3697,149.37052,0.0008200000000044838,2591.318429926643,bench_add_aut_reg
149.57074,149.57156,0.0008200000000044838,2581.8847445917622,bench_add_aut_reg
149.77178,149.7726,0.0008200000000044838,2596.1436564245687,bench_add_aut_reg
149.97282,149.97362,0.0007999999999981355,2532.732659014553,bench_add_aut_reg
150.17384,150.17466,0.0008199999999760621,2575.842193253148,bench_add_aut_reg
150.37488,150.37568,0.0007999999999981355,2526.6572064657407,bench_add_aut_reg
150.57592,150.57672,0.0007999999999981355,2512.3437237868666,bench_add_aut_reg
150.77694,150.77848,0.001540000000005648,4538.011264538451,bench_add_reg_idx
150.9787,150.98022,0.0015199999999992997,4472.720709161943,bench_add_reg_idx
151.18044,151.18196,0.0015199999999992997,4485.7037649470885,bench_add_reg_idx
151.3822,151.38372,0.0015199999999992997,4507.712847549863,bench_add_reg_idx
151.58394,151.58546,0.0015199999999992997,4505.832847203377,bench_add_reg_idx
151.78568,151.7872,0.0015199999999992997,4493.269573426737,bench_add_reg_idx
151.98742,151.98894,0.0015200000000277214,4495.478055988344,bench_add_reg_idx
152.18916,152.1907,0.001540000000005648,4554.048511218437,bench_add_reg_idx
152.39092,152.39244,0.0015199999999992997,4474.372889379979,bench_add_reg_idx
152.59266,152.59418,0.0015199999999992997,4469.195203855951,bench_add_reg_idx
152.7944,152.79594,0.001540000000005648,4526.517030334304,bench_add_reg_idx
152.99614,152.99768,0.001540000000005648,4545.378459169112,bench_add_reg_idx
153.1979,153.19942,0.0015199999999992997,4478.8190023954585,bench_add_reg_idx
153.39964,153.40116,0.0015199999999992997,4482.217261098691,bench_add_reg_idx
153.60138,153.6029,0.0015199999999992997,4495.519308837005,bench_add_reg_idx
153.80312,153.80466,0.001540000000005648,4565.405177433213,bench_add_reg_idx
154.00488,154.0064,0.0015199999999992997,4494.783843398619,bench_add_reg_idx
154.20662,154.20814,0.0015199999999992997,4487.419778015423,bench_add_reg_idx
154.40836,154.4099,0.001540000000005648,4545.4339869505475,bench_add_reg_idx
154.61012,154.61164,0.0015199999999992997,4465.259616262244,bench_add_reg_idx
154.81186,154.81338,0.0015199999999992997,4460.180399471191,bench_add_reg_idx
155.0136,155.01512,0.0015199999999992997,4466.4070708661675,bench_add_reg_idx
155.21534,155.21686,0.0015199999999992997,4485.11671740483,bench_add_reg_idx
155.41708,155.4186,0.0015199999999992997,4485.734675542597,bench_add_reg_idx
155.61882,155.62036,0.001540000000005648,4557.189103232218,bench_add_reg_idx
155.82056,155.8221,0.001540000000005648,4563.232096859745,bench_add_reg_idx
156.02232,156.02384,0.0015199999999992997,4503.142959435511,bench_add_reg_idx
156.22406,156.22558,0.0015199999999992997,4493.56609489392,bench_add_reg_idx
156.4258,156.42732,0.0015199999999992997,4477.176053912286,bench_add_reg_idx
156.62754,156.62906,0.0015199999999992997,4467.330917246548,bench_add_reg_idx
156.82928,156.8308,0.0015199999999992997,4483.985851980283,bench_add_reg_idx
157.03102,157.03254,0.0015199999999992997,4468.265827740491,bench_add_reg_idx
157.23276,157.2343,0.0015399999999772263,4539.083309867788,bench_add_reg_idx
157.4345,157.43604,0.0015399999999772263,4543.1576761657325,bench_add_reg_idx
157.63624,157.63778,0.001540000000005648,4566.159262339724,bench_add_reg_idx
157.838,157.83952,0.0015199999999992997,4493.88720327888,bench_add_reg_idx
158.03974,158.04126,0.0015199999999992997,4509.240612385838,bench_add_reg_idx
158.24148,158.24302,0.001540000000005648,4570.0324187215,bench_add_reg_idx
158.44324,158.44476,0.0015199999999992997,4483.308172782625,bench_add_reg_idx
158.64498,158.6465,0.0015199999999992997,4476.200530768122,bench_add_reg_idx
158.84672,158.84826,0.001540000000005648,4521.951829100007,bench_add_reg_idx
159.04848,159.05,0.0015199999999992997,4464.224833060839,bench_add_reg_idx
159.25022,159.25176,0.0015399999999772263,4546.274491517978,bench_add_reg_idx
159.45198,159.4535,0.0015199999999992997,4491.697917692069,bench_add_reg_idx
159.65372,159.65524,0.0015199999999992997,4501.936840823818,bench_add_reg_idx
159.85546,159.857,0.001540000000005648,4551.857567877126,bench_add_reg_idx
160.05722,160.05874,0.0015199999999992997,4507.864585610284,bench_add_reg_idx
160.25896,160.26048,0.0015199999999992997,4476.663675157315,bench_add_reg_idx
160.4607,160.46224,0.001540000000005648,4535.089600848224,bench_add_reg_idx
160.66246,160.66398,0.0015199999999992997,4472.325225355377,bench_add_reg_idx
160.8642,160.86572,0.0015199999999992997,4482.496997803191,bench_add_reg_idx
161.06594,161.06748,0.0015399999999772263,4525.014965260152,bench_add_reg_idx
161.2677,161.26922,0.0015199999999992997,4500.910032073231,bench_add_reg_idx
161.46944,161.47098,0.001540000000005648,4557.069765887672,bench_add_reg_idx
161.6712,161.67272,0.0015199999999992997,4507.478366138624,bench_add_reg_idx
161.87294,161.87446,0.0015199999999992997,4489.475365260441,bench_add_reg_idx
162.07468,162.07622,0.001540000000005648,4551.824103126155,bench_add_reg_idx
162.27644,162.27796,0.0015199999999992997,4504.232322793425,bench_add_reg_idx
162.47818,162.4797,0.0015199999999992997,4493.21755440426,bench_add_reg_idx
162.67994,162.68146,0.0015199999999992997,4469.281686469918,bench_add_reg_idx
162.88168,162.8832,0.0015199999999992997,4478.267554658143,bench_add_reg_idx
163.08342,163.08496,0.001540000000005648,4524.001996050333,bench_add_reg_idx
163.28518,163.2867,0.0015199999999992997,4478.535894303467,bench_add_reg_idx
163.48692,163.48846,0.001540000000005648,4558.526736236231,bench_add_reg_idx
163.68868,163.6902,0.0015199999999992997,4496.52369832301,bench_add_reg_idx
163.89042,163.89194,0.0015199999999992997,4500.202175694036,bench_add_reg_idx
164.09216,164.0937,0.001540000000005648,4560.34185832188,bench_add_reg_idx
164.29392,164.29544,0.0015199999999992997,4489.5720621540895,bench_add_reg_idx
164.49564,164.49718,0.0015399999999772263,4558.078905033818,bench_add_reg_idx
164.6974,164.69892,0.0015199999999992997,4472.9503034613435,bench_add_reg_idx
164.89914,164.90066,0.0015199999999992997,4456.249012146862,bench_add_reg_idx
165.10088,165.1024,0.0015199999999992997,4467.300903051694,bench_add_reg_idx
165.30262,165.30416,0.001540000000005648,4546.155126317731,bench_add_reg_idx
165.50438,165.5059,0.0015199999999992997,4489.721462594677,bench_add_reg_idx
165.70612,165.70764,0.0015199999999992997,4496.47447792573,bench_add_reg_idx
165.90786,165.9094,0.001540000000005648,4566.150894405842,bench_add_reg_idx
166.10962,166.11114,0.0015199999999992997,4515.070535705757,bench_add_reg_idx
166.31136,166.3129,0.001540000000005648,4543.272564202773,bench_add_reg_idx
166.51312,166.51464,0.0015200000000277214,4495.887907769862,bench_add_reg_idx
166.71486,166.7164,0.001540000000005648,4519.657010696013,bench_add_reg_idx
166.91662,166.91814,0.0015199999999992997,4456.246653570079,bench_add_reg_idx
167.11836,167.11988,0.0015199999999992997,4466.735771856304,bench_add_reg_idx
167.32012,167.32164,0.0015199999999992997,4482.098782898157,bench_add_reg_idx
167.52186,167.5234,0.001540000000005648,4550.879751348697,bench_add_reg_idx
167.72362,167.72514,0.0015199999999992997,4492.903051426645,bench_add_reg_idx
167.92536,167.9269,0.0015399999999772263,4567.592944879757,bench_add_reg_idx
168.12712,168.12864,0.0015199999999992997,4492.334653621511,bench_add_reg_idx
168.32886,168.3304,0.001540000000005648,4553.47256271091,bench_add_reg_idx
168.53062,168.53214,0.0015199999999992997,4485.66067730798,bench_add_reg_idx
168.73236,168.73388,0.0015199999999992997,4479.316207578284,bench_add_reg_idx
168.9341,168.93562,0.0015199999999992997,4484.27972383565,bench_add_reg_idx
169.13584,169.13736,0.0015199999999992997,4467.7841803025685,bench_add_reg_idx
169.3376,169.33912,0.0015199999999992997,4503.744125828347,bench_add_reg_idx
169.53934,169.54086,0.0015199999999992997,4490.004484538292,bench_add_reg_idx
169.74108,169.74262,0.0015399999999772263,4563.198189648319,bench_add_reg_idx
169.94282,169.94436,0.0015399999999772263,4566.2517798357585,bench_add_reg_idx
170.14458,170.1461,0.0015199999999992997,4500.628784298467,bench_add_reg_idx
170.34632,170.34784,0.0015199999999992997,4497.68540216619,bench_add_reg_idx
170.54806,170.54958,0.0015199999999992997,4484.209383370814,bench_add_reg_idx
170.7498,170.75134,0.001540000000005648,4540.051927340965,bench_add_reg_idx
170.95156,170.95306,0.0014999999999929514,4526.169998550308,bench_add_reg_sym
171.15328,171.15478,0.0014999999999929514,4530.48925611875,bench_add_reg_sym
171.355,171.35652,0.0015199999999992997,4608.2131611167715,bench_add_reg_sym
171.55672,171.55824,0.0015199999999992997,4609.251727812928,bench_add_reg_sym
171.75846,171.75996,0.0014999999999929514,4550.651365403279,bench_add_reg_sym
171.96018,171.96168,0.0014999999999929514,4578.097581376361,bench_add_reg_sym
172.16188,172.1634,0.0015199999999992997,4598.998180588871,bench_add_reg_sym
172.3636,172.3651,0.0015000000000213731,4558.160370282556,bench_add_reg_sym
172.56532,172.56682,0.0014999999999929514,4552.038765955739,bench_add_reg_sym
172.76704,172.76854,0.0014999999999929514,4540.895919760005,bench_add_reg_sym
172.96876,172.97026,0.0014999999999929514,4535.251250469279,bench_add_reg_sym
173.17048,173.17198,0.0014999999999929514,4535.427123753562,bench_add_reg_sym
173.3722,173.3737,0.0015000000000213731,4557.727705752127,bench_add_reg_sym
173.57392,173.57542,0.0015000000000213731,4546.831005784221,bench_add_reg_sym
173.77564,173.77714,0.0014999999999929514,4567.1489252485935,bench_add_reg_sym
173.97736,173.97886,0.0014999999999929514,4546.892626655063,bench_add_reg_sym
174.17908,174.1806,0.0015199999999992997,4629.624106454344,bench_add_reg_sym
174.38082,174.38232,0.0014999999999929514,4568.474730454712,bench_add_reg_sym
174.58254,174.58404,0.0014999999999929514,4573.2237840800535,bench_add_reg_sym
174.78426,174.78576,0.0015000000000213731,4550.384939713567,bench_add_reg_sym
174.98598,174.98748,0.0014999999999929514,4534.8043250630935,bench_add_reg_sym
175.1877,175.1892,0.0014999999999929514,4531.650198601768,bench_add_reg_sym
175.38944,175.39094,0.0014999999999929514,4539.0710979477935,bench_add_reg_sym
175.59116,175.59266,0.0014999999999929514,4553.19266764054,bench_add_reg_sym
175.79288,175.79438,0.0014999999999929514,4563.271456841269,bench_add_reg_sym
175.99462,175.99612,0.0014999999999929514,4564.876058118386,bench_add_reg_sym
176.19634,176.19784,0.0015000000000213731,4558.349323988144,bench_add_reg_sym
176.39808,176.39958,0.0014999999999929514,4575.352699008484,bench_add_reg_sym
176.5998,176.6013,0.0015000000000213731,4570.357061523169,bench_add_reg_sym
176.80154,176.80304,0.0015000000000213731,4547.887397995979,bench_add_reg_sym
177.00326,177.00478,0.0015199999999992997,4604.861431286987,bench_add_reg_sym
177.205,177.2065,0.0014999999999929514,4532.700094837192,bench_add_reg_sym
177.40672,177.40822,0.0014999999999929514,4519.300633088947,bench_add_reg_sym
177.60846,177.60996,0.0014999999999929514,4554.652643834901,bench_add_reg_sym
177.81018,177.81168,0.0014999999999929514,4557.86937379986,bench_add_reg_sym
178.0119,178.0134,0.0014999999999929514,4557.3778752969765,bench_add_reg_sym
178.21362,178.21512,0.0015000000000213731,4566.003561551129,bench_add_reg_sym
178.41534,178.41684,0.0015000000000213731,4569.532068047257,bench_add_reg_sym
178.61706,178.61856,0.0014999999999929514,4548.785989151906,bench_add_reg_sym
178.81878,178.8203,0.0015199999999992997,4597.335697615442,bench_add_reg_sym
179.02052,179.02202,0.0014999999999929514,4538.513559359649,bench_add_reg_sym
179.22224,179.22374,0.0014999999999929514,4522.080309668189,bench_add_reg_sym
179.42398,179.42548,0.0014999999999929514,4539.62288096157,bench_add_reg_sym
179.6257,179.6272,0.0014999999999929514,4559.035811087826,bench_add_reg_sym
179.82742,179.82892,0.0015000000000213731,4549.739360874122,bench_add_reg_sym
180.02914,180.03064,0.0014999999999929514,4568.776811915742,bench_add_reg_sym
180.23086,180.23236,0.0014999999999929514,4567.04762296533,bench_add_reg_sym
180.43258,180.43408,0.0014999999999929514,4560.197393854613,bench_add_reg_sym
180.6343,180.6358,0.0014999999999929514,4568.924289175002,bench_add_reg_sym
180.83604,180.83754,0.0014999999999929514,4552.560446296732,bench_add_reg_sym
181.03776,181.03926,0.0015000000000213731,4532.532608201304,bench_add_reg_sym
181.2395,181.241,0.0015000000000213731,4540.642642015923,bench_add_reg_sym
181.44122,181.44272,0.0015000000000213731,4535.0625017378325,bench_add_reg_sym
181.64294,181.64444,0.0014999999999929514,4554.702828149693,bench_add_reg_sym
181.84466,181.84618,0.0015199999999992997,4616.554235105956,bench_add_reg_sym
182.04638,182.04788,0.0014999999999929514,4566.581421510378,bench_add_reg_sym
182.24812,182.24962,0.0014999999999929514,4569.2393276625135,bench_add_reg_sym
182.44984,182.45134,0.0014999999999929514,4560.456648448482,bench_add_reg_sym
182.65156,182.65306,0.0015000000000213731,4558.3322738017005,bench_add_reg_sym
182.8533,182.8548,0.0015000000000213731,4557.924533792538,bench_add_reg_sym
183.05502,183.05652,0.0014999999999929514,4547.131767008391,bench_add_reg_sym
183.25674,183.25824,0.0014999999999929514,4527.568335157812,bench_add_reg_sym
183.45846,183.45996,0.0014999999999929514,4537.5491701791725,bench_add_reg_sym
183.66018,183.66168,0.0014999999999929514,4549.154015237082,bench_add_reg_sym
183.8619,183.86342,0.0015199999999992997,4615.551165768242,bench_add_reg_sym
184.06362,184.06514,0.0015200000000277214,4622.283843430592,bench_add_reg_sym
184.26534,184.26684,0.0014999999999929514,4565.498582064523,bench_add_reg_sym
184.46706,184.46856,0.0014999999999929514,4572.533017468298,bench_add_reg_sym
184.66878,184.6703,0.0015199999999992997,4624.439673496774,bench_add_reg_sym
184.8705,184.872,0.0015000000000213731,4557.505364129433,bench_add_reg_sym
185.07222,185.07374,0.0015199999999992997,4596.273731438868,bench_add_reg_sym
185.27396,185.27546,0.0015000000000213731,4530.455144187056,bench_add_reg_sym
185.47568,185.47718,0.0014999999999929514,4541.7664805209515,bench_add_reg_sym
185.6774,185.6789,0.0014999999999929514,4544.0956251477055,bench_add_reg_sym
185.87912,185.88062,0.0014999999999929514,4571.72784719202,bench_add_reg_sym
186.08084,186.08234,0.0014999999999929514,4554.585451238617,bench_add_reg_sym
186.28256,186.28406,0.0015000000000213731,4562.064744597621,bench_add_reg_sym
186.48428,186.4858,0.0015199999999992997,4620.688676364741,bench_add_reg_sym
186.68602,186.68752,0.0014999999999929514,4559.153793356289,bench_add_reg_sym
186.88774,186.88924,0.0014999999999929514,4557.499005435856,bench_add_reg_sym
187.08948,187.09098,0.0014999999999929514,4539.04781488427,bench_add_reg_sym
187.2912,187.2927,0.0014999999999929514,4534.27714759323,bench_add_reg_sym
187.49294,187.49444,0.0014999999999929514,4519.259906352473,bench_add_reg_sym
187.69466,187.69616,0.0014999999999929514,4534.2235476482965,bench_add_reg_sym
187.89638,187.89788,0.0014999999999929514,4554.958105997812,bench_add_reg_sym
188.0981,188.0996,0.0015000000000213731,4568.530800818478,bench_add_reg_sym
188.29982,188.30132,0.0014999999999929514,4565.017677357103,bench_add_reg_sym
188.50154,188.50304,0.0014999999999929514,4562.201502245592,bench_add_reg_sym
188.70326,188.70476,0.0014999999999929514,4554.684930459219,bench_add_reg_sym
188.90498,188.90648,0.0014999999999929514,4558.791674185249,bench_add_reg_sym
189.1067,189.1082,0.0015000000000213731,4551.902348241822,bench_add_reg_sym
189.30842,189.30992,0.0014999999999929514,4546.868314479971,bench_add_reg_sym
189.51014,189.51164,0.0014999999999929514,4525.512815430908,bench_add_reg_sym
189.71186,189.71338,0.0015199999999992997,4595.551341769491,bench_add_reg_sym
189.9136,189.9151,0.0014999999999929514,4553.382303544441,bench_add_reg_sym
190.11532,190.11682,0.0014999999999929514,4575.799012069434,bench_add_reg_sym
190.31706,190.31856,0.0014999999999929514,4555.556175743814,bench_add_reg_sym
190.51878,190.52028,0.0015000000000213731,4562.93311675089,bench_add_reg_sym
190.7205,190.722,0.0015000000000213731,4559.105807050646,bench_add_reg_sym
190.92224,190.92374,0.0015000000000213731,4569.037659159496,bench_add_reg_sym
191.12396,191.12546,0.0014999999999929514,4470.1209361434185,bench_add_reg_abs
191.32568,191.32718,0.0014999999999929514,4457.315013257749,bench_add_reg_abs
191.5274,191.5289,0.0014999999999929514,4459.194196368014,bench_add_reg_abs
191.72912,191.73062,0.0014999999999929514,4447.370341492576,bench_add_reg_abs
191.93084,191.93234,0.0015000000000213731,4455.6210656359735,bench_add_reg_abs
192.13256,192.13408,0.0015199999999992997,4513.081614855393,bench_add_reg_abs
192.33428,192.3358,0.0015199999999992997,4535.882226188931,bench_add_reg_abs
192.536,192.53752,0.0015199999999992997,4522.227300329436,bench_add_reg_abs
192.73772,192.73924,0.0015199999999992997,4531.048547940551,bench_add_reg_abs
192.93946,192.94096,0.0014999999999929514,4465.209282913521,bench_add_reg_abs
193.14118,193.14268,0.0015000000000213731,4462.971009842725,bench_add_reg_abs
193.3429,193.3444,0.0015000000000213731,4456.644121156184,bench_add_reg_abs
193.54462,193.54612,0.0014999999999929514,4450.1387700215255,bench_add_reg_abs
193.74634,193.74786,0.0015199999999992997,4518.972863441975,bench_add_reg_abs
193.94808,193.94958,0.0014999999999929514,4450.145252027534,bench_add_reg_abs
194.1498,194.1513,0.0014999999999929514,4459.751273949783,bench_add_reg_abs
194.35152,194.35302,0.0014999999999929514,4464.413064976444,bench_add_reg_abs
194.55324,194.55474,0.0015000000000213731,4475.287594897813,bench_add_reg_abs
194.75496,194.75648,0.0015199999999992997,4520.021770146737,bench_add_reg_abs
194.95668,194.95818,0.0014999999999929514,4489.189854335755,bench_add_reg_abs
195.1584,195.1599,0.0014999999999929514,4469.954096692256,bench_add_reg_abs
195.36012,195.36164,0.0015199999999992997,4523.83529860382,bench_add_reg_abs
195.56184,195.56336,0.0015199999999992997,4506.678546312103,bench_add_reg_abs
195.76356,195.76508,0.0015199999999992997,4496.526862492334,bench_add_reg_abs
195.96528,195.9668,0.0015199999999992997,4511.040351350468,bench_add_reg_abs
196.16702,196.16852,0.0014999999999929514,4460.628642678645,bench_add_reg_abs
196.36874,196.37024,0.0014999999999929514,4474.217719377343,bench_add_reg_abs
196.57046,196.57196,0.0014999999999929514,4485.872301718003,bench_add_reg_abs
196.77218,196.77368,0.0015000000000213731,4472.47234412408,bench_add_reg_abs
196.9739,196.97542,0.0015200000000277214,4524.91308803739,bench_add_reg_abs
197.17564,197.17714,0.0015000000000213731,4473.098381486934,bench_add_reg_abs
197.37736,197.37886,0.0014999999999929514,4457.567401673639,bench_add_reg_abs
197.57908,197.58058,0.0014999999999929514,4434.643934924975,bench_add_reg_abs
197.78082,197.78232,0.0014999999999929514,4450.366334035693,bench_add_reg_abs
197.98254,197.98404,0.0014999999999929514,4447.807839584052,bench_add_reg_abs
198.18426,198.18576,0.0014999999999929514,4457.953511716772,bench_add_reg_abs
198.38598,198.3875,0.0015199999999992997,4532.931230494151,bench_add_reg_abs
198.58772,198.58922,0.0015000000000213731,4469.222626713235,bench_add_reg_abs
198.78944,198.79094,0.0014999999999929514,4472.110273760231,bench_add_reg_abs
198.99116,198.99268,0.0015199999999992997,4531.8146538912215,bench_add_reg_abs
199.1929,199.1944,0.0014999999999929514,4476.476721444069,bench_add_reg_abs
199.39462,199.39612,0.0014999999999929514,4456.735330147859,bench_add_reg_abs
199.59634,199.59784,0.0014999999999929514,4447.68711456811,bench_add_reg_abs
199.79806,199.79956,0.0015000000000213731,4446.529680927183,bench_add_reg_abs
199.99978,200.0013,0.0015199999999992997,4509.589122606422,bench_add_reg_abs
200.20152,200.20302,0.0015000000000213731,4456.425961170816,bench_add_reg_abs
200.40324,200.40474,0.0014999999999929514,4477.660830574729,bench_add_reg_abs
200.60496,200.60648,0.0015199999999992997,4529.7088124766415,bench_add_reg_abs
200.8067,200.8082,0.0014999999999929514,4472.604019080731,bench_add_reg_abs
201.00842,201.00992,0.0014999999999929514,4473.8408061467,bench_add_reg_abs
201.21014,201.21164,0.0014999999999929514,4456.10876193095,bench_add_reg_abs
201.41186,201.41338,0.0015199999999992997,4530.2780135519315,bench_add_reg_abs
201.61358,201.6151,0.0015199999999992997,4504.473113915947,bench_add_reg_abs
201.81532,201.81682,0.0014999999999929514,4442.740313220849,bench_add_reg_abs
202.01704,202.01854,0.0014999999999929514,4447.807099182753,bench_add_reg_abs
202.21876,202.22028,0.0015199999999992997,4514.219311529183,bench_add_reg_abs
202.4205,202.422,0.0014999999999929514,4466.942176201759,bench_add_reg_abs
202.6222,202.62372,0.0015199999999992997,4524.405349511186,bench_add_reg_abs
202.82394,202.82544,0.0014999999999929514,4482.207528761334,bench_add_reg_abs
203.02566,203.02716,0.0015000000000213731,4476.513532054145,bench_add_reg_abs
203.22738,203.22888,0.0014999999999929514,4471.417209112796,bench_add_reg_abs
203.4291,203.4306,0.0014999999999929514,4468.154285547978,bench_add_reg_abs
203.63082,203.63232,0.0014999999999929514,4442.279832416581,bench_add_reg_abs
203.83254,203.83404,0.0014999999999929514,4438.453190940952,bench_add_reg_abs
204.03426,204.03578,0.0015199999999992997,4501.036342697564,bench_add_reg_abs
204.23598,204.2375,0.0015199999999992997,4507.541365454245,bench_add_reg_abs
204.43772,204.43922,0.0014999999999929514,4464.237801707145,bench_add_reg_abs
204.63944,204.64094,0.0014999999999929514,4486.141086068669,bench_add_reg_abs
204.84116,204.84266,0.0014999999999929514,4486.278933451029,bench_add_reg_abs
205.04288,205.04438,0.0014999999999929514,4488.185772185183,bench_add_reg_abs
205.2446,205.2461,0.0015000000000213731,4480.556789848613,bench_add_reg_abs
205.44632,205.44784,0.0015200000000277214,4526.699371719644,bench_add_reg_abs
205.64806,205.64956,0.0015000000000213731,4445.351222593799,bench_add_reg_abs
205.84978,205.8513,0.0015199999999992997,4499.653130767546,bench_add_reg_abs
206.05152,206.05302,0.0014999999999929514,4453.083279054638,bench_add_reg_abs
206.25326,206.25476,0.0014999999999929514,4451.514829393744,bench_add_reg_abs
206.45498,206.45648,0.0014999999999929514,4468.268151373512,bench_add_reg_abs
206.65672,206.65822,0.0014999999999929514,4463.067795128052,bench_add_reg_abs
206.85844,206.85996,0.0015199999999992997,4539.309968239243,bench_add_reg_abs
207.06018,207.06168,0.0014999999999929514,4460.362407823633,bench_add_reg_abs
207.26192,207.26342,0.0014999999999929514,4476.488304768183,bench_add_reg_abs
207.46366,207.46516,0.0014999999999929514,4484.639081617932,bench_add_reg_abs
207.66538,207.66688,0.0014999999999929514,4441.053541355421,bench_add_reg_abs
207.86712,207.86862,0.0014999999999929514,4447.1019645942315,bench_add_reg_abs
208.06884,208.07034,0.0014999999999929514,4437.330185881587,bench_add_reg_abs
208.27056,208.27208,0.0015199999999992997,4504.019634331766,bench_add_reg_abs
208.4723,208.4738,0.0015000000000213731,4451.3258524883595,bench_add_reg_abs
208.67402,208.67554,0.0015199999999992997,4526.039927728801,bench_add_reg_abs
208.87576,208.87726,0.0014999999999929514,4466.582029103601,bench_add_reg_abs
209.0775,209.079,0.0015000000000213731,4471.731898438924,bench_add_reg_abs
209.27922,209.28072,0.0014999999999929514,4485.39875445562,bench_add_reg_abs
209.48096,209.48246,0.0014999999999929514,4461.537753210565,bench_add_reg_abs
209.68268,209.68418,0.0014999999999929514,4455.78443815853,bench_add_reg_abs
209.88442,209.88592,0.0014999999999929514,4437.152545412208,bench_add_reg_abs
210.08614,210.08764,0.0014999999999929514,4437.565319219081,bench_add_reg_abs
210.28786,210.28938,0.0015199999999992997,4500.370896419454,bench_add_reg_abs
210.4896,210.4911,0.0014999999999929514,4457.080403788421,bench_add_reg_abs
210.69132,210.69284,0.0015199999999992997,4525.158971080768,bench_add_reg_abs
210.89306,210.89456,0.0015000000000213731,4467.789877735271,bench_add_reg_abs
211.09478,211.09628,0.0015000000000213731,4475.557373435427,bench_add_reg_abs
211.29652,211.29718,0.000660000000010541,1640.1272639956032,bench_inc_reg
211.4974,211.49806,0.000660000000010541,1644.4100137146277,bench_inc_reg
211.69828,211.69894,0.0006599999999821193,1646.1335354887906,bench_inc_reg
211.89918,211.89984,0.000660000000010541,1625.2803616508616,bench_inc_reg
212.10006,212.10072,0.0006599999999821193,1645.0619743601442,bench_inc_reg
212.30094,212.30162,0.0006800000000168893,1684.9255771812946,bench_inc_reg
212.50184,212.5025,0.000660000000010541,1640.2611253179275,bench_inc_reg
212.70274,212.7034,0.0006599999999821193,1638.5554731354107,bench_inc_reg
212.90362,212.9043,0.0006800000000168893,1679.2194336198495,bench_inc_reg
213.10452,213.10518,0.0006599999999821193,1630.8606252496697,bench_inc_reg
213.3054,213.30606,0.000660000000010541,1625.1335852164927,bench_inc_reg
213.5063,213.50696,0.0006599999999821193,1630.521772844335,bench_inc_reg
213.70718,213.70784,0.000660000000010541,1619.9212614760868,bench_inc_reg
213.90808,213.90874,0.0006599999999821193,1631.7015070879477,bench_inc_reg
214.10898,214.10964,0.000660000000010541,1622.2267947400767,bench_inc_reg
214.30986,214.31054,0.0006800000000168893,1686.8968471451794,bench_inc_reg
214.51076,214.51142,0.0006599999999821193,1633.1711550703953,bench_inc_reg
214.71164,214.7123,0.000660000000010541,1637.709105886845,bench_inc_reg
214.91254,214.9132,0.0006599999999821193,1644.3622344628761,bench_inc_reg
215.11342,215.11408,0.000660000000010541,1640.539430113093,bench_inc_reg
215.3143,215.31498,0.0006799999999884676,1699.6417101168238,bench_inc_reg
215.5152,215.51586,0.000660000000010541,1626.1014296044218,bench_inc_reg
215.71608,215.71674,0.0006599999999821193,1637.261665844718,bench_inc_reg
215.91696,215.91762,0.000660000000010541,1644.853379144058,bench_inc_reg
216.11784,216.11852,0.0006799999999884676,1689.1071735615635,bench_inc_reg
216.31874,216.3194,0.000660000000010541,1632.2787991098141,bench_inc_reg
216.51962,216.52028,0.000660000000010541,1641.908693151605,bench_inc_reg
216.7205,216.72118,0.0006800000000168893,1690.3537093219963,bench_inc_reg
216.9214,216.92206,0.0006599999999821193,1619.19615692519,bench_inc_reg
217.12228,217.12294,0.000660000000010541,1626.9318876170983,bench_inc_reg
217.32316,217.32382,0.000660000000010541,1629.667866536822,bench_inc_reg
217.52404,217.52472,0.0006799999999884676,1668.1855148270017,bench_inc_reg
217.72494,217.7256,0.0006599999999821193,1621.9699289193964,bench_inc_reg
217.92582,217.92648,0.000660000000010541,1610.9808581260138,bench_inc_reg
218.1267,218.12736,0.000660000000010541,1630.168044967424,bench_inc_reg
218.32758,218.32824,0.0006599999999821193,1630.507749452373,bench_inc_reg
218.52846,218.52912,0.000660000000010541,1636.7123090015914,bench_inc_reg
218.72934,218.73,0.0006599999999821193,1648.6431378392986,bench_inc_reg
218.93022,218.93088,0.000660000000010541,1631.2492266611082,bench_inc_reg
219.1311,219.13176,0.000660000000010541,1639.4068859755014,bench_inc_reg
219.33198,219.33264,0.000660000000010541,1657.3349573043095,bench_inc_reg
219.53286,219.53352,0.000660000000010541,1635.6266313508984,bench_inc_reg
219.73374,219.7344,0.0006599999999821193,1639.8417134228732,bench_inc_reg
219.93462,219.93528,0.000660000000010541,1652.3280297691274,bench_inc_reg
220.1355,220.13616,0.0006599999999821193,1638.2581088224513,bench_inc_reg
220.33638,220.33704,0.000660000000010541,1643.3156142320745,bench_inc_reg
220.53724,220.5379,0.000660000000010541,1623.13370735402,bench_inc_reg
220.73812,220.73878,0.0006599999999821193,1632.2762588451665,bench_inc_reg
220.939,220.93966,0.000660000000010541,1637.3406141377568,bench_inc_reg
221.13988,221.14054,0.0006599999999821193,1631.1462549026032,bench_inc_reg
221.34076,221.34142,0.000660000000010541,1620.308028099396,bench_inc_reg
221.54164,221.5423,0.000660000000010541,1635.9437583300517,bench_inc_reg
221.74254,221.7432,0.000660000000010541,1635.5247516494414,bench_inc_reg
221.94342,221.94408,0.000660000000010541,1636.9212069783127,bench_inc_reg
222.1443,222.14496,0.000660000000010541,1633.1748757838652,bench_inc_reg
222.3452,222.34586,0.0006599999999821193,1631.8730543837175,bench_inc_reg
222.54608,222.54674,0.000660000000010541,1639.54573686507,bench_inc_reg
222.74696,222.74762,0.000660000000010541,1625.9395960061775,bench_inc_reg
222.94784,222.9485,0.0006599999999821193,1640.9907093666422,bench_inc_reg
223.14872,223.14938,0.000660000000010541,1621.5110896433166,bench_inc_reg
223.3496,223.35026,0.0006599999999821193,1640.6710212538517,bench_inc_reg
223.55048,223.55114,0.000660000000010541,1642.7411348869373,bench_inc_reg
223.75136,223.75204,0.0006799999999884676,1707.8436398558526,bench_inc_reg
223.95226,223.95292,0.000660000000010541,1635.8510195564027,bench_inc_reg
224.15314,224.15382,0.0006799999999884676,1688.1164279446602,bench_inc_reg
224.35404,224.3547,0.000660000000010541,1639.183117105632,bench_inc_reg
224.55492,224.55558,0.0006599999999821193,1624.2097666913367,bench_inc_reg
224.7558,224.75646,0.000660000000010541,1625.211476378043,bench_inc_reg
224.95668,224.95734,0.0006599999999821193,1618.3690237332921,bench_inc_reg
225.15756,225.15824,0.0006800000000168893,1685.9292123012397,bench_inc_reg
225.35846,225.35912,0.0006599999999821193,1617.6566667336576,bench_inc_reg
225.55934,225.56,0.000660000000010541,1626.887063061226,bench_inc_reg
225.76022,225.76088,0.0006599999999821193,1625.57929516852,bench_inc_reg
225.9611,225.96176,0.000660000000010541,1627.2611962960743,bench_inc_reg
226.16198,226.16264,0.000660000000010541,1629.623861545337,bench_inc_reg
226.36286,226.36352,0.0006599999999821193,1639.7618688111781,bench_inc_reg
226.56374,226.5644,0.000660000000010541,1637.360146297252,bench_inc_reg
226.76462,226.76528,0.0006599999999821193,1653.6302910645204,bench_inc_reg
226.9655,226.96616,0.000660000000010541,1641.429199402766,bench_inc_reg
227.16638,227.16706,0.0006799999999884676,1709.5717484758065,bench_inc_reg
227.36728,227.36794,0.000660000000010541,1629.3041804176619,bench_inc_reg
227.56816,227.56882,0.0006599999999821193,1638.0138578345857,bench_inc_reg
227.76904,227.7697,0.000660000000010541,1640.9681667879606,bench_inc_reg
227.96992,227.97058,0.000660000000010541,1642.672864279782,bench_inc_reg
228.1708,228.17146,0.0006599999999821193,1639.2649476816466,bench_inc_reg
228.37168,228.37234,0.000660000000010541,1641.7333414140294,bench_inc_reg
228.57256,228.57322,0.0006599999999821193,1656.62379697375,bench_inc_reg
228.77346,228.77412,0.000660000000010541,1634.7938240780118,bench_inc_reg
228.97434,228.975,0.0006599999999821193,1625.681456590062,bench_inc_reg
229.17522,229.17588,0.000660000000010541,1626.2902575820087,bench_inc_reg
229.3761,229.37678,0.0006799999999884676,1669.4117476809502,bench_inc_reg
229.577,229.57766,0.000660000000010541,1621.1622651017792,bench_inc_reg
229.77788,229.77854,0.0006599999999821193,1630.9403301627074,bench_inc_reg
229.97876,229.97944,0.0006800000000168893,1662.1708660847569,bench_inc_reg
230.17966,230.18032,0.0006599999999821193,1616.1806368685884,bench_inc_reg
230.38054,230.3812,0.000660000000010541,1624.456353047881,bench_inc_reg
230.58142,230.58208,0.0006599999999821193,1625.593306912061,bench_inc_reg
230.78228,230.78296,0.0006800000000168893,1694.835256834925,bench_inc_reg
230.98316,230.98382,0.000660000000010541,1641.9090354171847,bench_inc_reg
231.18404,231.1847,0.0006599999999821193,1642.2515524965984,bench_inc_reg
231.38492,231.38644,0.0015199999999992997,4566.787867804168,bench_inc_idx
231.58666,231.58816,0.0014999999999929514,4494.03277596286,bench_inc_idx
231.78838,231.78988,0.0015000000000213731,4500.995096815436,bench_inc_idx
231.9901,231.9916,0.0014999999999929514,4493.603280258293,bench_inc_idx
232.19182,232.19332,0.0014999999999929514,4478.455327895309,bench_inc_idx
232.39354,232.39506,0.0015199999999992997,4521.627805658752,bench_inc_idx
232.59528,232.59678,0.0014999999999929514,4466.664227635834,bench_inc_idx
232.797,232.7985,0.0014999999999929514,4478.0811969910965,bench_inc_idx
232.99872,233.00022,0.0015000000000213731,4498.010987947322,bench_inc_idx
233.20044,233.20196,0.0015200000000277214,4543.753566768927,bench_inc_idx
233.40216,233.40366,0.0014999999999929514,4471.069392727011,bench_inc_idx
233.60388,233.60538,0.0014999999999929514,4482.428713214075,bench_inc_idx
233.8056,233.8071,0.0014999999999929514,4477.093452567284,bench_inc_idx
234.00732,234.00882,0.0014999999999929514,4486.692997140239,bench_inc_idx
234.20904,234.21054,0.0015000000000213731,4476.3998082549,bench_inc_idx
234.41076,234.41226,0.0014999999999929514,4452.0013360085595,bench_inc_idx
234.61248,234.61398,0.0014999999999929514,4460.070379987631,bench_inc_idx
234.8142,234.8157,0.0014999999999929514,4467.687974663759,bench_inc_idx
235.01592,235.01744,0.0015199999999992997,4535.608508158306,bench_inc_idx
235.21766,235.21916,0.0014999999999929514,4485.817470103009,bench_inc_idx
235.41938,235.42088,0.0015000000000213731,4480.274017033267,bench_inc_idx
235.6211,235.6226,0.0014999999999929514,4486.651935126086,bench_inc_idx
235.82282,235.82432,0.0014999999999929514,4481.622518484507,bench_inc_idx
236.02454,236.02604,0.0014999999999929514,4486.66359994257,bench_inc_idx
236.22626,236.22776,0.0014999999999929514,4484.366353114079,bench_inc_idx
236.42798,236.42948,0.0015000000000213731,4486.013650957347,bench_inc_idx
236.6297,236.6312,0.0014999999999929514,4469.246875940033,bench_inc_idx
236.83142,236.83292,0.0014999999999929514,4470.449539345642,bench_inc_idx
237.03314,237.03464,0.0014999999999929514,4484.147208255426,bench_inc_idx
237.23486,237.23636,0.0014999999999929514,4485.660507322308,bench_inc_idx
237.43658,237.43808,0.0015000000000213731,4492.1313017312805,bench_inc_idx
237.6383,237.6398,0.0015000000000213731,4509.103288940173,bench_inc_idx
237.84002,237.84152,0.0014999999999929514,4508.189964086461,bench_inc_idx
238.04174,238.04324,0.0014999999999929514,4507.377692477525,bench_inc_idx
238.24346,238.24496,0.0014999999999929514,4489.415618567952,bench_inc_idx
238.4452,238.4467,0.0014999999999929514,4489.194082540995,bench_inc_idx
238.64692,238.64842,0.0014999999999929514,4481.868783456343,bench_inc_idx
238.84864,238.85014,0.0015000000000213731,4466.628849105171,bench_inc_idx
239.05038,239.05188,0.0015000000000213731,4472.869287774942,bench_inc_idx
239.2521,239.2536,0.0014999999999929514,4498.63658982827,bench_inc_idx
239.45384,239.45534,0.0014999999999929514,4501.384668960147,bench_inc_idx
239.65556,239.65706,0.0014999999999929514,4512.90501046464,bench_inc_idx
239.8573,239.8588,0.0014999999999929514,4484.138307140704,bench_inc_idx
240.05902,240.06054,0.0015199999999992997,4550.909074020708,bench_inc_idx
240.26076,240.26226,0.0014999999999929514,4470.821102129067,bench_inc_idx
240.46248,240.46398,0.0014999999999929514,4480.0777896087775,bench_inc_idx
240.6642,240.6657,0.0014999999999929514,4455.308811718736,bench_inc_idx
240.86592,240.86742,0.0015000000000213731,4460.425148781627,bench_inc_idx
241.06764,241.06914,0.0014999999999929514,4460.603801976744,bench_inc_idx
241.26936,241.27086,0.0014999999999929514,4481.132028137027,bench_inc_idx
241.47108,241.47258,0.0014999999999929514,4478.127795715315,bench_inc_idx
241.6728,241.6743,0.0014999999999929514,4474.877493899439,bench_inc_idx
241.87452,241.87602,0.0015000000000213731,4496.787763265909,bench_inc_idx
242.07624,242.07776,0.0015199999999992997,4554.887332483216,bench_inc_idx
242.27796,242.27948,0.0015199999999992997,4548.588176254657,bench_inc_idx
242.4797,242.4812,0.0014999999999929514,4473.83963267908,bench_inc_idx
242.68142,242.68292,0.0014999999999929514,4470.226021928943,bench_inc_idx
242.88314,242.88464,0.0014999999999929514,4477.265570292312,bench_inc_idx
243.08486,243.08636,0.0015000000000213731,4454.205664870019,bench_inc_idx
243.28658,243.28808,0.0015000000000213731,4479.4206740978225,bench_inc_idx
243.48832,243.48982,0.0015000000000213731,4500.555740733607,bench_inc_idx
243.69004,243.69154,0.0014999999999929514,4497.401046078579,bench_inc_idx
243.89176,243.89326,0.0014999999999929514,4498.104767386995,bench_inc_idx
244.09348,244.09498,0.0014999999999929514,4510.276855414744,bench_inc_idx
244.2952,244.2967,0.0014999999999929514,4503.171830418537,bench_inc_idx
244.4969,244.4984,0.0014999999999929514,4492.354504740773,bench_inc_idx
244.69862,244.70012,0.0014999999999929514,4488.051370696419,bench_inc_idx
244.90034,244.90184,0.0014999999999929514,4469.055107307196,bench_inc_idx
245.10206,245.10356,0.0014999999999929514,4468.760429860846,bench_inc_idx
245.30378,245.30528,0.0015000000000213731,4476.951106980678,bench_inc_idx
245.5055,245.507,0.0014999999999929514,4491.041991837589,bench_inc_idx
245.70722,245.70872,0.0014999999999929514,4509.274584685945,bench_inc_idx
245.90894,245.91044,0.0014999999999929514,4506.549893390873,bench_inc_idx
246.11066,246.11216,0.0014999999999929514,4516.224809900862,bench_inc_idx
246.31238,246.31388,0.0015000000000213731,4503.196498908849,bench_inc_idx
246.5141,246.5156,0.0014999999999929514,4467.823887222357,bench_inc_idx
246.71582,246.71732,0.0014999999999929514,4476.529848740278,bench_inc_idx
246.91756,246.91906,0.0014999999999929514,4458.766495788199,bench_inc_idx
247.11928,247.12078,0.0014999999999929514,4463.830874281809,bench_inc_idx
247.321,247.32252,0.0015199999999992997,4521.627761421817,bench_inc_idx
247.52274,247.52424,0.0014999999999929514,4459.6673664430855,bench_inc_idx
247.72448,247.72598,0.0014999999999929514,4477.606418055606,bench_inc_idx
247.9262,247.9277,0.0014999999999929514,4493.736480342016,bench_inc_idx
248.12794,248.12944,0.0014999999999929514,4486.329443731461,bench_inc_idx
248.32966,248.33116,0.0015000000000213731,4474.285140232056,bench_inc_idx
248.5314,248.5329,0.0015000000000213731,4484.649375145241,bench_inc_idx
248.73312,248.73462,0.0014999999999929514,4475.916521602347,bench_inc_idx
248.93484,248.93636,0.0015199999999992997,4533.46512280062,bench_inc_idx
249.13658,249.13808,0.0014999999999929514,4467.253864254958,bench_inc_idx
249.3383,249.3398,0.0014999999999929514,4458.452893865868,bench_inc_idx
249.54002,249.54152,0.0014999999999929514,4466.396172043696,bench_inc_idx
249.74174,249.74324,0.0014999999999929514,4491.107342745313,bench_inc_idx
249.94346,249.94496,0.0015000000000213731,4503.403252521202,bench_inc_idx
250.14518,250.14668,0.0014999999999929514,4490.943083051263,bench_inc_idx
250.3469,250.3484,0.0014999999999929514,4498.577953760439,bench_inc_idx
250.54862,250.55012,0.0014999999999929514,4493.8975292985,bench_inc_idx
250.75034,250.75184,0.0014999999999929514,4503.406425917686,bench_inc_idx
250.95206,250.95358,0.0015199999999992997,4549.271068536363,bench_inc_idx
251.1538,251.1553,0.0015000000000213731,4495.671852556771,bench_inc_idx
251.35552,251.35702,0.0014999999999929514,4470.822771523658,bench_inc_idx
251.55724,251.55874,0.0014999999999929514,4507.7368756547885,bench_inc_sym
251.75896,251.76046,0.0014999999999929514,4527.9533089852275,bench_inc_sym
251.96068,251.96218,0.0014999999999929514,4518.167115726171,bench_inc_sym
252.1624,252.1639,0.0015000000000213731,4540.641172855857,bench_inc_sym
252.36412,252.36562,0.0014999999999929514,4532.13417434676,bench_inc_sym
252.56584,252.56734,0.0014999999999929514,4547.339112010159,bench_inc_sym
252.76756,252.76906,0.0014999999999929514,4547.081200849188,bench_inc_sym
252.96926,252.97076,0.0015000000000213731,4545.333839552465,bench_inc_sym
253.17098,253.17248,0.0015000000000213731,4521.588427077962,bench_inc_sym
253.3727,253.3742,0.0014999999999929514,4527.066608402408,bench_inc_sym
253.5744,253.5759,0.0014999999999929514,4507.6174055956435,bench_inc_sym
253.77612,253.77762,0.0015000000000213731,4514.91541701367,bench_inc_sym
253.97784,253.97934,0.0015000000000213731,4534.9159488173655,bench_inc_sym
254.17956,254.18106,0.0014999999999929514,4535.310908663683,bench_inc_sym
254.38126,254.38276,0.0014999999999929514,4548.569251762179,bench_inc_sym
254.58298,254.58448,0.0015000000000213731,4548.586965604426,bench_inc_sym
254.78468,254.78618,0.0014999999999929514,4544.755632500779,bench_inc_sym
254.9864,254.9879,0.0014999999999929514,4519.187170058423,bench_inc_sym
255.1881,255.1896,0.0015000000000213731,4517.193248095133,bench_inc_sym
255.38982,255.39132,0.0015000000000213731,4495.557441907219,bench_inc_sym
255.59154,255.59304,0.0014999999999929514,4485.700225900757,bench_inc_sym
255.79326,255.79476,0.0014999999999929514,4504.021424778945,bench_inc_sym
255.99498,255.99646,0.0014800000000150249,4445.394964469143,bench_inc_sym
256.19668,256.19818,0.0014999999999645297,4524.0507879155975,bench_inc_sym
256.3984,256.3999,0.0015000000000213731,4528.425843520099,bench_inc_sym
256.60012,256.60162,0.0015000000000213731,4514.120293378561,bench_inc_sym
256.80184,256.80334,0.0014999999999645297,4526.754480210474,bench_inc_sym
257.00354,257.00504,0.0015000000000213731,4525.006907125865,bench_inc_sym
257.20526,257.20676,0.0014999999999645297,4504.57157323666,bench_inc_sym
257.40696,257.40846,0.0014999999999645297,4517.971533241651,bench_inc_sym
257.60868,257.61016,0.0014800000000150249,4442.130338911379,bench_inc_sym
257.81038,257.81188,0.0014999999999645297,4503.452875547354,bench_inc_sym
258.0121,258.0136,0.0015000000000213731,4500.279882989951,bench_inc_sym
258.21382,258.21532,0.0015000000000213731,4520.209860122324,bench_inc_sym
258.41552,258.41702,0.0014999999999645297,4526.735404399287,bench_inc_sym
258.61724,258.61874,0.0015000000000213731,4539.051293460162,bench_inc_sym
258.81896,258.82046,0.0015000000000213731,4535.969668133479,bench_inc_sym
259.02068,259.02218,0.0014999999999645297,4531.593588068471,bench_inc_sym
259.22238,259.22388,0.0015000000000213731,4546.619085661483,bench_inc_sym
259.4241,259.4256,0.0014999999999645297,4545.041159617095,bench_inc_sym
259.62582,259.62732,0.0015000000000213731,4530.188264393746,bench_inc_sym
259.82754,259.82904,0.0015000000000213731,4517.491238721398,bench_inc_sym
260.02926,260.03076,0.0014999999999645297,4510.008292166071,bench_inc_sym
260.23098,260.23246,0.0014800000000150249,4451.648269361648,bench_inc_sym
260.43268,260.43418,0.0015000000000213731,4528.063524113509,bench_inc_sym
260.6344,260.6359,0.0014999999999645297,4529.582590221065,bench_inc_sym
260.8361,260.8376,0.0015000000000213731,4533.820659919163,bench_inc_sym
261.03782,261.03932,0.0014999999999645297,4544.903193495395,bench_inc_sym
261.23952,261.24102,0.0014999999999645297,4556.598053203405,bench_inc_sym
261.44124,261.44274,0.0015000000000213731,4536.630187714261,bench_inc_sym
261.64296,261.64446,0.0014999999999645297,4507.761276220644,bench_inc_sym
261.84466,261.84616,0.0015000000000213731,4485.332882096917,bench_inc_sym
262.04638,262.04788,0.0015000000000213731,4499.39290300903,bench_inc_sym
262.24808,262.24958,0.0014999999999645297,4490.653343856726,bench_inc_sym
262.4498,262.4513,0.0015000000000213731,4514.114235128415,bench_inc_sym
262.65152,262.65302,0.0015000000000213731,4527.015935227509,bench_inc_sym
262.85324,262.85474,0.0014999999999645297,4515.657604095387,bench_inc_sym
263.05496,263.05646,0.0015000000000213731,4524.971300337819,bench_inc_sym
263.25668,263.25818,0.0014999999999645297,4526.330151021704,bench_inc_sym
263.4584,263.4599,0.0015000000000213731,4526.929128978434,bench_inc_sym
263.66012,263.66162,0.0015000000000213731,4535.352352606232,bench_inc_sym
263.86182,263.86332,0.0014999999999645297,4519.034882432635,bench_inc_sym
264.06354,264.06504,0.0015000000000213731,4508.3755907304785,bench_inc_sym
264.26526,264.26676,0.0014999999999645297,4513.567790749437,bench_inc_sym
264.46698,264.46848,0.0015000000000213731,4493.198052578785,bench_inc_sym
264.6687,264.6702,0.0015000000000213731,4500.417823504464,bench_inc_sym
264.87042,264.87192,0.0014999999999645297,4528.918554895328,bench_inc_sym
265.07214,265.07364,0.0015000000000213731,4545.263634129316,bench_inc_sym
265.27384,265.27534,0.0015000000000213731,4534.344207558213,bench_inc_sym
265.47556,265.47706,0.0015000000000213731,4542.048582872685,bench_inc_sym
265.67728,265.67878,0.0015000000000213731,4543.321405135527,bench_inc_sym
265.879,265.8805,0.0014999999999645297,4549.859785365505,bench_inc_sym
266.08072,266.08222,0.0015000000000213731,4517.674346055247,bench_inc_sym
266.28242,266.28392,0.0015000000000213731,4510.301400506229,bench_inc_sym
266.48414,266.48564,0.0014999999999645297,4502.368364374928,bench_inc_sym
266.68586,266.68736,0.0015000000000213731,4513.292785334805,bench_inc_sym
266.88756,266.88906,0.0014999999999645297,4505.9023563629635,bench_inc_sym
267.08928,267.09078,0.0015000000000213731,4543.058786140659,bench_inc_sym
267.291,267.2925,0.0015000000000213731,4547.616310947027,bench_inc_sym
267.49272,267.49422,0.0014999999999645297,4543.299185934963,bench_inc_sym
267.69442,267.69592,0.0015000000000213731,4547.531374329887,bench_inc_sym
267.89614,267.89764,0.0015000000000213731,4555.957508338452,bench_inc_sym
268.09784,268.09934,0.0014999999999645297,4512.496997959603,bench_inc_sym
268.29956,268.30106,0.0015000000000213731,4515.496906888698,bench_inc_sym
268.50128,268.50278,0.0014999999999645297,4490.6078440925985,bench_inc_sym
268.703,268.7045,0.0015000000000213731,4491.324783366642,bench_inc_sym
268.90472,268.9062,0.0014800000000150249,4437.8978619804675,bench_inc_sym
269.10642,269.10792,0.0014999999999645297,4501.1258613181635,bench_inc_sym
269.30814,269.30964,0.0015000000000213731,4525.591391202001,bench_inc_sym
269.50986,269.51136,0.0015000000000213731,4521.691773617637,bench_inc_sym
269.71158,269.71308,0.0014999999999645297,4522.721238791548,bench_inc_sym
269.9133,269.91478,0.0014800000000150249,4469.8035275072325,bench_inc_sym
270.115,270.1165,0.0014999999999645297,4507.1962660982545,bench_inc_sym
270.31672,270.31822,0.0015000000000213731,4506.32516999907,bench_inc_sym
270.51844,270.51994,0.0015000000000213731,4498.961388662078,bench_inc_sym
270.72016,270.72166,0.0014999999999645297,4496.907035244214,bench_inc_sym
270.92188,270.92338,0.0015000000000213731,4497.342533500749,bench_inc_sym
271.1236,271.1251,0.0014999999999645297,4504.411225100464,bench_inc_sym
271.32532,271.32682,0.0015000000000213731,4523.890826453004,bench_inc_sym
271.52704,271.52854,0.0015000000000213731,4554.505182957866,bench_inc_sym
271.72876,271.73026,0.0014999999999645297,4465.849604343947,bench_inc_abs
271.93048,271.93198,0.0015000000000213731,4468.4571563930485,bench_inc_abs
272.1322,272.1337,0.0014999999999645297,4486.940470416696,bench_inc_abs
272.33392,272.33542,0.0015000000000213731,4482.889054410965,bench_inc_abs
272.53564,272.53714,0.0015000000000213731,4457.800993761554,bench_inc_abs
272.73736,272.73886,0.0014999999999645297,4465.812528393654,bench_inc_abs
272.93908,272.94058,0.0015000000000213731,4461.831331787751,bench_inc_abs
273.1408,273.1423,0.0014999999999645297,4443.876156477229,bench_inc_abs
273.34252,273.34402,0.0015000000000213731,4464.06299487476,bench_inc_abs
273.54424,273.54574,0.0015000000000213731,4483.331034489355,bench_inc_abs
273.74594,273.74744,0.0014999999999645297,4484.811939656625,bench_inc_abs
273.94766,273.94916,0.0015000000000213731,4471.7005757328725,bench_inc_abs
274.14938,274.15088,0.0014999999999645297,4488.236002986031,bench_inc_abs
274.3511,274.3526,0.0015000000000213731,4478.886334756505,bench_inc_abs
274.5528,274.5543,0.0015000000000213731,4473.485152764392,bench_inc_abs
274.75452,274.75602,0.0014999999999645297,4435.8993786249775,bench_inc_abs
274.95624,274.95774,0.0015000000000213731,4432.963687059297,bench_inc_abs
275.15798,275.15946,0.0014800000000150249,4371.531407856906,bench_inc_abs
275.35968,275.36118,0.0014999999999645297,4434.831128345369,bench_inc_abs
275.56142,275.56292,0.0015000000000213731,4448.510904394003,bench_inc_abs
275.76314,275.76464,0.0014999999999645297,4464.531086742879,bench_inc_abs
275.96486,275.96636,0.0015000000000213731,4455.950970361284,bench_inc_abs
276.16658,276.16808,0.0014999999999645297,4471.329795090274,bench_inc_abs
276.3683,276.3698,0.0015000000000213731,4468.0779707350475,bench_inc_abs
276.57002,276.57152,0.0015000000000213731,4451.491038844132,bench_inc_abs
276.77174,276.77324,0.0014999999999645297,4458.0652237715585,bench_inc_abs
276.97344,276.97494,0.0015000000000213731,4438.240439696595,bench_inc_abs
277.17516,277.17666,0.0015000000000213731,4454.01650394289,bench_inc_abs
277.37688,277.37838,0.0014999999999645297,4443.27107386928,bench_inc_abs
277.5786,277.5801,0.0015000000000213731,4452.067639279203,bench_inc_abs
277.78032,277.78182,0.0014999999999645297,4470.778305441044,bench_inc_abs
277.98204,277.98354,0.0015000000000213731,4474.393331978404,bench_inc_abs
278.18376,278.18526,0.0015000000000213731,4474.136582640066,bench_inc_abs
278.38548,278.38698,0.0015000000000213731,4479.225578317807,bench_inc_abs
278.58718,278.58868,0.0015000000000213731,4480.48604193197,bench_inc_abs
278.7889,278.7904,0.0014999999999645297,4482.5537501686695,bench_inc_abs
278.99062,278.99212,0.0015000000000213731,4470.100167739619,bench_inc_abs
279.19234,279.19384,0.0015000000000213731,4457.574228357686,bench_inc_abs
279.39406,279.39556,0.0014999999999645297,4451.962578930615,bench_inc_abs
279.5958,279.5973,0.0015000000000213731,4451.685284797017,bench_inc_abs
279.79752,279.799,0.0014799999999581814,4409.700082487244,bench_inc_abs
279.99922,280.00072,0.0015000000000213731,4477.714602899056,bench_inc_abs
280.20094,280.20244,0.0015000000000213731,4476.025530666801,bench_inc_abs
280.40266,280.40416,0.0014999999999645297,4475.998808519399,bench_inc_abs
280.60438,280.60588,0.0015000000000213731,4492.218317529109,bench_inc_abs
280.8061,280.8076,0.0014999999999645297,4479.704936861412,bench_inc_abs
281.0078,281.0093,0.0015000000000213731,4473.961861871829,bench_inc_abs
281.20952,281.21102,0.0015000000000213731,4465.927889167014,bench_inc_abs
281.41124,281.41274,0.0014999999999645297,4432.114281116843,bench_inc_abs
281.61296,281.61446,0.0015000000000213731,4429.98639780357,bench_inc_abs
281.81466,281.81616,0.0015000000000213731,4432.853611714057,bench_inc_abs
282.01636,282.01786,0.0014999999999645297,4448.339743431333,bench_inc_abs
282.21808,282.21958,0.0015000000000213731,4461.309532698059,bench_inc_abs
282.41978,282.42128,0.0015000000000213731,4471.475330714543,bench_inc_abs
282.6215,282.623,0.0014999999999645297,4470.95826723077,bench_inc_abs
282.8232,282.8247,0.0015000000000213731,4464.867226848185,bench_inc_abs
283.02492,283.02642,0.0014999999999645297,4447.611407271377,bench_inc_abs
283.22662,283.22812,0.0014999999999645297,4447.777061615969,bench_inc_abs
283.42832,283.42982,0.0015000000000213731,4431.888097962051,bench_inc_abs
283.63002,283.63152,0.0015000000000213731,4432.736139339997,bench_inc_abs
283.83174,283.83324,0.0014999999999645297,4429.457355180523,bench_inc_abs
284.03344,284.03494,0.0015000000000213731,4461.518775272692,bench_inc_abs
284.23516,284.23666,0.0014999999999645297,4460.6979120406195,bench_inc_abs
284.43688,284.43836,0.0014800000000150249,4403.847940312255,bench_inc_abs
284.63858,284.64008,0.0015000000000213731,4460.62274283485,bench_inc_abs
284.8403,284.8418,0.0014999999999645297,4484.916112742956,bench_inc_abs
285.042,285.0435,0.0015000000000213731,4476.355351570527,bench_inc_abs
285.24372,285.24522,0.0015000000000213731,4474.659252511015,bench_inc_abs
285.44544,285.44694,0.0014999999999645297,4456.757758636108,bench_inc_abs
285.64714,285.64864,0.0015000000000213731,4458.765643714034,bench_inc_abs
285.84884,285.85034,0.0015000000000213731,4448.063401572732,bench_inc_abs
286.05056,286.05206,0.0014999999999645297,4456.602302270707,bench_inc_abs
286.25226,286.25376,0.0015000000000213731,4456.898232521374,bench_inc_abs
286.45398,286.45548,0.0015000000000213731,4472.95928380391,bench_inc_abs
286.65568,286.65718,0.0014999999999645297,4481.449702182865,bench_inc_abs
286.8574,286.8589,0.0015000000000213731,4466.775963148127,bench_inc_abs
287.05912,287.06062,0.0014999999999645297,4472.469633803268,bench_inc_abs
287.26082,287.26232,0.0014999999999645297,4476.017884331036,bench_inc_abs
287.46254,287.46404,0.0015000000000213731,4468.460651178999,bench_inc_abs
287.66426,287.66576,0.0014999999999645297,4454.536910527153,bench_inc_abs
287.86598,287.86748,0.0015000000000213731,4453.228653942183,bench_inc_abs
288.06768,288.06918,0.0015000000000213731,4415.2839808437375,bench_inc_abs
288.2694,288.2709,0.0014999999999645297,4431.083260463224,bench_inc_abs
288.47112,288.47262,0.0015000000000213731,4448.808562077013,bench_inc_abs
288.67284,288.67434,0.0014999999999645297,4462.079694388789,bench_inc_abs
288.87454,288.87604,0.0014999999999645297,4452.699061838883,bench_inc_abs
289.07626,289.07776,0.0015000000000213731,4466.658462834078,bench_inc_abs
289.27798,289.27948,0.0014999999999645297,4473.667296010987,bench_inc_abs
289.4797,289.4812,0.0015000000000213731,4466.188387080928,bench_inc_abs
289.68142,289.68292,0.0015000000000213731,4443.972550861648,bench_inc_abs
289.88312,289.88462,0.0014999999999645297,4436.321251450897,bench_inc_abs
290.08484,290.08634,0.0015000000000213731,4423.602949892733,bench_inc_abs
290.28656,290.28806,0.0014999999999645297,4439.31097852632,bench_inc_abs
290.48828,290.48978,0.0015000000000213731,4444.75427741725,bench_inc_abs
290.69,290.6915,0.0015000000000213731,4463.003871560322,bench_inc_abs
290.89172,290.89322,0.0014999999999645297,4453.975460385873,bench_inc_abs
291.09344,291.09494,0.0015000000000213731,4466.532759896776,bench_inc_abs
291.29516,291.29666,0.0014999999999645297,4471.672230760269,bench_inc_abs
291.49688,291.49838,0.0015000000000213731,4487.56672681493,bench_inc_abs
291.6986,291.7001,0.0015000000000213731,4452.715269354746,bench_inc_abs
291.90032,291.901,0.0006799999999884676,1679.4978663849784,bench_rlam_1_reg
292.10122,292.1019,0.0006799999999884676,1674.768035266896,bench_rlam_1_reg
292.30212,292.3028,0.0006799999999884676,1666.7850850847638,bench_rlam_1_reg
292.50302,292.5037,0.0006799999999884676,1655.0743253672888,bench_rlam_1_reg
292.70392,292.7046,0.000680000000045311,1661.1356848192218,bench_rlam_1_reg
292.90482,292.9055,0.000680000000045311,1660.6485728431398,bench_rlam_1_reg
293.1057,293.10638,0.0006799999999884676,1670.6455847834936,bench_rlam_1_reg
293.3066,293.30728,0.0006799999999884676,1664.4211904793563,bench_rlam_1_reg
293.5075,293.50818,0.0006799999999884676,1668.4562014202131,bench_rlam_1_reg
293.7084,293.70908,0.0006799999999884676,1674.910613783881,bench_rlam_1_reg
293.9093,293.90998,0.000680000000045311,1668.5593525250445,bench_rlam_1_reg
294.1102,294.1109,0.0006999999999948159,1727.829114508501,bench_rlam_1_reg
294.3111,294.31178,0.0006799999999884676,1699.573043699582,bench_rlam_1_reg
294.512,294.51268,0.0006799999999884676,1684.8478046938505,bench_rlam_1_reg
294.7129,294.71358,0.0006799999999884676,1668.7558614445431,bench_rlam_1_reg
294.9138,294.91448,0.000680000000045311,1685.0531870759694,bench_rlam_1_reg
295.1147,295.11538,0.0006799999999884676,1677.5814233799013,bench_rlam_1_reg
295.3156,295.31628,0.0006799999999884676,1680.0024848952396,bench_rlam_1_reg
295.5165,295.51718,0.0006799999999884676,1688.5331878141646,bench_rlam_1_reg
295.7174,295.71808,0.0006799999999884676,1683.2866123634617,bench_rlam_1_reg
295.9183,295.91898,0.0006799999999884676,1671.8359058501592,bench_rlam_1_reg
296.1192,296.11988,0.000680000000045311,1672.2829268592045,bench_rlam_1_reg
296.3201,296.32078,0.0006799999999884676,1669.3786321634038,bench_rlam_1_reg
296.521,296.52168,0.0006799999999884676,1670.2585247913235,bench_rlam_1_reg
296.7219,296.72258,0.0006799999999884676,1658.5893951984974,bench_rlam_1_reg
296.9228,296.92348,0.0006799999999884676,1655.432975363149,bench_rlam_1_reg
297.12368,297.12436,0.000680000000045311,1669.154816892609,bench_rlam_1_reg
297.32458,297.32526,0.0006799999999884676,1658.6301987495144,bench_rlam_1_reg
297.52548,297.52616,0.0006799999999884676,1678.6655201179137,bench_rlam_1_reg
297.72638,297.72706,0.0006799999999884676,1672.686920473743,bench_rlam_1_reg
297.92728,297.92796,0.0006799999999884676,1677.9685253051996,bench_rlam_1_reg
298.12818,298.12886,0.0006799999999884676,1679.197945612355,bench_rlam_1_reg
298.32908,298.32976,0.000680000000045311,1680.373118847192,bench_rlam_1_reg
298.52998,298.53066,0.0006799999999884676,1673.1382626571706,bench_rlam_1_reg
298.73086,298.73154,0.0006799999999884676,1676.61452430045,bench_rlam_1_reg
298.93176,298.93244,0.0006799999999884676,1680.8891063323476,bench_rlam_1_reg
299.13266,299.13334,0.0006799999999884676,1684.125296285241,bench_rlam_1_reg
299.33356,299.33424,0.000680000000045311,1678.2163713418356,bench_rlam_1_reg
299.53446,299.53514,0.0006799999999884676,1688.666285431079,bench_rlam_1_reg
299.73536,299.73604,0.0006799999999884676,1674.8829465016875,bench_rlam_1_reg
299.93626,299.93694,0.0006799999999884676,1667.6572663422933,bench_rlam_1_reg
300.13716,300.13784,0.0006799999999884676,1673.8771158062839,bench_rlam_1_reg
300.33806,300.33874,0.0006799999999884676,1656.3589265387943,bench_rlam_1_reg
300.53894,300.53962,0.0006799999999884676,1671.6064908034036,bench_rlam_1_reg
300.73984,300.74052,0.0006799999999884676,1664.8824279782352,bench_rlam_1_reg
300.94074,300.94142,0.0006799999999884676,1662.930732098699,bench_rlam_1_reg
301.14164,301.14232,0.0006799999999884676,1661.6590693371922,bench_rlam_1_reg
301.34254,301.34322,0.0006799999999884676,1671.0954648234222,bench_rlam_1_reg
301.54344,301.54412,0.000680000000045311,1670.6916784219418,bench_rlam_1_reg
301.74434,301.74502,0.0006799999999884676,1669.8572015843065,bench_rlam_1_reg
301.94524,301.94592,0.0006799999999884676,1662.906215027574,bench_rlam_1_reg
302.14614,302.14682,0.0006799999999884676,1670.2105221075035,bench_rlam_1_reg
302.34704,302.34772,0.0006799999999884676,1662.654862715051,bench_rlam_1_reg
302.54794,302.54862,0.000680000000045311,1671.7017047388786,bench_rlam_1_reg
302.74882,302.74952,0.0006999999999948159,1741.9222904937878,bench_rlam_1_reg
302.94972,302.9504,0.0006799999999884676,1668.108203413967,bench_rlam_1_reg
303.15062,303.1513,0.0006799999999884676,1684.7534430863057,bench_rlam_1_reg
303.35152,303.3522,0.0006799999999884676,1674.2135933372197,bench_rlam_1_reg
303.55242,303.5531,0.0006799999999884676,1677.366625499207,bench_rlam_1_reg
303.75332,303.754,0.000680000000045311,1673.3588535617057,bench_rlam_1_reg
303.95422,303.9549,0.0006799999999884676,1675.6520699314951,bench_rlam_1_reg
304.15512,304.1558,0.0006799999999884676,1674.2932540034433,bench_rlam_1_reg
304.35602,304.3567,0.0006799999999884676,1670.6559853400606,bench_rlam_1_reg
304.55692,304.5576,0.0006799999999884676,1673.8884988957416,bench_rlam_1_reg
304.75782,304.7585,0.000680000000045311,1673.0271118050903,bench_rlam_1_reg
304.95872,304.9594,0.0006799999999884676,1659.1357904935317,bench_rlam_1_reg
305.15962,305.1603,0.0006799999999884676,1657.26964823759,bench_rlam_1_reg
305.36052,305.3612,0.0006799999999884676,1651.273823780003,bench_rlam_1_reg
305.5614,305.56208,0.0006799999999884676,1673.827434402803,bench_rlam_1_reg
305.7623,305.763,0.0006999999999948159,1710.8538770097205,bench_rlam_1_reg
305.96322,305.9639,0.000680000000045311,1667.030274523831,bench_rlam_1_reg
306.1641,306.16478,0.0006799999999884676,1668.3756326842886,bench_rlam_1_reg
306.365,306.36568,0.0006799999999884676,1677.6864137207874,bench_rlam_1_reg
306.5659,306.56658,0.0006799999999884676,1692.4476180926204,bench_rlam_1_reg
306.7668,306.76748,0.0006799999999884676,1681.6027601970377,bench_rlam_1_reg
306.9677,306.96838,0.000680000000045311,1660.3370570836362,bench_rlam_1_reg
307.16858,307.16926,0.0006799999999884676,1680.5426496575494,bench_rlam_1_reg
307.36948,307.37016,0.0006799999999884676,1683.0498561834527,bench_rlam_1_reg
307.5704,307.57108,0.0006799999999884676,1667.6772036320622,bench_rlam_1_reg
307.7713,307.77198,0.0006799999999884676,1676.1560598180708,bench_rlam_1_reg
307.9722,307.97288,0.0006799999999884676,1688.790980238889,bench_rlam_1_reg
308.1731,308.17378,0.000680000000045311,1671.4801361132706,bench_rlam_1_reg
308.374,308.37468,0.0006799999999884676,1689.5890817488976,bench_rlam_1_reg
308.57492,308.5756,0.0006799999999884676,1676.573867406607,bench_rlam_1_reg
308.77582,308.7765,0.0006799999999884676,1672.9812882510673,bench_rlam_1_reg
308.97672,308.9774,0.0006799999999884676,1679.050193607658,bench_rlam_1_reg
309.17762,309.1783,0.0006799999999884676,1665.1679551938898,bench_rlam_1_reg
309.37852,309.3792,0.000680000000045311,1662.3282224245968,bench_rlam_1_reg
309.57942,309.5801,0.0006799999999884676,1658.8417067608532,bench_rlam_1_reg
309.78032,309.781,0.0006799999999884676,1664.1055326484181,bench_rlam_1_reg
309.98122,309.9819,0.0006799999999884676,1666.682143667858,bench_rlam_1_reg
310.18212,310.18282,0.0006999999999948159,1720.6965689472372,bench_rlam_1_reg
310.38304,310.38372,0.0006799999999884676,1661.7682017151562,bench_rlam_1_reg
310.58394,310.58462,0.0006799999999884676,1652.9818577515452,bench_rlam_1_reg
310.78484,310.78552,0.000680000000045311,1667.702996758818,bench_rlam_1_reg
310.98574,310.98642,0.0006799999999884676,1677.9579501174983,bench_rlam_1_reg
311.18666,311.18734,0.0006799999999884676,1647.7111330815235,bench_rlam_1_reg
311.38756,311.38824,0.0006799999999884676,1676.707554114382,bench_rlam_1_reg
311.58846,311.58914,0.0006799999999884676,1664.3293946723245,bench_rlam_1_reg
311.78936,311.79004,0.0006799999999884676,1677.356783747404,bench_rlam_1_reg
311.99028,311.99108,0.0008000000000265572,1963.1536678207244,bench_rlam_2_reg
312.1913,312.1921,0.0007999999999697138,1953.4419522757444,bench_rlam_2_reg
312.39232,312.39314,0.0008200000000329055,2020.150378904399,bench_rlam_2_reg
312.59334,312.59416,0.0008199999999760621,2008.693697796534,bench_rlam_2_reg
312.79438,312.79518,0.0008000000000265572,1952.136610707325,bench_rlam_2_reg
312.9954,312.99622,0.0008199999999760621,2009.4432075706025,bench_rlam_2_reg
313.19644,313.19724,0.0008000000000265572,1961.4955900022971,bench_rlam_2_reg
313.39746,313.39826,0.0007999999999697138,1946.6255464573358,bench_rlam_2_reg
313.59848,313.5993,0.0008200000000329055,1995.4105723565574,bench_rlam_2_reg
313.79952,313.80032,0.0008000000000265572,1935.9937287666316,bench_rlam_2_reg
314.00054,314.00134,0.0008000000000265572,1938.6381121107713,bench_rlam_2_reg
314.20156,314.20238,0.0008200000000329055,1985.6993854972789,bench_rlam_2_reg
314.4026,314.4034,0.0007999999999697138,1953.390273192493,bench_rlam_2_reg
314.60362,314.60442,0.0008000000000265572,1948.7089734344809,bench_rlam_2_reg
314.80464,314.80546,0.0008199999999760621,1995.2941219660381,bench_rlam_2_reg
315.00568,315.00648,0.0008000000000265572,1967.9196971292242,bench_rlam_2_reg
315.2067,315.20752,0.0008199999999760621,2004.1377585673952,bench_rlam_2_reg
315.40774,315.40854,0.0008000000000265572,1957.9925691489213,bench_rlam_2_reg
315.60876,315.60958,0.0008199999999760621,2009.4217592113182,bench_rlam_2_reg
315.8098,315.8106,0.0008000000000265572,1957.4507582705962,bench_rlam_2_reg
316.01084,316.01164,0.0008000000000265572,1944.058281442996,bench_rlam_2_reg
316.21186,316.21268,0.0008199999999760621,2008.2864048365705,bench_rlam_2_reg
316.4129,316.4137,0.0008000000000265572,1939.6255445460406,bench_rlam_2_reg
316.61392,316.61472,0.0007999999999697138,1958.8368804385586,bench_rlam_2_reg
316.81494,316.81576,0.0008200000000329055,1995.4483305096803,bench_rlam_2_reg
317.01598,317.01678,0.0007999999999697138,1947.6213491658389,bench_rlam_2_reg
317.217,317.21782,0.0008200000000329055,2014.238284992588,bench_rlam_2_reg
317.41804,317.41884,0.0007999999999697138,1931.9938145671724,bench_rlam_2_reg
317.61906,317.61986,0.0008000000000265572,1937.5904370843816,bench_rlam_2_reg
317.82008,317.8209,0.0008199999999760621,2002.4166255462026,bench_rlam_2_reg
318.02112,318.02192,0.0008000000000265572,1949.0197650849082,bench_rlam_2_reg
318.22214,318.22294,0.0007999999999697138,1940.8627528671811,bench_rlam_2_reg
318.42316,318.42396,0.0008000000000265572,1946.2405564966791,bench_rlam_2_reg
318.62418,318.625,0.0008199999999760621,2008.2642998647814,bench_rlam_2_reg
318.82522,318.82602,0.0008000000000265572,1952.9855438251316,bench_rlam_2_reg
319.02624,319.02706,0.0008200000000329055,2013.6669977567599,bench_rlam_2_reg
319.22728,319.22808,0.0007999999999697138,1953.9453158320173,bench_rlam_2_reg
319.42832,319.42912,0.0008000000000265572,1942.1072211871158,bench_rlam_2_reg
319.62934,319.63014,0.0007999999999697138,1962.7328891399952,bench_rlam_2_reg
319.83036,319.83116,0.0008000000000265572,1953.339206597344,bench_rlam_2_reg
320.03138,320.0322,0.0008199999999760621,2015.6979467068177,bench_rlam_2_reg
320.23242,320.23322,0.0008000000000265572,1958.150793869513,bench_rlam_2_reg
320.43344,320.43424,0.0007999999999697138,1950.6800942192906,bench_rlam_2_reg
320.63446,320.63526,0.0008000000000265572,1961.7220713544718,bench_rlam_2_reg
320.83548,320.8363,0.0008199999999760621,1996.726526338419,bench_rlam_2_reg
321.03652,321.03732,0.0008000000000265572,1934.6341351755323,bench_rlam_2_reg
321.23754,321.23834,0.0007999999999697138,1936.0993242777033,bench_rlam_2_reg
321.43858,321.43938,0.0008000000000265572,1931.2099857011049,bench_rlam_2_reg
321.6396,321.6404,0.0008000000000265572,1949.155146798987,bench_rlam_2_reg
321.84064,321.84144,0.0007999999999697138,1942.0817679898962,bench_rlam_2_reg
322.04166,322.04246,0.0008000000000265572,1940.544296597088,bench_rlam_2_reg
322.2427,322.2435,0.0007999999999697138,1952.7392787072004,bench_rlam_2_reg
322.44372,322.44452,0.0008000000000265572,1954.6350232145755,bench_rlam_2_reg
322.64476,322.64556,0.0007999999999697138,1951.7037550989864,bench_rlam_2_reg
322.84578,322.84658,0.0008000000000265572,1944.6790638163634,bench_rlam_2_reg
323.04682,323.04762,0.0007999999999697138,1950.395600779041,bench_rlam_2_reg
323.24784,323.24864,0.0008000000000265572,1955.0760929259613,bench_rlam_2_reg
323.44886,323.44968,0.0008199999999760621,2004.3344166265465,bench_rlam_2_reg
323.6499,323.6507,0.0007999999999697138,1942.4910307149223,bench_rlam_2_reg
323.85092,323.85172,0.0008000000000265572,1966.0432916906595,bench_rlam_2_reg
324.05196,324.05276,0.0007999999999697138,1945.0804543842225,bench_rlam_2_reg
324.25298,324.2538,0.0008200000000329055,2022.541468124617,bench_rlam_2_reg
324.45402,324.45482,0.0007999999999697138,1947.4700488313647,bench_rlam_2_reg
324.65504,324.65584,0.0008000000000265572,1960.689325425238,bench_rlam_2_reg
324.85606,324.85688,0.0008199999999760621,1989.7891533855422,bench_rlam_2_reg
325.0571,325.0579,0.0008000000000265572,1937.4511298490236,bench_rlam_2_reg
325.25812,325.25894,0.0008199999999760621,2004.861044626088,bench_rlam_2_reg
325.45916,325.45996,0.0008000000000265572,1947.4990200927864,bench_rlam_2_reg
325.6602,325.661,0.0008000000000265572,1941.2450237005003,bench_rlam_2_reg
325.86122,325.86204,0.0008199999999760621,2003.3158617488311,bench_rlam_2_reg
326.06226,326.06306,0.0008000000000265572,1946.733731383935,bench_rlam_2_reg
326.2633,326.2641,0.0007999999999697138,1945.3030660877578,bench_rlam_2_reg
326.46432,326.46514,0.0008200000000329055,1999.4134782790536,bench_rlam_2_reg
326.66536,326.66616,0.0007999999999697138,1946.3197280731542,bench_rlam_2_reg
326.86638,326.86718,0.0008000000000265572,1956.2315964852735,bench_rlam_2_reg
327.0674,327.0682,0.0007999999999697138,1959.0360297863833,bench_rlam_2_reg
327.26842,327.26922,0.0008000000000265572,1964.1521899746917,bench_rlam_2_reg
327.46944,327.47026,0.0008199999999760621,1998.938778343025,bench_rlam_2_reg
327.67048,327.67128,0.0008000000000265572,1960.4692888209534,bench_rlam_2_reg
327.8715,327.8723,0.0007999999999697138,1954.1503651042287,bench_rlam_2_reg
328.07254,328.07334,0.0007999999999697138,1941.5000778802826,bench_rlam_2_reg
328.27356,328.27436,0.0008000000000265572,1951.6156102360865,bench_rlam_2_reg
328.47458,328.47538,0.0007999999999697138,1950.65866449751,bench_rlam_2_reg
328.6756,328.67642,0.0008200000000329055,2008.1398078211898,bench_rlam_2_reg
328.87664,328.87744,0.0007999999999697138,1926.1992023522027,bench_rlam_2_reg
329.07766,329.07846,0.0008000000000265572,1934.4742690017047,bench_rlam_2_reg
329.27868,329.27948,0.0007999999999697138,1937.97713836753,bench_rlam_2_reg
329.4797,329.4805,0.0008000000000265572,1939.1354290593997,bench_rlam_2_reg
329.68072,329.68152,0.0007999999999697138,1940.304019881512,bench_rlam_2_reg
329.88174,329.88254,0.0008000000000265572,1953.795934172162,bench_rlam_2_reg
330.08278,330.08358,0.0007999999999697138,1956.79089512236,bench_rlam_2_reg
330.2838,330.28462,0.0008200000000329055,1999.1449174433424,bench_rlam_2_reg
330.48484,330.48564,0.0007999999999697138,1955.033591862292,bench_rlam_2_reg
330.68586,330.68668,0.0008200000000329055,2014.732095501095,bench_rlam_2_reg
330.8869,330.8877,0.0007999999999697138,1946.1349373672847,bench_rlam_2_reg
331.08792,331.08872,0.0008000000000265572,1947.913782275034,bench_rlam_2_reg
331.28894,331.28976,0.0008199999999760621,2016.177519609362,bench_rlam_2_reg
331.48998,331.49078,0.0007999999999697138,1946.0388970798044,bench_rlam_2_reg
331.691,331.6918,0.0008000000000265572,1940.4833229057244,bench_rlam_2_reg
331.89202,331.89282,0.0007999999999697138,1946.7334495128928,bench_rlam_2_reg
332.09304,332.09396,0.0009200000000078035,2169.2245430630287,bench_rlam_3_reg
332.29418,332.29512,0.0009400000000141517,2217.77204661641,bench_rlam_3_reg
332.49534,332.49626,0.0009200000000078035,2159.677718322175,bench_rlam_3_reg
332.69648,332.69742,0.0009400000000141517,2210.374374441081,bench_rlam_3_reg
332.89764,332.89856,0.00091999999995096,2168.7643531277413,bench_rlam_3_reg
333.0988,333.09972,0.0009200000000078035,2155.674137202648,bench_rlam_3_reg
333.29996,333.30088,0.0009200000000078035,2160.692317435904,bench_rlam_3_reg
333.5011,333.50204,0.0009400000000141517,2235.480221020799,bench_rlam_3_reg
333.70226,333.7032,0.0009399999999573083,2227.209193970202,bench_rlam_3_reg
333.90342,333.90434,0.0009200000000078035,2164.08685085155,bench_rlam_3_reg
334.10456,334.1055,0.0009400000000141517,2229.35688918746,bench_rlam_3_reg
334.30572,334.30664,0.0009200000000078035,2182.092242892501,bench_rlam_3_reg
334.50688,334.5078,0.00091999999995096,2176.3993728437886,bench_rlam_3_reg
334.70802,334.70896,0.0009400000000141517,2221.7015666427087,bench_rlam_3_reg
334.90918,334.91012,0.0009400000000141517,2232.812540649064,bench_rlam_3_reg
335.11032,335.11126,0.0009400000000141517,2228.836929462783,bench_rlam_3_reg
335.31148,335.31242,0.0009399999999573083,2227.318435791782,bench_rlam_3_reg
335.51264,335.51356,0.0009200000000078035,2168.8610804558266,bench_rlam_3_reg
335.7138,335.71472,0.0009200000000078035,2160.3292413307695,bench_rlam_3_reg
335.91494,335.91588,0.0009400000000141517,2203.7711250957564,bench_rlam_3_reg
336.1161,336.11702,0.0009200000000078035,2172.794539953305,bench_rlam_3_reg
336.31724,336.31818,0.0009399999999573083,2216.1627908821374,bench_rlam_3_reg
336.5184,336.51932,0.0009200000000078035,2170.3759092168207,bench_rlam_3_reg
336.71954,336.72048,0.0009400000000141517,2219.5769730445477,bench_rlam_3_reg
336.9207,336.92164,0.0009400000000141517,2224.145347742376,bench_rlam_3_reg
337.12184,337.12278,0.0009399999999573083,2231.0209412840727,bench_rlam_3_reg
337.323,337.32392,0.0009200000000078035,2170.006195110702,bench_rlam_3_reg
337.52414,337.52508,0.0009400000000141517,2243.7776416049737,bench_rlam_3_reg
337.7253,337.72622,0.0009200000000078035,2179.4009139032364,bench_rlam_3_reg
337.92646,337.92738,0.0009200000000078035,2165.2944153249873,bench_rlam_3_reg
338.1276,338.12854,0.0009400000000141517,2217.899817087278,bench_rlam_3_reg
338.32876,338.32968,0.0009200000000078035,2165.4154151017506,bench_rlam_3_reg
338.52992,338.53084,0.0009200000000078035,2180.9737454353444,bench_rlam_3_reg
338.73106,338.732,0.0009400000000141517,2222.21953797183,bench_rlam_3_reg
338.93222,338.93316,0.0009400000000141517,2201.1266858761123,bench_rlam_3_reg
339.13338,339.1343,0.0009200000000078035,2157.532039593419,bench_rlam_3_reg
339.33452,339.33546,0.0009400000000141517,2209.1090237148405,bench_rlam_3_reg
339.53568,339.5366,0.0009200000000078035,2161.8786850155093,bench_rlam_3_reg
339.73684,339.73776,0.0009200000000078035,2167.2844630959557,bench_rlam_3_reg
339.93798,339.93892,0.0009400000000141517,2216.552232902515,bench_rlam_3_reg
340.13914,340.14006,0.0009200000000078035,2167.7367622256284,bench_rlam_3_reg
340.34028,340.34122,0.0009400000000141517,2216.6238795366976,bench_rlam_3_reg
340.54142,340.54236,0.0009399999999573083,2216.267327194904,bench_rlam_3_reg
340.74256,340.7435,0.0009399999999573083,2226.8540480789334,bench_rlam_3_reg
340.9437,340.94464,0.0009400000000141517,2236.3259597184315,bench_rlam_3_reg
341.14486,341.14578,0.0009200000000078035,2160.4192373579044,bench_rlam_3_reg
341.346,341.34694,0.0009400000000141517,2234.3646502453125,bench_rlam_3_reg
341.54716,341.5481,0.0009399999999573083,2212.4405856005947,bench_rlam_3_reg
341.74832,341.74924,0.0009200000000078035,2165.2846783680366,bench_rlam_3_reg
341.94946,341.9504,0.0009400000000141517,2216.39832020323,bench_rlam_3_reg
342.1506,342.15154,0.0009400000000141517,2226.7088899744626,bench_rlam_3_reg
342.35176,342.35268,0.0009200000000078035,2161.0278147394542,bench_rlam_3_reg
342.5529,342.55384,0.0009399999999573083,2209.34504397911,bench_rlam_3_reg
342.75406,342.75498,0.0009200000000078035,2149.154322715199,bench_rlam_3_reg
342.9552,342.95614,0.0009400000000141517,2205.358219841608,bench_rlam_3_reg
343.15636,343.15728,0.0009200000000078035,2155.113162024422,bench_rlam_3_reg
343.3575,343.35844,0.0009399999999573083,2221.826303166281,bench_rlam_3_reg
343.55866,343.55958,0.0009200000000078035,2177.1702962295653,bench_rlam_3_reg
343.7598,343.76072,0.0009200000000078035,2175.4128206812406,bench_rlam_3_reg
343.96094,343.96188,0.0009400000000141517,2222.408577838523,bench_rlam_3_reg
344.1621,344.16302,0.0009200000000078035,2181.057438733744,bench_rlam_3_reg
344.36324,344.36418,0.0009399999999573083,2228.288878570849,bench_rlam_3_reg
344.5644,344.56532,0.0009200000000078035,2188.3044485277615,bench_rlam_3_reg
344.76554,344.76648,0.0009400000000141517,2211.907543284796,bench_rlam_3_reg
344.9667,344.96762,0.0009200000000078035,2173.370502445688,bench_rlam_3_reg
345.16784,345.16878,0.0009400000000141517,2226.0206402542526,bench_rlam_3_reg
345.36898,345.36992,0.0009399999999573083,2212.499428890138,bench_rlam_3_reg
345.57014,345.57106,0.0009200000000078035,2156.2714944897707,bench_rlam_3_reg
345.77128,345.77222,0.0009400000000141517,2194.580487018751,bench_rlam_3_reg
345.97242,345.97336,0.0009400000000141517,2212.7124760687802,bench_rlam_3_reg
346.17358,346.17452,0.0009399999999573083,2195.644781350937,bench_rlam_3_reg
346.37472,346.37566,0.0009399999999573083,2222.712924577887,bench_rlam_3_reg
346.57588,346.5768,0.0009200000000078035,2162.3392054174815,bench_rlam_3_reg
346.77702,346.77796,0.0009400000000141517,2227.9204475189854,bench_rlam_3_reg
346.97818,346.9791,0.0009200000000078035,2164.672077652478,bench_rlam_3_reg
347.17932,347.18026,0.0009399999999573083,2229.984879843922,bench_rlam_3_reg
347.38048,347.3814,0.0009200000000078035,2167.3957142314903,bench_rlam_3_reg
347.58162,347.58256,0.0009400000000141517,2230.757258410058,bench_rlam_3_reg
347.78278,347.78372,0.0009400000000141517,2218.698882538752,bench_rlam_3_reg
347.98394,347.98488,0.0009399999999573083,2227.2400836233933,bench_rlam_3_reg
348.1851,348.18602,0.0009200000000078035,2181.022835460229,bench_rlam_3_reg
348.38624,348.38718,0.0009400000000141517,2235.8393390193373,bench_rlam_3_reg
348.5874,348.58834,0.0009400000000141517,2214.1042724618464,bench_rlam_3_reg
348.78856,348.78948,0.0009200000000078035,2167.800401806723,bench_rlam_3_reg
348.98972,348.99064,0.0009200000000078035,2166.698721732451,bench_rlam_3_reg
349.19088,349.1918,0.0009200000000078035,2163.1771931662756,bench_rlam_3_reg
349.39204,349.39296,0.0009200000000078035,2155.717364529329,bench_rlam_3_reg
349.59318,349.59412,0.0009399999999573083,2222.1351693159413,bench_rlam_3_reg
349.79434,349.79528,0.0009400000000141517,2215.6920121527774,bench_rlam_3_reg
349.9955,349.99642,0.0009200000000078035,2169.19333909422,bench_rlam_3_reg
350.19666,350.19758,0.0009200000000078035,2162.015619706016,bench_rlam_3_reg
350.3978,350.39874,0.0009399999999573083,2214.2219146470175,bench_rlam_3_reg
350.59896,350.5999,0.0009400000000141517,2231.894575568876,bench_rlam_3_reg
350.80012,350.80104,0.0009200000000078035,2173.363643258758,bench_rlam_3_reg
351.00126,351.0022,0.0009400000000141517,2225.338036698181,bench_rlam_3_reg
351.20242,351.20336,0.0009399999999573083,2234.4444807379246,bench_rlam_3_reg
351.40358,351.40452,0.0009400000000141517,2213.8030827479874,bench_rlam_3_reg
351.60474,351.60566,0.0009200000000078035,2184.4300488254185,bench_rlam_3_reg
351.8059,351.80682,0.0009200000000078035,2180.7386586624657,bench_rlam_3_reg
352.00706,352.00798,0.00091999999995096,2158.6016005411634,bench_rlam_3_reg
352.2082,352.20926,0.001059999999995398,2430.722611027381,bench_rlam_4_reg
352.4095,352.41054,0.001040000000045893,2379.579439411588,bench_rlam_4_reg
352.61078,352.61184,0.001059999999995398,2426.683343950966,bench_rlam_4_reg
352.81206,352.81312,0.0010600000000522414,2438.497243117351,bench_rlam_4_reg
353.01334,353.0144,0.001059999999995398,2433.884486055524,bench_rlam_4_reg
353.21462,353.21568,0.001059999999995398,2441.684058825781,bench_rlam_4_reg
353.41592,353.41698,0.001059999999995398,2440.780270809255,bench_rlam_4_reg
353.6172,353.61826,0.001059999999995398,2449.029169473583,bench_rlam_4_reg
353.81848,353.81954,0.001059999999995398,2456.9262168009154,bench_rlam_4_reg
354.01978,354.02082,0.0010399999999890497,2393.7261406766165,bench_rlam_4_reg
354.22104,354.2221,0.001059999999995398,2457.358799850136,bench_rlam_4_reg
354.42232,354.42338,0.001059999999995398,2462.2283270408484,bench_rlam_4_reg
354.62362,354.62466,0.0010399999999890497,2401.01719038535,bench_rlam_4_reg
354.8249,354.82594,0.0010399999999890497,2385.9403212233055,bench_rlam_4_reg
355.02618,355.02722,0.0010399999999890497,2367.2876739578946,bench_rlam_4_reg
355.22746,355.2285,0.0010399999999890497,2378.3182562090255,bench_rlam_4_reg
355.42872,355.42978,0.001059999999995398,2439.531125123019,bench_rlam_4_reg
355.63,355.63106,0.001059999999995398,2434.637080875365,bench_rlam_4_reg
355.83128,355.83234,0.001059999999995398,2434.2852178930175,bench_rlam_4_reg
356.03256,356.03362,0.001059999999995398,2443.901135120585,bench_rlam_4_reg
356.23384,356.2349,0.001059999999995398,2430.2904680343045,bench_rlam_4_reg
356.43512,356.43618,0.001059999999995398,2454.881155863591,bench_rlam_4_reg
356.6364,356.63746,0.001059999999995398,2443.0513521673206,bench_rlam_4_reg
356.83768,356.83874,0.001059999999995398,2451.9842141372005,bench_rlam_4_reg
357.03896,357.04002,0.0010600000000522414,2458.6845400208194,bench_rlam_4_reg
357.24024,357.2413,0.0010600000000522414,2453.2168453003233,bench_rlam_4_reg
357.4415,357.44256,0.001059999999995398,2449.8313711719074,bench_rlam_4_reg
357.64278,357.64384,0.001059999999995398,2442.3185921931135,bench_rlam_4_reg
357.84406,357.84512,0.001059999999995398,2433.299880921951,bench_rlam_4_reg
358.04534,358.0464,0.001059999999995398,2431.4780789239776,bench_rlam_4_reg
358.2466,358.24766,0.001059999999995398,2425.152533681058,bench_rlam_4_reg
358.44788,358.44894,0.001059999999995398,2426.849235776342,bench_rlam_4_reg
358.64916,358.65022,0.001059999999995398,2414.815020746786,bench_rlam_4_reg
358.85044,358.8515,0.001059999999995398,2437.658687120212,bench_rlam_4_reg
359.05172,359.05278,0.001059999999995398,2439.6309209986803,bench_rlam_4_reg
359.253,359.25406,0.001059999999995398,2448.6239533880057,bench_rlam_4_reg
359.45428,359.45534,0.001059999999995398,2451.0382954050033,bench_rlam_4_reg
359.65556,359.65662,0.001059999999995398,2458.4969598831503,bench_rlam_4_reg
359.85684,359.8579,0.001059999999995398,2448.364961896294,bench_rlam_4_reg
360.05812,360.05918,0.0010600000000522414,2447.795379110522,bench_rlam_4_reg
360.2594,360.26046,0.001059999999995398,2440.8566997953662,bench_rlam_4_reg
360.46068,360.46174,0.001059999999995398,2460.938172843353,bench_rlam_4_reg
360.66198,360.66302,0.0010399999999890497,2380.793082943812,bench_rlam_4_reg
360.86326,360.86432,0.001059999999995398,2439.6681948191176,bench_rlam_4_reg
361.06454,361.0656,0.001059999999995398,2444.350172262109,bench_rlam_4_reg
361.26584,361.2669,0.001059999999995398,2440.6698648445695,bench_rlam_4_reg
361.46712,361.46818,0.001059999999995398,2426.6195483145757,bench_rlam_4_reg
361.66842,361.66946,0.0010399999999890497,2369.516880668912,bench_rlam_4_reg
361.8697,361.87074,0.0010399999999890497,2383.351244451428,bench_rlam_4_reg
362.07098,362.07204,0.001059999999995398,2433.8607862356116,bench_rlam_4_reg
362.27226,362.27332,0.001059999999995398,2439.7965310813174,bench_rlam_4_reg
362.47354,362.47458,0.0010399999999890497,2395.9408024932577,bench_rlam_4_reg
362.67482,362.67586,0.0010399999999890497,2404.8920510936714,bench_rlam_4_reg
362.87608,362.87714,0.001059999999995398,2445.3585268877714,bench_rlam_4_reg
363.07738,363.07842,0.0010399999999890497,2399.1809179753664,bench_rlam_4_reg
363.27866,363.27972,0.001059999999995398,2446.7504629812643,bench_rlam_4_reg
363.47994,363.481,0.001059999999995398,2446.362536857933,bench_rlam_4_reg
363.68122,363.68228,0.001059999999995398,2450.7676158095032,bench_rlam_4_reg
363.88252,363.88356,0.0010399999999890497,2374.7715190771214,bench_rlam_4_reg
364.0838,364.08486,0.001059999999995398,2421.151457817563,bench_rlam_4_reg
364.28508,364.28614,0.001059999999995398,2429.3712736087596,bench_rlam_4_reg
364.48636,364.48742,0.001059999999995398,2413.5880148950587,bench_rlam_4_reg
364.68764,364.6887,0.001059999999995398,2428.992204370762,bench_rlam_4_reg
364.88892,364.88998,0.001059999999995398,2430.5840930893623,bench_rlam_4_reg
365.0902,365.09124,0.001040000000045893,2392.5234052619503,bench_rlam_4_reg
365.29146,365.29252,0.0010600000000522414,2457.219080670597,bench_rlam_4_reg
365.49274,365.4938,0.001059999999995398,2451.7677561024975,bench_rlam_4_reg
365.69402,365.69508,0.001059999999995398,2442.2276904448463,bench_rlam_4_reg
365.8953,365.89636,0.001059999999995398,2445.4890540535243,bench_rlam_4_reg
366.09658,366.09764,0.001059999999995398,2463.1767254080946,bench_rlam_4_reg
366.29786,366.29892,0.001059999999995398,2427.317721288441,bench_rlam_4_reg
366.49914,366.50018,0.0010399999999890497,2376.575556087154,bench_rlam_4_reg
366.70042,366.70148,0.001059999999995398,2433.2332541124074,bench_rlam_4_reg
366.9017,366.90276,0.001059999999995398,2432.0504069223953,bench_rlam_4_reg
367.10298,367.10404,0.001059999999995398,2429.568355431323,bench_rlam_4_reg
367.30426,367.30532,0.001059999999995398,2428.7319276441854,bench_rlam_4_reg
367.50554,367.5066,0.001059999999995398,2439.3581715403357,bench_rlam_4_reg
367.70682,367.70788,0.001059999999995398,2436.956255693986,bench_rlam_4_reg
367.9081,367.90916,0.001059999999995398,2439.571565478706,bench_rlam_4_reg
368.10938,368.11044,0.001059999999995398,2443.9679179329064,bench_rlam_4_reg
368.31066,368.31172,0.001059999999995398,2454.338874667889,bench_rlam_4_reg
368.51194,368.513,0.001059999999995398,2442.68117006734,bench_rlam_4_reg
368.71322,368.71426,0.001040000000045893,2400.242034462779,bench_rlam_4_reg
368.91448,368.91554,0.001059999999995398,2444.1087874183895,bench_rlam_4_reg
369.11576,369.11682,0.001059999999995398,2437.694284560159,bench_rlam_4_reg
369.31704,369.3181,0.001059999999995398,2451.600674514126,bench_rlam_4_reg
369.51832,369.51938,0.001059999999995398,2435.025717107237,bench_rlam_4_reg
369.7196,369.72066,0.001059999999995398,2427.943916972781,bench_rlam_4_reg
369.92088,369.92194,0.001059999999995398,2431.5601307729453,bench_rlam_4_reg
370.12216,370.12322,0.001059999999995398,2422.6707918455813,bench_rlam_4_reg
370.32344,370.3245,0.001059999999995398,2431.4090516322963,bench_rlam_4_reg
370.52472,370.52578,0.001059999999995398,2427.6501499054525,bench_rlam_4_reg
370.726,370.72704,0.0010399999999890497,2374.603932236192,bench_rlam_4_reg
370.92726,370.92832,0.001059999999995398,2446.9929537755306,bench_rlam_4_reg
371.12854,371.1296,0.001059999999995398,2441.17762893358,bench_rlam_4_reg
371.3298,371.33086,0.001059999999995398,2449.8898303180654,bench_rlam_4_reg
371.53108,371.53214,0.0010600000000522414,2442.3201499907696,bench_rlam_4_reg
371.73236,371.7334,0.0010399999999890497,2383.8158184174085,bench_rlam_4_reg
371.93362,371.93468,0.001059999999995398,2455.159118372081,bench_rlam_4_reg
372.1349,372.13596,0.001059999999995398,2438.8943169951344,bench_rlam_4_reg
372.33618,372.33748,0.0013000000000147338,3295.3088358373857,bench_jge_not_taken
372.53768,372.53898,0.0012999999999578904,3285.0309925803117,bench_jge_not_taken
372.7392,372.7405,0.0013000000000147338,3286.245870448446,bench_jge_not_taken
372.94072,372.94202,0.0013000000000147338,3294.2433725528035,bench_jge_not_taken
373.14224,373.14354,0.0012999999999578904,3290.7636020153245,bench_jge_not_taken
373.34376,373.34506,0.0013000000000147338,3297.381179918632,bench_jge_not_taken
373.54528,373.54658,0.0013000000000147338,3311.1061505468283,bench_jge_not_taken
373.7468,373.7481,0.0013000000000147338,3303.444753438749,bench_jge_not_taken
373.94832,373.94962,0.0012999999999578904,3317.046735778031,bench_jge_not_taken
374.14984,374.15114,0.0013000000000147338,3308.757313106106,bench_jge_not_taken
374.35136,374.35266,0.0013000000000147338,3308.021912859038,bench_jge_not_taken
374.5529,374.5542,0.0012999999999578904,3295.1546505731512,bench_jge_not_taken
374.75442,374.75572,0.0013000000000147338,3298.445364970728,bench_jge_not_taken
374.95594,374.95724,0.0013000000000147338,3283.7202633194424,bench_jge_not_taken
375.15746,375.15876,0.0012999999999578904,3291.184825242446,bench_jge_not_taken
375.359,375.3603,0.0013000000000147338,3263.318440921632,bench_jge_not_taken
375.56052,375.56182,0.0013000000000147338,3299.9401237306533,bench_jge_not_taken
375.76204,375.76334,0.0013000000000147338,3303.389709940579,bench_jge_not_taken
375.96356,375.96486,0.0013000000000147338,3312.0106067978727,bench_jge_not_taken
376.16508,376.16638,0.0013000000000147338,3311.4838065074014,bench_jge_not_taken
376.3666,376.3679,0.0013000000000147338,3301.2481825765594,bench_jge_not_taken
376.56812,376.56942,0.0012999999999578904,3315.7692825173026,bench_jge_not_taken
376.76964,376.77094,0.0013000000000147338,3309.5499361382367,bench_jge_not_taken
376.97118,376.97246,0.0012800000000083855,3250.7174485578025,bench_jge_not_taken
377.1727,377.174,0.0012999999999578904,3299.4914752199925,bench_jge_not_taken
377.37422,377.37552,0.0013000000000147338,3300.829269036975,bench_jge_not_taken
377.57574,377.57704,0.0013000000000147338,3293.4362907399227,bench_jge_not_taken
377.77728,377.77858,0.0012999999999578904,3272.38162269581,bench_jge_not_taken
377.9788,377.9801,0.0013000000000147338,3280.6695043560358,bench_jge_not_taken
378.18032,378.18162,0.0013000000000147338,3304.6167926347066,bench_jge_not_taken
378.38184,378.38314,0.0013000000000147338,3301.8921944636286,bench_jge_not_taken
378.58338,378.58468,0.0013000000000147338,3322.8689618862595,bench_jge_not_taken
378.7849,378.7862,0.0013000000000147338,3306.9653087722895,bench_jge_not_taken
378.98642,378.98772,0.0013000000000147338,3303.8716204792404,bench_jge_not_taken
379.18794,379.18924,0.0012999999999578904,3320.194291755668,bench_jge_not_taken
379.38946,379.39076,0.0013000000000147338,3311.2050057844176,bench_jge_not_taken
379.59098,379.59228,0.0013000000000147338,3295.1131137471048,bench_jge_not_taken
379.7925,379.7938,0.0012999999999578904,3284.868316141826,bench_jge_not_taken
379.99404,379.99534,0.0013000000000147338,3282.205064360493,bench_jge_not_taken
380.19556,380.19686,0.0013000000000147338,3283.282062080812,bench_jge_not_taken
380.39708,380.39838,0.0012999999999578904,3289.4251354726716,bench_jge_not_taken
380.5986,380.5999,0.0013000000000147338,3305.339661940082,bench_jge_not_taken
380.80014,380.80144,0.0013000000000147338,3302.9610664046186,bench_jge_not_taken
381.00166,381.00296,0.0012999999999578904,3312.2292648850607,bench_jge_not_taken
381.20318,381.20448,0.0013000000000147338,3310.9397162212545,bench_jge_not_taken
381.4047,381.406,0.0013000000000147338,3318.85034222955,bench_jge_not_taken
381.60622,381.60752,0.0013000000000147338,3311.079745220274,bench_jge_not_taken
381.80774,381.80904,0.0012999999999578904,3308.591083497322,bench_jge_not_taken
382.00926,382.01056,0.0013000000000147338,3289.7373242768317,bench_jge_not_taken
382.2108,382.2121,0.0013000000000147338,3287.8259243827756,bench_jge_not_taken
382.4123,382.4136,0.0012999999999578904,3286.838575616985,bench_jge_not_taken
382.61382,382.61512,0.0013000000000147338,3291.3130778339264,bench_jge_not_taken
382.81534,382.81664,0.0013000000000147338,3304.012857885682,bench_jge_not_taken
383.01686,383.01816,0.0013000000000147338,3298.364831168398,bench_jge_not_taken
383.21838,383.21968,0.0012999999999578904,3322.481775996934,bench_jge_not_taken
383.4199,383.4212,0.0013000000000147338,3330.9413050743224,bench_jge_not_taken
383.62142,383.62272,0.0013000000000147338,3316.0382043986006,bench_jge_not_taken
383.82294,383.82424,0.0012999999999578904,3319.1242556791094,bench_jge_not_taken
384.02446,384.02576,0.0013000000000147338,3311.3864833038633,bench_jge_not_taken
384.22598,384.22728,0.0013000000000147338,3308.710523458844,bench_jge_not_taken
384.4275,384.4288,0.0013000000000147338,3302.672265599863,bench_jge_not_taken
384.62902,384.63032,0.0012999999999578904,3281.971949495706,bench_jge_not_taken
384.83054,384.83184,0.0013000000000147338,3292.5126841727974,bench_jge_not_taken
385.03206,385.03336,0.0013000000000147338,3285.3024546458046,bench_jge_not_taken
385.23358,385.23488,0.0012999999999578904,3283.386274591496,bench_jge_not_taken
385.4351,385.4364,0.0013000000000147338,3324.1488831589954,bench_jge_not_taken
385.63662,385.63792,0.0013000000000147338,3305.4983802583506,bench_jge_not_taken
385.83814,385.83944,0.0013000000000147338,3306.657220272511,bench_jge_not_taken
386.03966,386.04096,0.0012999999999578904,3314.3476837937196,bench_jge_not_taken
386.24118,386.24248,0.0013000000000147338,3319.036783694726,bench_jge_not_taken
386.44268,386.44398,0.0013000000000147338,3315.9518521716013,bench_jge_not_taken
386.6442,386.6455,0.0013000000000147338,3291.678719719083,bench_jge_not_taken
386.84572,386.84702,0.0013000000000147338,3297.7497508283946,bench_jge_not_taken
387.04724,387.04854,0.0013000000000147338,3289.7580764692825,bench_jge_not_taken
387.24876,387.25006,0.0013000000000147338,3287.6662351562163,bench_jge_not_taken
387.45028,387.45158,0.0012999999999578904,3294.512207966564,bench_jge_not_taken
387.65182,387.65312,0.0013000000000147338,3299.6096671990535,bench_jge_not_taken
387.85334,387.85464,0.0013000000000147338,3304.0842903265316,bench_jge_not_taken
388.05486,388.05616,0.0012999999999578904,3297.564319683762,bench_jge_not_taken
388.25638,388.25768,0.0013000000000147338,3302.7932560521913,bench_jge_not_taken
388.4579,388.4592,0.0013000000000147338,3303.8894529892036,bench_jge_not_taken
388.65942,388.66072,0.0013000000000147338,3306.153307234936,bench_jge_not_taken
388.86092,388.86222,0.0012999999999578904,3309.8201615484077,bench_jge_not_taken
389.06244,389.06374,0.0013000000000147338,3305.998488841608,bench_jge_not_taken
389.26398,389.26528,0.0013000000000147338,3289.5779353965186,bench_jge_not_taken
389.4655,389.4668,0.0012999999999578904,3289.474546792733,bench_jge_not_taken
389.66702,389.66832,0.0013000000000147338,3281.7649818465447,bench_jge_not_taken
389.86852,389.86982,0.0013000000000147338,3295.31748085131,bench_jge_not_taken
390.07004,390.07134,0.0013000000000147338,3305.491223037694,bench_jge_not_taken
390.27156,390.27286,0.0012999999999578904,3309.6863910257202,bench_jge_not_taken
390.47308,390.47438,0.0013000000000147338,3297.0599015671305,bench_jge_not_taken
390.6746,390.6759,0.0013000000000147338,3300.2816886146325,bench_jge_not_taken
390.87612,390.87742,0.0012999999999578904,3309.3692919974387,bench_jge_not_taken
391.07762,391.07892,0.0012999999999578904,3310.9060161420334,bench_jge_not_taken
391.27914,391.28044,0.0013000000000147338,3295.9976839379337,bench_jge_not_taken
391.48066,391.48196,0.0013000000000147338,3286.5483197757017,bench_jge_not_taken
391.68218,391.68348,0.0012999999999578904,3295.204043271392,bench_jge_not_taken
391.88368,391.88498,0.0012999999999578904,3289.2826850208585,bench_jge_not_taken
392.0852,392.0865,0.0013000000000147338,3301.0847308178327,bench_jge_not_taken
392.28672,392.28802,0.0013000000000147338,3291.0120324646314,bench_jge_not_taken
392.48824,392.48952,0.0012800000000083855,3254.157821657807,bench_jge_taken
392.68974,392.69102,0.0012800000000083855,3235.4436489165414,bench_jge_taken
392.89124,392.89252,0.0012800000000083855,3257.918385817355,bench_jge_taken
393.09274,393.09402,0.0012800000000083855,3250.7845689831674,bench_jge_taken
393.29426,393.29554,0.0012800000000083855,3250.4699286296554,bench_jge_taken
393.49576,393.49704,0.0012800000000083855,3250.4304917653267,bench_jge_taken
393.69726,393.69854,0.0012799999999515421,3253.8058933325,bench_jge_taken
393.89876,393.90004,0.0012800000000083855,3248.1129258232445,bench_jge_taken
394.10026,394.10154,0.0012800000000083855,3241.813662490297,bench_jge_taken
394.30176,394.30304,0.0012800000000083855,3244.875574043104,bench_jge_taken
394.50326,394.50454,0.0012800000000083855,3240.2170798900415,bench_jge_taken
394.70476,394.70604,0.0012799999999515421,3238.6119033719756,bench_jge_taken
394.90626,394.90754,0.0012800000000083855,3255.6995307400157,bench_jge_taken
395.10776,395.10904,0.0012800000000083855,3259.2069823575657,bench_jge_taken
395.30926,395.31054,0.0012800000000083855,3243.8140292927096,bench_jge_taken
395.51076,395.51204,0.0012800000000083855,3262.8713757934647,bench_jge_taken
395.71226,395.71354,0.0012800000000083855,3266.8916671719753,bench_jge_taken
395.91376,395.91504,0.0012799999999515421,3241.6693864844615,bench_jge_taken
396.11526,396.11654,0.0012800000000083855,3240.356566411204,bench_jge_taken
396.31676,396.31804,0.0012800000000083855,3235.095522862036,bench_jge_taken
396.51826,396.51954,0.0012800000000083855,3251.160176028098,bench_jge_taken
396.71976,396.72104,0.0012800000000083855,3225.8027442930234,bench_jge_taken
396.92126,396.92254,0.0012800000000083855,3239.148245206037,bench_jge_taken
397.12276,397.12404,0.0012799999999515421,3242.4865591792086,bench_jge_taken
397.32426,397.32554,0.0012800000000083855,3243.2825374693634,bench_jge_taken
397.52576,397.52704,0.0012800000000083855,3244.5062930038243,bench_jge_taken
397.72726,397.72856,0.0013000000000147338,3289.8273319453974,bench_jge_taken
397.92878,397.93006,0.0012800000000083855,3265.5166322460536,bench_jge_taken
398.1303,398.13158,0.0012800000000083855,3245.9992263746503,bench_jge_taken
398.3318,398.33308,0.0012800000000083855,3257.3922514304186,bench_jge_taken
398.5333,398.53458,0.0012800000000083855,3238.2620708336717,bench_jge_taken
398.7348,398.73608,0.0012800000000083855,3246.8400406860605,bench_jge_taken
398.9363,398.93758,0.0012800000000083855,3233.937385965144,bench_jge_taken
399.13782,399.1391,0.0012800000000083855,3232.940910414778,bench_jge_taken
399.33932,399.3406,0.0012800000000083855,3233.4129116773565,bench_jge_taken
399.54084,399.54212,0.0012800000000083855,3243.8338897454732,bench_jge_taken
399.74234,399.74362,0.0012800000000083855,3258.901026583351,bench_jge_taken
399.94384,399.94512,0.0012799999999515421,3265.050260676774,bench_jge_taken
400.14534,400.14662,0.0012800000000083855,3261.1584128206578,bench_jge_taken
400.34686,400.34814,0.0012800000000083855,3257.9127932226525,bench_jge_taken
400.54836,400.54964,0.0012800000000083855,3261.4289550343556,bench_jge_taken
400.74986,400.75114,0.0012800000000083855,3250.9141811320223,bench_jge_taken
400.95138,400.95266,0.0012800000000083855,3257.739576542093,bench_jge_taken
401.15288,401.15416,0.0012800000000083855,3247.8152332204813,bench_jge_taken
401.3544,401.35568,0.0012800000000083855,3234.7398111822704,bench_jge_taken
401.5559,401.55718,0.0012800000000083855,3230.0189533504404,bench_jge_taken
401.7574,401.75868,0.0012800000000083855,3229.9526943873466,bench_jge_taken
401.9589,401.96018,0.0012799999999515421,3232.6958676303857,bench_jge_taken
402.16042,402.1617,0.0012800000000083855,3251.0881382338475,bench_jge_taken
402.36192,402.3632,0.0012800000000083855,3254.830583489073,bench_jge_taken
402.56344,402.56472,0.0012800000000083855,3243.4779126399208,bench_jge_taken
402.76494,402.76622,0.0012799999999515421,3266.8181972999637,bench_jge_taken
402.96646,402.96774,0.0012800000000083855,3247.1980620438785,bench_jge_taken
403.16796,403.16924,0.0012800000000083855,3265.640782222244,bench_jge_taken
403.36946,403.37076,0.0013000000000147338,3317.6591410678147,bench_jge_taken
403.57098,403.57226,0.0012800000000083855,3252.1259226009906,bench_jge_taken
403.77248,403.77376,0.0012800000000083855,3237.6499241530682,bench_jge_taken
403.97398,403.97528,0.0013000000000147338,3286.28840162378,bench_jge_taken
404.1755,404.17678,0.0012800000000083855,3230.841034114323,bench_jge_taken
404.377,404.37828,0.0012800000000083855,3230.7533291359114,bench_jge_taken
404.5785,404.57978,0.0012800000000083855,3244.340624671099,bench_jge_taken
404.78,404.78128,0.0012800000000083855,3261.095683585955,bench_jge_taken
404.9815,404.98278,0.0012800000000083855,3258.7799988981797,bench_jge_taken
405.18298,405.18428,0.0013000000000147338,3323.991445407434,bench_jge_taken
405.3845,405.38578,0.0012800000000083855,3267.451140588399,bench_jge_taken
405.586,405.58728,0.0012800000000083855,3248.9893376056657,bench_jge_taken
405.7875,405.78878,0.0012799999999515421,3249.544401045503,bench_jge_taken
405.989,405.99028,0.0012800000000083855,3250.7812464915664,bench_jge_taken
406.1905,406.19178,0.0012800000000083855,3240.817524522249,bench_jge_taken
406.39202,406.3933,0.0012800000000083855,3228.1713839821837,bench_jge_taken
406.5935,406.5948,0.0013000000000147338,3295.0991043240906,bench_jge_taken
406.79502,406.7963,0.0012799999999515421,3230.0854356516575,bench_jge_taken
406.99652,406.9978,0.0012800000000083855,3249.7349358452116,bench_jge_taken
407.19802,407.1993,0.0012800000000083855,3248.0151253125505,bench_jge_taken
407.39952,407.4008,0.0012800000000083855,3246.69928292539,bench_jge_taken
407.60102,407.6023,0.0012800000000083855,3247.44722109807,bench_jge_taken
407.8025,407.8038,0.0013000000000147338,3312.9100175965837,bench_jge_taken
408.00402,408.0053,0.0012799999999515421,3247.3390315168554,bench_jge_taken
408.20552,408.2068,0.0012800000000083855,3260.227160091204,bench_jge_taken
408.40702,408.4083,0.0012800000000083855,3260.756426056755,bench_jge_taken
408.60854,408.60982,0.0012800000000083855,3234.454263023241,bench_jge_taken
408.81004,408.81132,0.0012800000000083855,3244.807340688745,bench_jge_taken
409.01154,409.01282,0.0012799999999515421,3224.5249881911727,bench_jge_taken
409.21306,409.21434,0.0012800000000083855,3232.499691686705,bench_jge_taken
409.41456,409.41584,0.0012800000000083855,3245.3327114065733,bench_jge_taken
409.61606,409.61734,0.0012800000000083855,3244.002850280374,bench_jge_taken
409.81756,409.81884,0.0012800000000083855,3247.9400024881224,bench_jge_taken
410.01906,410.02034,0.0012799999999515421,3265.4282402699764,bench_jge_taken
410.22054,410.22182,0.0012799999999515421,3262.090978537492,bench_jge_taken
410.42204,410.42332,0.0012800000000083855,3259.5039997542003,bench_jge_taken
410.62354,410.62482,0.0012800000000083855,3256.6970307642655,bench_jge_taken
410.82504,410.82632,0.0012800000000083855,3264.196906261416,bench_jge_taken
411.02654,411.02782,0.0012800000000083855,3240.590621736059,bench_jge_taken
411.22804,411.22932,0.0012799999999515421,3240.218551226931,bench_jge_taken
411.42954,411.43082,0.0012800000000083855,3218.134236550963,bench_jge_taken
411.63104,411.63232,0.0012800000000083855,3233.4714220208116,bench_jge_taken
411.83256,411.83384,0.0012800000000083855,3234.526051697216,bench_jge_taken
412.03406,412.03534,0.0012800000000083855,3251.2938836737494,bench_jge_taken
412.23556,412.23684,0.0012799999999515421,3255.767295933,bench_jge_taken
412.43708,412.43836,0.0012800000000083855,3257.456824677007,bench_jge_taken
412.63858,412.63934,0.0007600000000138607,1873.3798596474605,bench_jmp
412.83956,412.84032,0.0007600000000138607,1876.0837707991964,bench_jmp
413.04056,413.04132,0.0007599999999570173,1867.9423256465013,bench_jmp
413.24154,413.2423,0.0007600000000138607,1867.1766459428877,bench_jmp
413.44252,413.44328,0.0007600000000138607,1875.1167343378465,bench_jmp
413.6435,413.64426,0.0007599999999570173,1862.402672293811,bench_jmp
413.8445,413.84526,0.0007600000000138607,1857.3327106837316,bench_jmp
414.04548,414.04624,0.0007600000000138607,1872.0974051780029,bench_jmp
414.24646,414.24722,0.0007600000000138607,1851.5610834860843,bench_jmp
414.44746,414.44822,0.0007600000000138607,1843.8771600314765,bench_jmp
414.64844,414.6492,0.0007600000000138607,1848.7130245594012,bench_jmp
414.84942,414.85018,0.0007600000000138607,1845.684817561804,bench_jmp
415.05042,415.05118,0.0007600000000138607,1870.3263882088897,bench_jmp
415.2514,415.25216,0.0007600000000138607,1872.4295078254577,bench_jmp
415.4524,415.45316,0.0007600000000138607,1856.740317335709,bench_jmp
415.65338,415.65414,0.0007599999999570173,1864.1720501372938,bench_jmp
415.85438,415.85514,0.0007600000000138607,1861.3201310327067,bench_jmp
416.05536,416.05612,0.0007600000000138607,1861.6190366780481,bench_jmp
416.25634,416.2571,0.0007599999999570173,1871.2819180130357,bench_jmp
416.45732,416.45808,0.0007600000000138607,1863.4748203200973,bench_jmp
416.65832,416.65908,0.0007600000000138607,1866.9798458339624,bench_jmp
416.8593,416.86006,0.0007599999999570173,1862.1345864364075,bench_jmp
417.06028,417.06104,0.0007600000000138607,1858.3463435508525,bench_jmp
417.26126,417.26202,0.0007600000000138607,1875.8132891206837,bench_jmp
417.46224,417.463,0.0007600000000138607,1865.2422773073517,bench_jmp
417.66322,417.66398,0.0007599999999570173,1853.6174365892275,bench_jmp
417.8642,417.86496,0.0007600000000138607,1854.7534547247697,bench_jmp
418.06518,418.06594,0.0007600000000138607,1845.6590432141522,bench_jmp
418.26616,418.26692,0.0007600000000138607,1852.225658977758,bench_jmp
418.46714,418.4679,0.0007600000000138607,1837.7738143738868,bench_jmp
418.66812,418.66888,0.0007600000000138607,1860.7402244090235,bench_jmp
418.86912,418.86986,0.0007400000000075124,1801.7224734774495,bench_jmp
419.0701,419.07086,0.0007599999999570173,1861.3387456780742,bench_jmp
419.27108,419.27184,0.0007600000000138607,1857.5140228945525,bench_jmp
419.47206,419.47282,0.0007600000000138607,1864.6284263025698,bench_jmp
419.67306,419.6738,0.0007400000000075124,1806.6789768719398,bench_jmp
419.87404,419.8748,0.0007600000000138607,1876.1812430298821,bench_jmp
420.07502,420.07578,0.0007600000000138607,1869.8742287635985,bench_jmp
420.276,420.27676,0.0007600000000138607,1876.5988131331765,bench_jmp
420.477,420.47776,0.0007600000000138607,1875.0162376517267,bench_jmp
420.67798,420.67874,0.0007600000000138607,1870.9909078138508,bench_jmp
420.87898,420.87974,0.0007600000000138607,1850.5812948853288,bench_jmp
421.07996,421.08072,0.0007599999999570173,1871.773071924892,bench_jmp
421.28094,421.2817,0.0007600000000138607,1870.7544659688726,bench_jmp
421.48194,421.4827,0.0007600000000138607,1860.5055171384424,bench_jmp
421.68292,421.68368,0.0007599999999570173,1832.344359595012,bench_jmp
421.8839,421.88466,0.0007600000000138607,1844.0626003277753,bench_jmp
422.08486,422.08562,0.0007600000000138607,1857.4188300823657,bench_jmp
422.28584,422.2866,0.0007600000000138607,1867.500545956791,bench_jmp
422.48682,422.48758,0.0007599999999570173,1853.1324177663896,bench_jmp
422.6878,422.68856,0.0007600000000138607,1857.2792644138515,bench_jmp
422.88878,422.88954,0.0007600000000138607,1866.0947494598352,bench_jmp
423.08978,423.09054,0.0007599999999570173,1857.6029430858875,bench_jmp
423.29076,423.29152,0.0007600000000138607,1863.0702491368695,bench_jmp
423.49174,423.4925,0.0007600000000138607,1861.864184069842,bench_jmp
423.69274,423.6935,0.0007599999999570173,1863.1183727486293,bench_jmp
423.89372,423.89448,0.0007600000000138607,1873.3600387816894,bench_jmp
424.0947,424.09546,0.0007600000000138607,1871.1666646840379,bench_jmp
424.2957,424.29646,0.0007600000000138607,1857.8298692873284,bench_jmp
424.49668,424.49744,0.0007599999999570173,1861.9501263501484,bench_jmp
424.69766,424.69842,0.0007600000000138607,1879.334319426328,bench_jmp
424.89866,424.89942,0.0007600000000138607,1861.8614366611027,bench_jmp
425.09964,425.1004,0.0007599999999570173,1862.7475922591177,bench_jmp
425.30062,425.30138,0.0007600000000138607,1854.3199217407578,bench_jmp
425.5016,425.50236,0.0007600000000138607,1868.1618152617264,bench_jmp
425.7026,425.70336,0.0007599999999570173,1859.2869256407146,bench_jmp
425.90358,425.90434,0.0007600000000138607,1841.5158195870292,bench_jmp
426.10456,426.10532,0.0007600000000138607,1857.8146049241282,bench_jmp
426.30554,426.3063,0.0007600000000138607,1856.382973524866,bench_jmp
426.50652,426.50728,0.0007599999999570173,1853.8497200835602,bench_jmp
426.70752,426.70828,0.0007600000000138607,1856.856672134683,bench_jmp
426.9085,426.90926,0.0007600000000138607,1869.3617522116072,bench_jmp
427.10948,427.11024,0.0007599999999570173,1868.990964607494,bench_jmp
427.31046,427.31122,0.0007600000000138607,1876.3338914579754,bench_jmp
427.51144,427.5122,0.0007600000000138607,1882.994491648085,bench_jmp
427.71242,427.71318,0.0007600000000138607,1879.305387879377,bench_jmp
427.9134,427.91416,0.0007599999999570173,1865.3886344881507,bench_jmp
428.11438,428.11514,0.0007600000000138607,1868.1418989282774,bench_jmp
428.31536,428.31612,0.0007600000000138607,1861.7163249672444,bench_jmp
428.51634,428.5171,0.0007600000000138607,1868.652533771173,bench_jmp
428.71732,428.71808,0.0007600000000138607,1863.7773837397397,bench_jmp
428.9183,428.91906,0.0007600000000138607,1857.1627792390445,bench_jmp
429.11926,429.12002,0.0007600000000138607,1863.1888158059712,bench_jmp
429.32024,429.321,0.0007600000000138607,1862.4490499779176,bench_jmp
429.52122,429.52198,0.0007599999999570173,1845.2656523965547,bench_jmp
429.7222,429.72296,0.0007600000000138607,1847.4678812041716,bench_jmp
429.92318,429.92394,0.0007600000000138607,1855.1923730769313,bench_jmp
430.12416,430.12492,0.0007599999999570173,1856.5512004986542,bench_jmp
430.32514,430.3259,0.0007600000000138607,1865.2860052424023,bench_jmp
430.52612,430.52688,0.0007600000000138607,1868.847629562062,bench_jmp
430.7271,430.72786,0.0007600000000138607,1873.082262498762,bench_jmp
430.92808,430.92884,0.0007599999999570173,1862.5066637648767,bench_jmp
431.12906,431.12982,0.0007600000000138607,1866.7650153354195,bench_jmp
431.33004,431.3308,0.0007600000000138607,1864.9454461790144,bench_jmp
431.53102,431.53178,0.0007600000000138607,1868.3865829681215,bench_jmp
431.732,431.73276,0.0007599999999570173,1873.6286250568576,bench_jmp
431.93298,431.93374,0.0007600000000138607,1850.465482605157,bench_jmp
432.13396,432.13472,0.0007600000000138607,1866.6748539920286,bench_jmp
432.33494,432.3357,0.0007599999999570173,1871.7003985089857,bench_jmp
432.53592,432.53668,0.0007600000000138607,1851.1477322741753,bench_jmp
