t_start_s,t_end_s,duration_s,energy_nJ,event_label
9.8334,9.83408,0.0006800000000009021,1787.855180448729,bench_add_reg_reg
10.03428,10.03498,0.0006999999999983686,1841.19418961446,bench_add_reg_reg
10.23518,10.23586,0.0006800000000009021,1792.9528187985377,bench_add_reg_reg
10.43608,10.43676,0.0006799999999991257,1774.022427850652,bench_add_reg_reg
10.63696,10.63766,0.000700000000000145,1849.9121698553383,bench_add_reg_reg
10.83786,10.83856,0.000700000000000145,1843.4982281186226,bench_add_reg_reg
11.03876,11.03944,0.0006800000000009021,1795.97012698884,bench_add_reg_reg
11.23966,11.24034,0.0006799999999991257,1796.784773466232,bench_add_reg_reg
11.44054,11.44124,0.000700000000000145,1843.5586476699282,bench_add_reg_reg
11.64144,11.64212,0.0006800000000009021,1785.518946128854,bench_add_reg_reg
11.84234,11.84302,0.0006799999999991257,1770.8430066680792,bench_add_reg_reg
12.04324,12.04392,0.0006799999999991257,1776.6533978256082,bench_add_reg_reg
12.24412,12.24482,0.000700000000000145,1838.0876886659473,bench_add_reg_reg
12.44502,12.44572,0.000700000000000145,1843.0644785992472,bench_add_reg_reg
12.64592,12.6466,0.0006799999999991257,1799.3655102302544,bench_add_reg_reg
12.84682,12.8475,0.0006800000000009021,1770.1802868423472,bench_add_reg_reg
13.04772,13.0484,0.0006800000000009021,1795.7106209382214,bench_add_reg_reg
13.24862,13.2493,0.0006799999999991257,1780.1309097531189,bench_add_reg_reg
13.44952,13.4502,0.0006800000000009021,1781.5603502119493,bench_add_reg_reg
13.65042,13.6511,0.0006799999999991257,1779.3837888140895,bench_add_reg_reg
13.85132,13.852,0.0006800000000009021,1795.2913977232217,bench_add_reg_reg
14.0522,14.0529,0.000700000000000145,1849.8628307141805,bench_add_reg_reg
14.2531,14.2538,0.000700000000000145,1841.3536297160488,bench_add_reg_reg
14.454,14.4547,0.000700000000000145,1828.8650945760885,bench_add_reg_reg
14.6549,14.6556,0.000700000000000145,1843.4835365049162,bench_add_reg_reg
14.8558,14.85648,0.0006799999999991257,1782.1843316754141,bench_add_reg_reg
15.0567,15.05738,0.0006800000000009021,1778.230720668045,bench_add_reg_reg
15.25758,15.25826,0.0006799999999991257,1791.9230274827967,bench_add_reg_reg
15.45846,15.45916,0.000700000000000145,1857.0931442082315,bench_add_reg_reg
15.65934,15.66004,0.000700000000000145,1841.6271125900093,bench_add_reg_reg
15.86024,15.86092,0.0006800000000009021,1785.6605653678607,bench_add_reg_reg
16.06112,16.0618,0.0006800000000026785,1789.9946752082565,bench_add_reg_reg
16.26202,16.2627,0.0006799999999991257,1788.8135672524957,bench_add_reg_reg
16.4629,16.4636,0.0006999999999983686,1844.3103041451423,bench_add_reg_reg
16.6638,16.66448,0.0006800000000026785,1785.8749488447224,bench_add_reg_reg
16.86468,16.865380000000002,0.0007000000000019213,1856.2567140955914,bench_add_reg_reg
17.06558,17.06626,0.0006799999999991257,1783.7722040685112,bench_add_reg_reg
17.26646,17.26714,0.0006800000000026785,1780.125410303827,bench_add_reg_reg
17.46734,17.46802,0.0006799999999991257,1795.4568844263651,bench_add_reg_reg
17.66822,17.6689,0.0006799999999991257,1789.5823111726304,bench_add_reg_reg
17.8691,17.86978,0.0006799999999991257,1788.3537523428063,bench_add_reg_reg
18.06998,18.07066,0.0006799999999991257,1782.7786831156664,bench_add_reg_reg
18.27086,18.27154,0.0006800000000026785,1792.2180192619876,bench_add_reg_reg
18.47174,18.47242,0.0006799999999991257,1784.2993140195445,bench_add_reg_reg
18.67262,18.67332,0.0007000000000019213,1844.104805501754,bench_add_reg_reg
18.8735,18.8742,0.0006999999999983686,1844.0847960256488,bench_add_reg_reg
19.0744,19.07508,0.0006799999999991257,1783.4538756841866,bench_add_reg_reg
19.27528,19.27598,0.0007000000000019213,1848.7530644110723,bench_add_reg_reg
19.47616,19.47686,0.0006999999999983686,1847.8710716544615,bench_add_reg_reg
19.67706,19.67774,0.0006799999999991257,1794.6594580979606,bench_add_reg_reg
19.87794,19.87862,0.0006800000000026785,1782.9420999702008,bench_add_reg_reg
20.07882,20.0795,0.0006799999999991257,1792.6833964859327,bench_add_reg_reg
20.2797,20.2804,0.0007000000000019213,1839.438891044394,bench_add_reg_reg
20.4806,20.48128,0.0006800000000026785,1785.6425116844384,bench_add_reg_reg
20.68148,20.68216,0.0006799999999991257,1790.2460461454084,bench_add_reg_reg
20.88236,20.88306,0.0007000000000019213,1847.1159366950174,bench_add_reg_reg
21.08326,21.08394,0.0006799999999991257,1781.905207315193,bench_add_reg_reg
21.28414,21.28482,0.0006799999999991257,1788.0857246900578,bench_add_reg_reg
21.48502,21.48572,0.0007000000000019213,1849.6564496368749,bench_add_reg_reg
21.68592,21.68662,0.0007000000000019213,1839.3396050723916,bench_add_reg_reg
21.88682,21.8875,0.0006799999999991257,1786.0941332739937,bench_add_reg_reg
22.08772,22.0884,0.0006799999999991257,1787.7090093651523,bench_add_reg_reg
22.2886,22.28928,0.0006800000000026785,1787.892708097104,bench_add_reg_reg
22.48948,22.49018,0.0006999999999983686,1869.1533431366229,bench_add_reg_reg
22.69038,22.69106,0.0006799999999991257,1777.3415311211734,bench_add_reg_reg
22.89126,22.89194,0.0006800000000026785,1781.3501716665523,bench_add_reg_reg
23.09214,23.09284,0.0006999999999983686,1833.1572622943174,bench_add_reg_reg
23.29304,23.29372,0.0006799999999991257,1778.2567907094683,bench_add_reg_reg
23.49392,23.49462,0.0007000000000019213,1849.5797994599768,bench_add_reg_reg
23.69482,23.6955,0.0006799999999991257,1787.3204871987095,bench_add_reg_reg
23.89572,23.8964,0.0006799999999991257,1780.0600430901072,bench_add_reg_reg
24.0966,24.0973,0.0007000000000019213,1846.4793753870176,bench_add_reg_reg
24.2975,24.2982,0.0007000000000019213,1842.1317567170404,bench_add_reg_reg
24.4984,24.49908,0.0006799999999991257,1766.935682387188,bench_add_reg_reg
24.6993,24.69998,0.0006799999999991257,1775.4482710705688,bench_add_reg_reg
24.90018,24.90088,0.0007000000000019213,1844.3348212227197,bench_add_reg_reg
25.10108,25.10176,0.0006799999999991257,1786.5941720062535,bench_add_reg_reg
25.30198,25.30266,0.0006799999999991257,1787.0926670703454,bench_add_reg_reg
25.50288,25.50356,0.0006799999999991257,1782.1327154498094,bench_add_reg_reg
25.70376,25.70444,0.0006800000000026785,1781.0198874285861,bench_add_reg_reg
25.90464,25.90534,0.0006999999999983686,1838.326160791198,bench_add_reg_reg
26.10554,26.10622,0.0006799999999991257,1770.0017755820936,bench_add_reg_reg
26.30642,26.3071,0.0006799999999991257,1783.9845479444757,bench_add_reg_reg
26.5073,26.508,0.0006999999999983686,1844.1929784553354,bench_add_reg_reg
26.7082,26.70888,0.0006799999999991257,1788.1812993406932,bench_add_reg_reg
26.90908,26.90978,0.0007000000000019213,1835.548859094956,bench_add_reg_reg
27.10998,27.11066,0.0006799999999991257,1786.855529059934,bench_add_reg_reg
27.31086,27.31154,0.0006799999999991257,1775.4272860445499,bench_add_reg_reg
27.51174,27.51242,0.0006799999999991257,1788.9788257868202,bench_add_reg_reg
27.71262,27.71332,0.0006999999999983686,1844.578208396918,bench_add_reg_reg
27.9135,27.9142,0.0007000000000019213,1841.0896603072567,bench_add_reg_reg
28.1144,28.11508,0.0006799999999991257,1779.8714200010045,bench_add_reg_reg
28.31528,28.31598,0.0006999999999983686,1841.665802052717,bench_add_reg_reg
28.51618,28.51686,0.0006800000000026785,1774.8080566603555,bench_add_reg_reg
28.71706,28.71774,0.0006799999999991257,1788.833374155078,bench_add_reg_reg
28.91794,28.91862,0.0006799999999991257,1777.0007462208664,bench_add_reg_reg
29.11882,29.11952,0.0007000000000019213,1831.1727652378238,bench_add_reg_reg
29.31972,29.3204,0.0006799999999991257,1786.3361374450478,bench_add_reg_reg
29.5206,29.52128,0.0006799999999991257,1783.068494402549,bench_add_reg_reg
29.72148,29.72216,0.0006799999999991257,1779.1715683396176,bench_add_reg_reg
29.92238,29.92366,0.0012800000000012801,3409.1532859051786,bench_add_imm_reg
30.12386,30.12514,0.0012799999999977274,3409.3314199644665,bench_add_imm_reg
30.32534,30.3266,0.0012599999999984846,3335.7633883086028,bench_add_imm_reg
30.52682,30.52808,0.0012599999999984846,3358.0353390380556,bench_add_imm_reg
30.72828,30.72956,0.0012799999999977274,3411.538784850831,bench_add_imm_reg
30.92976,30.93104,0.0012799999999977274,3409.247577649277,bench_add_imm_reg
31.13124,31.13252,0.0012800000000012801,3405.1122563002978,bench_add_imm_reg
31.33272,31.33398,0.0012600000000020373,3355.381779844481,bench_add_imm_reg
31.5342,31.53546,0.0012600000000020373,3348.468290648289,bench_add_imm_reg
31.73566,31.73694,0.0012800000000012801,3416.2930212949714,bench_add_imm_reg
31.93714,31.93842,0.0012800000000012801,3419.8897425120917,bench_add_imm_reg
32.13862,32.1399,0.0012799999999941747,3412.7663122324184,bench_add_imm_reg
32.3401,32.34138,0.0012800000000012801,3401.8833935287835,bench_add_imm_reg
32.54158,32.54286,0.0012799999999941747,3407.9656796365007,bench_add_imm_reg
32.74306,32.74434,0.0012800000000012801,3400.607686493071,bench_add_imm_reg
32.94454,32.94582,0.0012799999999941747,3401.2956870552225,bench_add_imm_reg
33.14602,33.1473,0.0012800000000012801,3404.129003177554,bench_add_imm_reg
33.3475,33.34878,0.0012800000000012801,3410.1318963860854,bench_add_imm_reg
33.54898,33.55026,0.0012800000000012801,3411.7175405874946,bench_add_imm_reg
33.75046,33.75174,0.0012800000000012801,3403.5516087955293,bench_add_imm_reg
33.95194,33.95322,0.0012800000000012801,3423.7832832174026,bench_add_imm_reg
34.15342,34.1547,0.0012800000000012801,3420.167381415133,bench_add_imm_reg
34.3549,34.35618,0.0012800000000012801,3420.297158884504,bench_add_imm_reg
34.55638,34.55766,0.0012800000000012801,3412.6791521023943,bench_add_imm_reg
34.75786,34.75914,0.0012800000000012801,3412.9690192666108,bench_add_imm_reg
34.95936,34.96062,0.0012600000000020373,3347.4381128403843,bench_add_imm_reg
35.16084,35.1621,0.0012600000000020373,3344.566137534558,bench_add_imm_reg
35.36232,35.3636,0.0012800000000012801,3410.618999047718,bench_add_imm_reg
35.5638,35.56508,0.0012800000000012801,3408.8620101126558,bench_add_imm_reg
35.76528,35.76656,0.0012800000000012801,3411.6383642010487,bench_add_imm_reg
35.96676,35.96804,0.0012800000000012801,3411.313218533214,bench_add_imm_reg
36.16824,36.16952,0.0012800000000012801,3419.0786792944596,bench_add_imm_reg
36.36972,36.371,0.0012800000000012801,3414.2507403184804,bench_add_imm_reg
36.5712,36.57248,0.0012800000000012801,3405.8802574918413,bench_add_imm_reg
36.77268,36.77394,0.0012600000000020373,3354.921166323567,bench_add_imm_reg
36.97416,36.97542,0.0012600000000020373,3347.2473942740935,bench_add_imm_reg
37.17564,37.1769,0.0012600000000020373,3351.6896842088872,bench_add_imm_reg
37.37712,37.37838,0.0012600000000020373,3347.6857375417894,bench_add_imm_reg
37.57858,37.57986,0.0012799999999941747,3412.4366496522002,bench_add_imm_reg
37.78006,37.78134,0.0012800000000012801,3411.7976902083237,bench_add_imm_reg
37.98154,37.98282,0.0012799999999941747,3401.8820593896953,bench_add_imm_reg
38.18302,38.18428,0.0012600000000020373,3342.3047931919627,bench_add_imm_reg
38.38448,38.38576,0.0012799999999941747,3414.777673298019,bench_add_imm_reg
38.58596,38.58724,0.0012800000000012801,3423.346863131182,bench_add_imm_reg
38.78744,38.7887,0.0012600000000020373,3348.8190895951557,bench_add_imm_reg
38.9889,38.99018,0.0012800000000012801,3415.2958123038493,bench_add_imm_reg
39.19038,39.19164,0.0012600000000020373,3353.8212743654476,bench_add_imm_reg
39.39184,39.39312,0.0012800000000012801,3407.8715392410586,bench_add_imm_reg
39.59332,39.5946,0.0012800000000012801,3404.08246498982,bench_add_imm_reg
39.7948,39.79608,0.0012800000000012801,3408.8160586565823,bench_add_imm_reg
39.99628,39.99756,0.0012800000000012801,3408.7801747991143,bench_add_imm_reg
40.19776,40.19904,0.0012799999999941747,3410.5161833409484,bench_add_imm_reg
40.39922,40.4005,0.0012800000000012801,3427.7877071902294,bench_add_imm_reg
40.6007,40.60198,0.0012799999999941747,3419.061508012683,bench_add_imm_reg
40.80218,40.80346,0.0012800000000012801,3414.290747608525,bench_add_imm_reg
41.00366,41.00494,0.0012799999999941747,3421.9351527108643,bench_add_imm_reg
41.20514,41.20642,0.0012800000000012801,3406.896814706908,bench_add_imm_reg
41.40662,41.4079,0.0012800000000012801,3402.3486124403794,bench_add_imm_reg
41.6081,41.60936,0.0012600000000020373,3359.4285813207102,bench_add_imm_reg
41.80956,41.81084,0.0012800000000012801,3425.3181214496117,bench_add_imm_reg
42.01104,42.01232,0.0012800000000012801,3403.2293153015958,bench_add_imm_reg
42.21252,42.2138,0.0012800000000012801,3408.631316856469,bench_add_imm_reg
42.414,42.41528,0.0012800000000012801,3417.773959229001,bench_add_imm_reg
42.61548,42.61676,0.0012800000000012801,3414.838935717947,bench_add_imm_reg
42.81696,42.81822,0.0012599999999949318,3355.7588956174463,bench_add_imm_reg
43.01842,43.0197,0.0012800000000012801,3407.10608987456,bench_add_imm_reg
43.21988,43.22116,0.0012799999999941747,3426.873281115785,bench_add_imm_reg
43.42136,43.42264,0.0012800000000012801,3406.810970048832,bench_add_imm_reg
43.62284,43.6241,0.0012600000000020373,3353.233109235953,bench_add_imm_reg
43.8243,43.82558,0.0012800000000012801,3408.771965189695,bench_add_imm_reg
44.02576,44.02704,0.0012800000000012801,3410.604696259465,bench_add_imm_reg
44.22724,44.22852,0.0012800000000012801,3389.7449192613044,bench_add_imm_reg
44.4287,44.42998,0.0012800000000012801,3410.784828014017,bench_add_imm_reg
44.63018,44.63144,0.0012599999999949318,3368.9698134402115,bench_add_imm_reg
44.83164,44.83292,0.0012800000000012801,3418.9421916414885,bench_add_imm_reg
45.0331,45.03438,0.0012800000000012801,3410.925080539064,bench_add_imm_reg
45.23458,45.23584,0.0012600000000020373,3360.85253628406,bench_add_imm_reg
45.43604,45.43732,0.0012800000000012801,3404.5728389209607,bench_add_imm_reg
45.63752,45.63878,0.0012599999999949318,3351.2738905704828,bench_add_imm_reg
45.83898,45.84026,0.0012800000000012801,3412.5105245073973,bench_add_imm_reg
46.04044,46.04172,0.0012800000000012801,3400.3955591525796,bench_add_imm_reg
46.24192,46.24318,0.0012600000000020373,3345.0063644027987,bench_add_imm_reg
46.44338,46.44466,0.0012800000000012801,3406.75408253969,bench_add_imm_reg
46.64484,46.64612,0.0012800000000012801,3409.244690558191,bench_add_imm_reg
46.8463,46.84758,0.0012800000000012801,3415.8089547451073,bench_add_imm_reg
47.04778,47.04904,0.0012599999999949318,3359.8422026114467,bench_add_imm_reg
47.24924,47.25052,0.0012800000000012801,3410.9257324628065,bench_add_imm_reg
47.4507,47.45198,0.0012800000000012801,3404.8404428228705,bench_add_imm_reg
47.65216,47.65344,0.0012800000000012801,3413.0049496908437,bench_add_imm_reg
47.85364,47.85492,0.0012800000000012801,3411.009078849687,bench_add_imm_reg
48.0551,48.05638,0.0012799999999941747,3402.4789742954526,bench_add_imm_reg
48.25656,48.25784,0.0012800000000012801,3403.434050272222,bench_add_imm_reg
48.45804,48.4593,0.0012600000000020373,3342.1480562614483,bench_add_imm_reg
48.6595,48.66078,0.0012800000000012801,3406.6939167699793,bench_add_imm_reg
48.86096,48.86224,0.0012800000000012801,3399.335003927542,bench_add_imm_reg
49.06244,49.0637,0.0012599999999949318,3352.3713750622737,bench_add_imm_reg
49.2639,49.26518,0.0012800000000012801,3408.6520969893995,bench_add_imm_reg
49.46536,49.46664,0.0012800000000012801,3414.9362356459606,bench_add_imm_reg
49.66682,49.6681,0.0012800000000012801,3415.8384264466504,bench_add_imm_reg
49.8683,49.86956,0.0012600000000020373,3365.6653761928706,bench_add_imm_reg
50.06976,50.07118,0.00141999999999598,4100.995510804373,bench_add_idx_reg
50.27136,50.27278,0.00141999999999598,4105.422929848512,bench_add_idx_reg
50.47296,50.47436,0.0013999999999967372,4047.0740431824956,bench_add_idx_reg
50.67456,50.67596,0.0014000000000038426,4035.3344171413223,bench_add_idx_reg
50.87616,50.87756,0.0014000000000038426,4016.8275148719567,bench_add_idx_reg
51.07776,51.07916,0.0014000000000038426,4042.0974907582026,bench_add_idx_reg
51.27934,51.28074,0.0014000000000038426,4048.2000424640196,bench_add_idx_reg
51.48094,51.48234,0.0014000000000038426,4059.617561300061,bench_add_idx_reg
51.68254,51.68394,0.0013999999999967372,4056.641028718104,bench_add_idx_reg
51.88414,51.88554,0.0013999999999967372,4047.130926036744,bench_add_idx_reg
52.08572,52.08714,0.00141999999999598,4095.787298853219,bench_add_idx_reg
52.28732,52.28872,0.0013999999999967372,4026.693704062228,bench_add_idx_reg
52.48892,52.49032,0.0013999999999967372,3987.1634705825923,bench_add_idx_reg
52.6905,52.6919,0.0013999999999967372,4000.7861703540307,bench_add_idx_reg
52.8921,52.8935,0.0014000000000038426,4007.19934144216,bench_add_idx_reg
53.09368,53.09508,0.0014000000000038426,4024.4562365221054,bench_add_idx_reg
53.29528,53.29668,0.0014000000000038426,4046.2943306308593,bench_add_idx_reg
53.49688,53.49828,0.0014000000000038426,4046.218835294888,bench_add_idx_reg
53.69846,53.69988,0.0014200000000030855,4119.0733388174385,bench_add_idx_reg
53.90006,53.90146,0.0013999999999967372,4041.424696323347,bench_add_idx_reg
54.10166,54.10306,0.0013999999999967372,4048.2323407095846,bench_add_idx_reg
54.30326,54.30466,0.0013999999999967372,4049.9965893007766,bench_add_idx_reg
54.50486,54.50626,0.0013999999999967372,4040.192186356788,bench_add_idx_reg
54.70646,54.70786,0.0013999999999967372,4046.6854371968097,bench_add_idx_reg
54.90806,54.90946,0.0014000000000038426,4038.2393659206114,bench_add_idx_reg
55.10966,55.11106,0.0014000000000038426,4047.2914348469926,bench_add_idx_reg
55.31126,55.31266,0.0014000000000038426,4057.834274147008,bench_add_idx_reg
55.51284,55.51426,0.0014200000000030855,4122.246275666128,bench_add_idx_reg
55.71444,55.71584,0.0013999999999967372,4065.7824417471484,bench_add_idx_reg
55.91604,55.91744,0.0013999999999967372,4033.457972099246,bench_add_idx_reg
56.11764,56.11906,0.00141999999999598,4108.416233199747,bench_add_idx_reg
56.31924,56.32066,0.00141999999999598,4100.187814316852,bench_add_idx_reg
56.52084,56.52226,0.0014200000000030855,4105.571936824747,bench_add_idx_reg
56.72246,56.72386,0.0014000000000038426,4039.587939635009,bench_add_idx_reg
56.92406,56.92546,0.0014000000000038426,4027.9148216473945,bench_add_idx_reg
57.12566,57.12706,0.0013999999999967372,4045.9598833595996,bench_add_idx_reg
57.32726,57.32868,0.00141999999999598,4121.938492159298,bench_add_idx_reg
57.52886,57.53028,0.00141999999999598,4118.790416965715,bench_add_idx_reg
57.73046,57.73186,0.0013999999999967372,4052.478298534808,bench_add_idx_reg
57.93206,57.93346,0.0013999999999967372,4055.092111220317,bench_add_idx_reg
58.13366,58.13506,0.0014000000000038426,4042.375581349967,bench_add_idx_reg
58.33526,58.33666,0.0014000000000038426,4038.852301903217,bench_add_idx_reg
58.53686,58.53826,0.0014000000000038426,4020.5008234015513,bench_add_idx_reg
58.73846,58.73986,0.0013999999999967372,4043.0905530129,bench_add_idx_reg
58.94006,58.94146,0.0013999999999967372,4038.2310701436754,bench_add_idx_reg
59.14166,59.14306,0.0013999999999967372,4029.9262595262994,bench_add_idx_reg
59.34326,59.34466,0.0013999999999967372,4049.508674060285,bench_add_idx_reg
59.54484,59.54626,0.00141999999999598,4106.599972571469,bench_add_idx_reg
59.74644,59.74786,0.0014200000000030855,4113.892577597498,bench_add_idx_reg
59.94806,59.94946,0.0014000000000038426,4049.7529646492244,bench_add_idx_reg
60.14966,60.15106,0.0014000000000038426,4055.5237862398917,bench_add_idx_reg
60.35126,60.35266,0.0013999999999967372,4035.9957702358397,bench_add_idx_reg
60.55286,60.55426,0.0013999999999967372,4048.843132321869,bench_add_idx_reg
60.75446,60.75586,0.0013999999999967372,4031.1456494865824,bench_add_idx_reg
60.95606,60.95748,0.00141999999999598,4099.2872556551665,bench_add_idx_reg
61.15766,61.15906,0.0013999999999967372,4043.1659179645508,bench_add_idx_reg
61.35926,61.36068,0.0014200000000030855,4106.591346216406,bench_add_idx_reg
61.56086,61.56228,0.0014200000000030855,4110.587264886045,bench_add_idx_reg
61.76248,61.76388,0.0014000000000038426,4046.29265890708,bench_add_idx_reg
61.96408,61.96548,0.0013999999999967372,4062.8812881085255,bench_add_idx_reg
62.16568,62.16708,0.0013999999999967372,4044.1578300568976,bench_add_idx_reg
62.36726,62.36868,0.00141999999999598,4094.796250561891,bench_add_idx_reg
62.56886,62.57028,0.00141999999999598,4110.369372635222,bench_add_idx_reg
62.77046,62.77188,0.0014200000000030855,4105.792872150675,bench_add_idx_reg
62.97206,62.97348,0.0014200000000030855,4102.300300737433,bench_add_idx_reg
63.17366,63.17508,0.0014200000000030855,4109.4806511049055,bench_add_idx_reg
63.37526,63.37666,0.0014000000000038426,4039.009471901149,bench_add_idx_reg
63.57686,63.57828,0.00141999999999598,4120.005746359958,bench_add_idx_reg
63.77848,63.77988,0.0013999999999967372,4046.6403355722136,bench_add_idx_reg
63.98008,63.98148,0.0013999999999967372,4048.4738279967733,bench_add_idx_reg
64.18168,64.18308,0.0014000000000038426,4047.169859998812,bench_add_idx_reg
64.38328,64.38468,0.0014000000000038426,4038.5209000785144,bench_add_idx_reg
64.58488,64.58628,0.0014000000000038426,4061.5514712521,bench_add_idx_reg
64.78648,64.7879,0.00141999999999598,4101.649769571757,bench_add_idx_reg
64.9881,64.9895,0.0014000000000038426,4051.6313817449964,bench_add_idx_reg
65.1897,65.1911,0.0014000000000038426,4065.6559611774614,bench_add_idx_reg
65.39132,65.39272,0.0014000000000038426,4050.803831791244,bench_add_idx_reg
65.59292,65.59432,0.0013999999999896318,4054.8729616838464,bench_add_idx_reg
65.79452,65.79594,0.00141999999999598,4130.70752749752,bench_add_idx_reg
65.99614,65.99754,0.0014000000000038426,4052.253467973972,bench_add_idx_reg
66.19774,66.19914,0.0014000000000038426,4045.505244296623,bench_add_idx_reg
66.39934,66.40074,0.0014000000000038426,4045.202245481988,bench_add_idx_reg
66.60094,66.60234,0.0014000000000038426,4047.632962478445,bench_add_idx_reg
66.80254,66.80394,0.0014000000000038426,4050.5346935371517,bench_add_idx_reg
67.00414,67.00554,0.0013999999999896318,4051.7913107441454,bench_add_idx_reg
67.20574,67.20714,0.0013999999999896318,4045.989012779417,bench_add_idx_reg
67.40734,67.40874,0.0013999999999896318,4049.8086390706258,bench_add_idx_reg
67.60894,67.61034,0.0013999999999896318,4038.916411777385,bench_add_idx_reg
67.81054,67.81194,0.0014000000000038426,4053.0049381875897,bench_add_idx_reg
68.01214,68.01354,0.0014000000000038426,4055.9988003332173,bench_add_idx_reg
68.21374,68.21514,0.0014000000000038426,4054.770467347787,bench_add_idx_reg
68.41534,68.41676,0.00141999999999598,4114.953088563065,bench_add_idx_reg
68.61696,68.61836,0.0013999999999896318,4044.6295146516177,bench_add_idx_reg
68.81856,68.81996,0.0013999999999896318,4041.555649569286,bench_add_idx_reg
69.02016,69.02158,0.00141999999999598,4106.999172349894,bench_add_idx_reg
69.22178,69.22318,0.0014000000000038426,4036.592950591187,bench_add_idx_reg
69.42338,69.42478,0.0014000000000038426,4046.0229921279956,bench_add_idx_reg
69.62498,69.62638,0.0014000000000038426,4048.2786600607296,bench_add_idx_reg
69.82658,69.828,0.00141999999999598,4108.781055533544,bench_add_idx_reg
70.0282,70.0296,0.0014000000000038426,4049.1920383763677,bench_add_idx_reg
70.2298,70.2312,0.0014000000000038426,4139.318561659321,bench_add_sym_reg
70.4314,70.4328,0.0014000000000038426,4137.450144638324,bench_add_sym_reg
70.633,70.6344,0.0014000000000038426,4131.713348919098,bench_add_sym_reg
70.8346,70.836,0.0014000000000038426,4143.946454873058,bench_add_sym_reg
71.0362,71.0376,0.0014000000000038426,4144.829981973743,bench_add_sym_reg
71.2378,71.2392,0.0014000000000038426,4143.630422199625,bench_add_sym_reg
71.4394,71.4408,0.0013999999999896318,4137.266408620117,bench_add_sym_reg
71.641,71.6424,0.0013999999999896318,4137.674248745821,bench_add_sym_reg
71.84258,71.844,0.00141999999999598,4203.382080874845,bench_add_sym_reg
72.04418,72.04558,0.0014000000000038426,4151.735538628709,bench_add_sym_reg
72.24578,72.24718,0.0014000000000038426,4159.085527074523,bench_add_sym_reg
72.44738,72.44878,0.0014000000000038426,4140.619754338334,bench_add_sym_reg
72.64898,72.65038,0.0014000000000038426,4144.620117744146,bench_add_sym_reg
72.85058,72.85198,0.0014000000000038426,4137.941857347495,bench_add_sym_reg
73.05218,73.05358,0.0013999999999896318,4123.768254616575,bench_add_sym_reg
73.25376,73.25518,0.00141999999999598,4194.210174016282,bench_add_sym_reg
73.45536,73.45676,0.0014000000000038426,4136.805867321759,bench_add_sym_reg
73.65696,73.65836,0.0014000000000038426,4137.71930151846,bench_add_sym_reg
73.85856,73.85996,0.0014000000000038426,4145.0310545159255,bench_add_sym_reg
74.06016,74.06156,0.0014000000000038426,4131.1110858925185,bench_add_sym_reg
74.26176,74.26316,0.0014000000000038426,4121.649446909539,bench_add_sym_reg
74.46336,74.46476,0.0014000000000038426,4156.552108483869,bench_add_sym_reg
74.66496,74.66636,0.0014000000000038426,4127.212215693719,bench_add_sym_reg
74.86656,74.86796,0.0013999999999896318,4135.48400389523,bench_add_sym_reg
75.06816,75.06956,0.0013999999999896318,4140.401824810961,bench_add_sym_reg
75.26976,75.27116,0.0013999999999896318,4132.0306295206665,bench_add_sym_reg
75.47136,75.47276,0.0013999999999896318,4137.625310072578,bench_add_sym_reg
75.67294,75.67434,0.0014000000000038426,4142.105942603271,bench_add_sym_reg
75.87454,75.87594,0.0014000000000038426,4132.146451168775,bench_add_sym_reg
76.07614,76.07754,0.0014000000000038426,4136.823625316316,bench_add_sym_reg
76.27774,76.27914,0.0014000000000038426,4145.893105318079,bench_add_sym_reg
76.47932,76.48072,0.0014000000000038426,4148.351806226373,bench_add_sym_reg
76.6809,76.68232,0.0014200000000101909,4196.273889423931,bench_add_sym_reg
76.8825,76.8839,0.0014000000000038426,4131.586812449995,bench_add_sym_reg
77.08408,77.08548,0.0014000000000038426,4135.106385231441,bench_add_sym_reg
77.28568,77.28708,0.0014000000000038426,4150.349746935139,bench_add_sym_reg
77.48728,77.48868,0.0014000000000038426,4142.330593907077,bench_add_sym_reg
77.68888,77.69028,0.0014000000000038426,4134.902032104321,bench_add_sym_reg
77.89048,77.89188,0.0014000000000038426,4140.038157359289,bench_add_sym_reg
78.09206,78.09346,0.0013999999999896318,4152.761537084628,bench_add_sym_reg
78.29366,78.29506,0.0014000000000038426,4134.78555624519,bench_add_sym_reg
78.49526,78.49666,0.0014000000000038426,4136.867134377093,bench_add_sym_reg
78.69686,78.69826,0.0014000000000038426,4136.776039387327,bench_add_sym_reg
78.89844,78.89986,0.0014200000000101909,4203.793255178286,bench_add_sym_reg
79.10004,79.10144,0.0013999999999896318,4137.412353852053,bench_add_sym_reg
79.30164,79.30306,0.00141999999999598,4206.929844790288,bench_add_sym_reg
79.50324,79.50464,0.0013999999999896318,4145.647103400886,bench_add_sym_reg
79.70484,79.70624,0.0013999999999896318,4134.4979218820745,bench_add_sym_reg
79.90644,79.90784,0.0013999999999896318,4130.7129640743005,bench_add_sym_reg
80.10804,80.10944,0.0014000000000038426,4134.78992414687,bench_add_sym_reg
80.30964,80.31104,0.0014000000000038426,4127.47313269568,bench_add_sym_reg
80.51124,80.51264,0.0014000000000038426,4145.428880594379,bench_add_sym_reg
80.71284,80.71424,0.0014000000000038426,4147.852696489844,bench_add_sym_reg
80.91444,80.91584,0.0014000000000038426,4134.177532990615,bench_add_sym_reg
81.11604,81.11744,0.0014000000000038426,4132.667861424786,bench_add_sym_reg
81.31764,81.31904,0.0014000000000038426,4132.91754667931,bench_add_sym_reg
81.51924,81.52064,0.0014000000000038426,4128.1702788667435,bench_add_sym_reg
81.72084,81.72224,0.0014000000000038426,4131.91672415768,bench_add_sym_reg
81.92244,81.92384,0.0014000000000038426,4133.366516337904,bench_add_sym_reg
82.12406,82.12546,0.0014000000000038426,4136.970636912037,bench_add_sym_reg
82.32566,82.32706,0.0014000000000038426,4146.345099446849,bench_add_sym_reg
82.52726,82.52866,0.0014000000000038426,4157.451768417432,bench_add_sym_reg
82.72886,82.73026,0.0014000000000038426,4138.759588834248,bench_add_sym_reg
82.93046,82.93186,0.0014000000000038426,4150.169964426342,bench_add_sym_reg
83.13208,83.13348,0.0014000000000038426,4137.599985125869,bench_add_sym_reg
83.33368,83.33508,0.0014000000000038426,4133.586124527792,bench_add_sym_reg
83.53528,83.53668,0.0014000000000038426,4132.456034433777,bench_add_sym_reg
83.73688,83.73828,0.0014000000000038426,4139.640138030641,bench_add_sym_reg
83.93848,83.93988,0.0014000000000038426,4141.234597202607,bench_add_sym_reg
84.14008,84.14148,0.0014000000000038426,4142.267811123893,bench_add_sym_reg
84.3417,84.3431,0.0014000000000038426,4137.858289770147,bench_add_sym_reg
84.5433,84.5447,0.0014000000000038426,4148.43305247954,bench_add_sym_reg
84.7449,84.7463,0.0014000000000038426,4149.109059955705,bench_add_sym_reg
84.9465,84.9479,0.0014000000000038426,4135.86934796791,bench_add_sym_reg
85.1481,85.1495,0.0014000000000038426,4123.611843690493,bench_add_sym_reg
85.34968,85.3511,0.00141999999999598,4205.35675248657,bench_add_sym_reg
85.5513,85.5527,0.0014000000000038426,4126.031079807037,bench_add_sym_reg
85.7529,85.7543,0.0014000000000038426,4118.556587503263,bench_add_sym_reg
85.9545,85.9559,0.0014000000000038426,4127.708114696159,bench_add_sym_reg
86.1561,86.1575,0.0014000000000038426,4137.418835902128,bench_add_sym_reg
86.3577,86.3591,0.0014000000000038426,4139.011155361358,bench_add_sym_reg
86.5593,86.5607,0.0014000000000038426,4144.022830309511,bench_add_sym_reg
86.7609,86.7623,0.0013999999999896318,4144.83748838735,bench_add_sym_reg
86.96252,86.96392,0.0014000000000038426,4132.634913560535,bench_add_sym_reg
87.16412,87.16552,0.0014000000000038426,4145.165863458128,bench_add_sym_reg
87.36572,87.36712,0.0014000000000038426,4134.436503529912,bench_add_sym_reg
87.56732,87.56872,0.0014000000000038426,4137.713215325999,bench_add_sym_reg
87.76892,87.77032,0.0014000000000038426,4137.876990730118,bench_add_sym_reg
87.97054,87.97194,0.0014000000000038426,4133.006716158829,bench_add_sym_reg
88.17214,88.17354,0.0014000000000038426,4130.58399689687,bench_add_sym_reg
88.37374,88.37514,0.0014000000000038426,4134.084549744315,bench_add_sym_reg
88.57534,88.57674,0.0014000000000038426,4143.881283246569,bench_add_sym_reg
88.77694,88.77834,0.0014000000000038426,4145.8086250472315,bench_add_sym_reg
88.97854,88.97994,0.0014000000000038426,4151.412677032333,bench_add_sym_reg
89.18014,89.18154,0.0014000000000038426,4132.357891661763,bench_add_sym_reg
89.38172,89.38312,0.0014000000000038426,4146.2461510788635,bench_add_sym_reg
89.58332,89.58472,0.0014000000000038426,4126.3428749631175,bench_add_sym_reg
89.78492,89.78632,0.0014000000000038426,4131.237606064025,bench_add_sym_reg
89.98652,89.98792,0.0014000000000038426,4117.076094274154,bench_add_sym_reg
90.18812,90.18952,0.0014000000000038426,4129.743764654079,bench_add_sym_reg
90.38972,90.39112,0.0014000000000038426,4051.946848642671,bench_add_abs_reg
90.59132,90.59272,0.0014000000000038426,4059.7000415557764,bench_add_abs_reg
90.79292,90.79432,0.0014000000000038426,4070.47300135088,bench_add_abs_reg
90.99452,90.99592,0.0014000000000038426,4060.5375683066127,bench_add_abs_reg
91.19612,91.19752,0.0014000000000038426,4055.574014796215,bench_add_abs_reg
91.39772,91.39912,0.0013999999999896318,4060.007927441319,bench_add_abs_reg
91.59932,91.60072,0.0013999999999896318,4075.5429980025137,bench_add_abs_reg
91.80092,91.80232,0.0013999999999896318,4062.936753002631,bench_add_abs_reg
92.00252,92.00392,0.0013999999999896318,4046.254577083013,bench_add_abs_reg
92.20412,92.20552,0.0014000000000038426,4057.616395885476,bench_add_abs_reg
92.40572,92.40712,0.0014000000000038426,4071.3821654309368,bench_add_abs_reg
92.60732,92.60872,0.0014000000000038426,4061.9354508919314,bench_add_abs_reg
92.80892,92.81032,0.0014000000000038426,4064.1420800354026,bench_add_abs_reg
93.01052,93.01192,0.0014000000000038426,4060.2413308922073,bench_add_abs_reg
93.21212,93.21352,0.0014000000000038426,4054.3812676453854,bench_add_abs_reg
93.41372,93.41512,0.0014000000000038426,4048.283733439001,bench_add_abs_reg
93.61532,93.61672,0.0014000000000038426,4049.348433047969,bench_add_abs_reg
93.81692,93.81832,0.0014000000000038426,4057.435609877778,bench_add_abs_reg
94.01852,94.01992,0.0014000000000038426,4049.280739867401,bench_add_abs_reg
94.22012,94.22152,0.0014000000000038426,4049.6870316697036,bench_add_abs_reg
94.42172,94.42312,0.0014000000000038426,4048.603014102045,bench_add_abs_reg
94.6233,94.6247,0.0014000000000038426,4047.811392241276,bench_add_abs_reg
94.82492,94.82632,0.0013999999999896318,4051.9248833565116,bench_add_abs_reg
95.02652,95.02792,0.0013999999999896318,4056.366595874332,bench_add_abs_reg
95.22812,95.22952,0.0013999999999896318,4046.9339978561256,bench_add_abs_reg
95.42972,95.43114,0.00141999999999598,4122.3727539056135,bench_add_abs_reg
95.63134,95.63274,0.0014000000000038426,4051.1111938514023,bench_add_abs_reg
95.83294,95.83434,0.0014000000000038426,4063.0962397111143,bench_add_abs_reg
96.03456,96.03596,0.0014000000000038426,4064.7532721168272,bench_add_abs_reg
96.23616,96.23756,0.0014000000000038426,4047.08938441495,bench_add_abs_reg
96.43778,96.43918,0.0013999999999896318,4054.5790618907095,bench_add_abs_reg
96.63938,96.64078,0.0014000000000038426,4048.0563789706093,bench_add_abs_reg
96.841,96.8424,0.0014000000000038426,4043.6447761149147,bench_add_abs_reg
97.0426,97.044,0.0014000000000038426,4059.3274333648874,bench_add_abs_reg
97.2442,97.2456,0.0013999999999896318,4066.419873820255,bench_add_abs_reg
97.4458,97.4472,0.0013999999999896318,4050.5064860602483,bench_add_abs_reg
97.6474,97.6488,0.0013999999999896318,4058.2375507488478,bench_add_abs_reg
97.849,97.8504,0.0013999999999896318,4045.3267097161574,bench_add_abs_reg
98.0506,98.052,0.0014000000000038426,4068.6924383145097,bench_add_abs_reg
98.2522,98.2536,0.0014000000000038426,4037.856501538482,bench_add_abs_reg
98.4538,98.4552,0.0014000000000038426,4045.830490078163,bench_add_abs_reg
98.6554,98.6568,0.0014000000000038426,4058.1864304958026,bench_add_abs_reg
98.857,98.8584,0.0014000000000038426,4064.815812756455,bench_add_abs_reg
99.0586,99.06,0.0014000000000038426,4058.1309795492543,bench_add_abs_reg
99.2602,99.2616,0.0014000000000038426,4058.1446723200443,bench_add_abs_reg
99.4618,99.4632,0.0014000000000038426,4056.55648560523,bench_add_abs_reg
99.6634,99.6648,0.0014000000000038426,4057.152133913068,bench_add_abs_reg
99.865,99.8664,0.0014000000000038426,4059.245518886531,bench_add_abs_reg
100.0666,100.068,0.0014000000000038426,4046.4977594236625,bench_add_abs_reg
100.26822,100.26962,0.0014000000000038426,4043.8974672108366,bench_add_abs_reg
100.46982,100.47122,0.0014000000000038426,4044.4292756847594,bench_add_abs_reg
100.67142,100.67282,0.0014000000000038426,4045.9293685968833,bench_add_abs_reg
100.87302,100.87442,0.0014000000000038426,4047.8140162421205,bench_add_abs_reg
101.07462,101.07604,0.0014200000000101909,4105.4632072642635,bench_add_abs_reg
101.27624,101.27764,0.0014000000000038426,4047.3929699614805,bench_add_abs_reg
101.47784,101.47924,0.0014000000000038426,4052.506897144738,bench_add_abs_reg
101.67944,101.68084,0.0014000000000038426,4071.812294435395,bench_add_abs_reg
101.88106,101.88246,0.0013999999999896318,4043.580091061202,bench_add_abs_reg
102.08264,102.08406,0.00141999999999598,4105.559170700406,bench_add_abs_reg
102.28426,102.28566,0.0013999999999896318,4043.1555988887667,bench_add_abs_reg
102.48586,102.48726,0.0014000000000038426,4043.694604197717,bench_add_abs_reg
102.68746,102.68886,0.0014000000000038426,4058.6762642587646,bench_add_abs_reg
102.88904,102.89044,0.0014000000000038426,4046.189398518772,bench_add_abs_reg
103.09064,103.09204,0.0014000000000038426,4061.4594053610904,bench_add_abs_reg
103.29224,103.29364,0.0013999999999896318,4062.9637404024897,bench_add_abs_reg
103.49384,103.49524,0.0013999999999896318,4055.666269236797,bench_add_abs_reg
103.69544,103.69684,0.0013999999999896318,4054.437093404884,bench_add_abs_reg
103.89704,103.89844,0.0013999999999896318,4063.4081372677083,bench_add_abs_reg
104.09862,104.10004,0.0014200000000101909,4111.988227844625,bench_add_abs_reg
104.30022,104.30164,0.0014200000000101909,4117.756295048393,bench_add_abs_reg
104.50184,104.50324,0.0014000000000038426,4052.9456967591577,bench_add_abs_reg
104.70344,104.70484,0.0014000000000038426,4051.993431069349,bench_add_abs_reg
104.90504,104.90644,0.0014000000000038426,4052.047713205781,bench_add_abs_reg
105.10664,105.10804,0.0014000000000038426,4051.341561146695,bench_add_abs_reg
105.30824,105.30964,0.0014000000000038426,4062.7495758351947,bench_add_abs_reg
105.50984,105.51124,0.0014000000000038426,4055.453895137021,bench_add_abs_reg
105.71144,105.71284,0.0014000000000038426,4056.7893139202,bench_add_abs_reg
105.91302,105.91442,0.0014000000000038426,4072.9812858721316,bench_add_abs_reg
106.11464,106.11604,0.0014000000000038426,4053.7451231052974,bench_add_abs_reg
106.31622,106.31764,0.00141999999999598,4098.613387892875,bench_add_abs_reg
106.51782,106.51924,0.00141999999999598,4100.158053904878,bench_add_abs_reg
106.71944,106.72084,0.0013999999999896318,4053.974780222758,bench_add_abs_reg
106.92104,106.92244,0.0013999999999896318,4051.652341118417,bench_add_abs_reg
107.12264,107.12404,0.0013999999999896318,4052.6010049195897,bench_add_abs_reg
107.32424,107.32564,0.0014000000000038426,4065.4974477466467,bench_add_abs_reg
107.52584,107.52724,0.0014000000000038426,4055.3001384350828,bench_add_abs_reg
107.72744,107.72884,0.0014000000000038426,4058.0173325826177,bench_add_abs_reg
107.92904,107.93044,0.0014000000000038426,4067.0795412850694,bench_add_abs_reg
108.13064,108.13204,0.0014000000000038426,4055.4003347756525,bench_add_abs_reg
108.33224,108.33364,0.0014000000000038426,4045.3094942619687,bench_add_abs_reg
108.53384,108.53524,0.0014000000000038426,4060.7717819628715,bench_add_abs_reg
108.73544,108.73684,0.0014000000000038426,4051.170439936562,bench_add_abs_reg
108.93704,108.93844,0.0014000000000038426,4043.516586546742,bench_add_abs_reg
109.13864,109.14004,0.0014000000000038426,4064.756196470157,bench_add_abs_reg
109.34024,109.34164,0.0014000000000038426,4073.426488334458,bench_add_abs_reg
109.54184,109.54324,0.0014000000000038426,4060.52097446647,bench_add_abs_reg
109.74344,109.74484,0.0013999999999896318,4057.1359893921453,bench_add_abs_reg
109.94504,109.94644,0.0013999999999896318,4048.330427581255,bench_add_abs_reg
110.14662,110.14804,0.00141999999999598,4096.148018714635,bench_add_abs_reg
110.34824,110.34964,0.0013999999999896318,4047.1783955271344,bench_add_abs_reg
110.54984,110.55064,0.0007999999999981355,2560.971823980814,bench_add_ind_reg
110.75084,110.75166,0.0008200000000044838,2630.5637881304315,bench_add_ind_reg
110.95186,110.95266,0.0007999999999981355,2555.1873049637315,bench_add_ind_reg
111.15286,111.15368,0.000819999999990273,2625.8231023942208,bench_add_ind_reg
111.35388,111.3547,0.000819999999990273,2617.461841987795,bench_add_ind_reg
111.5549,111.5557,0.0007999999999981355,2566.750356921158,bench_add_ind_reg
111.7559,111.75672,0.0008200000000044838,2628.7791016656397,bench_add_ind_reg
111.95692,111.95774,0.0008200000000044838,2632.9974085237945,bench_add_ind_reg
112.15794,112.15876,0.0008200000000044838,2627.4083671304825,bench_add_ind_reg
112.35896,112.35978,0.0008200000000044838,2627.8918003804315,bench_add_ind_reg
112.55998,112.5608,0.0008200000000044838,2636.8843298550755,bench_add_ind_reg
112.761,112.7618,0.0007999999999981355,2566.806334064959,bench_add_ind_reg
112.962,112.96282,0.000819999999990273,2616.435319619941,bench_add_ind_reg
113.16302,113.16382,0.0007999999999981355,2567.815107753197,bench_add_ind_reg
113.36402,113.36484,0.0008200000000044838,2628.6808936996417,bench_add_ind_reg
113.56504,113.56584,0.0007999999999981355,2564.7399201927287,bench_add_ind_reg
113.76604,113.76686,0.000819999999990273,2640.8943137775477,bench_add_ind_reg
113.96706,113.96788,0.000819999999990273,2617.6726980755593,bench_add_ind_reg
114.16806,114.16888,0.0008200000000044838,2613.310138709036,bench_add_ind_reg
114.36908,114.36988,0.0007999999999981355,2558.834142976775,bench_add_ind_reg
114.57008,114.57088,0.0007999999999981355,2563.3465382207823,bench_add_ind_reg
114.77108,114.7719,0.0008200000000044838,2631.2334067330744,bench_add_ind_reg
114.97208,114.9729,0.000819999999990273,2651.447327776039,bench_add_ind_reg
115.1731,115.1739,0.0007999999999981355,2567.697870538857,bench_add_ind_reg
115.3741,115.37492,0.0008200000000044838,2635.4975183637257,bench_add_ind_reg
115.5751,115.57592,0.000819999999990273,2635.6336683650297,bench_add_ind_reg
115.77612,115.77692,0.0007999999999981355,2570.715800387421,bench_add_ind_reg
115.97712,115.97794,0.0008200000000044838,2639.247439816288,bench_add_ind_reg
116.17814,116.17894,0.0007999999999981355,2575.338361778882,bench_add_ind_reg
116.37914,116.37996,0.000819999999990273,2624.2459774638874,bench_add_ind_reg
116.58016,116.58096,0.0007999999999981355,2559.7817241156504,bench_add_ind_reg
116.78116,116.78198,0.0008200000000044838,2627.2222027325793,bench_add_ind_reg
116.98218,116.98298,0.0007999999999981355,2554.7699676767697,bench_add_ind_reg
117.18318,117.184,0.0008200000000044838,2631.1270729785797,bench_add_ind_reg
117.3842,117.385,0.0007999999999981355,2560.2447823566804,bench_add_ind_reg
117.5852,117.58602,0.0008200000000044838,2632.6871314229757,bench_add_ind_reg
117.78622,117.78704,0.0008200000000044838,2630.1972288781435,bench_add_ind_reg
117.98722,117.98804,0.0008200000000044838,2633.6408639469987,bench_add_ind_reg
118.18824,118.18904,0.0008000000000123464,2559.878137001771,bench_add_ind_reg
118.38924,118.39006,0.0008200000000044838,2628.756307545535,bench_add_ind_reg
118.59026,118.59106,0.0007999999999981355,2569.6855876533323,bench_add_ind_reg
118.79128,118.79208,0.0007999999999981355,2559.5824746353,bench_add_ind_reg
118.99228,118.9931,0.0008200000000044838,2645.539799719598,bench_add_ind_reg
119.1933,119.1941,0.0008000000000123464,2576.2235164102462,bench_add_ind_reg
119.3943,119.39512,0.0008200000000044838,2641.375614343896,bench_add_ind_reg
119.59532,119.59612,0.0007999999999981355,2566.4786202774467,bench_add_ind_reg
119.79632,119.79714,0.0008200000000044838,2629.7577936345933,bench_add_ind_reg
119.99732,119.99814,0.0008200000000044838,2626.429300303952,bench_add_ind_reg
120.19834,120.19914,0.0007999999999981355,2562.4047522373266,bench_add_ind_reg
120.39934,120.40016,0.0008200000000044838,2639.558599344939,bench_add_ind_reg
120.60036,120.60116,0.0007999999999981355,2566.1400146720252,bench_add_ind_reg
120.80136,120.80218,0.0008200000000044838,2623.8076575242076,bench_add_ind_reg
121.00238,121.00318,0.0007999999999981355,2558.1112038283695,bench_add_ind_reg
121.20338,121.2042,0.0008200000000044838,2623.0261684536663,bench_add_ind_reg
121.40438,121.4052,0.000819999999990273,2628.1071430690426,bench_add_ind_reg
121.6054,121.60622,0.000819999999990273,2626.306051357227,bench_add_ind_reg
121.80642,121.80722,0.0007999999999981355,2574.933522840704,bench_add_ind_reg
122.00742,122.00824,0.0008200000000044838,2622.3308197365836,bench_add_ind_reg
122.20844,122.20924,0.0007999999999981355,2577.802841545616,bench_add_ind_reg
122.40944,122.41026,0.000819999999990273,2630.0293625952454,bench_add_ind_reg
122.61046,122.61126,0.0007999999999981355,2567.933094681668,bench_add_ind_reg
122.81146,122.81228,0.0008200000000044838,2622.3252178311513,bench_add_ind_reg
123.01246,123.01328,0.000819999999990273,2645.803538585107,bench_add_ind_reg
123.21348,123.21428,0.0007999999999981355,2572.692499956158,bench_add_ind_reg
123.41448,123.4153,0.0008200000000044838,2622.416981044693,bench_add_ind_reg
123.6155,123.6163,0.0007999999999981355,2567.6671671618597,bench_add_ind_reg
123.8165,123.81732,0.000819999999990273,2633.3513436532,bench_add_ind_reg
124.01752,124.01832,0.0007999999999981355,2569.976586376671,bench_add_ind_reg
124.21852,124.21934,0.0008200000000044838,2623.531753211601,bench_add_ind_reg
124.41952,124.42034,0.000819999999990273,2631.933428315877,bench_add_ind_reg
124.62054,124.62134,0.0007999999999981355,2576.432628550849,bench_add_ind_reg
124.82154,124.82236,0.0008200000000044838,2637.3705151634663,bench_add_ind_reg
125.02254,125.02336,0.000819999999990273,2640.6564889161778,bench_add_ind_reg
125.22356,125.22436,0.0007999999999981355,2572.2718541455706,bench_add_ind_reg
125.42456,125.42538,0.0008200000000044838,2628.872566870533,bench_add_ind_reg
125.62558,125.62638,0.0007999999999981355,2600.093709764534,bench_add_ind_reg
125.82658,125.8274,0.000819999999990273,2866.060088820186,bench_add_ind_reg
126.0276,126.02842,0.000819999999990273,2730.774164633102,bench_add_ind_reg
126.22862,126.22944,0.000819999999990273,2707.507587005799,bench_add_ind_reg
126.42964,126.43046,0.000819999999990273,2665.5246317073934,bench_add_ind_reg
126.63066,126.63146,0.0007999999999981355,2597.1128768228764,bench_add_ind_reg
126.83166,126.83248,0.0008200000000044838,2645.5165445951666,bench_add_ind_reg
127.03268,127.03348,0.0007999999999981355,2566.1006825917675,bench_add_ind_reg
127.23368,127.2345,0.000819999999990273,2627.7793734022484,bench_add_ind_reg
127.43468,127.4355,0.0008200000000044838,2632.0430752969014,bench_add_ind_reg
127.63568,127.6365,0.0008200000000044838,2617.505618850872,bench_add_ind_reg
127.8367,127.8375,0.0008000000000123464,2562.3240252419205,bench_add_ind_reg
128.0377,128.0385,0.0007999999999981355,2558.3580601901303,bench_add_ind_reg
128.2387,128.23952,0.0008200000000044838,2631.5100165229846,bench_add_ind_reg
128.4397,128.44052,0.0008200000000044838,2629.691478811017,bench_add_ind_reg
128.64072,128.64152,0.0008000000000265572,2562.678079206499,bench_add_ind_reg
128.84172,128.84254,0.0008200000000044838,2621.396016343838,bench_add_ind_reg
129.04274,129.04354,0.0007999999999981355,2560.609187924315,bench_add_ind_reg
129.24374,129.24456,0.0008200000000044838,2623.6977218795278,bench_add_ind_reg
129.44476,129.44556,0.0007999999999981355,2555.236488108777,bench_add_ind_reg
129.64576,129.64658,0.0008200000000044838,2625.246446129313,bench_add_ind_reg
129.84678,129.84758,0.0007999999999981355,2573.6316433114944,bench_add_ind_reg
130.04778,130.0486,0.0008200000000044838,2631.5823337206734,bench_add_ind_reg
130.2488,130.2496,0.0007999999999981355,2556.931949214847,bench_add_ind_reg
130.44982,130.45062,0.0007999999999981355,2560.8703144768697,bench_add_ind_reg
130.65084,130.65164,0.0007999999999981355,2630.078238427953,bench_add_aut_reg
130.85184,130.85266,0.0008199999999760621,2691.9291493640158,bench_add_aut_reg
131.05286,131.05366,0.0007999999999981355,2627.741366153203,bench_add_aut_reg
131.25386,131.25468,0.0008200000000044838,2689.063015874376,bench_add_aut_reg
131.45488,131.45568,0.0007999999999981355,2626.961388153717,bench_add_aut_reg
131.65588,131.6567,0.0008200000000044838,2686.7096126222955,bench_add_aut_reg
131.85688,131.8577,0.0008200000000044838,2702.1086705046982,bench_add_aut_reg
132.0579,132.0587,0.0007999999999981355,2615.0716771307716,bench_add_aut_reg
132.2589,132.25972,0.0008199999999760621,2690.815974413694,bench_add_aut_reg
132.4599,132.46072,0.0008200000000044838,2698.9578246291317,bench_add_aut_reg
132.6609,132.66172,0.0008200000000044838,2702.264380655284,bench_add_aut_reg
132.86192,132.86272,0.0007999999999981355,2623.6484385964086,bench_add_aut_reg
133.06292,133.06374,0.0008200000000044838,2689.725777612848,bench_add_aut_reg
133.26394,133.26474,0.0007999999999981355,2623.9283615660443,bench_add_aut_reg
133.46494,133.46576,0.0008199999999760621,2681.2181644298767,bench_add_aut_reg
133.66594,133.66676,0.0008200000000044838,2704.515315141317,bench_add_aut_reg
133.86696,133.86776,0.0007999999999981355,2627.1299086449294,bench_add_aut_reg
134.06796,134.06878,0.0008200000000044838,2691.349792309153,bench_add_aut_reg
134.26898,134.26978,0.0007999999999981355,2634.321632788242,bench_add_aut_reg
134.46998,134.4708,0.0008200000000044838,2682.5424167472743,bench_add_aut_reg
134.671,134.6718,0.0007999999999981355,2636.293217068984,bench_add_aut_reg
134.872,134.87282,0.0008199999999760621,2695.5855543893404,bench_add_aut_reg
135.07302,135.07382,0.0007999999999981355,2619.8015827631857,bench_add_aut_reg
135.27402,135.27484,0.0008200000000044838,2699.520681067781,bench_add_aut_reg
135.47502,135.47584,0.0008200000000044838,2685.2667541393507,bench_add_aut_reg
135.67602,135.67684,0.0008200000000044838,2689.7290651826374,bench_add_aut_reg
135.87704,135.87784,0.0007999999999981355,2623.496141744254,bench_add_aut_reg
136.07804,136.07884,0.0008000000000265572,2617.082286247178,bench_add_aut_reg
136.27904,136.27986,0.0008200000000044838,2695.9720370512887,bench_add_aut_reg
136.48006,136.48086,0.0007999999999981355,2627.656741528034,bench_add_aut_reg
136.68106,136.68186,0.0007999999999981355,2617.6995225192145,bench_add_aut_reg
136.88206,136.88288,0.0008200000000044838,2680.286387927704,bench_add_aut_reg
137.08306,137.08388,0.0008200000000044838,2700.653853839592,bench_add_aut_reg
137.28406,137.28488,0.0008199999999760621,2696.6680492422606,bench_add_aut_reg
137.48506,137.48588,0.0008200000000044838,2699.1646574031097,bench_add_aut_reg
137.68606,137.68688,0.0008200000000044838,2682.227955679707,bench_add_aut_reg
137.88706,137.88788,0.0008200000000044838,2692.684505614162,bench_add_aut_reg
138.08806,138.08888,0.0008199999999760621,2685.107346545697,bench_add_aut_reg
138.28906,138.28986,0.0007999999999981355,2626.8257643030083,bench_add_aut_reg
138.49006,138.49086,0.0007999999999981355,2612.2113596585928,bench_add_aut_reg
138.69104,138.69186,0.0008200000000044838,2690.0553843130538,bench_add_aut_reg
138.89206,138.89286,0.0008000000000265572,2624.9521133428607,bench_add_aut_reg
139.09306,139.09388,0.0008200000000044838,2684.1931184912683,bench_add_aut_reg
139.29408,139.29488,0.0007999999999981355,2620.451580728461,bench_add_aut_reg
139.49508,139.4959,0.0008200000000044838,2682.2839025559847,bench_add_aut_reg
139.69608,139.6969,0.0008200000000044838,2686.3089506651418,bench_add_aut_reg
139.8971,139.8979,0.0007999999999981355,2627.365475048761,bench_add_aut_reg
140.0981,140.09892,0.0008200000000044838,2698.379983208693,bench_add_aut_reg
140.29912,140.29992,0.0007999999999981355,2626.586691469276,bench_add_aut_reg
140.50012,140.50094,0.0008200000000044838,2695.441760603897,bench_add_aut_reg
140.70112,140.70194,0.0008200000000044838,2700.3405313151443,bench_add_aut_reg
140.90214,140.90294,0.0007999999999981355,2640.9659720899153,bench_add_aut_reg
141.10314,141.10394,0.0007999999999981355,2630.0566596845265,bench_add_aut_reg
141.30414,141.30496,0.0008200000000044838,2688.931436291705,bench_add_aut_reg
141.50516,141.50596,0.0007999999999981355,2635.949125970387,bench_add_aut_reg
141.70616,141.70698,0.0008199999999760621,2693.704750775941,bench_add_aut_reg
141.90716,141.90798,0.0008200000000044838,2687.801318258301,bench_add_aut_reg
142.10816,142.10898,0.0008200000000044838,2702.1508221662184,bench_add_aut_reg
142.30916,142.30998,0.0008200000000044838,2696.260120733215,bench_add_aut_reg
142.51018,142.51098,0.0007999999999981355,2628.7887059077366,bench_add_aut_reg
142.71118,142.71198,0.0007999999999981355,2628.3718016886764,bench_add_aut_reg
142.91218,142.91298,0.0007999999999981355,2623.451196117528,bench_add_aut_reg
143.11318,143.114,0.0008200000000044838,2689.031956266148,bench_add_aut_reg
143.3142,143.315,0.0007999999999981355,2627.0584342942184,bench_add_aut_reg
143.5152,143.516,0.0007999999999981355,2617.903267958128,bench_add_aut_reg
143.7162,143.71702,0.0008200000000044838,2687.910506515064,bench_add_aut_reg
143.9172,143.91802,0.0008200000000044838,2708.28092938021,bench_add_aut_reg
144.1182,144.11902,0.0008200000000044838,2692.8150979948286,bench_add_aut_reg
144.3192,144.32002,0.0008200000000044838,2699.2422761534535,bench_add_aut_reg
144.52022,144.52102,0.0007999999999981355,2613.451317876211,bench_add_aut_reg
144.72122,144.72202,0.0007999999999981355,2612.757678136504,bench_add_aut_reg
144.92222,144.92304,0.0008199999999760621,2695.0408331277554,bench_add_aut_reg
145.12322,145.12404,0.0008200000000044838,2694.169955808704,bench_add_aut_reg
145.32424,145.32504,0.0007999999999981355,2619.9533115087306,bench_add_aut_reg
145.52524,145.52604,0.0007999999999981355,2610.060484141742,bench_add_aut_reg
145.72624,145.72706,0.0008200000000044838,2699.5946490355764,bench_add_aut_reg
145.92726,145.92806,0.0007999999999981355,2629.500457545083,bench_add_aut_reg
146.12826,146.12906,0.0007999999999981355,2627.3439940938674,bench_add_aut_reg
146.32928,146.33008,0.0007999999999981355,2625.5250209898327,bench_add_aut_reg
146.53028,146.5311,0.0008200000000044838,2697.35100913463,bench_add_aut_reg
146.7313,146.7321,0.0007999999999981355,2627.464430401458,bench_add_aut_reg
146.9323,146.93312,0.0008200000000044838,2690.2604778445643,bench_add_aut_reg
147.13332,147.13412,0.0007999999999981355,2622.5803978682825,bench_add_aut_reg
147.33434,147.33514,0.0007999999999981355,2622.229156543682,bench_add_aut_reg
147.53534,147.53616,0.0008200000000044838,2687.3464300439327,bench_add_aut_reg
147.73636,147.73716,0.0007999999999981355,2621.7480096907534,bench_add_aut_reg
147.93736,147.93818,0.0008199999999760621,2699.2928166097536,bench_add_aut_reg
148.13838,148.13918,0.0007999999999981355,2614.6022882259726,bench_add_aut_reg
148.33938,148.3402,0.0008200000000044838,2698.3252423963104,bench_add_aut_reg
148.5404,148.54122,0.0008200000000044838,2704.3694467440805,bench_add_aut_reg
148.74142,148.74224,0.0008200000000044838,2689.5043091073317,bench_add_aut_reg
148.94244,148.94326,0.0008200000000044838,2682.6373371443906,bench_add_aut_reg
149.14346,149.14426,0.0007999999999981355,2615.7259102848207,bench_add_aut_reg
149.34446,149.34528,0.0008200000000044838,2700.1896663714215,bench_add_aut_reg
149.54548,149.54628,0.0007999999999981355,2628.141245798398,bench_add_aut_reg
149.7465,149.74732,0.0008200000000044838,2685.2604164885815,bench_add_aut_reg
149.94752,149.94832,0.0007999999999981355,2615.4325180619917,bench_add_aut_reg
150.14852,150.14934,0.0008200000000044838,2694.2820008982562,bench_add_aut_reg
150.34952,150.35034,0.0008199999999760621,2674.8936738983693,bench_add_aut_reg
150.55054,150.55134,0.0007999999999981355,2629.086836235656,bench_add_aut_reg
150.75154,150.75306,0.0015199999999992997,4666.1205776009865,bench_add_reg_idx
150.95326,150.95478,0.0015199999999992997,4649.7854636954335,bench_add_reg_idx
151.15498,151.1565,0.0015199999999992997,4635.21753204884,bench_add_reg_idx
151.3567,151.35822,0.0015199999999992997,4643.141257109558,bench_add_reg_idx
151.55842,151.55996,0.0015399999999772263,4694.0357563291755,bench_add_reg_idx
151.76016,151.76168,0.0015199999999992997,4654.09479103638,bench_add_reg_idx
151.96188,151.9634,0.0015199999999992997,4662.713683208891,bench_add_reg_idx
152.1636,152.16512,0.0015199999999992997,4669.715822671625,bench_add_reg_idx
152.36532,152.36686,0.001540000000005648,4738.852863683432,bench_add_reg_idx
152.56706,152.56858,0.0015199999999992997,4672.55053575981,bench_add_reg_idx
152.76878,152.77032,0.001540000000005648,4729.652719124106,bench_add_reg_idx
152.97052,152.97204,0.0015199999999992997,4661.086727863636,bench_add_reg_idx
153.17224,153.17378,0.001540000000005648,4740.7779633246455,bench_add_reg_idx
153.37398,153.3755,0.0015199999999992997,4658.645188901218,bench_add_reg_idx
153.5757,153.57722,0.0015199999999992997,4683.700127057085,bench_add_reg_idx
153.77742,153.77894,0.0015199999999992997,4677.079981190059,bench_add_reg_idx
153.97914,153.98068,0.001540000000005648,4742.485403567054,bench_add_reg_idx
154.18088,154.1824,0.0015199999999992997,4666.356649247218,bench_add_reg_idx
154.3826,154.38412,0.0015199999999992997,4640.268860382867,bench_add_reg_idx
154.58432,154.58586,0.001540000000005648,4719.145437722154,bench_add_reg_idx
154.78604,154.78758,0.0015399999999772263,4711.074654405095,bench_add_reg_idx
154.98778,154.9893,0.0015199999999992997,4633.805146440506,bench_add_reg_idx
155.1895,155.19102,0.0015199999999992997,4629.526338535218,bench_add_reg_idx
155.39124,155.39276,0.0015199999999992997,4628.118763207802,bench_add_reg_idx
155.59296,155.5945,0.001540000000005648,4711.569687369443,bench_add_reg_idx
155.79468,155.79622,0.001540000000005648,4707.064405100927,bench_add_reg_idx
155.99642,155.99794,0.0015199999999992997,4650.4388167498355,bench_add_reg_idx
156.19814,156.19966,0.0015199999999992997,4667.682475409229,bench_add_reg_idx
156.39986,156.4014,0.001540000000005648,4741.1802155148225,bench_add_reg_idx
156.6016,156.60312,0.0015199999999992997,4669.554946011276,bench_add_reg_idx
156.80332,156.80484,0.0015199999999992997,4669.159594918368,bench_add_reg_idx
157.00504,157.00658,0.001540000000005648,4740.026276574828,bench_add_reg_idx
157.20678,157.2083,0.0015199999999992997,4674.877470822018,bench_add_reg_idx
157.40852,157.41004,0.0015199999999992997,4674.175109244793,bench_add_reg_idx
157.61024,157.61178,0.001540000000005648,4739.966366922201,bench_add_reg_idx
157.81198,157.8135,0.0015199999999992997,4672.180705234439,bench_add_reg_idx
158.0137,158.01524,0.001540000000005648,4736.585326044772,bench_add_reg_idx
158.21544,158.21696,0.0015199999999992997,4673.9621227583175,bench_add_reg_idx
158.41716,158.41868,0.0015199999999992997,4669.27914414389,bench_add_reg_idx
158.61888,158.62042,0.001540000000005648,4744.844213145837,bench_add_reg_idx
158.82062,158.82214,0.0015199999999992997,4671.649388036923,bench_add_reg_idx
159.02234,159.02386,0.0015199999999992997,4663.775782097492,bench_add_reg_idx
159.22406,159.2256,0.0015399999999772263,4731.322447698561,bench_add_reg_idx
159.4258,159.42732,0.0015199999999992997,4666.944143824379,bench_add_reg_idx
159.62752,159.62906,0.001540000000005648,4727.1916084154145,bench_add_reg_idx
159.82926,159.83078,0.0015199999999992997,4689.956216603681,bench_add_reg_idx
160.03098,160.0325,0.0015199999999992997,4672.1698087612995,bench_add_reg_idx
160.2327,160.23424,0.001540000000005648,4745.140359754448,bench_add_reg_idx
160.43442,160.43596,0.001540000000005648,4728.98200389041,bench_add_reg_idx
160.63616,160.63768,0.0015199999999992997,4671.433153560353,bench_add_reg_idx
160.83788,160.8394,0.0015199999999992997,4677.038555959032,bench_add_reg_idx
161.0396,161.04112,0.0015199999999992997,4668.90248702465,bench_add_reg_idx
161.24132,161.24284,0.0015199999999992997,4694.298340470845,bench_add_reg_idx
161.44304,161.44456,0.0015199999999992997,4671.4376518485415,bench_add_reg_idx
161.64476,161.6463,0.001540000000005648,4736.105196661529,bench_add_reg_idx
161.84648,161.84802,0.0015399999999772263,4729.337333628559,bench_add_reg_idx
162.04822,162.04974,0.0015200000000277214,4679.2779118691,bench_add_reg_idx
162.24994,162.25146,0.0015199999999992997,4675.188872492759,bench_add_reg_idx
162.45166,162.45318,0.0015199999999992997,4685.119239146574,bench_add_reg_idx
162.65338,162.6549,0.0015199999999992997,4671.579394488033,bench_add_reg_idx
162.8551,162.85664,0.001540000000005648,4730.420457216246,bench_add_reg_idx
163.05682,163.05836,0.001540000000005648,4725.696996340589,bench_add_reg_idx
163.25854,163.26008,0.0015399999999772263,4745.540232326245,bench_add_reg_idx
163.46028,163.4618,0.0015199999999992997,4678.733334873146,bench_add_reg_idx
163.662,163.66352,0.0015199999999992997,4684.397163798157,bench_add_reg_idx
163.86372,163.86524,0.0015199999999992997,4684.916988479701,bench_add_reg_idx
164.06544,164.06698,0.001540000000005648,4731.7484277471185,bench_add_reg_idx
164.26716,164.2687,0.001540000000005648,4736.936471909637,bench_add_reg_idx
164.4689,164.47042,0.0015199999999992997,4687.892287036888,bench_add_reg_idx
164.67062,164.67214,0.0015199999999992997,4682.922675271361,bench_add_reg_idx
164.87234,164.87386,0.0015199999999992997,4679.660587567115,bench_add_reg_idx
165.07406,165.0756,0.001540000000005648,4737.067185360583,bench_add_reg_idx
165.27578,165.27732,0.001540000000005648,4748.339583182921,bench_add_reg_idx
165.4775,165.47904,0.001540000000005648,4738.844251278523,bench_add_reg_idx
165.67922,165.68074,0.0015199999999992997,4691.134777385033,bench_add_reg_idx
165.88094,165.88248,0.0015399999999772263,4735.639861246741,bench_add_reg_idx
166.08266,166.0842,0.001540000000005648,4726.256837620291,bench_add_reg_idx
166.2844,166.28592,0.0015199999999992997,4668.3164965339965,bench_add_reg_idx
166.48612,166.48764,0.0015199999999992997,4672.3482804351015,bench_add_reg_idx
166.68784,166.68936,0.0015199999999992997,4660.737735684397,bench_add_reg_idx
166.88956,166.89108,0.0015199999999992997,4660.906142089474,bench_add_reg_idx
167.09128,167.09282,0.0015399999999772263,4730.370212273766,bench_add_reg_idx
167.293,167.29454,0.001540000000005648,4740.7637885930635,bench_add_reg_idx
167.49472,167.49626,0.001540000000005648,4729.364821705192,bench_add_reg_idx
167.69646,167.69798,0.0015199999999992997,4674.5624137084615,bench_add_reg_idx
167.89818,167.8997,0.0015199999999992997,4673.973766618765,bench_add_reg_idx
168.0999,168.10144,0.001540000000005648,4751.541006863344,bench_add_reg_idx
168.30164,168.30316,0.0015199999999992997,4667.77170542485,bench_add_reg_idx
168.50336,168.5049,0.001540000000005648,4733.946947399615,bench_add_reg_idx
168.7051,168.70662,0.0015199999999992997,4674.504739231445,bench_add_reg_idx
168.90682,168.90836,0.0015399999999772263,4737.1256653436385,bench_add_reg_idx
169.10856,169.11008,0.0015199999999992997,4662.283686916264,bench_add_reg_idx
169.31028,169.3118,0.0015199999999992997,4679.918161124626,bench_add_reg_idx
169.512,169.51352,0.0015199999999992997,4677.409646099289,bench_add_reg_idx
169.71372,169.71524,0.0015199999999992997,4662.03081887116,bench_add_reg_idx
169.91544,169.91698,0.001540000000005648,4719.157877861888,bench_add_reg_idx
170.11718,170.1187,0.0015199999999992997,4657.086383083767,bench_add_reg_idx
170.3189,170.32042,0.0015199999999992997,4666.018192651712,bench_add_reg_idx
170.52062,170.52214,0.0015199999999992997,4670.456817836748,bench_add_reg_idx
170.72234,170.72386,0.0015199999999992997,4666.941054161872,bench_add_reg_idx
170.92408,170.92558,0.0014999999999929514,4726.84014353389,bench_add_reg_sym
171.12578,171.12728,0.0015000000000213731,4734.188641956333,bench_add_reg_sym
171.32748,171.32898,0.0014999999999929514,4735.235902458683,bench_add_reg_sym
171.52918,171.5307,0.0015199999999992997,4797.128934876327,bench_add_reg_sym
171.7309,171.7324,0.0015000000000213731,4741.583219797403,bench_add_reg_sym
171.9326,171.9341,0.0014999999999929514,4739.043007116043,bench_add_reg_sym
172.13432,172.13582,0.0014999999999929514,4723.915788322124,bench_add_reg_sym
172.33602,172.33752,0.0015000000000213731,4732.750272446496,bench_add_reg_sym
172.53772,172.53922,0.0014999999999929514,4739.530377532755,bench_add_reg_sym
172.73942,172.74092,0.0014999999999929514,4731.868952492113,bench_add_reg_sym
172.94112,172.94262,0.0014999999999929514,4721.822980768015,bench_add_reg_sym
173.14282,173.14432,0.0014999999999929514,4731.725163269992,bench_add_reg_sym
173.34452,173.34602,0.0015000000000213731,4746.460593374502,bench_add_reg_sym
173.54622,173.54772,0.0014999999999929514,4743.295921922073,bench_add_reg_sym
173.74792,173.74942,0.0014999999999929514,4746.21937142326,bench_add_reg_sym
173.94962,173.95112,0.0014999999999929514,4717.2764292680195,bench_add_reg_sym
174.15132,174.15282,0.0014999999999929514,4728.675086494376,bench_add_reg_sym
174.353,174.35452,0.0015199999999992997,4797.396964854871,bench_add_reg_sym
174.5547,174.5562,0.0014999999999929514,4731.1361110549915,bench_add_reg_sym
174.7564,174.7579,0.0014999999999929514,4745.66651505934,bench_add_reg_sym
174.9581,174.9596,0.0014999999999929514,4741.139044031431,bench_add_reg_sym
175.1598,175.1613,0.0015000000000213731,4734.52726851469,bench_add_reg_sym
175.36148,175.363,0.0015199999999992997,4799.631785135184,bench_add_reg_sym
175.56318,175.56468,0.0015000000000213731,4723.348270703439,bench_add_reg_sym
175.76488,175.76638,0.0014999999999929514,4728.00160523042,bench_add_reg_sym
175.96658,175.96808,0.0014999999999929514,4740.4239047105675,bench_add_reg_sym
176.16828,176.16978,0.0014999999999929514,4722.812471422831,bench_add_reg_sym
176.36998,176.37148,0.0014999999999929514,4723.653628003668,bench_add_reg_sym
176.57168,176.57318,0.0015000000000213731,4737.704256618057,bench_add_reg_sym
176.7734,176.7749,0.0014999999999929514,4726.124340644652,bench_add_reg_sym
176.9751,176.9766,0.0014999999999929514,4733.203647169891,bench_add_reg_sym
177.1768,177.1783,0.0015000000000213731,4732.483532348282,bench_add_reg_sym
177.3785,177.38,0.0014999999999929514,4731.986036036652,bench_add_reg_sym
177.5802,177.5817,0.0015000000000213731,4734.129209605232,bench_add_reg_sym
177.7819,177.78342,0.0015199999999992997,4790.378196626568,bench_add_reg_sym
177.98362,177.98512,0.0014999999999929514,4726.845105157648,bench_add_reg_sym
178.18532,178.18682,0.0015000000000213731,4729.365969609935,bench_add_reg_sym
178.38702,178.38854,0.0015199999999992997,4798.180551731142,bench_add_reg_sym
178.58874,178.59024,0.0014999999999929514,4727.689640109091,bench_add_reg_sym
178.79044,178.79194,0.0015000000000213731,4753.688974373901,bench_add_reg_sym
178.99214,178.99364,0.0014999999999929514,4721.155154961079,bench_add_reg_sym
179.19384,179.19534,0.0014999999999929514,4741.525328697984,bench_add_reg_sym
179.39554,179.39704,0.0014999999999929514,4739.232151747228,bench_add_reg_sym
179.59724,179.59874,0.0014999999999929514,4725.556469034216,bench_add_reg_sym
179.79894,179.80044,0.0015000000000213731,4726.910709936032,bench_add_reg_sym
180.00064,180.00214,0.0014999999999929514,4738.317790884655,bench_add_reg_sym
180.20236,180.20386,0.0014999999999929514,4729.613070354568,bench_add_reg_sym
180.40406,180.40556,0.0015000000000213731,4728.152535459387,bench_add_reg_sym
180.60576,180.60726,0.0014999999999929514,4732.716151026147,bench_add_reg_sym
180.80746,180.80896,0.0015000000000213731,4730.525377739844,bench_add_reg_sym
181.00916,181.01066,0.0014999999999929514,4754.4588101793215,bench_add_reg_sym
181.21088,181.21238,0.0014999999999929514,4728.419613070951,bench_add_reg_sym
181.41258,181.41408,0.0015000000000213731,4744.126508080426,bench_add_reg_sym
181.61428,181.61578,0.0014999999999929514,4734.232884341894,bench_add_reg_sym
181.81598,181.81748,0.0014999999999929514,4738.206800516863,bench_add_reg_sym
182.01768,182.0192,0.0015199999999992997,4787.908671418399,bench_add_reg_sym
182.2194,182.2209,0.0014999999999929514,4731.096646260494,bench_add_reg_sym
182.4211,182.4226,0.0014999999999929514,4738.181142579412,bench_add_reg_sym
182.6228,182.6243,0.0014999999999929514,4743.767369050375,bench_add_reg_sym
182.8245,182.826,0.0014999999999929514,4738.075898471784,bench_add_reg_sym
183.0262,183.0277,0.0015000000000213731,4731.572012018872,bench_add_reg_sym
183.2279,183.2294,0.0014999999999929514,4742.00180962145,bench_add_reg_sym
183.4296,183.4311,0.0014999999999929514,4741.670389170867,bench_add_reg_sym
183.6313,183.6328,0.0014999999999929514,4731.706734723715,bench_add_reg_sym
183.833,183.8345,0.0014999999999929514,4725.124130468513,bench_add_reg_sym
184.0347,184.0362,0.0015000000000213731,4733.390421673989,bench_add_reg_sym
184.2364,184.2379,0.0014999999999929514,4720.320836618571,bench_add_reg_sym
184.4381,184.4396,0.0015000000000213731,4730.2789847119175,bench_add_reg_sym
184.6398,184.6413,0.0014999999999929514,4742.027302250284,bench_add_reg_sym
184.84148,184.843,0.0015199999999992997,4792.293373027561,bench_add_reg_sym
185.04318,185.04468,0.0014999999999929514,4728.363363516286,bench_add_reg_sym
185.24488,185.24638,0.0014999999999929514,4723.455125909838,bench_add_reg_sym
185.44658,185.44808,0.0014999999999929514,4734.501352045049,bench_add_reg_sym
185.64828,185.64978,0.0014999999999929514,4747.696502577398,bench_add_reg_sym
185.84998,185.85148,0.0015000000000213731,4718.773451234994,bench_add_reg_sym
186.05166,186.05316,0.0014999999999929514,4723.885147809963,bench_add_reg_sym
186.25336,186.25486,0.0015000000000213731,4724.87844766327,bench_add_reg_sym
186.45506,186.45656,0.0014999999999929514,4726.022055816645,bench_add_reg_sym
186.65674,186.65824,0.0014999999999929514,4741.801740580289,bench_add_reg_sym
186.85844,186.85994,0.0014999999999929514,4730.789293513066,bench_add_reg_sym
187.06012,187.06164,0.0015199999999992997,4795.639323997968,bench_add_reg_sym
187.26182,187.26332,0.0014999999999929514,4702.664574120493,bench_add_reg_sym
187.4635,187.465,0.0014999999999929514,4731.203010282692,bench_add_reg_sym
187.6652,187.6667,0.0014999999999929514,4753.26370911323,bench_add_reg_sym
187.8669,187.8684,0.0015000000000213731,4729.237128118315,bench_add_reg_sym
188.06858,188.0701,0.0015199999999992997,4786.445691713199,bench_add_reg_sym
188.27028,188.27178,0.0014999999999929514,4720.59044984673,bench_add_reg_sym
188.47198,188.47348,0.0014999999999929514,4718.7374881247915,bench_add_reg_sym
188.67368,188.67518,0.0015000000000213731,4717.882783220432,bench_add_reg_sym
188.87536,188.87686,0.0014999999999929514,4716.372294329399,bench_add_reg_sym
189.07706,189.07856,0.0015000000000213731,4735.502572797813,bench_add_reg_sym
189.27876,189.28026,0.0014999999999929514,4720.107573063019,bench_add_reg_sym
189.48046,189.48196,0.0014999999999929514,4733.013829659704,bench_add_reg_sym
189.68214,189.68366,0.0015199999999992997,4804.385674649681,bench_add_reg_sym
189.88384,189.88534,0.0015000000000213731,4725.0238620416385,bench_add_reg_sym
190.08554,190.08704,0.0014999999999929514,4717.535383509281,bench_add_reg_sym
190.28724,190.28874,0.0014999999999929514,4724.508509947984,bench_add_reg_sym
190.48894,190.49044,0.0014999999999929514,4736.880762479224,bench_add_reg_sym
190.69064,190.69214,0.0014999999999929514,4741.121740058893,bench_add_reg_sym
190.89232,190.89384,0.0015199999999992997,4794.534069946798,bench_add_reg_sym
191.09404,191.09554,0.0014999999999929514,4621.111853025373,bench_add_reg_abs
191.29574,191.29724,0.0014999999999929514,4626.896849345977,bench_add_reg_abs
191.49744,191.49894,0.0014999999999929514,4644.979943962483,bench_add_reg_abs
191.69914,191.70064,0.0014999999999929514,4638.854677301493,bench_add_reg_abs
191.90084,191.90236,0.0015199999999992997,4721.267984713009,bench_add_reg_abs
192.10256,192.10406,0.0014999999999929514,4645.239319628789,bench_add_reg_abs
192.30426,192.30576,0.0014999999999929514,4640.697250120716,bench_add_reg_abs
192.50596,192.50746,0.0015000000000213731,4649.521487365581,bench_add_reg_abs
192.70766,192.70918,0.0015199999999992997,4705.7432914131805,bench_add_reg_abs
192.90936,192.91088,0.0015199999999992997,4710.47748578488,bench_add_reg_abs
193.11108,193.11258,0.0015000000000213731,4646.527858052163,bench_add_reg_abs
193.31278,193.31428,0.0014999999999929514,4632.3926956174855,bench_add_reg_abs
193.51448,193.51598,0.0015000000000213731,4642.8507473993295,bench_add_reg_abs
193.71618,193.71768,0.0014999999999929514,4639.790456253516,bench_add_reg_abs
193.91788,193.9194,0.0015199999999992997,4714.701282790045,bench_add_reg_abs
194.11958,194.1211,0.0015199999999992997,4698.809753168366,bench_add_reg_abs
194.32128,194.32278,0.0014999999999929514,4631.978436351418,bench_add_reg_abs
194.52298,194.52448,0.0015000000000213731,4654.017584465659,bench_add_reg_abs
194.72468,194.72618,0.0014999999999929514,4646.973337490334,bench_add_reg_abs
194.92638,194.92788,0.0014999999999929514,4649.916740578965,bench_add_reg_abs
195.12808,195.12958,0.0014999999999929514,4643.646515881481,bench_add_reg_abs
195.32976,195.33128,0.0015199999999992997,4700.0705776712675,bench_add_reg_abs
195.53146,195.53296,0.0014999999999929514,4630.317394597922,bench_add_reg_abs
195.73316,195.73466,0.0014999999999929514,4632.886603919792,bench_add_reg_abs
195.93486,195.93636,0.0015000000000213731,4644.543740498987,bench_add_reg_abs
196.13654,196.13806,0.0015199999999992997,4706.215404438257,bench_add_reg_abs
196.33824,196.33974,0.0014999999999929514,4655.605584826362,bench_add_reg_abs
196.53994,196.54144,0.0014999999999929514,4646.930911091314,bench_add_reg_abs
196.74164,196.74314,0.0015000000000213731,4639.470654140514,bench_add_reg_abs
196.94334,196.94484,0.0014999999999929514,4646.498276830657,bench_add_reg_abs
197.14504,197.14654,0.0014999999999929514,4642.532004487499,bench_add_reg_abs
197.34674,197.34824,0.0014999999999929514,4640.475828177407,bench_add_reg_abs
197.54844,197.54994,0.0014999999999929514,4664.313064401032,bench_add_reg_abs
197.75014,197.75166,0.0015199999999992997,4714.285796505544,bench_add_reg_abs
197.95186,197.95336,0.0014999999999929514,4644.1667573300365,bench_add_reg_abs
198.15356,198.15506,0.0014999999999929514,4653.038007652208,bench_add_reg_abs
198.35526,198.35678,0.0015199999999992997,4716.681698338176,bench_add_reg_abs
198.55698,198.55848,0.0014999999999929514,4653.537184908788,bench_add_reg_abs
198.75868,198.76018,0.0014999999999929514,4627.9743825795795,bench_add_reg_abs
198.9604,198.9619,0.0015000000000213731,4636.529262709172,bench_add_reg_abs
199.1621,199.1636,0.0014999999999929514,4647.8216442985995,bench_add_reg_abs
199.3638,199.3653,0.0014999999999929514,4639.577958711377,bench_add_reg_abs
199.5655,199.567,0.0015000000000213731,4642.956226665167,bench_add_reg_abs
199.7672,199.7687,0.0014999999999929514,4643.500104989771,bench_add_reg_abs
199.9689,199.9704,0.0015000000000213731,4652.805803410544,bench_add_reg_abs
200.1706,200.1721,0.0014999999999929514,4642.522025365943,bench_add_reg_abs
200.3723,200.3738,0.0014999999999929514,4642.885164335548,bench_add_reg_abs
200.574,200.5755,0.0014999999999929514,4646.038892655835,bench_add_reg_abs
200.7757,200.7772,0.0014999999999929514,4632.4743609658135,bench_add_reg_abs
200.9774,200.9789,0.0015000000000213731,4634.344647705068,bench_add_reg_abs
201.1791,201.1806,0.0014999999999929514,4630.808914058144,bench_add_reg_abs
201.3808,201.3823,0.0014999999999929514,4631.87973012854,bench_add_reg_abs
201.5825,201.584,0.0014999999999929514,4640.359124145203,bench_add_reg_abs
201.7842,201.7857,0.0014999999999929514,4651.376088128455,bench_add_reg_abs
201.9859,201.9874,0.0015000000000213731,4640.131625414382,bench_add_reg_abs
202.1876,202.1891,0.0014999999999929514,4649.143069960383,bench_add_reg_abs
202.3893,202.3908,0.0015000000000213731,4642.409300498442,bench_add_reg_abs
202.591,202.5925,0.0014999999999929514,4657.677262998713,bench_add_reg_abs
202.7927,202.7942,0.0014999999999929514,4643.1768592232875,bench_add_reg_abs
202.9944,202.9959,0.0014999999999929514,4639.759410616666,bench_add_reg_abs
203.1961,203.1976,0.0014999999999929514,4646.346610949336,bench_add_reg_abs
203.39778,203.3993,0.0015199999999992997,4716.972142919434,bench_add_reg_abs
203.59948,203.60098,0.0014999999999929514,4643.264759776192,bench_add_reg_abs
203.80118,203.80268,0.0015000000000213731,4643.341319237093,bench_add_reg_abs
204.00288,204.00438,0.0014999999999929514,4639.79493591526,bench_add_reg_abs
204.20458,204.20608,0.0014999999999929514,4631.625749148109,bench_add_reg_abs
204.40628,204.40778,0.0014999999999929514,4634.432103461349,bench_add_reg_abs
204.60798,204.60948,0.0014999999999929514,4636.5388971538605,bench_add_reg_abs
204.80968,204.81118,0.0015000000000213731,4648.715313589615,bench_add_reg_abs
205.01136,205.01288,0.0015199999999992997,4701.875247992421,bench_add_reg_abs
205.21308,205.21458,0.0015000000000213731,4638.02705292766,bench_add_reg_abs
205.41478,205.41628,0.0014999999999929514,4648.427597691668,bench_add_reg_abs
205.61648,205.61798,0.0014999999999929514,4641.445660942169,bench_add_reg_abs
205.81816,205.81968,0.0015199999999992997,4694.198069626105,bench_add_reg_abs
206.01988,206.02138,0.0014999999999929514,4636.870946248023,bench_add_reg_abs
206.22158,206.22308,0.0015000000000213731,4642.958885591381,bench_add_reg_abs
206.42328,206.42478,0.0014999999999929514,4641.888132296246,bench_add_reg_abs
206.62498,206.62648,0.0014999999999929514,4634.36463612674,bench_add_reg_abs
206.82668,206.82818,0.0014999999999929514,4627.617355412444,bench_add_reg_abs
207.02838,207.02988,0.0014999999999929514,4644.719553158678,bench_add_reg_abs
207.23008,207.23158,0.0015000000000213731,4646.440309074936,bench_add_reg_abs
207.43178,207.43328,0.0014999999999929514,4657.871311041685,bench_add_reg_abs
207.63346,207.63498,0.0015199999999992997,4711.664402853506,bench_add_reg_abs
207.83516,207.83666,0.0014999999999929514,4642.95674811731,bench_add_reg_abs
208.03686,208.03836,0.0015000000000213731,4647.5611394932175,bench_add_reg_abs
208.23856,208.24008,0.0015199999999992997,4707.600544205119,bench_add_reg_abs
208.44026,208.44178,0.0015199999999992997,4707.714125978555,bench_add_reg_abs
208.64196,208.64346,0.0014999999999929514,4657.9482988230775,bench_add_reg_abs
208.84366,208.84516,0.0014999999999929514,4636.519064639241,bench_add_reg_abs
209.04534,209.04686,0.0015199999999992997,4688.435811545623,bench_add_reg_abs
209.24704,209.24854,0.0014999999999929514,4629.850902107505,bench_add_reg_abs
209.44874,209.45024,0.0015000000000213731,4640.242969685425,bench_add_reg_abs
209.65044,209.65194,0.0014999999999929514,4643.13892878206,bench_add_reg_abs
209.85214,209.85364,0.0015000000000213731,4650.13400658256,bench_add_reg_abs
210.05384,210.05534,0.0014999999999929514,4638.599166623374,bench_add_reg_abs
210.25554,210.25704,0.0014999999999929514,4632.966390324072,bench_add_reg_abs
210.45724,210.45876,0.0015199999999992997,4703.596539326709,bench_add_reg_abs
210.65896,210.66046,0.0014999999999929514,4647.073470965192,bench_add_reg_abs
210.86066,210.86216,0.0014999999999929514,4656.458133809889,bench_add_reg_abs
211.06236,211.06386,0.0014999999999929514,4646.281152939599,bench_add_reg_abs
211.26406,211.26472,0.000660000000010541,1720.4332375248543,bench_inc_reg
211.46492,211.46558,0.0006599999999821193,1727.3565846932897,bench_inc_reg
211.66578,211.66644,0.0006599999999821193,1712.679418213867,bench_inc_reg
211.86664,211.8673,0.000660000000010541,1707.61639721272,bench_inc_reg
212.0675,212.06816,0.000660000000010541,1724.3356141550566,bench_inc_reg
212.26836,212.26902,0.000660000000010541,1725.1041415429893,bench_inc_reg
212.46922,212.46988,0.0006599999999821193,1709.5290892270991,bench_inc_reg
212.67008,212.67076,0.0006799999999884676,1762.0763345238772,bench_inc_reg
212.87094,212.87162,0.0006800000000168893,1767.5124621505813,bench_inc_reg
213.07182,213.07248,0.000660000000010541,1716.7856102129585,bench_inc_reg
213.27266,213.27334,0.0006799999999884676,1767.0178832167405,bench_inc_reg
213.47352,213.4742,0.0006799999999884676,1760.5144367219514,bench_inc_reg
213.67438,213.67506,0.0006799999999884676,1772.138643971321,bench_inc_reg
213.87524,213.87592,0.0006800000000168893,1765.820873019513,bench_inc_reg
214.07612,214.07678,0.000660000000010541,1693.6211101959689,bench_inc_reg
214.27698,214.27764,0.0006599999999821193,1712.8133936250424,bench_inc_reg
214.47784,214.4785,0.000660000000010541,1698.2205608275663,bench_inc_reg
214.67868,214.67936,0.0006799999999884676,1751.6210232468577,bench_inc_reg
214.87954,214.8802,0.000660000000010541,1712.8154891862612,bench_inc_reg
215.0804,215.08106,0.000660000000010541,1732.3068017435983,bench_inc_reg
215.28124,215.2819,0.000660000000010541,1715.2201314747815,bench_inc_reg
215.4821,215.48276,0.000660000000010541,1716.7887557561435,bench_inc_reg
215.68294,215.6836,0.000660000000010541,1727.4310998872754,bench_inc_reg
215.8838,215.88446,0.0006599999999821193,1711.0580671050466,bench_inc_reg
216.08466,216.08532,0.0006599999999821193,1720.8051611125677,bench_inc_reg
216.2855,216.28616,0.0006599999999821193,1719.3308495362583,bench_inc_reg
216.48636,216.48702,0.000660000000010541,1706.0619569706814,bench_inc_reg
216.68722,216.68788,0.000660000000010541,1701.93630040762,bench_inc_reg
216.88806,216.88872,0.000660000000010541,1708.7026778902673,bench_inc_reg
217.08892,217.08958,0.000660000000010541,1705.3247103720764,bench_inc_reg
217.28976,217.29042,0.000660000000010541,1722.7915511748604,bench_inc_reg
217.49062,217.49128,0.0006599999999821193,1709.9438141546304,bench_inc_reg
217.69148,217.69214,0.0006599999999821193,1707.5000563085414,bench_inc_reg
217.89234,217.893,0.000660000000010541,1696.2488671157316,bench_inc_reg
218.0932,218.09386,0.000660000000010541,1709.8780232769373,bench_inc_reg
218.29404,218.2947,0.000660000000010541,1718.957293807025,bench_inc_reg
218.4949,218.49556,0.000660000000010541,1715.4777050305208,bench_inc_reg
218.69576,218.69642,0.0006599999999821193,1717.099123585272,bench_inc_reg
218.89662,218.89728,0.0006599999999821193,1713.86534575449,bench_inc_reg
219.09748,219.09814,0.000660000000010541,1715.517095321883,bench_inc_reg
219.29834,219.299,0.000660000000010541,1719.6734715540938,bench_inc_reg
219.4992,219.49986,0.000660000000010541,1709.8600487483925,bench_inc_reg
219.70006,219.70072,0.0006599999999821193,1705.6764917892212,bench_inc_reg
219.90092,219.90158,0.0006599999999821193,1700.1056949994781,bench_inc_reg
220.10178,220.10244,0.000660000000010541,1720.6901987399847,bench_inc_reg
220.30264,220.3033,0.000660000000010541,1711.7175692991177,bench_inc_reg
220.5035,220.50416,0.000660000000010541,1695.1253684504973,bench_inc_reg
220.70436,220.70502,0.0006599999999821193,1708.4269201789355,bench_inc_reg
220.90522,220.90588,0.0006599999999821193,1705.9004282964277,bench_inc_reg
221.10606,221.10674,0.0006799999999884676,1757.8549705993585,bench_inc_reg
221.30692,221.3076,0.0006800000000168893,1775.6597698228607,bench_inc_reg
221.50778,221.50844,0.000660000000010541,1710.009765841511,bench_inc_reg
221.70864,221.7093,0.000660000000010541,1708.9561932029612,bench_inc_reg
221.9095,221.91016,0.0006599999999821193,1703.5140562268011,bench_inc_reg
222.11034,222.11102,0.0006799999999884676,1767.4918402543017,bench_inc_reg
222.3112,222.31186,0.0006599999999821193,1704.6568705156058,bench_inc_reg
222.51206,222.51272,0.000660000000010541,1707.940890951393,bench_inc_reg
222.71292,222.71358,0.000660000000010541,1711.6916482628117,bench_inc_reg
222.91376,222.91444,0.0006800000000168893,1767.5540666557918,bench_inc_reg
223.11462,223.11528,0.000660000000010541,1718.3702974827893,bench_inc_reg
223.31548,223.31614,0.0006599999999821193,1703.3762367833217,bench_inc_reg
223.51634,223.517,0.0006599999999821193,1706.8726615435853,bench_inc_reg
223.7172,223.71786,0.000660000000010541,1708.7167385357898,bench_inc_reg
223.91806,223.91872,0.000660000000010541,1703.4169007385892,bench_inc_reg
224.1189,224.11958,0.0006800000000168893,1771.6722540085482,bench_inc_reg
224.31976,224.32042,0.000660000000010541,1709.5661396415505,bench_inc_reg
224.52062,224.52128,0.0006599999999821193,1709.9526849967183,bench_inc_reg
224.72146,224.72214,0.0006799999999884676,1768.7114164826055,bench_inc_reg
224.92232,224.923,0.0006799999999884676,1775.8353729339717,bench_inc_reg
225.12318,225.12384,0.000660000000010541,1713.0320007315092,bench_inc_reg
225.32404,225.3247,0.000660000000010541,1711.8917801713626,bench_inc_reg
225.52488,225.52556,0.0006800000000168893,1766.598285223328,bench_inc_reg
225.72574,225.7264,0.000660000000010541,1716.276474788177,bench_inc_reg
225.9266,225.92726,0.0006599999999821193,1706.6589439738307,bench_inc_reg
226.12744,226.1281,0.0006599999999821193,1707.9381644229795,bench_inc_reg
226.3283,226.32896,0.0006599999999821193,1718.6710563867575,bench_inc_reg
226.52916,226.52982,0.000660000000010541,1703.5017302589154,bench_inc_reg
226.73002,226.73068,0.000660000000010541,1713.0282405125736,bench_inc_reg
226.93088,226.93154,0.000660000000010541,1706.3791048959224,bench_inc_reg
227.13172,227.13238,0.000660000000010541,1719.1504594224239,bench_inc_reg
227.33258,227.33324,0.0006599999999821193,1713.3427550526367,bench_inc_reg
227.53344,227.5341,0.0006599999999821193,1704.0181066293806,bench_inc_reg
227.73428,227.73494,0.0006599999999821193,1730.05540384096,bench_inc_reg
227.93514,227.9358,0.000660000000010541,1708.7725317432332,bench_inc_reg
228.136,228.13666,0.000660000000010541,1710.627614549265,bench_inc_reg
228.33686,228.33752,0.000660000000010541,1699.7079900765277,bench_inc_reg
228.5377,228.53838,0.0006799999999884676,1778.0273896357685,bench_inc_reg
228.73856,228.73922,0.0006599999999821193,1718.216454561248,bench_inc_reg
228.93942,228.94008,0.0006599999999821193,1713.4180454925438,bench_inc_reg
229.14028,229.14094,0.000660000000010541,1716.9294879159254,bench_inc_reg
229.34114,229.3418,0.000660000000010541,1701.798250463145,bench_inc_reg
229.542,229.54266,0.000660000000010541,1701.5667306523442,bench_inc_reg
229.74286,229.74352,0.0006599999999821193,1701.7979057942498,bench_inc_reg
229.94372,229.94438,0.0006599999999821193,1716.4991283243978,bench_inc_reg
230.14458,230.14524,0.000660000000010541,1708.6822842570396,bench_inc_reg
230.34544,230.3461,0.000660000000010541,1698.1177567792593,bench_inc_reg
230.54628,230.54696,0.0006800000000168893,1766.8829393109684,bench_inc_reg
230.74714,230.7478,0.000660000000010541,1707.9227837056592,bench_inc_reg
230.948,230.94866,0.0006599999999821193,1714.0533565048597,bench_inc_reg
231.14884,231.1495,0.0006599999999821193,1702.6781732644276,bench_inc_reg
231.3497,231.3512,0.0014999999999929514,4674.562909617417,bench_inc_idx
231.5514,231.55292,0.0015199999999992997,4742.977840358221,bench_inc_idx
231.75312,231.75462,0.0014999999999929514,4669.594301354295,bench_inc_idx
231.9548,231.95632,0.0015199999999992997,4721.45309438593,bench_inc_idx
232.1565,232.15802,0.0015199999999992997,4715.733567716295,bench_inc_idx
232.35822,232.35972,0.0015000000000213731,4652.870597850649,bench_inc_idx
232.5599,232.56142,0.0015199999999992997,4726.127069442062,bench_inc_idx
232.7616,232.7631,0.0015000000000213731,4668.206286218449,bench_inc_idx
232.96328,232.96478,0.0014999999999929514,4667.6559839166885,bench_inc_idx
233.16498,233.16648,0.0014999999999929514,4653.936368389214,bench_inc_idx
233.36668,233.36818,0.0014999999999929514,4662.374989108803,bench_inc_idx
233.56838,233.56988,0.0015000000000213731,4657.244531039919,bench_inc_idx
233.77008,233.77158,0.0014999999999929514,4644.477607194363,bench_inc_idx
233.97176,233.97328,0.0015199999999992997,4719.994927289551,bench_inc_idx
234.17346,234.17498,0.0015199999999992997,4703.862979073208,bench_inc_idx
234.37516,234.37668,0.0015199999999992997,4726.480529640606,bench_inc_idx
234.57686,234.57838,0.0015199999999992997,4718.281279781014,bench_inc_idx
234.77856,234.78008,0.0015199999999992997,4726.657662539733,bench_inc_idx
234.98026,234.98176,0.0015000000000213731,4658.984360353057,bench_inc_idx
235.18196,235.18346,0.0014999999999929514,4662.138030377095,bench_inc_idx
235.38366,235.38516,0.0015000000000213731,4671.385355825274,bench_inc_idx
235.58536,235.58686,0.0014999999999929514,4660.722285020497,bench_inc_idx
235.78706,235.78856,0.0014999999999929514,4665.7373895648125,bench_inc_idx
235.98876,235.99026,0.0014999999999929514,4661.100171484019,bench_inc_idx
236.19044,236.19196,0.0015199999999992997,4715.507423970215,bench_inc_idx
236.39214,236.39366,0.0015199999999992997,4733.152906408059,bench_inc_idx
236.59384,236.59534,0.0014999999999929514,4678.181502946976,bench_inc_idx
236.79554,236.79704,0.0015000000000213731,4671.385255709805,bench_inc_idx
236.99724,236.99874,0.0014999999999929514,4657.963775076369,bench_inc_idx
237.19894,237.20044,0.0014999999999929514,4686.0143355810915,bench_inc_idx
237.40064,237.40214,0.0014999999999929514,4674.827472749283,bench_inc_idx
237.60234,237.60384,0.0014999999999929514,4688.197327755833,bench_inc_idx
237.80402,237.80552,0.0014999999999929514,4696.2910960204235,bench_inc_idx
238.00572,238.00722,0.0014999999999929514,4671.551485058398,bench_inc_idx
238.2074,238.20892,0.0015199999999992997,4719.505989921427,bench_inc_idx
238.4091,238.4106,0.0014999999999929514,4686.307033967661,bench_inc_idx
238.6108,238.6123,0.0014999999999929514,4665.2067242893545,bench_inc_idx
238.81248,238.81398,0.0014999999999929514,4686.865834496978,bench_inc_idx
239.01418,239.01568,0.0014999999999929514,4688.095832219996,bench_inc_idx
239.21586,239.21736,0.0015000000000213731,4682.1321827094325,bench_inc_idx
239.41756,239.41906,0.0014999999999929514,4683.562028198453,bench_inc_idx
239.61926,239.62076,0.0014999999999929514,4694.477845893143,bench_inc_idx
239.82096,239.82246,0.0014999999999929514,4651.046658378488,bench_inc_idx
240.02266,240.02416,0.0014999999999929514,4661.183315307306,bench_inc_idx
240.22434,240.22586,0.0015199999999992997,4712.427067564737,bench_inc_idx
240.42604,240.42754,0.0014999999999929514,4646.492041625682,bench_inc_idx
240.62774,240.62924,0.0015000000000213731,4654.653712709842,bench_inc_idx
240.82942,240.83094,0.0015199999999992997,4721.655191385867,bench_inc_idx
241.03112,241.03262,0.0015000000000213731,4660.608088664773,bench_inc_idx
241.23282,241.23432,0.0014999999999929514,4661.282049470214,bench_inc_idx
241.43452,241.43602,0.0015000000000213731,4650.291290666858,bench_inc_idx
241.63622,241.63772,0.0014999999999929514,4641.876616492624,bench_inc_idx
241.8379,241.83942,0.0015199999999992997,4720.362490042142,bench_inc_idx
242.0396,242.0411,0.0014999999999929514,4652.938547056733,bench_inc_idx
242.2413,242.2428,0.0014999999999929514,4656.29900570532,bench_inc_idx
242.443,242.4445,0.0014999999999929514,4664.418997684876,bench_inc_idx
242.6447,242.6462,0.0014999999999929514,4673.432724062177,bench_inc_idx
242.8464,242.84792,0.0015199999999992997,4738.131375051312,bench_inc_idx
243.0481,243.0496,0.0014999999999929514,4673.44289643263,bench_inc_idx
243.2498,243.2513,0.0014999999999929514,4674.830450653696,bench_inc_idx
243.4515,243.453,0.0014999999999929514,4672.252768627554,bench_inc_idx
243.6532,243.6547,0.0014999999999929514,4665.989184263591,bench_inc_idx
243.8549,243.8564,0.0015000000000213731,4677.1897748781375,bench_inc_idx
244.0566,244.0581,0.0014999999999929514,4669.382753760768,bench_inc_idx
244.2583,244.2598,0.0015000000000213731,4669.769813837465,bench_inc_idx
244.46,244.4615,0.0014999999999929514,4676.897195144926,bench_inc_idx
244.66168,244.6632,0.0015199999999992997,4743.137918410478,bench_inc_idx
244.86338,244.86488,0.0014999999999929514,4670.0204512803875,bench_inc_idx
245.06508,245.06658,0.0014999999999929514,4685.489796081006,bench_inc_idx
245.26676,245.26828,0.0015199999999992997,4733.116962012708,bench_inc_idx
245.46846,245.46996,0.0014999999999929514,4677.647575714789,bench_inc_idx
245.67016,245.67166,0.0014999999999929514,4672.081193397198,bench_inc_idx
245.87186,245.87336,0.0014999999999929514,4678.3260791336825,bench_inc_idx
246.07354,246.07506,0.0015199999999992997,4730.920791623132,bench_inc_idx
246.27524,246.27674,0.0014999999999929514,4676.217085193999,bench_inc_idx
246.47694,246.47844,0.0014999999999929514,4644.007913279113,bench_inc_idx
246.67862,246.68012,0.0014999999999929514,4660.1017471196865,bench_inc_idx
246.88032,246.88182,0.0014999999999929514,4649.756804552009,bench_inc_idx
247.082,247.08352,0.0015199999999992997,4719.385318456846,bench_inc_idx
247.2837,247.2852,0.0014999999999929514,4640.018527837946,bench_inc_idx
247.4854,247.4869,0.0014999999999929514,4640.942877135558,bench_inc_idx
247.6871,247.6886,0.0015000000000213731,4650.525916434343,bench_inc_idx
247.88878,247.8903,0.0015199999999992997,4721.3062364588695,bench_inc_idx
248.09048,248.09198,0.0014999999999929514,4644.509183684156,bench_inc_idx
248.29218,248.29368,0.0014999999999929514,4650.934275684162,bench_inc_idx
248.49388,248.49538,0.0015000000000213731,4647.288846384955,bench_inc_idx
248.69558,248.69708,0.0014999999999929514,4646.081048972666,bench_inc_idx
248.89728,248.89878,0.0014999999999929514,4664.509058907924,bench_inc_idx
249.09898,249.10048,0.0014999999999929514,4657.989952225204,bench_inc_idx
249.30068,249.30218,0.0014999999999929514,4663.9830642156,bench_inc_idx
249.50238,249.50388,0.0015000000000213731,4665.988537085722,bench_inc_idx
249.70406,249.70556,0.0014999999999929514,4671.615275999389,bench_inc_idx
249.90576,249.90726,0.0015000000000213731,4688.833290778033,bench_inc_idx
250.10744,250.10894,0.0014999999999929514,4772.731077368288,bench_inc_idx
250.30914,250.31064,0.0014999999999929514,4818.882194789367,bench_inc_idx
250.51084,250.51234,0.0014999999999929514,5078.790122619518,bench_inc_idx
250.71252,250.71404,0.0015199999999992997,5001.759852744823,bench_inc_idx
250.91422,250.91572,0.0014999999999929514,4795.350371837351,bench_inc_idx
251.11592,251.11742,0.0015000000000213731,4731.500041739314,bench_inc_idx
251.3176,251.31912,0.0015199999999992997,4779.946797058912,bench_inc_idx
251.5193,251.5208,0.0015000000000213731,4722.307513071231,bench_inc_sym
251.721,251.72248,0.0014799999999866031,4636.262517845066,bench_inc_sym
251.92268,251.92418,0.0014999999999929514,4696.400940860662,bench_inc_sym
252.12438,252.12588,0.0014999999999929514,4712.609124812125,bench_inc_sym
252.32606,252.32756,0.0014999999999929514,4705.80286809823,bench_inc_sym
252.52776,252.52926,0.0014999999999929514,4705.805913523932,bench_inc_sym
252.72946,252.73096,0.0015000000000213731,4712.886349366167,bench_inc_sym
252.93116,252.93266,0.0014999999999929514,4704.560204386064,bench_inc_sym
253.13284,253.13434,0.0015000000000213731,4710.750558945447,bench_inc_sym
253.33454,253.33604,0.0014999999999929514,4691.914562113753,bench_inc_sym
253.53622,253.53772,0.0015000000000213731,4689.199628841828,bench_inc_sym
253.73792,253.73942,0.0014999999999929514,4688.159560296141,bench_inc_sym
253.9396,253.9411,0.0014999999999929514,4693.247335939995,bench_inc_sym
254.1413,254.1428,0.0014999999999929514,4691.175373714861,bench_inc_sym
254.343,254.34448,0.0014800000000150249,4644.601752564122,bench_inc_sym
254.54468,254.54618,0.0014999999999929514,4695.8588342886,bench_inc_sym
254.74636,254.74786,0.0014999999999929514,4708.608975610503,bench_inc_sym
254.94806,254.94956,0.0014999999999929514,4663.730063454574,bench_inc_sym
255.14974,255.15124,0.0014999999999929514,4670.749567426256,bench_inc_sym
255.35144,255.35294,0.0014999999999929514,4668.855515752578,bench_inc_sym
255.55312,255.55462,0.0014999999999929514,4676.924939244379,bench_inc_sym
255.7548,255.7563,0.0015000000000213731,4686.012317029629,bench_inc_sym
255.9565,255.958,0.0014999999999929514,4697.054163531004,bench_inc_sym
256.15818,256.15968,0.0014999999999645297,4682.693763057123,bench_inc_sym
256.35986,256.36136,0.0014999999999645297,4689.150641095289,bench_inc_sym
256.56156,256.56306,0.0015000000000213731,4684.089364089296,bench_inc_sym
256.76326,256.76476,0.0015000000000213731,4686.145670780969,bench_inc_sym
256.96494,256.96644,0.0014999999999645297,4682.133889179927,bench_inc_sym
257.16662,257.16812,0.0014999999999645297,4696.533470300793,bench_inc_sym
257.36832,257.3698,0.0014800000000150249,4613.631081347885,bench_inc_sym
257.57,257.5715,0.0015000000000213731,4706.917374926992,bench_inc_sym
257.77168,257.77318,0.0015000000000213731,4690.028103135218,bench_inc_sym
257.97338,257.97488,0.0014999999999645297,4692.159758303523,bench_inc_sym
258.17506,258.17656,0.0015000000000213731,4703.517032390165,bench_inc_sym
258.37674,258.37824,0.0015000000000213731,4694.931218467776,bench_inc_sym
258.57844,258.57994,0.0015000000000213731,4704.591299006305,bench_inc_sym
258.78012,258.78162,0.0014999999999645297,4700.265084281673,bench_inc_sym
258.98182,258.9833,0.0014799999999581814,4651.151064188232,bench_inc_sym
259.1835,259.185,0.0015000000000213731,4711.7392975582425,bench_inc_sym
259.38518,259.38668,0.0015000000000213731,4725.217535229437,bench_inc_sym
259.58686,259.58836,0.0015000000000213731,4717.243551344995,bench_inc_sym
259.78856,259.79006,0.0014999999999645297,4707.038907686859,bench_inc_sym
259.99024000000003,259.99174,0.0014999999999645297,4699.591928978891,bench_inc_sym
260.19192,260.19342,0.0015000000000213731,4717.350862987272,bench_inc_sym
260.3936,260.3951,0.0015000000000213731,4712.665041510804,bench_inc_sym
260.5953,260.5968,0.0014999999999645297,4718.387245553428,bench_inc_sym
260.79698,260.79848,0.0014999999999645297,4715.892751588405,bench_inc_sym
260.99866,261.00016,0.0015000000000213731,4713.874370858872,bench_inc_sym
261.20036,261.20186,0.0015000000000213731,4708.632989855283,bench_inc_sym
261.40204,261.40354,0.0015000000000213731,4697.981490817472,bench_inc_sym
261.60372,261.60522,0.0014999999999645297,4698.772353476957,bench_inc_sym
261.80542,261.80692,0.0014999999999645297,4678.870127422749,bench_inc_sym
262.0071,262.0086,0.0015000000000213731,4690.50623017886,bench_inc_sym
262.2088,262.2103,0.0015000000000213731,4700.1182568032855,bench_inc_sym
262.41048,262.41198,0.0015000000000213731,4707.038095285688,bench_inc_sym
262.61218,262.61366,0.0014799999999581814,4624.458786427821,bench_inc_sym
262.81386,262.81536,0.0015000000000213731,4696.754552492536,bench_inc_sym
263.01556,263.01706,0.0015000000000213731,4692.781618864186,bench_inc_sym
263.21724,263.21874,0.0015000000000213731,4697.518115930264,bench_inc_sym
263.41894,263.42044,0.0014999999999645297,4678.3417252657255,bench_inc_sym
263.62062,263.62212,0.0015000000000213731,4700.036658973231,bench_inc_sym
263.82232,263.82382,0.0015000000000213731,4694.748777032635,bench_inc_sym
264.024,264.0255,0.0015000000000213731,4699.401846220691,bench_inc_sym
264.2257,264.2272,0.0014999999999645297,4701.992950753959,bench_inc_sym
264.42738,264.42888,0.0014999999999645297,4687.678762596556,bench_inc_sym
264.62908,264.63058,0.0015000000000213731,4699.90278368314,bench_inc_sym
264.83076,264.83226,0.0015000000000213731,4700.650414519835,bench_inc_sym
265.03244,265.03394,0.0014999999999645297,4711.892267112522,bench_inc_sym
265.23414,265.23564,0.0014999999999645297,4703.891298152494,bench_inc_sym
265.43582,265.43732,0.0015000000000213731,4713.982241296118,bench_inc_sym
265.63752,265.63902,0.0015000000000213731,4699.423112975966,bench_inc_sym
265.8392,265.8407,0.0015000000000213731,4719.813161131412,bench_inc_sym
266.0409,266.0424,0.0014999999999645297,4710.959393884174,bench_inc_sym
266.2426,266.24408,0.0014800000000150249,4633.7711485604905,bench_inc_sym
266.44428,266.44578,0.0015000000000213731,4697.55877048796,bench_inc_sym
266.64598,266.64746,0.0014800000000150249,4634.658366023044,bench_inc_sym
266.84766,266.84916,0.0014999999999645297,4687.143303337853,bench_inc_sym
267.04934,267.05084,0.0015000000000213731,4701.4261736287135,bench_inc_sym
267.25104,267.25254,0.0015000000000213731,4702.457592422444,bench_inc_sym
267.45274,267.45422,0.0014800000000150249,4647.402702877153,bench_inc_sym
267.65442,267.65592,0.0014999999999645297,4698.365614636684,bench_inc_sym
267.85612,267.85762,0.0015000000000213731,4707.515449328268,bench_inc_sym
268.0578,268.0593,0.0015000000000213731,4696.926798274485,bench_inc_sym
268.2595,268.261,0.0015000000000213731,4685.436373177054,bench_inc_sym
268.4612,268.4627,0.0014999999999645297,4685.478568894787,bench_inc_sym
268.66288,268.66438,0.0015000000000213731,4688.668858794314,bench_inc_sym
268.86458,268.86608,0.0015000000000213731,4699.30127269917,bench_inc_sym
269.06626,269.06776,0.0015000000000213731,4703.074111670913,bench_inc_sym
269.26796,269.26946,0.0014999999999645297,4682.262064776293,bench_inc_sym
269.46966,269.47116,0.0015000000000213731,4697.412834571511,bench_inc_sym
269.67136,269.67286,0.0015000000000213731,4687.588333687082,bench_inc_sym
269.87304,269.87454,0.0015000000000213731,4689.388333422395,bench_inc_sym
270.07474,270.07624,0.0014999999999645297,4705.673712194124,bench_inc_sym
270.27642,270.27792,0.0015000000000213731,4688.477658268823,bench_inc_sym
270.47812,270.47962,0.0015000000000213731,4687.722171724724,bench_inc_sym
270.67982,270.68132,0.0015000000000213731,4686.272903415193,bench_inc_sym
270.8815,270.883,0.0014999999999645297,4711.4080212840145,bench_inc_sym
271.0832,271.0847,0.0015000000000213731,4691.991275244475,bench_inc_sym
271.2849,271.2864,0.0015000000000213731,4705.543115338861,bench_inc_sym
271.4866,271.4881,0.0014999999999645297,4706.313577367907,bench_inc_sym
271.6883,271.6898,0.0014999999999645297,4629.039515161856,bench_inc_abs
271.88998,271.89148,0.0015000000000213731,4643.904822946956,bench_inc_abs
272.09168,272.09318,0.0015000000000213731,4643.898909050843,bench_inc_abs
272.29338,272.29488,0.0014999999999645297,4637.027247698193,bench_inc_abs
272.49506,272.49656,0.0014999999999645297,4648.430445117522,bench_inc_abs
272.69676,272.69826,0.0015000000000213731,4647.196403306128,bench_inc_abs
272.89844,272.89994,0.0015000000000213731,4651.5988861885235,bench_inc_abs
273.10012,273.10162,0.0015000000000213731,4648.239708105145,bench_inc_abs
273.30182,273.30332,0.0014999999999645297,4646.394862680092,bench_inc_abs
273.5035,273.505,0.0015000000000213731,4649.983574706635,bench_inc_abs
273.7052,273.7067,0.0015000000000213731,4664.216891463084,bench_inc_abs
273.90688,273.90838,0.0015000000000213731,4669.053435858212,bench_inc_abs
274.10858,274.11008,0.0014999999999645297,4664.173098167385,bench_inc_abs
274.31028,274.31178,0.0015000000000213731,4630.567245255365,bench_inc_abs
274.51196,274.51346,0.0015000000000213731,4653.593688338087,bench_inc_abs
274.71366,274.71516,0.0015000000000213731,4605.8054851054485,bench_inc_abs
274.91534,274.91684,0.0014999999999645297,4628.47005564612,bench_inc_abs
275.11704,275.11854,0.0015000000000213731,4627.531697107372,bench_inc_abs
275.31872,275.32022,0.0015000000000213731,4632.552685282709,bench_inc_abs
275.52042,275.52192,0.0015000000000213731,4636.438586811865,bench_inc_abs
275.7221,275.7236,0.0014999999999645297,4641.313918291976,bench_inc_abs
275.9238,275.9253,0.0014999999999645297,4624.873089957689,bench_inc_abs
276.12548,276.12698,0.0015000000000213731,4645.05550458146,bench_inc_abs
276.32718,276.32868,0.0015000000000213731,4639.393228635936,bench_inc_abs
276.52888,276.53038,0.0014999999999645297,4631.928515044123,bench_inc_abs
276.73058,276.73208,0.0015000000000213731,4630.93139237991,bench_inc_abs
276.93226,276.93376,0.0015000000000213731,4627.019702524703,bench_inc_abs
277.13396,277.13546,0.0015000000000213731,4631.81842357884,bench_inc_abs
277.33566,277.33714,0.0014799999999581814,4593.745649194741,bench_inc_abs
277.53736,277.53884,0.0014800000000150249,4584.268413066489,bench_inc_abs
277.73904,277.74054,0.0015000000000213731,4638.923420636373,bench_inc_abs
277.94074,277.94224,0.0015000000000213731,4635.068792914867,bench_inc_abs
278.14244,278.14394,0.0014999999999645297,4633.343135826956,bench_inc_abs
278.34414,278.34562,0.0014800000000150249,4577.87520722803,bench_inc_abs
278.54582,278.54732,0.0015000000000213731,4636.127722986122,bench_inc_abs
278.74752,278.74902,0.0014999999999645297,4648.643038127295,bench_inc_abs
278.94922,278.95072,0.0014999999999645297,4646.615739797506,bench_inc_abs
279.15092,279.1524,0.0014800000000150249,4610.720993996479,bench_inc_abs
279.3526,279.3541,0.0015000000000213731,4663.111397598813,bench_inc_abs
279.5543,279.5558,0.0014999999999645297,4666.030572152348,bench_inc_abs
279.756,279.7575,0.0015000000000213731,4644.770205551863,bench_inc_abs
279.9577,279.9592,0.0015000000000213731,4647.75734587722,bench_inc_abs
280.1594,280.1609,0.0015000000000213731,4648.403907260908,bench_inc_abs
280.3611,280.3626,0.0014999999999645297,4655.338572226312,bench_inc_abs
280.5628,280.5643,0.0015000000000213731,4638.250416676911,bench_inc_abs
280.76448,280.76598,0.0015000000000213731,4654.476500650151,bench_inc_abs
280.96618,280.96768,0.0014999999999645297,4637.395897773758,bench_inc_abs
281.16788,281.16938,0.0014999999999645297,4648.453518634468,bench_inc_abs
281.36958,281.37108,0.0015000000000213731,4641.081304352922,bench_inc_abs
281.57126,281.57276,0.0015000000000213731,4638.46924488694,bench_inc_abs
281.77296,281.77446,0.0014999999999645297,4626.026553922854,bench_inc_abs
281.97466,281.97616,0.0015000000000213731,4642.228896330388,bench_inc_abs
282.17634,282.17784,0.0015000000000213731,4645.865194104922,bench_inc_abs
282.37804,282.37954,0.0015000000000213731,4639.347791738765,bench_inc_abs
282.57972,282.58122,0.0014999999999645297,4627.428990676007,bench_inc_abs
282.78142,282.78292,0.0014999999999645297,4653.892004747251,bench_inc_abs
282.98312,282.98462,0.0015000000000213731,4635.366858053812,bench_inc_abs
283.1848,283.1863,0.0015000000000213731,4643.492559042906,bench_inc_abs
283.3865,283.388,0.0014999999999645297,4645.1110345120605,bench_inc_abs
283.5882,283.5897,0.0015000000000213731,4627.340138025781,bench_inc_abs
283.7899,283.7914,0.0015000000000213731,4611.376479800291,bench_inc_abs
283.9916,283.9931,0.0015000000000213731,4631.806805331077,bench_inc_abs
284.1933,284.1948,0.0014999999999645297,4620.3859940907505,bench_inc_abs
284.395,284.3965,0.0015000000000213731,4617.5371413812645,bench_inc_abs
284.59668,284.59818,0.0015000000000213731,4618.846192092252,bench_inc_abs
284.79838,284.79988,0.0014999999999645297,4646.514984667695,bench_inc_abs
285.00008,285.00158,0.0014999999999645297,4641.294996140706,bench_inc_abs
285.20178,285.20328,0.0015000000000213731,4637.332598282169,bench_inc_abs
285.40348,285.40498,0.0015000000000213731,4638.539659859135,bench_inc_abs
285.60518,285.60666,0.0014799999999581814,4578.634372313204,bench_inc_abs
285.80686,285.80836,0.0015000000000213731,4651.7106937888775,bench_inc_abs
286.00856,286.01006,0.0015000000000213731,4663.92897775034,bench_inc_abs
286.21026,286.21176,0.0015000000000213731,4652.820553228889,bench_inc_abs
286.41196,286.41346,0.0014999999999645297,4655.964753944237,bench_inc_abs
286.61364,286.61514,0.0015000000000213731,4652.688012062473,bench_inc_abs
286.81534,286.81684,0.0015000000000213731,4648.772745927123,bench_inc_abs
287.01704,287.01854,0.0014999999999645297,4646.614240369038,bench_inc_abs
287.21872,287.22022,0.0014999999999645297,4634.870416374511,bench_inc_abs
287.42042,287.42192,0.0015000000000213731,4644.580325180554,bench_inc_abs
287.62212,287.62362,0.0015000000000213731,4649.482090094155,bench_inc_abs
287.82382,287.82532,0.0014999999999645297,4630.068926966451,bench_inc_abs
288.02552,288.02702,0.0015000000000213731,4618.291121507809,bench_inc_abs
288.22722,288.22872,0.0015000000000213731,4623.573701893851,bench_inc_abs
288.42892,288.43042,0.0015000000000213731,4639.144120802894,bench_inc_abs
288.63062,288.63212,0.0014999999999645297,4636.2301124070245,bench_inc_abs
288.83232,288.83382,0.0015000000000213731,4647.037705941687,bench_inc_abs
289.034,289.0355,0.0015000000000213731,4641.59453992471,bench_inc_abs
289.2357,289.2372,0.0014999999999645297,4638.805042375772,bench_inc_abs
289.43738,289.43888,0.0014999999999645297,4641.727362647723,bench_inc_abs
289.63906,289.64056,0.0015000000000213731,4623.423605295528,bench_inc_abs
289.84076,289.84226,0.0015000000000213731,4616.9497725289275,bench_inc_abs
290.04244,290.04394,0.0015000000000213731,4612.526446649038,bench_inc_abs
290.24414,290.24564,0.0014999999999645297,4628.0527998522275,bench_inc_abs
290.44584,290.44734,0.0015000000000213731,4637.419735150182,bench_inc_abs
290.64754,290.64904,0.0015000000000213731,4613.39684209926,bench_inc_abs
290.84922,290.85072,0.0015000000000213731,4546.218116365385,bench_inc_abs
291.05092,291.05242,0.0014999999999645297,4558.680811787056,bench_inc_abs
291.25262,291.2541,0.0014800000000150249,4520.53055404761,bench_inc_abs
291.4543,291.4558,0.0015000000000213731,4620.847662511473,bench_inc_abs
291.656,291.6575,0.0015000000000213731,4639.583951859826,bench_inc_abs
291.8577,291.85838,0.0006799999999884676,1747.7251542263834,bench_rlam_1_reg
292.05856,292.05924,0.0006799999999884676,1775.137956691645,bench_rlam_1_reg
292.25944,292.26012,0.0006799999999884676,1781.4081022308676,bench_rlam_1_reg
292.46032,292.461,0.0006799999999884676,1758.4464721813843,bench_rlam_1_reg
292.6612,292.66188,0.0006799999999884676,1751.8588900269042,bench_rlam_1_reg
292.86206,292.86276,0.0006999999999948159,1817.888743240988,bench_rlam_1_reg
293.06294,293.06362,0.0006799999999884676,1771.3789059265837,bench_rlam_1_reg
293.26382,293.2645,0.0006799999999884676,1761.6603802533812,bench_rlam_1_reg
293.4647,293.46538,0.0006799999999884676,1755.814859619378,bench_rlam_1_reg
293.66556,293.66624,0.0006799999999884676,1755.395326712015,bench_rlam_1_reg
293.86644,293.86712,0.0006799999999884676,1764.6141186935029,bench_rlam_1_reg
294.06732,294.068,0.0006799999999884676,1759.0279667402308,bench_rlam_1_reg
294.2682,294.26888,0.000680000000045311,1753.9470876866787,bench_rlam_1_reg
294.46908,294.46976,0.0006799999999884676,1766.2251763550514,bench_rlam_1_reg
294.66994,294.67064,0.0006999999999948159,1820.1948958363885,bench_rlam_1_reg
294.87082,294.8715,0.000680000000045311,1774.0664003754246,bench_rlam_1_reg
295.07168,295.07236,0.0006799999999884676,1759.6231819706948,bench_rlam_1_reg
295.27256,295.27324,0.0006799999999884676,1748.2335446135078,bench_rlam_1_reg
295.47342,295.4741,0.000680000000045311,1760.7055885153732,bench_rlam_1_reg
295.6743,295.67498,0.0006799999999884676,1766.1233502026837,bench_rlam_1_reg
295.87518,295.87586,0.0006799999999884676,1753.0497349528357,bench_rlam_1_reg
296.07606,296.07674,0.0006799999999884676,1759.229721478564,bench_rlam_1_reg
296.27694,296.27762,0.0006799999999884676,1762.7690219759454,bench_rlam_1_reg
296.47782,296.4785,0.0006799999999884676,1753.96196541226,bench_rlam_1_reg
296.67868,296.67936,0.0006799999999884676,1753.2858811120677,bench_rlam_1_reg
296.87956,296.88024,0.0006799999999884676,1761.5693853668377,bench_rlam_1_reg
297.08044,297.08112,0.0006799999999884676,1753.6099766958582,bench_rlam_1_reg
297.28132,297.282,0.0006799999999884676,1754.9797124008453,bench_rlam_1_reg
297.48218,297.48286,0.0006799999999884676,1750.9113647454433,bench_rlam_1_reg
297.68306,297.68374,0.0006799999999884676,1764.1181125885346,bench_rlam_1_reg
297.88394,297.88462,0.0006799999999884676,1749.7329460195706,bench_rlam_1_reg
298.0848,298.08548,0.000680000000045311,1774.924001784287,bench_rlam_1_reg
298.28568,298.28636,0.0006799999999884676,1757.7315307798294,bench_rlam_1_reg
298.48654,298.48722,0.0006799999999884676,1753.9378278651825,bench_rlam_1_reg
298.68742,298.6881,0.000680000000045311,1762.036972341951,bench_rlam_1_reg
298.8883,298.88898,0.0006799999999884676,1769.8288266177221,bench_rlam_1_reg
299.08918,299.08986,0.0006799999999884676,1760.3363026595969,bench_rlam_1_reg
299.29006,299.29074,0.000680000000045311,1750.9322172376835,bench_rlam_1_reg
299.49094,299.49162,0.0006799999999884676,1745.4074578758436,bench_rlam_1_reg
299.69182,299.6925,0.0006799999999884676,1746.9961242445308,bench_rlam_1_reg
299.8927,299.89338,0.0006799999999884676,1755.4715112532788,bench_rlam_1_reg
300.09358,300.09426,0.000680000000045311,1759.198878555859,bench_rlam_1_reg
300.29446,300.29514,0.0006799999999884676,1744.7117599293485,bench_rlam_1_reg
300.49534,300.49602,0.0006799999999884676,1752.0909267206673,bench_rlam_1_reg
300.69622,300.6969,0.000680000000045311,1745.4388366404526,bench_rlam_1_reg
300.8971,300.89778,0.0006799999999884676,1739.5611339679633,bench_rlam_1_reg
301.09798,301.09866,0.0006799999999884676,1751.3666907006111,bench_rlam_1_reg
301.29884,301.29954,0.0006999999999948159,1804.3600837644633,bench_rlam_1_reg
301.49972,301.5004,0.0006799999999884676,1765.9067757860987,bench_rlam_1_reg
301.7006,301.70128,0.0006799999999884676,1749.0631877147878,bench_rlam_1_reg
301.90148,301.90216,0.0006799999999884676,1747.5316044666058,bench_rlam_1_reg
302.10236,302.10304,0.000680000000045311,1767.4492813070535,bench_rlam_1_reg
302.30324,302.30392,0.0006799999999884676,1751.997736237654,bench_rlam_1_reg
302.50412,302.5048,0.0006799999999884676,1752.6136571278853,bench_rlam_1_reg
302.705,302.70568,0.0006799999999884676,1744.3618178182903,bench_rlam_1_reg
302.90588,302.90656,0.0006799999999884676,1758.8085960131457,bench_rlam_1_reg
303.10676,303.10744,0.0006799999999884676,1761.433724283609,bench_rlam_1_reg
303.30762,303.3083,0.0006799999999884676,1746.9592392249228,bench_rlam_1_reg
303.5085,303.5092,0.0006999999999948159,1806.2321585236193,bench_rlam_1_reg
303.7094,303.71008,0.0006799999999884676,1750.297383363925,bench_rlam_1_reg
303.91026,303.91096,0.0006999999999948159,1810.2370132615756,bench_rlam_1_reg
304.11114,304.11182,0.000680000000045311,1758.3907583129374,bench_rlam_1_reg
304.31202,304.3127,0.0006799999999884676,1755.8506433441744,bench_rlam_1_reg
304.5129,304.51358,0.0006799999999884676,1770.9695081907196,bench_rlam_1_reg
304.71378,304.71446,0.0006799999999884676,1761.5539929641648,bench_rlam_1_reg
304.91466,304.91534,0.0006799999999884676,1765.594524279663,bench_rlam_1_reg
305.11554,305.11624,0.0006999999999948159,1803.059522043605,bench_rlam_1_reg
305.31642,305.3171,0.0006799999999884676,1761.939532565439,bench_rlam_1_reg
305.5173,305.51798,0.000680000000045311,1751.187155150859,bench_rlam_1_reg
305.71818,305.71886,0.0006799999999884676,1758.8349571035612,bench_rlam_1_reg
305.91906,305.91974,0.0006799999999884676,1752.4028080267374,bench_rlam_1_reg
306.11994,306.12062,0.0006799999999884676,1757.666186873034,bench_rlam_1_reg
306.32082,306.3215,0.0006799999999884676,1751.6976315043935,bench_rlam_1_reg
306.52168,306.52236,0.0006799999999884676,1758.5669969829114,bench_rlam_1_reg
306.72256,306.72324,0.0006799999999884676,1759.0943514149506,bench_rlam_1_reg
306.92344,306.92412,0.0006799999999884676,1764.1614144166026,bench_rlam_1_reg
307.12432,307.125,0.0006799999999884676,1758.9389485887896,bench_rlam_1_reg
307.3252,307.32588,0.0006799999999884676,1750.5430988714388,bench_rlam_1_reg
307.52608,307.52676,0.000680000000045311,1747.255195058785,bench_rlam_1_reg
307.72696,307.72764,0.0006799999999884676,1756.7122098589246,bench_rlam_1_reg
307.92784,307.92852,0.0006799999999884676,1756.2185809663522,bench_rlam_1_reg
308.12872,308.1294,0.0006799999999884676,1757.5496504801529,bench_rlam_1_reg
308.3296,308.33028,0.0006799999999884676,1743.3892166664803,bench_rlam_1_reg
308.53048,308.53116,0.0006799999999884676,1754.0490650222378,bench_rlam_1_reg
308.73136,308.73204,0.0006799999999884676,1756.2856804357518,bench_rlam_1_reg
308.93224,308.93292,0.000680000000045311,1751.0665395630758,bench_rlam_1_reg
309.13312,309.1338,0.0006799999999884676,1758.9161824008231,bench_rlam_1_reg
309.334,309.33468,0.0006799999999884676,1746.0117139538206,bench_rlam_1_reg
309.53488,309.53556,0.0006799999999884676,1746.5763003334048,bench_rlam_1_reg
309.73576,309.73644,0.0006799999999884676,1741.699238719743,bench_rlam_1_reg
309.93664,309.93732,0.0006799999999884676,1750.8322326112702,bench_rlam_1_reg
310.13752,310.1382,0.0006799999999884676,1751.7773946506045,bench_rlam_1_reg
310.33842,310.3391,0.0006799999999884676,1753.529508108202,bench_rlam_1_reg
310.5393,310.53998,0.0006799999999884676,1745.5733986093937,bench_rlam_1_reg
310.74018,310.74086,0.0006799999999884676,1763.5310487445195,bench_rlam_1_reg
310.94106,310.94174,0.0006799999999884676,1758.5315648258193,bench_rlam_1_reg
311.14194,311.14262,0.000680000000045311,1751.9030535044533,bench_rlam_1_reg
311.34284,311.34352,0.0006799999999884676,1741.9989406556679,bench_rlam_1_reg
311.54372,311.5444,0.0006799999999884676,1743.7235288966358,bench_rlam_1_reg
311.7446,311.74528,0.0006799999999884676,1747.7410449388988,bench_rlam_1_reg
311.94548,311.94628,0.0008000000000265572,2030.1814936891496,bench_rlam_2_reg
312.14648,312.14728,0.0008000000000265572,2039.873204266642,bench_rlam_2_reg
312.34748,312.3483,0.0008199999999760621,2101.836365105393,bench_rlam_2_reg
312.5485,312.5493,0.0008000000000265572,2039.017188439739,bench_rlam_2_reg
312.7495,312.7503,0.0007999999999697138,2052.7986692353297,bench_rlam_2_reg
312.95052,312.95132,0.0008000000000265572,2035.8461514887933,bench_rlam_2_reg
313.15152,313.15232,0.0007999999999697138,2055.6032493853754,bench_rlam_2_reg
313.35252,313.35334,0.0008199999999760621,2099.840531507312,bench_rlam_2_reg
313.55354,313.55434,0.0008000000000265572,2044.801833181776,bench_rlam_2_reg
313.75454,313.75536,0.0008199999999760621,2098.204879946646,bench_rlam_2_reg
313.95556,313.95636,0.0008000000000265572,2043.8270970083727,bench_rlam_2_reg
314.15656,314.15736,0.0007999999999697138,2038.5597389327456,bench_rlam_2_reg
314.35758,314.35838,0.0008000000000265572,2034.80423668566,bench_rlam_2_reg
314.55858,314.5594,0.0008199999999760621,2104.4182823331357,bench_rlam_2_reg
314.7596,314.7604,0.0008000000000265572,2043.1156480548564,bench_rlam_2_reg
314.9606,314.9614,0.0008000000000265572,2038.4930237931555,bench_rlam_2_reg
315.1616,315.16242,0.0008199999999760621,2105.835876351176,bench_rlam_2_reg
315.36262,315.36342,0.0008000000000265572,2035.7742510556745,bench_rlam_2_reg
315.56362,315.56444,0.0008199999999760621,2108.2935760953824,bench_rlam_2_reg
315.76464,315.76544,0.0008000000000265572,2042.7059219965813,bench_rlam_2_reg
315.96566,315.96646,0.0007999999999697138,2034.0931926953763,bench_rlam_2_reg
316.16666,316.16746,0.0008000000000265572,2039.0150650248208,bench_rlam_2_reg
316.36766,316.36846,0.0008000000000265572,2055.0540742242815,bench_rlam_2_reg
316.56866,316.56948,0.0008199999999760621,2101.1170767361127,bench_rlam_2_reg
316.76968,316.77048,0.0008000000000265572,2045.9483168822892,bench_rlam_2_reg
316.97068,316.97148,0.0007999999999697138,2030.3602748651288,bench_rlam_2_reg
317.17168,317.17248,0.0008000000000265572,2046.4673266603554,bench_rlam_2_reg
317.37268,317.37348,0.0007999999999697138,2050.000734087636,bench_rlam_2_reg
317.57368,317.57448,0.0007999999999697138,2044.4167823463208,bench_rlam_2_reg
317.77468,317.77548,0.0008000000000265572,2056.7183895810044,bench_rlam_2_reg
317.97568,317.9765,0.0008199999999760621,2093.032060591381,bench_rlam_2_reg
318.17668,318.1775,0.0008200000000329055,2111.9355225050567,bench_rlam_2_reg
318.37768,318.3785,0.0008199999999760621,2104.7412254259775,bench_rlam_2_reg
318.57868,318.5795,0.0008199999999760621,2098.13778746732,bench_rlam_2_reg
318.77968,318.7805,0.0008200000000329055,2094.7619901037765,bench_rlam_2_reg
318.98068,318.9815,0.0008199999999760621,2109.233308519557,bench_rlam_2_reg
319.1817,319.1825,0.0008000000000265572,2051.7629339189075,bench_rlam_2_reg
319.3827,319.3835,0.0008000000000265572,2049.708440971967,bench_rlam_2_reg
319.5837,319.5845,0.0007999999999697138,2037.5148369044698,bench_rlam_2_reg
319.7847,319.7855,0.0008000000000265572,2045.604370147061,bench_rlam_2_reg
319.9857,319.9865,0.0007999999999697138,2041.3011754081183,bench_rlam_2_reg
320.1867,320.1875,0.0008000000000265572,2019.1067085450572,bench_rlam_2_reg
320.3877,320.3885,0.0008000000000265572,2034.267692434244,bench_rlam_2_reg
320.5887,320.5895,0.0007999999999697138,2049.347699993428,bench_rlam_2_reg
320.7897,320.7905,0.0008000000000265572,2055.5800782366337,bench_rlam_2_reg
320.9907,320.9915,0.0007999999999697138,2054.857935213664,bench_rlam_2_reg
321.19172,321.19252,0.0008000000000265572,2042.1402809079361,bench_rlam_2_reg
321.39272,321.39354,0.0008199999999760621,2101.666517498949,bench_rlam_2_reg
321.59374,321.59454,0.0007999999999697138,2051.445774167756,bench_rlam_2_reg
321.79474,321.79556,0.0008200000000329055,2109.6919245101803,bench_rlam_2_reg
321.99576,321.99656,0.0007999999999697138,2027.8531754424998,bench_rlam_2_reg
322.19676,322.19756,0.0008000000000265572,2050.461063704851,bench_rlam_2_reg
322.39778,322.39858,0.0007999999999697138,2039.8274528909028,bench_rlam_2_reg
322.59878,322.59958,0.0008000000000265572,2053.734161971258,bench_rlam_2_reg
322.79978,322.8006,0.0008199999999760621,2088.9119570507087,bench_rlam_2_reg
323.0008,323.0016,0.0007999999999697138,2030.4932025235582,bench_rlam_2_reg
323.2018,323.2026,0.0008000000000265572,2045.8195196272377,bench_rlam_2_reg
323.4028,323.40362,0.0008199999999760621,2095.125741257716,bench_rlam_2_reg
323.60382,323.60462,0.0008000000000265572,2048.0509918008056,bench_rlam_2_reg
323.80484,323.80564,0.0007999999999697138,2027.5525189101554,bench_rlam_2_reg
324.00584,324.00664,0.0008000000000265572,2045.5190074487964,bench_rlam_2_reg
324.20686,324.20766,0.0007999999999697138,2037.928712008865,bench_rlam_2_reg
324.40786,324.40866,0.0007999999999697138,2037.0930013192312,bench_rlam_2_reg
324.60886,324.60968,0.0008200000000329055,2108.23015784732,bench_rlam_2_reg
324.80988,324.81068,0.0007999999999697138,2041.8883929068752,bench_rlam_2_reg
325.01088,325.0117,0.0008200000000329055,2106.9065854897804,bench_rlam_2_reg
325.2119,325.2127,0.0007999999999697138,2046.982708772073,bench_rlam_2_reg
325.4129,325.4137,0.0008000000000265572,2045.7201288854644,bench_rlam_2_reg
325.6139,325.61472,0.0008199999999760621,2107.617123927341,bench_rlam_2_reg
325.81492,325.81572,0.0008000000000265572,2035.3286248480708,bench_rlam_2_reg
326.01594,326.01674,0.0008000000000265572,2040.2677404485833,bench_rlam_2_reg
326.21694,326.21774,0.0007999999999697138,2035.3628274900298,bench_rlam_2_reg
326.41796,326.41876,0.0008000000000265572,2050.4964912124506,bench_rlam_2_reg
326.61896,326.61978,0.0008199999999760621,2107.904241354371,bench_rlam_2_reg
326.81998,326.82078,0.0008000000000265572,2045.6880355103615,bench_rlam_2_reg
327.021,327.0218,0.0007999999999697138,2044.260322498726,bench_rlam_2_reg
327.22202,327.22282,0.0008000000000265572,2043.3660737056955,bench_rlam_2_reg
327.42302,327.42384,0.0008199999999760621,2101.240216230415,bench_rlam_2_reg
327.62404,327.62484,0.0008000000000265572,2046.2187194090923,bench_rlam_2_reg
327.82506,327.82586,0.0007999999999697138,2040.0348467938709,bench_rlam_2_reg
328.02606,328.02688,0.0008200000000329055,2102.416888907856,bench_rlam_2_reg
328.22708,328.22788,0.0008000000000265572,2044.4271947058191,bench_rlam_2_reg
328.42808,328.4289,0.0008199999999760621,2114.1533319939003,bench_rlam_2_reg
328.6291,328.6299,0.0008000000000265572,2045.9112292884622,bench_rlam_2_reg
328.83012,328.83092,0.0007999999999697138,2037.4923640900026,bench_rlam_2_reg
329.03112,329.03192,0.0008000000000265572,2047.6456429653276,bench_rlam_2_reg
329.23212,329.23294,0.0008199999999760621,2095.8729110965887,bench_rlam_2_reg
329.43314,329.43394,0.0008000000000265572,2049.844025247207,bench_rlam_2_reg
329.63414,329.63494,0.0007999999999697138,2029.4991810065383,bench_rlam_2_reg
329.83514,329.83594,0.0007999999999697138,2038.026004928737,bench_rlam_2_reg
330.03614,330.03696,0.0008200000000329055,2087.380918766367,bench_rlam_2_reg
330.23716,330.23796,0.0007999999999697138,2037.654479411052,bench_rlam_2_reg
330.43816,330.43896,0.0008000000000265572,2050.740025083714,bench_rlam_2_reg
330.63916,330.63996,0.0007999999999697138,2045.3236088313051,bench_rlam_2_reg
330.84016,330.84096,0.0007999999999697138,2048.0854133080416,bench_rlam_2_reg
331.04118,331.04198,0.0008000000000265572,2040.6084531708907,bench_rlam_2_reg
331.24218,331.24298,0.0007999999999697138,2045.4087340290719,bench_rlam_2_reg
331.44318,331.44398,0.0008000000000265572,2040.4693764511858,bench_rlam_2_reg
331.64418,331.64498,0.0007999999999697138,2068.1554450787658,bench_rlam_2_reg
331.84518,331.846,0.0008199999999760621,2104.058281902213,bench_rlam_2_reg
332.04618,332.04712,0.0009400000000141517,2336.0050726183376,bench_rlam_3_reg
332.24732,332.24826,0.0009400000000141517,2326.598863623272,bench_rlam_3_reg
332.44846,332.44938,0.0009200000000078035,2275.990692446233,bench_rlam_3_reg
332.6496,332.65052,0.00091999999995096,2274.0676508782794,bench_rlam_3_reg
332.85072,332.85166,0.0009399999999573083,2332.398861050195,bench_rlam_3_reg
333.05186,333.0528,0.0009400000000141517,2334.6442194176648,bench_rlam_3_reg
333.253,333.25394,0.0009400000000141517,2333.6300603571713,bench_rlam_3_reg
333.45414,333.45506,0.0009200000000078035,2280.1374132062265,bench_rlam_3_reg
333.65528,333.65622,0.0009400000000141517,2323.5001322217777,bench_rlam_3_reg
333.85642,333.85736,0.0009400000000141517,2341.0055111424435,bench_rlam_3_reg
334.05756,334.05848,0.00091999999995096,2280.944881351131,bench_rlam_3_reg
334.2587,334.25962,0.0009200000000078035,2276.4322371545422,bench_rlam_3_reg
334.45984,334.46076,0.0009200000000078035,2283.023304802222,bench_rlam_3_reg
334.66096,334.6619,0.0009400000000141517,2341.8061179578813,bench_rlam_3_reg
334.8621,334.86304,0.0009400000000141517,2337.3242933705687,bench_rlam_3_reg
335.06324,335.06416,0.0009200000000078035,2290.9413674089856,bench_rlam_3_reg
335.26438,335.2653,0.0009200000000078035,2266.499958939223,bench_rlam_3_reg
335.4655,335.46644,0.0009399999999573083,2332.636534583276,bench_rlam_3_reg
335.66664,335.66756,0.0009200000000078035,2265.6816826479426,bench_rlam_3_reg
335.86776,335.8687,0.0009400000000141517,2327.8138717143856,bench_rlam_3_reg
336.0689,336.06984,0.0009400000000141517,2337.4101031072496,bench_rlam_3_reg
336.27004,336.27098,0.0009400000000141517,2344.547328583347,bench_rlam_3_reg
336.47118,336.47212,0.0009400000000141517,2334.1652681436394,bench_rlam_3_reg
336.67232,336.67324,0.0009200000000078035,2274.286188196265,bench_rlam_3_reg
336.87344,336.87438,0.0009399999999573083,2342.8191010526475,bench_rlam_3_reg
337.07458,337.07552,0.0009399999999573083,2346.2633158649855,bench_rlam_3_reg
337.27572,337.27666,0.0009400000000141517,2322.988794230193,bench_rlam_3_reg
337.47686,337.47778,0.0009200000000078035,2270.5870121987446,bench_rlam_3_reg
337.67798,337.67892,0.0009400000000141517,2342.3944600366117,bench_rlam_3_reg
337.87912,337.88006,0.0009400000000141517,2334.857217541106,bench_rlam_3_reg
338.08026,338.08118,0.0009200000000078035,2272.2566337468065,bench_rlam_3_reg
338.28138,338.28232,0.0009400000000141517,2332.2235583594975,bench_rlam_3_reg
338.48252,338.48344,0.00091999999995096,2286.126571565662,bench_rlam_3_reg
338.68366,338.68458,0.0009200000000078035,2274.9006888206077,bench_rlam_3_reg
338.8848,338.88572,0.0009200000000078035,2284.7046004900208,bench_rlam_3_reg
339.08592,339.08686,0.0009400000000141517,2330.3623497953345,bench_rlam_3_reg
339.28706,339.288,0.0009400000000141517,2329.5073118447176,bench_rlam_3_reg
339.48818,339.48912,0.0009400000000141517,2339.485692834055,bench_rlam_3_reg
339.68932,339.69024,0.0009200000000078035,2290.0361847330596,bench_rlam_3_reg
339.89044,339.89138,0.0009400000000141517,2337.936731079763,bench_rlam_3_reg
340.09158,340.0925,0.00091999999995096,2274.667322502938,bench_rlam_3_reg
340.2927,340.29364,0.0009399999999573083,2343.8774141097038,bench_rlam_3_reg
340.49384,340.49478,0.0009400000000141517,2324.9858036142964,bench_rlam_3_reg
340.69498,340.6959,0.0009200000000078035,2279.1734221681436,bench_rlam_3_reg
340.8961,340.89704,0.0009400000000141517,2337.9994207524287,bench_rlam_3_reg
341.09724,341.09816,0.0009200000000078035,2279.8232571450194,bench_rlam_3_reg
341.29836,341.29928,0.0009200000000078035,2281.198743752056,bench_rlam_3_reg
341.49948,341.50042,0.0009400000000141517,2330.092692316438,bench_rlam_3_reg
341.70062,341.70154,0.0009200000000078035,2288.119732416482,bench_rlam_3_reg
341.90176,341.90268,0.00091999999995096,2278.0016575429145,bench_rlam_3_reg
342.1029,342.10382,0.0009200000000078035,2284.907090976483,bench_rlam_3_reg
342.30404,342.30496,0.0009200000000078035,2286.753715043643,bench_rlam_3_reg
342.50518,342.5061,0.0009200000000078035,2286.231354835968,bench_rlam_3_reg
342.7063,342.70724,0.0009400000000141517,2332.4595392143124,bench_rlam_3_reg
342.90744,342.90836,0.0009200000000078035,2291.2352299497106,bench_rlam_3_reg
343.10856,343.1095,0.0009400000000141517,2327.8612178101034,bench_rlam_3_reg
343.3097,343.31062,0.00091999999995096,2269.255497827498,bench_rlam_3_reg
343.51082,343.51176,0.0009399999999573083,2344.1574907502136,bench_rlam_3_reg
343.71196,343.71288,0.0009200000000078035,2274.518436781704,bench_rlam_3_reg
343.91308,343.91402,0.0009400000000141517,2337.5674104770037,bench_rlam_3_reg
344.11422,344.11514,0.0009200000000078035,2283.0275120510046,bench_rlam_3_reg
344.31534,344.31628,0.0009400000000141517,2344.9161043786153,bench_rlam_3_reg
344.51648,344.51742,0.0009400000000141517,2327.4067207605053,bench_rlam_3_reg
344.71762,344.71854,0.0009200000000078035,2269.2377190248644,bench_rlam_3_reg
344.91874,344.91968,0.0009400000000141517,2314.922248509245,bench_rlam_3_reg
345.11988,345.12082,0.0009399999999573083,2347.169641742271,bench_rlam_3_reg
345.32102,345.32196,0.0009400000000141517,2335.7770336341396,bench_rlam_3_reg
345.52216,345.52308,0.0009200000000078035,2285.44347223753,bench_rlam_3_reg
345.7233,345.72422,0.0009200000000078035,2271.829969274224,bench_rlam_3_reg
345.92442,345.92536,0.0009400000000141517,2330.333795438063,bench_rlam_3_reg
346.12556,346.12648,0.0009200000000078035,2286.615106297015,bench_rlam_3_reg
346.32668,346.32762,0.0009400000000141517,2327.5433131788113,bench_rlam_3_reg
346.52782,346.52874,0.0009200000000078035,2279.1542508721827,bench_rlam_3_reg
346.72894,346.72988,0.0009399999999573083,2318.1551670301383,bench_rlam_3_reg
346.93006,346.931,0.0009399999999573083,2330.8098105335607,bench_rlam_3_reg
347.1312,347.13212,0.0009200000000078035,2267.7616402809376,bench_rlam_3_reg
347.33232,347.33326,0.0009400000000141517,2328.112721487046,bench_rlam_3_reg
347.53346,347.53438,0.0009200000000078035,2286.272335357877,bench_rlam_3_reg
347.73458,347.73552,0.0009400000000141517,2335.5980683557505,bench_rlam_3_reg
347.93572,347.93664,0.0009200000000078035,2263.8285742318953,bench_rlam_3_reg
348.13684,348.13778,0.0009400000000141517,2325.957212631597,bench_rlam_3_reg
348.33796,348.3389,0.0009400000000141517,2331.3745064933923,bench_rlam_3_reg
348.5391,348.54002,0.0009200000000078035,2279.4548561845168,bench_rlam_3_reg
348.74022,348.74116,0.0009399999999573083,2337.2262039779425,bench_rlam_3_reg
348.94136,348.9423,0.0009400000000141517,2322.811191019113,bench_rlam_3_reg
349.1425,349.14342,0.0009200000000078035,2285.9830782119056,bench_rlam_3_reg
349.34362,349.34456,0.0009400000000141517,2326.5703022944685,bench_rlam_3_reg
349.54476,349.54568,0.0009200000000078035,2289.3267334693114,bench_rlam_3_reg
349.74588,349.74682,0.0009400000000141517,2334.231284953056,bench_rlam_3_reg
349.94702,349.94794,0.0009200000000078035,2275.512712095949,bench_rlam_3_reg
350.14814,350.14908,0.0009400000000141517,2333.392961911468,bench_rlam_3_reg
350.34928,350.35022,0.0009399999999573083,2320.279006262573,bench_rlam_3_reg
350.55042,350.55134,0.0009200000000078035,2263.2899415027355,bench_rlam_3_reg
350.75156,350.75248,0.0009200000000078035,2280.1345563776867,bench_rlam_3_reg
350.95268,350.95362,0.0009400000000141517,2343.7873577236137,bench_rlam_3_reg
351.15382,351.15474,0.0009200000000078035,2272.6652608492427,bench_rlam_3_reg
351.35496,351.35588,0.0009200000000078035,2266.81255271548,bench_rlam_3_reg
351.55608,351.557,0.0009200000000078035,2282.3844477708008,bench_rlam_3_reg
351.7572,351.75814,0.0009400000000141517,2338.2813227648453,bench_rlam_3_reg
351.95834,351.95926,0.00091999999995096,2273.944394991953,bench_rlam_3_reg
352.15948,352.16052,0.001040000000045893,2523.432253051159,bench_rlam_4_reg
352.36072,352.36178,0.001059999999995398,2572.2114299235327,bench_rlam_4_reg
352.56198,352.56304,0.001059999999995398,2583.3723903523287,bench_rlam_4_reg
352.76324,352.7643,0.001059999999995398,2565.148547287943,bench_rlam_4_reg
352.96448,352.96554,0.001059999999995398,2576.025743039154,bench_rlam_4_reg
353.16574,353.1668,0.001059999999995398,2563.762760217781,bench_rlam_4_reg
353.367,353.36806,0.001059999999995398,2570.4336794762457,bench_rlam_4_reg
353.56824,353.5693,0.001059999999995398,2565.644141281086,bench_rlam_4_reg
353.7695,353.77056,0.001059999999995398,2560.3695725982407,bench_rlam_4_reg
353.97076,353.97182,0.001059999999995398,2579.557870049716,bench_rlam_4_reg
354.172,354.17306,0.001059999999995398,2570.776171009009,bench_rlam_4_reg
354.37326,354.37432,0.001059999999995398,2563.9094458616228,bench_rlam_4_reg
354.57452,354.57558,0.001059999999995398,2559.8852150031425,bench_rlam_4_reg
354.77578,354.77682,0.0010399999999890497,2506.95984808342,bench_rlam_4_reg
354.97702,354.97808,0.001059999999995398,2577.004432682591,bench_rlam_4_reg
355.17828,355.17934,0.0010600000000522414,2558.1706223557453,bench_rlam_4_reg
355.37954,355.38058,0.0010399999999890497,2509.3481363332926,bench_rlam_4_reg
355.5808,355.58184,0.0010399999999890497,2500.896975366166,bench_rlam_4_reg
355.78204,355.7831,0.001059999999995398,2556.562069801238,bench_rlam_4_reg
355.9833,355.98436,0.001059999999995398,2561.13974144518,bench_rlam_4_reg
356.18456,356.1856,0.001040000000045893,2493.2878535514515,bench_rlam_4_reg
356.3858,356.38686,0.001059999999995398,2578.6557327685337,bench_rlam_4_reg
356.58706,356.58812,0.001059999999995398,2572.885451363439,bench_rlam_4_reg
356.78832,356.78936,0.0010399999999890497,2524.937407558806,bench_rlam_4_reg
356.98956,356.99062,0.001059999999995398,2571.818018333748,bench_rlam_4_reg
357.19082,357.19188,0.0010600000000522414,2562.940649362553,bench_rlam_4_reg
357.39208,357.39314,0.001059999999995398,2574.3270455582096,bench_rlam_4_reg
357.59334,357.5944,0.001059999999995398,2569.5561105217716,bench_rlam_4_reg
357.7946,357.79566,0.001059999999995398,2571.675011417729,bench_rlam_4_reg
357.99588,357.99692,0.0010399999999890497,2511.4469672357022,bench_rlam_4_reg
358.19714,358.19818,0.0010399999999890497,2491.5441381613205,bench_rlam_4_reg
358.3984,358.39946,0.001059999999995398,2560.836207122258,bench_rlam_4_reg
358.59966,358.60072,0.0010600000000522414,2543.2650140911283,bench_rlam_4_reg
358.80092,358.80198,0.001059999999995398,2574.565003132428,bench_rlam_4_reg
359.00218,359.00324,0.001059999999995398,2552.0142051213124,bench_rlam_4_reg
359.20344,359.2045,0.001059999999995398,2585.639462331255,bench_rlam_4_reg
359.4047,359.40576,0.001059999999995398,2560.9260192114575,bench_rlam_4_reg
359.60596,359.60702,0.001059999999995398,2567.2411033877493,bench_rlam_4_reg
359.80722,359.80828,0.0010600000000522414,2556.9057652288616,bench_rlam_4_reg
360.00848,360.00954,0.001059999999995398,2572.3831308735093,bench_rlam_4_reg
360.20974,360.2108,0.001059999999995398,2573.8856359212186,bench_rlam_4_reg
360.41102,360.41208,0.001059999999995398,2570.062188883957,bench_rlam_4_reg
360.61228,360.61334,0.001059999999995398,2567.2141788467748,bench_rlam_4_reg
360.81356,360.81462,0.001059999999995398,2568.9187739028353,bench_rlam_4_reg
361.01484,361.01588,0.0010399999999890497,2511.17197561831,bench_rlam_4_reg
361.2161,361.21716,0.001059999999995398,2584.98230017749,bench_rlam_4_reg
361.41736,361.41842,0.0010600000000522414,2569.6494198923797,bench_rlam_4_reg
361.61864,361.6197,0.001059999999995398,2562.574318109893,bench_rlam_4_reg
361.8199,361.82094,0.0010399999999890497,2495.8922154796624,bench_rlam_4_reg
362.02116,362.0222,0.0010399999999890497,2495.0415128591894,bench_rlam_4_reg
362.22242,362.22348,0.001059999999995398,2555.5268977674095,bench_rlam_4_reg
362.42368,362.42472,0.0010399999999890497,2515.0349736048865,bench_rlam_4_reg
362.62494,362.62598,0.001040000000045893,2503.250688435895,bench_rlam_4_reg
362.8262,362.82726,0.0010600000000522414,2556.784434846799,bench_rlam_4_reg
363.02746,363.02852,0.001059999999995398,2561.1020764070845,bench_rlam_4_reg
363.22872,363.22978,0.001059999999995398,2564.1060923069595,bench_rlam_4_reg
363.42998,363.43104,0.001059999999995398,2571.819033468237,bench_rlam_4_reg
363.63124,363.6323,0.001059999999995398,2572.1213780345947,bench_rlam_4_reg
363.8325,363.83356,0.001059999999995398,2571.374315303945,bench_rlam_4_reg
364.03376,364.03482,0.0010600000000522414,2581.779691532357,bench_rlam_4_reg
364.23504,364.23608,0.0010399999999890497,2502.7036061011413,bench_rlam_4_reg
364.43628,364.43734,0.001059999999995398,2585.2714269218213,bench_rlam_4_reg
364.63754,364.6386,0.001059999999995398,2560.0543105921447,bench_rlam_4_reg
364.8388,364.83986,0.001059999999995398,2573.1390807758535,bench_rlam_4_reg
365.04006,365.04112,0.001059999999995398,2568.9779873969687,bench_rlam_4_reg
365.24134,365.24238,0.001040000000045893,2521.0522931371866,bench_rlam_4_reg
365.4426,365.44366,0.001059999999995398,2561.3483087704853,bench_rlam_4_reg
365.64386,365.64492,0.001059999999995398,2557.371561388864,bench_rlam_4_reg
365.84512,365.84618,0.001059999999995398,2583.6877664444164,bench_rlam_4_reg
366.0464,366.04744,0.0010399999999890497,2518.7654164345618,bench_rlam_4_reg
366.24766,366.24872,0.001059999999995398,2547.9698320821612,bench_rlam_4_reg
366.44892,366.44998,0.001059999999995398,2576.5605503709753,bench_rlam_4_reg
366.65018,366.65124,0.001059999999995398,2569.6753058649274,bench_rlam_4_reg
366.85144,366.8525,0.001059999999995398,2572.15667512009,bench_rlam_4_reg
367.05272,367.05376,0.0010399999999890497,2500.9307451042487,bench_rlam_4_reg
367.25398,367.25504,0.001059999999995398,2580.191756116306,bench_rlam_4_reg
367.45524,367.4563,0.001059999999995398,2590.8826221587424,bench_rlam_4_reg
367.6565,367.65756,0.001059999999995398,2569.403024386712,bench_rlam_4_reg
367.85776,367.85882,0.001059999999995398,2590.3950841172777,bench_rlam_4_reg
368.05904,368.06008,0.001040000000045893,2514.8488815226933,bench_rlam_4_reg
368.2603,368.26136,0.0010600000000522414,2558.3751175083307,bench_rlam_4_reg
368.46156,368.46262,0.001059999999995398,2561.9504437535115,bench_rlam_4_reg
368.66282,368.66386,0.0010399999999890497,2512.244901120832,bench_rlam_4_reg
368.86406,368.86512,0.001059999999995398,2576.1289801420426,bench_rlam_4_reg
369.06532,369.06638,0.001059999999995398,2563.4752446779667,bench_rlam_4_reg
369.26658,369.26764,0.001059999999995398,2575.6236002773353,bench_rlam_4_reg
369.46784,369.4689,0.001059999999995398,2568.5299746327823,bench_rlam_4_reg
369.6691,369.67016,0.001059999999995398,2556.5668195322237,bench_rlam_4_reg
369.87036,369.87142,0.001059999999995398,2564.7878600172626,bench_rlam_4_reg
370.07162,370.07268,0.001059999999995398,2558.365985748557,bench_rlam_4_reg
370.27288,370.27394,0.001059999999995398,2578.400785567077,bench_rlam_4_reg
370.47414,370.47518,0.001040000000045893,2510.991995345785,bench_rlam_4_reg
370.6754,370.67644,0.0010399999999890497,2518.0792691611637,bench_rlam_4_reg
370.87664,370.8777,0.001059999999995398,2582.2532060454555,bench_rlam_4_reg
371.0779,371.07896,0.001059999999995398,2570.636535522659,bench_rlam_4_reg
371.27916,371.28022,0.001059999999995398,2575.842244550927,bench_rlam_4_reg
371.48042,371.48148,0.001059999999995398,2566.768859981513,bench_rlam_4_reg
371.68168,371.68274,0.0010600000000522414,2562.837510043281,bench_rlam_4_reg
371.88294,371.884,0.001059999999995398,2547.597128406161,bench_rlam_4_reg
372.0842,372.08526,0.001059999999995398,2570.902614368468,bench_rlam_4_reg
372.28546,372.28676,0.0013000000000147338,3453.4326685052974,bench_jge_not_taken
372.48696,372.48826,0.0013000000000147338,3454.962109717924,bench_jge_not_taken
372.68846,372.68976,0.0012999999999578904,3469.1309019613404,bench_jge_not_taken
372.88996,372.89126,0.0013000000000147338,3467.8298491510977,bench_jge_not_taken
373.09146,373.09276,0.0013000000000147338,3442.1173716435756,bench_jge_not_taken
373.29296,373.29426,0.0013000000000147338,3450.2605046600875,bench_jge_not_taken
373.49446,373.49576,0.0013000000000147338,3454.714266155552,bench_jge_not_taken
373.69596,373.69726,0.0013000000000147338,3454.399143844641,bench_jge_not_taken
373.89746,373.89876,0.0012999999999578904,3443.968810477406,bench_jge_not_taken
374.09896,374.10026,0.0013000000000147338,3442.7392716071704,bench_jge_not_taken
374.30046,374.30176,0.0013000000000147338,3453.8078518109346,bench_jge_not_taken
374.50196,374.50326,0.0013000000000147338,3471.5491300862436,bench_jge_not_taken
374.70346,374.70476,0.0013000000000147338,3458.688508289446,bench_jge_not_taken
374.90496,374.90626,0.0012999999999578904,3458.603517960498,bench_jge_not_taken
375.10646,375.10776,0.0012999999999578904,3475.5968790130587,bench_jge_not_taken
375.30798,375.30926,0.0012800000000083855,3411.393240123258,bench_jge_not_taken
375.50948,375.51078,0.0013000000000147338,3467.877218545525,bench_jge_not_taken
375.71098,375.71228,0.0013000000000147338,3458.2936601175293,bench_jge_not_taken
375.91248,375.91378,0.0012999999999578904,3473.474092192965,bench_jge_not_taken
376.11398,376.11528,0.0012999999999578904,3465.595655016738,bench_jge_not_taken
376.31548,376.31678,0.0013000000000147338,3459.2127264921014,bench_jge_not_taken
376.51698,376.51828,0.0013000000000147338,3460.7350384324827,bench_jge_not_taken
376.71848,376.71978,0.0013000000000147338,3461.920626037653,bench_jge_not_taken
376.91996,376.92126,0.0013000000000147338,3456.385205537388,bench_jge_not_taken
377.12146,377.12276,0.0013000000000147338,3471.5203266017315,bench_jge_not_taken
377.32296,377.32426,0.0012999999999578904,3448.7162575696566,bench_jge_not_taken
377.52444,377.52574,0.0012999999999578904,3451.9581029729043,bench_jge_not_taken
377.72594,377.72724,0.0013000000000147338,3458.381502473193,bench_jge_not_taken
377.92744,377.92874,0.0013000000000147338,3453.973403712511,bench_jge_not_taken
378.12894,378.13024,0.0013000000000147338,3462.3103123579194,bench_jge_not_taken
378.33044,378.33174,0.0013000000000147338,3456.376127467035,bench_jge_not_taken
378.53194,378.53322,0.0012799999999515421,3390.5173697045616,bench_jge_not_taken
378.73344,378.73472,0.0012800000000083855,3400.696034107924,bench_jge_not_taken
378.93492,378.93622,0.0013000000000147338,3465.385823559758,bench_jge_not_taken
379.13642,379.13772,0.0013000000000147338,3452.473608823392,bench_jge_not_taken
379.33792,379.33922,0.0013000000000147338,3464.809637560192,bench_jge_not_taken
379.53942,379.54072,0.0013000000000147338,3458.873725070028,bench_jge_not_taken
379.74092,379.74222,0.0012999999999578904,3455.7882578758577,bench_jge_not_taken
379.94242,379.94372,0.0012999999999578904,3450.6007725005697,bench_jge_not_taken
380.14392,380.14522,0.0013000000000147338,3458.300228278771,bench_jge_not_taken
380.34542,380.34672,0.0013000000000147338,3457.3980141890156,bench_jge_not_taken
380.54692,380.54822,0.0013000000000147338,3456.3975129709643,bench_jge_not_taken
380.74842,380.74972,0.0013000000000147338,3451.842339740761,bench_jge_not_taken
380.94992,380.95122,0.0012999999999578904,3455.6148479419426,bench_jge_not_taken
381.15142,381.15272,0.0013000000000147338,3467.9951146722083,bench_jge_not_taken
381.35292,381.35422,0.0013000000000147338,3462.869257249041,bench_jge_not_taken
381.55442,381.55572,0.0013000000000147338,3449.899663726437,bench_jge_not_taken
381.75592,381.75722,0.0013000000000147338,3464.6255872627103,bench_jge_not_taken
381.95744,381.95874,0.0012999999999578904,3446.0279390880964,bench_jge_not_taken
382.15894,382.16024,0.0013000000000147338,3446.3734366470862,bench_jge_not_taken
382.36044,382.36174,0.0013000000000147338,3464.7058952130997,bench_jge_not_taken
382.56194,382.56324,0.0013000000000147338,3457.5658105740267,bench_jge_not_taken
382.76344,382.76474,0.0013000000000147338,3454.367332201635,bench_jge_not_taken
382.96494,382.96624,0.0013000000000147338,3457.818471394567,bench_jge_not_taken
383.16644,383.16774,0.0012999999999578904,3445.2067919612737,bench_jge_not_taken
383.36794,383.36924,0.0013000000000147338,3442.6422603893993,bench_jge_not_taken
383.56944,383.57074,0.0013000000000147338,3458.2522744794223,bench_jge_not_taken
383.77094,383.77224,0.0013000000000147338,3465.0324099209342,bench_jge_not_taken
383.97244,383.97374,0.0013000000000147338,3448.0192489371902,bench_jge_not_taken
384.17394,384.17524,0.0012999999999578904,3448.910780593585,bench_jge_not_taken
384.37544,384.37674,0.0012999999999578904,3454.997201786286,bench_jge_not_taken
384.57694,384.57824,0.0013000000000147338,3453.3278504842974,bench_jge_not_taken
384.77844,384.77974,0.0013000000000147338,3448.0228112541295,bench_jge_not_taken
384.97994,384.98124,0.0013000000000147338,3452.3609886364206,bench_jge_not_taken
385.18144,385.18272,0.0012800000000083855,3401.0966681155837,bench_jge_not_taken
385.38294,385.38424,0.0012999999999578904,3445.9068229113304,bench_jge_not_taken
385.58442,385.58572,0.0012999999999578904,3456.6448534434217,bench_jge_not_taken
385.78592,385.78722,0.0013000000000147338,3461.9380790291657,bench_jge_not_taken
385.98742,385.98872,0.0013000000000147338,3470.152341808838,bench_jge_not_taken
386.18892,386.19022,0.0013000000000147338,3449.235241902911,bench_jge_not_taken
386.39042,386.39172,0.0013000000000147338,3452.606543472295,bench_jge_not_taken
386.59192,386.59322,0.0012999999999578904,3442.8537728887823,bench_jge_not_taken
386.79342,386.79472,0.0012999999999578904,3452.1957089761427,bench_jge_not_taken
386.99492,386.99622,0.0013000000000147338,3447.755028074994,bench_jge_not_taken
387.19642,387.19772,0.0013000000000147338,3446.6627263905393,bench_jge_not_taken
387.39792,387.39922,0.0013000000000147338,3461.3393829628467,bench_jge_not_taken
387.5994,387.6007,0.0013000000000147338,3464.976358271819,bench_jge_not_taken
387.8009,387.8022,0.0013000000000147338,3454.7376050965763,bench_jge_not_taken
388.00242,388.00372,0.0013000000000147338,3455.5678605572434,bench_jge_not_taken
388.20392,388.20522,0.0013000000000147338,3463.651323739952,bench_jge_not_taken
388.40542,388.40672,0.0013000000000147338,3455.9630929025416,bench_jge_not_taken
388.60692,388.60822,0.0013000000000147338,3465.0663240279746,bench_jge_not_taken
388.80842,388.80972,0.0013000000000147338,3473.2895880316814,bench_jge_not_taken
389.00994,389.01124,0.0013000000000147338,3448.0350907412194,bench_jge_not_taken
389.21144,389.21274,0.0013000000000147338,3455.281199465035,bench_jge_not_taken
389.41294,389.41424,0.0013000000000147338,3467.430318751768,bench_jge_not_taken
389.61444,389.61574,0.0013000000000147338,3459.041158244852,bench_jge_not_taken
389.81594,389.81724,0.0013000000000147338,3464.809223111994,bench_jge_not_taken
390.01744,390.01874,0.0012999999999578904,3450.744466265932,bench_jge_not_taken
390.21894,390.22024,0.0013000000000147338,3458.821957511933,bench_jge_not_taken
390.42044,390.42174,0.0013000000000147338,3452.9617801768995,bench_jge_not_taken
390.62194,390.62324,0.0013000000000147338,3467.5528714881702,bench_jge_not_taken
390.82344,390.82474,0.0013000000000147338,3461.740303355572,bench_jge_not_taken
391.02496,391.02624,0.0012799999999515421,3393.618576091037,bench_jge_not_taken
391.22646,391.22776,0.0013000000000147338,3468.9103439891046,bench_jge_not_taken
391.42794,391.42924,0.0013000000000147338,3458.1625531918767,bench_jge_not_taken
391.62944,391.63074,0.0013000000000147338,3454.835016793162,bench_jge_not_taken
391.83094,391.83224,0.0013000000000147338,3445.4291966225896,bench_jge_not_taken
392.03244,392.03374,0.0013000000000147338,3465.712964574002,bench_jge_not_taken
392.23394,392.23524,0.0012999999999578904,3459.8877116760445,bench_jge_not_taken
392.43544,392.43672,0.0012799999999515421,3418.4894103933084,bench_jge_taken
392.63692,392.6382,0.0012800000000083855,3399.0924130505455,bench_jge_taken
392.8384,392.83968,0.0012800000000083855,3403.3654327783215,bench_jge_taken
393.03988,393.04116,0.0012800000000083855,3374.765447836476,bench_jge_taken
393.24134,393.24262,0.0012800000000083855,3403.5050100976227,bench_jge_taken
393.44284,393.44412,0.0012800000000083855,3390.9362927364755,bench_jge_taken
393.64432,393.6456,0.0012800000000083855,3396.282482452294,bench_jge_taken
393.8458,393.84708,0.0012800000000083855,3385.32112774048,bench_jge_taken
394.04728,394.04856,0.0012800000000083855,3379.0024579753467,bench_jge_taken
394.24876,394.25004,0.0012800000000083855,3399.3450552460686,bench_jge_taken
394.45024,394.45152,0.0012800000000083855,3400.520074670483,bench_jge_taken
394.65172,394.653,0.0012800000000083855,3409.111285601075,bench_jge_taken
394.85322,394.8545,0.0012799999999515421,3398.4206638774967,bench_jge_taken
395.0547,395.05598,0.0012799999999515421,3402.2389420699024,bench_jge_taken
395.25618,395.25746,0.0012800000000083855,3403.8442420155116,bench_jge_taken
395.45766,395.45896,0.0013000000000147338,3453.1147685408637,bench_jge_taken
395.65916,395.66044,0.0012800000000083855,3406.7462524670104,bench_jge_taken
395.86064,395.86192,0.0012800000000083855,3389.986101569517,bench_jge_taken
396.06212,396.0634,0.0012800000000083855,3398.9413245873234,bench_jge_taken
396.2636,396.26488,0.0012800000000083855,3378.301146464834,bench_jge_taken
396.46508,396.46636,0.0012800000000083855,3402.053806953756,bench_jge_taken
396.66656,396.66784,0.0012800000000083855,3404.0964325162104,bench_jge_taken
396.86806,396.86934,0.0012800000000083855,3393.8979660317377,bench_jge_taken
397.06954,397.07082,0.0012800000000083855,3405.2921272930676,bench_jge_taken
397.27102,397.27232,0.0012999999999578904,3455.419228290614,bench_jge_taken
397.47252,397.4738,0.0012800000000083855,3406.607140818662,bench_jge_taken
397.674,397.67528,0.0012800000000083855,3403.7680342179774,bench_jge_taken
397.8755,397.87678,0.0012800000000083855,3403.155254231456,bench_jge_taken
398.077,398.07828,0.0012800000000083855,3392.6915261201225,bench_jge_taken
398.27848,398.27976,0.0012800000000083855,3383.0053755320323,bench_jge_taken
398.47996,398.48126,0.0013000000000147338,3460.118323602689,bench_jge_taken
398.68146,398.68274,0.0012800000000083855,3395.832339321196,bench_jge_taken
398.88294,398.88424,0.0012999999999578904,3447.743647142971,bench_jge_taken
399.08444,399.08572,0.0012800000000083855,3400.9141801218543,bench_jge_taken
399.28594,399.28722,0.0012800000000083855,3398.6806543838775,bench_jge_taken
399.48742,399.48872,0.0013000000000147338,3455.844060565973,bench_jge_taken
399.68892,399.6902,0.0012800000000083855,3410.3314485673495,bench_jge_taken
399.8904,399.89168,0.0012800000000083855,3396.1023320706336,bench_jge_taken
400.0919,400.09318,0.0012800000000083855,3403.1602670613265,bench_jge_taken
400.29338,400.29468,0.0013000000000147338,3457.004684056172,bench_jge_taken
400.49488,400.49616,0.0012799999999515421,3397.639784815126,bench_jge_taken
400.69638,400.69766,0.0012800000000083855,3401.8173907264063,bench_jge_taken
400.89788,400.89916,0.0012800000000083855,3396.161114824692,bench_jge_taken
401.09936,401.10064,0.0012800000000083855,3411.7616364098844,bench_jge_taken
401.30086,401.30214,0.0012800000000083855,3406.7306993733414,bench_jge_taken
401.50234,401.50362,0.0012800000000083855,3416.0283743631644,bench_jge_taken
401.70384,401.70512,0.0012800000000083855,3407.4915573188396,bench_jge_taken
401.90532,401.9066,0.0012800000000083855,3409.048919578284,bench_jge_taken
402.10682,402.1081,0.0012799999999515421,3402.858113256107,bench_jge_taken
402.3083,402.30958,0.0012800000000083855,3397.129871916625,bench_jge_taken
402.50978,402.51106,0.0012800000000083855,3395.237748075286,bench_jge_taken
402.71128,402.71256,0.0012800000000083855,3403.4830052698985,bench_jge_taken
402.91276,402.91404,0.0012800000000083855,3399.3048942930673,bench_jge_taken
403.11424,403.11554,0.0013000000000147338,3453.30189452419,bench_jge_taken
403.31574,403.31702,0.0012800000000083855,3409.233125878432,bench_jge_taken
403.51722,403.5185,0.0012800000000083855,3414.1851566043997,bench_jge_taken
403.71872,403.72,0.0012800000000083855,3402.775367738135,bench_jge_taken
403.9202,403.92148,0.0012799999999515421,3398.122272769003,bench_jge_taken
404.12168,404.12296,0.0012799999999515421,3404.434057733949,bench_jge_taken
404.32316,404.32444,0.0012800000000083855,3413.8467326173513,bench_jge_taken
404.52466,404.52594,0.0012800000000083855,3392.252700894296,bench_jge_taken
404.72614,404.72742,0.0012800000000083855,3394.2040289110646,bench_jge_taken
404.92762,404.9289,0.0012800000000083855,3406.1616752562136,bench_jge_taken
405.1291,405.13038,0.0012800000000083855,3408.5170133287425,bench_jge_taken
405.3306,405.33188,0.0012800000000083855,3405.683075565169,bench_jge_taken
405.53208,405.53336,0.0012800000000083855,3396.044608691603,bench_jge_taken
405.73356,405.73484,0.0012800000000083855,3407.735424133426,bench_jge_taken
405.93506,405.93634,0.0012799999999515421,3389.71064645286,bench_jge_taken
406.13654,406.13782,0.0012799999999515421,3404.9942482684964,bench_jge_taken
406.33802,406.3393,0.0012800000000083855,3405.2227204962355,bench_jge_taken
406.5395,406.54078,0.0012800000000083855,3418.169124085258,bench_jge_taken
406.74098,406.74226,0.0012800000000083855,3413.2139571298967,bench_jge_taken
406.94246,406.94374,0.0012800000000083855,3411.7530240082297,bench_jge_taken
407.14396,407.14524,0.0012800000000083855,3398.3940817667185,bench_jge_taken
407.34544,407.34672,0.0012800000000083855,3406.888321068977,bench_jge_taken
407.54692,407.54822,0.0013000000000147338,3460.5449089241633,bench_jge_taken
407.74842,407.7497,0.0012800000000083855,3416.3332241774215,bench_jge_taken
407.9499,407.95118,0.0012800000000083855,3417.032558955286,bench_jge_taken
408.1514,408.15268,0.0012799999999515421,3410.129400291615,bench_jge_taken
408.35288,408.35416,0.0012799999999515421,3403.3095462618194,bench_jge_taken
408.55438,408.55566,0.0012800000000083855,3404.576438509095,bench_jge_taken
408.75586,408.75714,0.0012800000000083855,3401.854182621997,bench_jge_taken
408.95734,408.95862,0.0012800000000083855,3404.9755125619363,bench_jge_taken
409.15884,409.16012,0.0012800000000083855,3400.3154724136193,bench_jge_taken
409.36032,409.3616,0.0012800000000083855,3400.578126335474,bench_jge_taken
409.5618,409.56308,0.0012800000000083855,3416.8336563940825,bench_jge_taken
409.76328,409.76456,0.0012800000000083855,3404.780353907582,bench_jge_taken
409.96476,409.96604,0.0012800000000083855,3407.1354800997256,bench_jge_taken
410.16624,410.16752,0.0012800000000083855,3409.881587150173,bench_jge_taken
410.36774,410.36902,0.0012799999999515421,3399.413425796213,bench_jge_taken
410.56922,410.5705,0.0012800000000083855,3418.5329219670207,bench_jge_taken
410.77072,410.772,0.0012800000000083855,3407.186109140185,bench_jge_taken
410.97222,410.9735,0.0012800000000083855,3400.046397026608,bench_jge_taken
411.1737,411.17498,0.0012800000000083855,3387.1180122086002,bench_jge_taken
411.3752,411.37648,0.0012800000000083855,3412.463392620933,bench_jge_taken
411.57668,411.57796,0.0012800000000083855,3403.7328465052087,bench_jge_taken
411.77816,411.77944,0.0012800000000083855,3396.0578590794544,bench_jge_taken
411.97966,411.98094,0.0012799999999515421,3407.081141921953,bench_jge_taken
412.18114,412.18242,0.0012799999999515421,3394.368779701581,bench_jge_taken
412.38262,412.3839,0.0012800000000083855,3399.259175675123,bench_jge_taken
412.5841,412.58486,0.0007600000000138607,1950.4384813390404,bench_jmp
412.78506,412.78582,0.0007600000000138607,1954.2089314657844,bench_jmp
412.98604,412.9868,0.0007600000000138607,1947.394313794028,bench_jmp
413.187,413.18776,0.0007600000000138607,1947.9886372910303,bench_jmp
413.38796,413.38872,0.0007599999999570173,1963.2224388077557,bench_jmp
413.58894,413.5897,0.0007600000000138607,1964.0555349632198,bench_jmp
413.78992,413.79068,0.0007600000000138607,1957.9989673064374,bench_jmp
413.99088,413.99164,0.0007600000000138607,1963.030768126812,bench_jmp
414.19184,414.1926,0.0007600000000138607,1962.8495211056743,bench_jmp
414.39282,414.39358,0.0007600000000138607,1947.5532602963613,bench_jmp
414.5938,414.59456,0.0007600000000138607,1957.5195550409203,bench_jmp
414.79476,414.79552,0.0007600000000138607,1956.649352841237,bench_jmp
414.99572,414.99648,0.0007600000000138607,1960.0237533827865,bench_jmp
415.19668,415.19744,0.0007599999999570173,1963.5822599506125,bench_jmp
415.39766,415.39842,0.0007600000000138607,1946.5224911010052,bench_jmp
415.59864,415.59938,0.0007400000000075124,1888.4458206877434,bench_jmp
415.7996,415.80036,0.0007600000000138607,1963.7244451249785,bench_jmp
416.00056,416.00132,0.0007600000000138607,1971.0008753834227,bench_jmp
416.20154,416.2023,0.0007599999999570173,1949.0654485859059,bench_jmp
416.4025,416.40326,0.0007600000000138607,1956.9319324108542,bench_jmp
416.60348,416.60424,0.0007600000000138607,1933.8964811001142,bench_jmp
416.80444,416.8052,0.0007600000000138607,1946.476732885272,bench_jmp
417.0054,417.00616,0.0007600000000138607,1948.601673391316,bench_jmp
417.20638,417.20714,0.0007599999999570173,1956.1191670210787,bench_jmp
417.40734,417.4081,0.0007600000000138607,1948.0537111416743,bench_jmp
417.60832,417.60908,0.0007600000000138607,1948.5630421374165,bench_jmp
417.80928,417.81004,0.0007600000000138607,1951.9705884545383,bench_jmp
418.01024,418.011,0.0007600000000138607,1959.9439646414316,bench_jmp
418.21122,418.21198,0.0007599999999570173,1937.851505220187,bench_jmp
418.41218,418.41294,0.0007600000000138607,1955.4379233622888,bench_jmp
418.61316,418.61392,0.0007600000000138607,1953.934326344401,bench_jmp
418.81412,418.81488,0.0007600000000138607,1954.2242330901954,bench_jmp
419.01508,419.01584,0.0007600000000138607,1956.354337775924,bench_jmp
419.21604,419.2168,0.0007599999999570173,1970.5099471577482,bench_jmp
419.417,419.41776,0.0007600000000138607,1966.3414359534459,bench_jmp
419.61796,419.61872,0.0007600000000138607,1957.13306781577,bench_jmp
419.81892,419.81968,0.0007600000000138607,1950.7768564344262,bench_jmp
420.01988,420.02064,0.0007600000000138607,1951.3020688126487,bench_jmp
420.22084,420.2216,0.0007600000000138607,1959.4758400084527,bench_jmp
420.4218,420.42256,0.0007599999999570173,1946.2229147266835,bench_jmp
420.62276,420.62352,0.0007599999999570173,1957.2025443072198,bench_jmp
420.82372,420.82448,0.0007600000000138607,1953.768676655209,bench_jmp
421.02466,421.02542,0.0007600000000138607,1962.7807592539455,bench_jmp
421.22562,421.22638,0.0007600000000138607,1947.2329714781492,bench_jmp
421.42658,421.42734,0.0007600000000138607,1956.1941922089097,bench_jmp
421.62754,421.6283,0.0007600000000138607,1953.4476870033318,bench_jmp
421.8285,421.82926,0.0007599999999570173,1947.9997943789842,bench_jmp
422.02944,422.0302,0.0007599999999570173,1948.7901007391267,bench_jmp
422.2304,422.23116,0.0007600000000138607,1955.6280272543518,bench_jmp
422.43136,422.43212,0.0007600000000138607,1956.7395025406647,bench_jmp
422.63232,422.63308,0.0007600000000138607,1949.3900542575443,bench_jmp
422.83328,422.83404,0.0007600000000138607,1950.277017933831,bench_jmp
423.03424,423.035,0.0007600000000138607,1941.703804799211,bench_jmp
423.23518,423.23594,0.0007600000000138607,1955.3379109413663,bench_jmp
423.43616,423.43692,0.0007600000000138607,1947.844962169415,bench_jmp
423.63712,423.63788,0.0007600000000138607,1947.1664471072443,bench_jmp
423.83808,423.83884,0.0007600000000138607,1951.9621832715782,bench_jmp
424.03904,424.0398,0.0007600000000138607,1943.6323037770023,bench_jmp
424.24,424.24076,0.0007600000000138607,1938.0525965609218,bench_jmp
424.44096,424.44172,0.0007599999999570173,1937.808352399795,bench_jmp
424.64192,424.64268,0.0007599999999570173,1956.0654646339867,bench_jmp
424.84288,424.84364,0.0007600000000138607,1967.0386077349729,bench_jmp
425.04384,425.0446,0.0007600000000138607,1958.7590452717652,bench_jmp
425.2448,425.24556,0.0007600000000138607,1959.0827403996293,bench_jmp
425.44576,425.44652,0.0007600000000138607,1968.2702189647391,bench_jmp
425.64672,425.64748,0.0007599999999570173,1956.127497707939,bench_jmp
425.8477,425.84846,0.0007600000000138607,1935.4828680377896,bench_jmp
426.04866,426.04942,0.0007600000000138607,1966.0718134141528,bench_jmp
426.24962,426.25038,0.0007600000000138607,1955.6313846684639,bench_jmp
426.45058,426.45134,0.0007600000000138607,1955.8705902112779,bench_jmp
426.65154,426.6523,0.0007600000000138607,1953.6166033069076,bench_jmp
426.8525,426.85326,0.0007599999999570173,1952.4105497320725,bench_jmp
427.05346,427.05422,0.0007600000000138607,1945.8496803891433,bench_jmp
427.25442,427.25518,0.0007600000000138607,1961.8983846617,bench_jmp
427.45538,427.45614,0.0007600000000138607,1960.5051819648618,bench_jmp
427.65634,427.6571,0.0007600000000138607,1945.1399869667364,bench_jmp
427.85732,427.85808,0.0007599999999570173,1948.510783145125,bench_jmp
428.05828,428.05904,0.0007599999999570173,1955.7840492194234,bench_jmp
428.25924,428.26,0.0007600000000138607,1953.3477700804524,bench_jmp
428.46022,428.46098,0.0007600000000138607,1946.8817091958822,bench_jmp
428.66118,428.66194,0.0007600000000138607,1948.3675645117191,bench_jmp
428.86214,428.8629,0.0007600000000138607,1948.219942889776,bench_jmp
429.0631,429.06386,0.0007599999999570173,1958.7313848252065,bench_jmp
429.26406,429.26482,0.0007600000000138607,1956.920449201159,bench_jmp
429.46502,429.46578,0.0007600000000138607,1962.9034400427795,bench_jmp
429.66598,429.66674,0.0007600000000138607,1945.1165385975448,bench_jmp
429.86694,429.8677,0.0007600000000138607,1958.9596009269765,bench_jmp
430.0679,430.06866,0.0007600000000138607,1950.1724210926118,bench_jmp
430.26886,430.26962,0.0007599999999570173,1949.748229109302,bench_jmp
430.46982,430.47058,0.0007599999999570173,1959.551330520886,bench_jmp
430.67078,430.67154,0.0007600000000138607,1951.5112159306152,bench_jmp
430.87174,430.8725,0.0007600000000138607,1973.7521117075325,bench_jmp
431.0727,431.07346,0.0007600000000138607,1960.8586165509728,bench_jmp
431.27368,431.27444,0.0007600000000138607,1931.5201300506644,bench_jmp
431.47464,431.4754,0.0007599999999570173,1949.044959487455,bench_jmp
431.6756,431.67636,0.0007600000000138607,1954.802717126123,bench_jmp
431.87656,431.87732,0.0007600000000138607,1954.2132714296001,bench_jmp
432.07752,432.07828,0.0007600000000138607,1955.3469354736785,bench_jmp
432.27848,432.27924,0.0007600000000138607,1965.612985698209,bench_jmp
432.47944,432.4802,0.0007600000000138607,1952.7900358965744,bench_jmp
