t_start_s,t_end_s,duration_s,energy_nJ,event_label
9.84588,9.84728,0.00140000000000029,5476.258019917954,bench_mov_symbolic_register
10.04756,10.04896,0.0013999999999985135,5460.361370345102,bench_mov_symbolic_register
10.24922,10.25062,0.00140000000000029,5474.586673082171,bench_mov_symbolic_register
10.4509,10.4523,0.0013999999999985135,5466.027418145416,bench_mov_symbolic_register
10.65256,10.65396,0.00140000000000029,5473.8362343063445,bench_mov_symbolic_register
10.85422,10.85562,0.00140000000000029,5476.567763836363,bench_mov_symbolic_register
11.05588,11.05728,0.00140000000000029,5471.223806963314,bench_mov_symbolic_register
11.25754,11.25894,0.00140000000000029,5464.907505084677,bench_mov_symbolic_register
11.4592,11.4606,0.00140000000000029,5445.950990544038,bench_mov_symbolic_register
11.66086,11.66226,0.00140000000000029,5476.195495576863,bench_mov_symbolic_register
11.86254,11.86394,0.00140000000000029,5453.233437148256,bench_mov_symbolic_register
12.0642,12.0656,0.00140000000000029,5473.140939140022,bench_mov_symbolic_register
12.26588,12.26728,0.00140000000000029,5464.889782016519,bench_mov_symbolic_register
12.46754,12.46894,0.00140000000000029,5433.396822774086,bench_mov_symbolic_register
12.66922,12.67062,0.00140000000000029,5460.834682454642,bench_mov_symbolic_register
12.87088,12.87228,0.00140000000000029,5471.688429826144,bench_mov_symbolic_register
13.07254,13.07396,0.0014199999999995327,5539.254555476743,bench_mov_symbolic_register
13.27422,13.27562,0.00140000000000029,5467.195361853738,bench_mov_symbolic_register
13.47588,13.47728,0.00140000000000029,5484.921629541651,bench_mov_symbolic_register
13.67756,13.67896,0.00140000000000029,5479.900049978176,bench_mov_symbolic_register
13.87922,13.88062,0.00140000000000029,5469.474322163554,bench_mov_symbolic_register
14.0809,14.0823,0.00140000000000029,5470.881545917306,bench_mov_symbolic_register
14.28258,14.28398,0.00140000000000029,5461.128433236195,bench_mov_symbolic_register
14.48424,14.48564,0.00140000000000029,5473.725502380453,bench_mov_symbolic_register
14.68592,14.68732,0.00140000000000029,5456.301979721851,bench_mov_symbolic_register
14.88758,14.88898,0.00140000000000029,5468.17348571602,bench_mov_symbolic_register
15.08926,15.09066,0.00140000000000029,5453.380839900413,bench_mov_symbolic_register
15.29092,15.29232,0.00140000000000029,5461.657983252055,bench_mov_symbolic_register
15.4926,15.494,0.00140000000000029,5465.69399070116,bench_mov_symbolic_register
15.69428,15.69568,0.00140000000000029,5450.604245999182,bench_mov_symbolic_register
15.89594,15.89734,0.00140000000000029,5462.434119546198,bench_mov_symbolic_register
16.0976,16.099,0.00140000000000029,5471.368157305855,bench_mov_symbolic_register
16.29928,16.30068,0.00140000000000029,5466.947751120919,bench_mov_symbolic_register
16.50096,16.50236,0.00140000000000029,5471.732111183274,bench_mov_symbolic_register
16.70262,16.70402,0.00140000000000029,5469.316705131181,bench_mov_symbolic_register
16.9043,16.9057,0.00140000000000029,5477.94451704382,bench_mov_symbolic_register
17.10596,17.10736,0.00140000000000029,5475.236275234498,bench_mov_symbolic_register
17.30764,17.30904,0.00140000000000029,5446.187495255185,bench_mov_symbolic_register
17.5093,17.5107,0.00140000000000029,5470.954880585273,bench_mov_symbolic_register
17.71098,17.71238,0.00140000000000029,5474.593462423626,bench_mov_symbolic_register
17.91264,17.91404,0.00140000000000029,5468.761767261793,bench_mov_symbolic_register
18.11432,18.11572,0.00140000000000029,5458.834976890345,bench_mov_symbolic_register
18.31598,18.31738,0.00140000000000029,5467.856144533752,bench_mov_symbolic_register
18.51764,18.51904,0.00140000000000029,5471.749850549578,bench_mov_symbolic_register
18.71932,18.72072,0.00140000000000029,5462.527747732782,bench_mov_symbolic_register
18.92098,18.92238,0.00140000000000029,5476.574068890012,bench_mov_symbolic_register
19.12264,19.12404,0.00140000000000029,5474.886505399697,bench_mov_symbolic_register
19.32432,19.32572,0.00140000000000029,5466.811368242981,bench_mov_symbolic_register
19.52598,19.52738,0.00140000000000029,5460.691638291888,bench_mov_symbolic_register
19.72766,19.72906,0.00140000000000029,5452.549112961488,bench_mov_symbolic_register
19.92932,19.93072,0.00140000000000029,5458.579363767733,bench_mov_symbolic_register
20.131,20.1324,0.00140000000000029,5465.996693820633,bench_mov_symbolic_register
20.33266,20.33408,0.0014199999999995327,5549.538107586591,bench_mov_symbolic_register
20.53434,20.53574,0.00140000000000029,5457.909945399531,bench_mov_symbolic_register
20.73602,20.73742,0.00140000000000029,5462.681415957369,bench_mov_symbolic_register
20.93768,20.93908,0.00140000000000029,5461.589186453416,bench_mov_symbolic_register
21.13934,21.14076,0.0014199999999995327,5560.1927731164715,bench_mov_symbolic_register
21.34102,21.34242,0.00140000000000029,5479.952220340248,bench_mov_symbolic_register
21.54268,21.54408,0.00140000000000029,5462.267962285286,bench_mov_symbolic_register
21.74434,21.74574,0.00140000000000029,5462.327774149328,bench_mov_symbolic_register
21.946,21.94742,0.0014199999999995327,5546.382202298778,bench_mov_symbolic_register
22.14768,22.14908,0.00140000000000029,5475.959272590099,bench_mov_symbolic_register
22.34934,22.35074,0.0013999999999967372,5474.297474125325,bench_mov_symbolic_register
22.55102,22.55242,0.00140000000000029,5477.350670845152,bench_mov_symbolic_register
22.75268,22.75408,0.0013999999999967372,5460.643633255536,bench_mov_symbolic_register
22.95436,22.95576,0.00140000000000029,5462.228376419037,bench_mov_symbolic_register
23.15602,23.15742,0.0013999999999967372,5465.8063058611,bench_mov_symbolic_register
23.35768,23.3591,0.0014200000000030855,5547.946095479142,bench_mov_symbolic_register
23.55936,23.56076,0.0013999999999967372,5457.577132606663,bench_mov_symbolic_register
23.76104,23.76244,0.00140000000000029,5473.2589051135365,bench_mov_symbolic_register
23.9627,23.9641,0.0013999999999967372,5464.37903538908,bench_mov_symbolic_register
24.16436,24.16578,0.0014200000000030855,5549.002969649906,bench_mov_symbolic_register
24.36604,24.36744,0.0013999999999967372,5469.608306871747,bench_mov_symbolic_register
24.56772,24.56912,0.00140000000000029,5463.429302909396,bench_mov_symbolic_register
24.76938,24.7708,0.0014199999999995327,5552.864847702641,bench_mov_symbolic_register
24.97106,24.97246,0.00140000000000029,5471.910536290091,bench_mov_symbolic_register
25.17272,25.17412,0.0013999999999967372,5468.9328186082985,bench_mov_symbolic_register
25.3744,25.3758,0.00140000000000029,5476.200617850699,bench_mov_symbolic_register
25.57606,25.57746,0.00140000000000029,5481.103411877147,bench_mov_symbolic_register
25.77772,25.77914,0.0014200000000030855,5556.033216429329,bench_mov_symbolic_register
25.9794,25.9808,0.00140000000000029,5472.258522642588,bench_mov_symbolic_register
26.18108,26.18248,0.00140000000000029,5475.319013931732,bench_mov_symbolic_register
26.38274,26.38414,0.00140000000000029,5465.230282863219,bench_mov_symbolic_register
26.58442,26.58582,0.0013999999999967372,5470.547289574291,bench_mov_symbolic_register
26.78608,26.78748,0.00140000000000029,5469.765814488573,bench_mov_symbolic_register
26.98774,26.98914,0.00140000000000029,5471.211429686827,bench_mov_symbolic_register
27.1894,27.1908,0.00140000000000029,5472.385645845308,bench_mov_symbolic_register
27.39106,27.39246,0.00140000000000029,5473.3491386298765,bench_mov_symbolic_register
27.59272,27.59412,0.00140000000000029,5477.787449491448,bench_mov_symbolic_register
27.79438,27.79578,0.00140000000000029,5487.605370582181,bench_mov_symbolic_register
27.99604,27.99744,0.00140000000000029,5466.047883966,bench_mov_symbolic_register
28.1977,28.1991,0.00140000000000029,5445.553972386623,bench_mov_symbolic_register
28.39936,28.40076,0.0013999999999967372,5461.739129373487,bench_mov_symbolic_register
28.60102,28.60242,0.00140000000000029,5485.824397766714,bench_mov_symbolic_register
28.80268,28.80408,0.00140000000000029,5477.474066430316,bench_mov_symbolic_register
29.00434,29.00574,0.00140000000000029,5477.6946292272405,bench_mov_symbolic_register
29.206,29.2074,0.00140000000000029,5477.092415095445,bench_mov_symbolic_register
29.40766,29.40906,0.00140000000000029,5474.802530371746,bench_mov_symbolic_register
29.60932,29.61072,0.00140000000000029,5472.312918865207,bench_mov_symbolic_register
29.81098,29.8124,0.0014199999999995327,5552.943581713061,bench_mov_symbolic_register
30.01266,30.01476,0.0020999999999986585,8395.676487119881,bench_mov_symbolic_indexed
30.21502,30.21712,0.002100000000002211,8408.78044721616,bench_mov_symbolic_indexed
30.4174,30.4195,0.0020999999999986585,8388.361367391562,bench_mov_symbolic_indexed
30.61976,30.62186,0.002100000000002211,8384.695490830884,bench_mov_symbolic_indexed
30.82214,30.82422,0.0020799999999994156,8313.86481411492,bench_mov_symbolic_indexed
31.0245,31.0266,0.0020999999999986585,8395.31125965898,bench_mov_symbolic_indexed
31.22686,31.22896,0.002100000000002211,8375.793993482104,bench_mov_symbolic_indexed
31.42922,31.4313,0.0020799999999994156,8298.249086362488,bench_mov_symbolic_indexed
31.63156,31.63366,0.0020999999999986585,8390.88367297713,bench_mov_symbolic_indexed
31.83392,31.83602,0.002100000000002211,8413.18490450225,bench_mov_symbolic_indexed
32.03628,32.03838,0.0020999999999986585,8368.47692261847,bench_mov_symbolic_indexed
32.23864,32.24074,0.002100000000005764,8390.614967817724,bench_mov_symbolic_indexed
32.44102,32.44312,0.0020999999999986585,8408.57455972011,bench_mov_symbolic_indexed
32.64338,32.64548,0.0020999999999986585,8397.25656900014,bench_mov_symbolic_indexed
32.84574,32.84784,0.0020999999999986585,8376.14287156035,bench_mov_symbolic_indexed
33.04808,33.05018,0.0020999999999986585,8389.709657052736,bench_mov_symbolic_indexed
33.25044,33.25254,0.002100000000005764,8409.430943452579,bench_mov_symbolic_indexed
33.45282,33.45492,0.0020999999999986585,8389.073521824112,bench_mov_symbolic_indexed
33.65518,33.65728,0.0020999999999986585,8368.899980554163,bench_mov_symbolic_indexed
33.85754,33.85964,0.0020999999999986585,8396.870694117762,bench_mov_symbolic_indexed
34.0599,34.062,0.0020999999999986585,8389.37656720573,bench_mov_symbolic_indexed
34.26226,34.26436,0.002100000000005764,8409.656975441761,bench_mov_symbolic_indexed
34.46462,34.46672,0.002100000000005764,8387.261675694432,bench_mov_symbolic_indexed
34.667,34.6691,0.0020999999999986585,8396.08822948654,bench_mov_symbolic_indexed
34.86936,34.87146,0.0020999999999986585,8390.557765955384,bench_mov_symbolic_indexed
35.07172,35.07382,0.0020999999999986585,8402.33165304548,bench_mov_symbolic_indexed
35.27408,35.27618,0.0020999999999986585,8380.885412911743,bench_mov_symbolic_indexed
35.47646,35.47856,0.0020999999999986585,8399.923765094094,bench_mov_symbolic_indexed
35.67882,35.68092,0.0020999999999986585,8409.834457555658,bench_mov_symbolic_indexed
35.8812,35.8833,0.0020999999999986585,8397.765331896064,bench_mov_symbolic_indexed
36.08356,36.08566,0.0020999999999986585,8384.237866843816,bench_mov_symbolic_indexed
36.28592,36.28802,0.002100000000005764,8403.571085096852,bench_mov_symbolic_indexed
36.48828,36.49038,0.0020999999999986585,8407.209473656072,bench_mov_symbolic_indexed
36.69064,36.69274,0.0020999999999986585,8391.540604637732,bench_mov_symbolic_indexed
36.893,36.8951,0.0020999999999986585,8392.989612179128,bench_mov_symbolic_indexed
37.09536,37.09746,0.0020999999999986585,8401.51120908001,bench_mov_symbolic_indexed
37.29772,37.29982,0.0020999999999986585,8388.607045630897,bench_mov_symbolic_indexed
37.50008,37.50218,0.002100000000005764,8393.23617520292,bench_mov_symbolic_indexed
37.70244,37.70454,0.0020999999999986585,8388.508646743185,bench_mov_symbolic_indexed
37.9048,37.9069,0.0020999999999986585,8401.033938855793,bench_mov_symbolic_indexed
38.10718,38.10928,0.0020999999999986585,8409.188683139047,bench_mov_symbolic_indexed
38.30954,38.31164,0.0020999999999986585,8400.582070456887,bench_mov_symbolic_indexed
38.51192,38.51402,0.0020999999999986585,8412.234471173238,bench_mov_symbolic_indexed
38.71428,38.71638,0.0020999999999986585,8395.441998722103,bench_mov_symbolic_indexed
38.91666,38.91876,0.0020999999999986585,8396.858489135255,bench_mov_symbolic_indexed
39.11902,39.12112,0.0020999999999986585,8395.76714671611,bench_mov_symbolic_indexed
39.32138,39.32348,0.002100000000005764,8392.70872531921,bench_mov_symbolic_indexed
39.52376,39.52586,0.0020999999999986585,8402.438261540723,bench_mov_symbolic_indexed
39.72612,39.72822,0.0020999999999986585,8396.738269360436,bench_mov_symbolic_indexed
39.92848,39.93058,0.0020999999999986585,8398.771816858389,bench_mov_symbolic_indexed
40.13086,40.13296,0.0020999999999986585,8392.300596455656,bench_mov_symbolic_indexed
40.33322,40.33532,0.002100000000005764,8402.276597940552,bench_mov_symbolic_indexed
40.5356,40.5377,0.0020999999999986585,8391.452147619493,bench_mov_symbolic_indexed
40.73796,40.74006,0.0020999999999986585,8384.837661863585,bench_mov_symbolic_indexed
40.94034,40.94244,0.0020999999999986585,8387.031527230954,bench_mov_symbolic_indexed
41.14272,41.14482,0.002100000000005764,8403.320456879,bench_mov_symbolic_indexed
41.34508,41.34718,0.0020999999999986585,8408.523872489051,bench_mov_symbolic_indexed
41.54744,41.54954,0.0020999999999986585,8397.546443150828,bench_mov_symbolic_indexed
41.7498,41.7519,0.0020999999999986585,8386.750519269552,bench_mov_symbolic_indexed
41.95218,41.95428,0.0020999999999986585,8398.580541829298,bench_mov_symbolic_indexed
42.15456,42.15666,0.002100000000005764,8406.685539544706,bench_mov_symbolic_indexed
42.35692,42.35902,0.0020999999999986585,8400.772376911982,bench_mov_symbolic_indexed
42.5593,42.5614,0.0020999999999986585,8386.244992719901,bench_mov_symbolic_indexed
42.76168,42.76376,0.0020799999999994156,8327.984656204897,bench_mov_symbolic_indexed
42.96404,42.96614,0.002100000000005764,8391.008540080338,bench_mov_symbolic_indexed
43.1664,43.1685,0.0020999999999986585,8399.239885614905,bench_mov_symbolic_indexed
43.36876,43.37086,0.0020999999999986585,8394.147339270858,bench_mov_symbolic_indexed
43.57114,43.57324,0.0020999999999986585,8413.0212245454,bench_mov_symbolic_indexed
43.7735,43.7756,0.0020999999999986585,8401.145543897459,bench_mov_symbolic_indexed
43.97586,43.97796,0.002100000000005764,8409.469244093165,bench_mov_symbolic_indexed
44.17822,44.18032,0.0020999999999986585,8391.668321559006,bench_mov_symbolic_indexed
44.38058,44.38268,0.0020999999999986585,8392.848344513599,bench_mov_symbolic_indexed
44.58294,44.58504,0.0020999999999986585,8391.193561249373,bench_mov_symbolic_indexed
44.78532,44.7874,0.0020799999999994156,8314.867736769835,bench_mov_symbolic_indexed
44.98768,44.98978,0.002100000000005764,8395.16072536469,bench_mov_symbolic_indexed
45.19004,45.19214,0.0020999999999986585,8391.03216770498,bench_mov_symbolic_indexed
45.3924,45.3945,0.0020999999999986585,8389.10203426514,bench_mov_symbolic_indexed
45.59476,45.59686,0.0020999999999986585,8401.987454848131,bench_mov_symbolic_indexed
45.79714,45.79924,0.0020999999999986585,8407.483948389106,bench_mov_symbolic_indexed
45.9995,46.0016,0.002100000000005764,8401.721906871377,bench_mov_symbolic_indexed
46.20186,46.20396,0.0020999999999986585,8400.708837428805,bench_mov_symbolic_indexed
46.40424,46.40634,0.0020999999999986585,8394.751744339364,bench_mov_symbolic_indexed
46.6066,46.6087,0.0020999999999986585,8400.324927637263,bench_mov_symbolic_indexed
46.80896,46.81106,0.0020999999999986585,8402.57294475511,bench_mov_symbolic_indexed
47.01132,47.01342,0.002100000000005764,8397.575230361637,bench_mov_symbolic_indexed
47.2137,47.21578,0.0020799999999994156,8297.140733335787,bench_mov_symbolic_indexed
47.41606,47.41816,0.0020999999999986585,8405.437939794132,bench_mov_symbolic_indexed
47.61842,47.62052,0.0020999999999986585,8402.400068001414,bench_mov_symbolic_indexed
47.8208,47.8229,0.0020999999999986585,8406.546059990926,bench_mov_symbolic_indexed
48.02316,48.02526,0.002100000000005764,8410.301380814673,bench_mov_symbolic_indexed
48.22552,48.22762,0.0020999999999986585,8393.271025263834,bench_mov_symbolic_indexed
48.4279,48.43,0.0020999999999986585,8394.905277521451,bench_mov_symbolic_indexed
48.63026,48.63236,0.0020999999999986585,8388.055325479936,bench_mov_symbolic_indexed
48.83264,48.83474,0.0020999999999986585,8385.626124213137,bench_mov_symbolic_indexed
49.035,49.0371,0.002100000000005764,8398.338519060639,bench_mov_symbolic_indexed
49.23738,49.23948,0.0020999999999986585,8384.926691646167,bench_mov_symbolic_indexed
49.43976,49.44184,0.0020799999999994156,8308.564941396324,bench_mov_symbolic_indexed
49.64212,49.64422,0.0020999999999986585,8401.976707386493,bench_mov_symbolic_indexed
49.84448,49.84658,0.002100000000005764,8393.651749962384,bench_mov_symbolic_indexed
50.04686,50.04896,0.0020999999999986585,8384.629869828075,bench_mov_symbolic_indexed
50.24922,50.2513,0.0020799999999994156,8264.79608192765,bench_mov_symbolic_symbolic
50.45158,50.45366,0.0020799999999994156,8267.025924285103,bench_mov_symbolic_symbolic
50.65394,50.656,0.002060000000000173,8178.538004868932,bench_mov_symbolic_symbolic
50.85628,50.85836,0.0020799999999994156,8264.659335834544,bench_mov_symbolic_symbolic
51.05862,51.0607,0.0020799999999994156,8289.056606589003,bench_mov_symbolic_symbolic
51.26096,51.26304,0.0020799999999994156,8280.741940251155,bench_mov_symbolic_symbolic
51.4633,51.46538,0.002080000000006521,8270.28199567342,bench_mov_symbolic_symbolic
51.66566,51.66772,0.002060000000000173,8187.0715273546375,bench_mov_symbolic_symbolic
51.868,51.87006,0.002060000000000173,8196.010752581498,bench_mov_symbolic_symbolic
52.07034,52.0724,0.002060000000000173,8191.868527792199,bench_mov_symbolic_symbolic
52.27266,52.27474,0.0020799999999994156,8283.913999326987,bench_mov_symbolic_symbolic
52.475,52.47708,0.0020799999999994156,8279.489646663144,bench_mov_symbolic_symbolic
52.67734,52.67942,0.0020799999999994156,8272.977294398377,bench_mov_symbolic_symbolic
52.8797,52.88176,0.002060000000000173,8189.52846806535,bench_mov_symbolic_symbolic
53.08202,53.0841,0.0020799999999994156,8279.691091736366,bench_mov_symbolic_symbolic
53.28436,53.28644,0.0020799999999994156,8265.84815513112,bench_mov_symbolic_symbolic
53.4867,53.48878,0.0020799999999994156,8267.248310146439,bench_mov_symbolic_symbolic
53.68906,53.69112,0.002060000000000173,8190.440428444418,bench_mov_symbolic_symbolic
53.89138,53.89346,0.0020799999999994156,8289.027754215234,bench_mov_symbolic_symbolic
54.09372,54.0958,0.0020799999999994156,8283.217092973666,bench_mov_symbolic_symbolic
54.29604,54.29812,0.0020799999999994156,8268.94954778083,bench_mov_symbolic_symbolic
54.49838,54.50046,0.0020799999999994156,8281.379467805904,bench_mov_symbolic_symbolic
54.70072,54.7028,0.002080000000006521,8275.575782198977,bench_mov_symbolic_symbolic
54.90306,54.90514,0.0020799999999994156,8265.66947158184,bench_mov_symbolic_symbolic
55.1054,55.10746,0.002060000000000173,8189.628659747586,bench_mov_symbolic_symbolic
55.30772,55.3098,0.0020799999999994156,8281.090413217078,bench_mov_symbolic_symbolic
55.51006,55.51214,0.0020799999999994156,8278.677989725877,bench_mov_symbolic_symbolic
55.7124,55.71448,0.0020799999999994156,8259.254996661986,bench_mov_symbolic_symbolic
55.91474,55.91682,0.0020799999999994156,8271.771692668488,bench_mov_symbolic_symbolic
56.11708,56.11916,0.0020799999999994156,8286.532345225343,bench_mov_symbolic_symbolic
56.31942,56.3215,0.0020799999999994156,8258.379525502294,bench_mov_symbolic_symbolic
56.52176,56.52384,0.0020799999999994156,8292.89566725228,bench_mov_symbolic_symbolic
56.72412,56.72618,0.002060000000000173,8209.876045585015,bench_mov_symbolic_symbolic
56.92644,56.92852,0.0020799999999994156,8273.941022341238,bench_mov_symbolic_symbolic
57.12878,57.13086,0.0020799999999994156,8259.026855228265,bench_mov_symbolic_symbolic
57.33112,57.3332,0.0020799999999994156,8284.918405112994,bench_mov_symbolic_symbolic
57.53346,57.53554,0.0020799999999994156,8283.4041304868,bench_mov_symbolic_symbolic
57.7358,57.73788,0.0020799999999994156,8275.040234436783,bench_mov_symbolic_symbolic
57.93814,57.9402,0.002060000000000173,8187.20419425668,bench_mov_symbolic_symbolic
58.14048,58.14254,0.002060000000000173,8194.263170008904,bench_mov_symbolic_symbolic
58.34282,58.34488,0.002060000000000173,8193.759941496673,bench_mov_symbolic_symbolic
58.54516,58.54724,0.0020799999999994156,8281.253231686478,bench_mov_symbolic_symbolic
58.7475,58.74958,0.0020799999999994156,8280.230117959201,bench_mov_symbolic_symbolic
58.94986,58.95192,0.002060000000000173,8192.495238036068,bench_mov_symbolic_symbolic
59.1522,59.15428,0.0020799999999994156,8264.67566191894,bench_mov_symbolic_symbolic
59.35454,59.35662,0.0020799999999994156,8269.344968718384,bench_mov_symbolic_symbolic
59.55688,59.55896,0.0020799999999994156,8270.092904565196,bench_mov_symbolic_symbolic
59.75922,59.7613,0.0020799999999994156,8268.919526596903,bench_mov_symbolic_symbolic
59.96156,59.96364,0.0020799999999994156,8285.98762862143,bench_mov_symbolic_symbolic
60.1639,60.16598,0.0020799999999994156,8282.520985227855,bench_mov_symbolic_symbolic
60.36626,60.36832,0.002060000000000173,8191.263126210841,bench_mov_symbolic_symbolic
60.5686,60.57068,0.0020799999999994156,8271.801639345296,bench_mov_symbolic_symbolic
60.77094,60.77302,0.0020799999999994156,8275.73697082379,bench_mov_symbolic_symbolic
60.97328,60.97536,0.0020799999999994156,8274.30435921745,bench_mov_symbolic_symbolic
61.17562,61.1777,0.0020799999999994156,8267.243816514474,bench_mov_symbolic_symbolic
61.37798,61.38004,0.002060000000000173,8201.695340685708,bench_mov_symbolic_symbolic
61.58032,61.5824,0.0020799999999994156,8287.999937308645,bench_mov_symbolic_symbolic
61.78266,61.78474,0.0020799999999994156,8268.243237396322,bench_mov_symbolic_symbolic
61.985,61.98708,0.0020799999999994156,8270.040592177156,bench_mov_symbolic_symbolic
62.18734,62.18942,0.0020799999999994156,8272.466799241847,bench_mov_symbolic_symbolic
62.38968,62.39176,0.0020799999999994156,8278.462127780507,bench_mov_symbolic_symbolic
62.59204,62.5941,0.002060000000000173,8198.945908807995,bench_mov_symbolic_symbolic
62.79438,62.79646,0.002080000000006521,8280.130610827764,bench_mov_symbolic_symbolic
62.99672,62.9988,0.0020799999999994156,8277.280246836319,bench_mov_symbolic_symbolic
63.19908,63.20116,0.0020799999999994156,8281.488376667134,bench_mov_symbolic_symbolic
63.40142,63.4035,0.0020799999999994156,8282.732809890435,bench_mov_symbolic_symbolic
63.60376,63.60584,0.0020799999999994156,8271.981105205814,bench_mov_symbolic_symbolic
63.8061,63.80818,0.0020799999999994156,8287.533596155481,bench_mov_symbolic_symbolic
64.00844,64.01052,0.002080000000006521,8279.112326008782,bench_mov_symbolic_symbolic
64.2108,64.21286,0.002060000000000173,8203.244842588521,bench_mov_symbolic_symbolic
64.41314,64.41522,0.002080000000006521,8288.401640046659,bench_mov_symbolic_symbolic
64.61548,64.61756,0.0020799999999923102,8271.23315070396,bench_mov_symbolic_symbolic
64.81782,64.8199,0.002080000000006521,8272.790377986463,bench_mov_symbolic_symbolic
65.02018,65.02226,0.002080000000006521,8282.236061085481,bench_mov_symbolic_symbolic
65.22252,65.2246,0.0020799999999923102,8284.98642888434,bench_mov_symbolic_symbolic
65.42486,65.42694,0.002080000000006521,8281.789827187586,bench_mov_symbolic_symbolic
65.62722,65.6293,0.002080000000006521,8277.869103503957,bench_mov_symbolic_symbolic
65.82956,65.83164,0.0020799999999923102,8288.363432481876,bench_mov_symbolic_symbolic
66.03192,66.03398,0.002060000000000173,8197.918976658453,bench_mov_symbolic_symbolic
66.23426,66.23634,0.0020799999999923102,8287.530071069974,bench_mov_symbolic_symbolic
66.4366,66.43868,0.002080000000006521,8281.617020283109,bench_mov_symbolic_symbolic
66.63894,66.64102,0.0020799999999923102,8267.950843987903,bench_mov_symbolic_symbolic
66.84128,66.84336,0.002080000000006521,8270.237403948313,bench_mov_symbolic_symbolic
67.04362,67.0457,0.0020799999999923102,8285.847259653367,bench_mov_symbolic_symbolic
67.24596,67.24804,0.002080000000006521,8289.056131642525,bench_mov_symbolic_symbolic
67.44832,67.4504,0.002080000000006521,8278.735289377228,bench_mov_symbolic_symbolic
67.65066,67.65274,0.0020799999999923102,8273.47308859883,bench_mov_symbolic_symbolic
67.853,67.85508,0.002080000000006521,8276.162962456006,bench_mov_symbolic_symbolic
68.05536,68.05742,0.002060000000000173,8204.093207606797,bench_mov_symbolic_symbolic
68.2577,68.25978,0.002080000000006521,8286.271505083907,bench_mov_symbolic_symbolic
68.46004,68.46212,0.0020799999999923102,8288.400815767764,bench_mov_symbolic_symbolic
68.6624,68.66446,0.002060000000000173,8212.696961127098,bench_mov_symbolic_symbolic
68.86474,68.86682,0.002080000000006521,8291.123481493703,bench_mov_symbolic_symbolic
69.06708,69.06916,0.0020799999999923102,8277.398482864353,bench_mov_symbolic_symbolic
69.26942,69.2715,0.002080000000006521,8261.059285167275,bench_mov_symbolic_symbolic
69.47178,69.47384,0.002060000000000173,8180.045331829144,bench_mov_symbolic_symbolic
69.67412,69.6762,0.0020799999999923102,8297.232966838737,bench_mov_symbolic_symbolic
69.87646,69.87854,0.002080000000006521,8283.743564997163,bench_mov_symbolic_symbolic
70.07882,70.0809,0.002080000000006521,8277.048561749616,bench_mov_symbolic_symbolic
70.28118,70.28326,0.0020799999999923102,8277.441794020267,bench_mov_symbolic_symbolic
70.48354,70.48562,0.0020799999999923102,8290.637731520008,bench_mov_symbolic_absolute
70.6859,70.688,0.0020999999999986585,8367.000124411094,bench_mov_symbolic_absolute
70.88828,70.89038,0.0020999999999986585,8372.369753191819,bench_mov_symbolic_absolute
71.09066,71.09274,0.002080000000006521,8287.512105915894,bench_mov_symbolic_absolute
71.29302,71.29512,0.0020999999999986585,8363.704113284915,bench_mov_symbolic_absolute
71.4954,71.49748,0.0020799999999923102,8306.181319026726,bench_mov_symbolic_absolute
71.69776,71.69986,0.0020999999999986585,8360.642995679396,bench_mov_symbolic_absolute
71.90012,71.90222,0.0020999999999986585,8371.14720604716,bench_mov_symbolic_absolute
72.1025,72.10458,0.0020799999999923102,8294.751895559726,bench_mov_symbolic_absolute
72.30486,72.30696,0.0020999999999986585,8362.957136698851,bench_mov_symbolic_absolute
72.50722,72.50932,0.0020999999999986585,8373.964582562838,bench_mov_symbolic_absolute
72.70958,72.71168,0.0020999999999986585,8360.80933454669,bench_mov_symbolic_absolute
72.91196,72.91404,0.002080000000006521,8286.670306724103,bench_mov_symbolic_absolute
73.11432,73.11642,0.0020999999999986585,8377.525014796307,bench_mov_symbolic_absolute
73.31668,73.31878,0.0020999999999986585,8362.649711773329,bench_mov_symbolic_absolute
73.51906,73.52114,0.002080000000006521,8298.43996095364,bench_mov_symbolic_absolute
73.72142,73.72352,0.0020999999999986585,8362.503238017498,bench_mov_symbolic_absolute
73.9238,73.92588,0.002080000000006521,8271.760288652204,bench_mov_symbolic_absolute
74.12616,74.12826,0.0020999999999986585,8375.337165775425,bench_mov_symbolic_absolute
74.32852,74.33062,0.0020999999999986585,8362.302486780616,bench_mov_symbolic_absolute
74.53088,74.53298,0.0020999999999986585,8380.79228996719,bench_mov_symbolic_absolute
74.73324,74.73534,0.0020999999999986585,8379.176915619175,bench_mov_symbolic_absolute
74.9356,74.9377,0.0021000000000128694,8355.43604107281,bench_mov_symbolic_absolute
75.13798,75.14006,0.002080000000006521,8282.271358210892,bench_mov_symbolic_absolute
75.34034,75.34242,0.002080000000006521,8310.874993938754,bench_mov_symbolic_absolute
75.5427,75.54478,0.002080000000006521,8305.027261402696,bench_mov_symbolic_absolute
75.74506,75.74716,0.0020999999999986585,8356.715813275105,bench_mov_symbolic_absolute
75.94742,75.9495,0.002080000000006521,8276.27420893834,bench_mov_symbolic_absolute
76.14978,76.15188,0.0020999999999986585,8367.102732875599,bench_mov_symbolic_absolute
76.35214,76.35424,0.0020999999999986585,8376.427497707886,bench_mov_symbolic_absolute
76.55452,76.5566,0.002080000000006521,8283.658558528801,bench_mov_symbolic_absolute
76.75688,76.75898,0.0020999999999986585,8369.680028403893,bench_mov_symbolic_absolute
76.95924,76.96134,0.0021000000000128694,8368.222462065893,bench_mov_symbolic_absolute
77.1616,77.1637,0.0020999999999986585,8356.51516913666,bench_mov_symbolic_absolute
77.36396,77.36606,0.0020999999999986585,8354.653608978328,bench_mov_symbolic_absolute
77.56634,77.56842,0.002080000000006521,8277.58908740121,bench_mov_symbolic_absolute
77.7687,77.7708,0.0020999999999986585,8370.624813246824,bench_mov_symbolic_absolute
77.97108,77.97316000000001,0.002080000000006521,8288.209727060495,bench_mov_symbolic_absolute
78.17344,78.17554,0.0020999999999986585,8375.940225082044,bench_mov_symbolic_absolute
78.3758,78.3779,0.0020999999999986585,8370.376136149276,bench_mov_symbolic_absolute
78.57818,78.58026,0.0020799999999923102,8300.300161322504,bench_mov_symbolic_absolute
78.78054,78.78264,0.0020999999999986585,8361.305887805143,bench_mov_symbolic_absolute
78.9829,78.985,0.0020999999999986585,8359.733400861911,bench_mov_symbolic_absolute
79.18528,79.18736,0.0020799999999923102,8279.414446992027,bench_mov_symbolic_absolute
79.38764,79.38974,0.0020999999999986585,8359.561651007052,bench_mov_symbolic_absolute
79.59,79.5921,0.0020999999999986585,8379.542347967667,bench_mov_symbolic_absolute
79.79238,79.79446,0.002080000000006521,8292.078021940813,bench_mov_symbolic_absolute
79.99474,79.99682,0.002080000000006521,8276.279191514132,bench_mov_symbolic_absolute
80.1971,80.19918,0.0020799999999923102,8301.932006112043,bench_mov_symbolic_absolute
80.39946,80.40156,0.0020999999999986585,8377.653723575826,bench_mov_symbolic_absolute
80.60184,80.60392,0.002080000000006521,8264.537984531838,bench_mov_symbolic_absolute
80.8042,80.8063,0.0020999999999986585,8365.602609696864,bench_mov_symbolic_absolute
81.00658,81.00868,0.0020999999999986585,8360.78734602194,bench_mov_symbolic_absolute
81.20894,81.21104,0.0020999999999986585,8364.043077448803,bench_mov_symbolic_absolute
81.41132,81.41342,0.0020999999999986585,8362.05983068145,bench_mov_symbolic_absolute
81.61368,81.61578,0.0020999999999986585,8374.04194753037,bench_mov_symbolic_absolute
81.81606,81.81816,0.0021000000000128694,8364.09672634335,bench_mov_symbolic_absolute
82.01844,82.02054,0.0020999999999986585,8365.167672740905,bench_mov_symbolic_absolute
82.22082,82.22292,0.0020999999999986585,8367.98961273705,bench_mov_symbolic_absolute
82.4232,82.42528,0.002080000000006521,8272.181740058058,bench_mov_symbolic_absolute
82.62556,82.62766,0.0021000000000128694,8367.649591580368,bench_mov_symbolic_absolute
82.82794,82.83004,0.0020999999999986585,8357.209768141367,bench_mov_symbolic_absolute
83.03032,83.03242,0.0020999999999986585,8369.806301773577,bench_mov_symbolic_absolute
83.23268,83.23478,0.0020999999999986585,8371.320846485089,bench_mov_symbolic_absolute
83.43506000000001,83.43716,0.0020999999999986585,8359.301788726518,bench_mov_symbolic_absolute
83.63742,83.63952,0.0020999999999986585,8348.623216145748,bench_mov_symbolic_absolute
83.8398,83.8419,0.0020999999999986585,8354.866257864282,bench_mov_symbolic_absolute
84.04216,84.04426,0.0020999999999986585,8378.877548962575,bench_mov_symbolic_absolute
84.24454,84.24662,0.0020799999999923102,8291.846141187974,bench_mov_symbolic_absolute
84.4469,84.449,0.0020999999999986585,8334.841327736529,bench_mov_symbolic_absolute
84.64928,84.65136,0.0020799999999923102,8286.046469551467,bench_mov_symbolic_absolute
84.85164,84.85374,0.0020999999999986585,8386.846343050189,bench_mov_symbolic_absolute
85.054,85.0561,0.0020999999999986585,8354.423469857773,bench_mov_symbolic_absolute
85.25636,85.25846,0.0020999999999986585,8349.540415213876,bench_mov_symbolic_absolute
85.45872,85.46082,0.0020999999999986585,8355.765850277916,bench_mov_symbolic_absolute
85.66108,85.66318,0.0020999999999986585,8381.099128159303,bench_mov_symbolic_absolute
85.86344,85.86554,0.0020999999999986585,8364.743366832115,bench_mov_symbolic_absolute
86.0658,86.0679,0.0020999999999986585,8356.951335441376,bench_mov_symbolic_absolute
86.26818,86.27026,0.0020799999999923102,8285.879641739897,bench_mov_symbolic_absolute
86.47054,86.47262,0.002080000000006521,8280.187430817406,bench_mov_symbolic_absolute
86.6729,86.67498,0.002080000000006521,8276.093988705776,bench_mov_symbolic_absolute
86.87526,86.87736,0.0020999999999986585,8349.88938178385,bench_mov_symbolic_absolute
87.07762,87.07972,0.0020999999999986585,8363.025528374195,bench_mov_symbolic_absolute
87.27998,87.28208,0.0020999999999986585,8384.15306992381,bench_mov_symbolic_absolute
87.48234,87.48444,0.0021000000000128694,8355.522546970571,bench_mov_symbolic_absolute
87.6847,87.6868,0.0020999999999986585,8363.86109701602,bench_mov_symbolic_absolute
87.88706,87.88916,0.0020999999999986585,8357.054712243558,bench_mov_symbolic_absolute
88.08942,88.09152,0.0020999999999986585,8362.929252900845,bench_mov_symbolic_absolute
88.2918,88.2939,0.0020999999999986585,8367.262464012307,bench_mov_symbolic_absolute
88.49416,88.49626,0.0021000000000128694,8363.008825161007,bench_mov_symbolic_absolute
88.69654,88.69862,0.002080000000006521,8287.02303117877,bench_mov_symbolic_absolute
88.8989,88.901,0.0020999999999986585,8368.545281694856,bench_mov_symbolic_absolute
89.10126,89.10336,0.0020999999999986585,8374.738404522031,bench_mov_symbolic_absolute
89.30364,89.30572,0.0020799999999923102,8291.697907229975,bench_mov_symbolic_absolute
89.506,89.5081,0.0020999999999986585,8374.48654230195,bench_mov_symbolic_absolute
89.70838,89.71046,0.0020799999999923102,8284.777402846312,bench_mov_symbolic_absolute
89.91074,89.91284,0.0020999999999986585,8366.045630530161,bench_mov_symbolic_absolute
90.11312,90.1152,0.002080000000006521,8288.911059524997,bench_mov_symbolic_absolute
90.31548,90.31756,0.002080000000006521,8284.36741608109,bench_mov_symbolic_absolute
90.51784,90.51994,0.0020999999999986585,8373.181708150256,bench_mov_symbolic_absolute
90.7202,90.7216,0.0013999999999896318,5398.571859071897,bench_mov_absolute_register
90.92188,90.92328,0.0014000000000038426,5388.767828713082,bench_mov_absolute_register
91.12356,91.12496,0.0014000000000038426,5384.098652299762,bench_mov_absolute_register
91.32522,91.32662,0.0014000000000038426,5378.552803318531,bench_mov_absolute_register
91.5269,91.5283,0.0014000000000038426,5394.272718128301,bench_mov_absolute_register
91.72856,91.72998,0.00141999999999598,5463.3799288264545,bench_mov_absolute_register
91.93024,91.93164,0.0014000000000038426,5383.865425843776,bench_mov_absolute_register
92.13192,92.13332,0.0014000000000038426,5375.188021006204,bench_mov_absolute_register
92.3336,92.335,0.0013999999999896318,5392.173763788893,bench_mov_absolute_register
92.53526,92.53666,0.0014000000000038426,5388.127346540701,bench_mov_absolute_register
92.73694,92.73834,0.0013999999999896318,5389.549066271062,bench_mov_absolute_register
92.93862,92.94002,0.0014000000000038426,5386.700916584868,bench_mov_absolute_register
93.1403,93.1417,0.0014000000000038426,5400.757207550876,bench_mov_absolute_register
93.34196,93.34336,0.0014000000000038426,5388.101113509788,bench_mov_absolute_register
93.54364,93.54504,0.0014000000000038426,5393.332701657612,bench_mov_absolute_register
93.7453,93.7467,0.0014000000000038426,5399.785521455331,bench_mov_absolute_register
93.94696,93.94838,0.00141999999999598,5473.9037179216075,bench_mov_absolute_register
94.14864,94.15004,0.0014000000000038426,5383.712251219841,bench_mov_absolute_register
94.3503,94.3517,0.0013999999999896318,5394.040902569136,bench_mov_absolute_register
94.55196,94.55336,0.0014000000000038426,5391.635817957941,bench_mov_absolute_register
94.75364,94.75504,0.0013999999999896318,5379.5505547487755,bench_mov_absolute_register
94.95532,94.95672,0.0014000000000038426,5390.515420600581,bench_mov_absolute_register
95.15698,95.15838,0.0013999999999896318,5395.880199462004,bench_mov_absolute_register
95.35866,95.36006,0.0014000000000038426,5393.018878545543,bench_mov_absolute_register
95.56032,95.56172,0.0013999999999896318,5366.702517452641,bench_mov_absolute_register
95.762,95.7634,0.0014000000000038426,5377.1585365916335,bench_mov_absolute_register
95.96366,95.96506,0.0013999999999896318,5388.068973510094,bench_mov_absolute_register
96.16534,96.16674,0.0014000000000038426,5380.326239406889,bench_mov_absolute_register
96.367,96.3684,0.0013999999999896318,5411.8164721464145,bench_mov_absolute_register
96.56868,96.57008,0.0014000000000038426,5390.009435373701,bench_mov_absolute_register
96.77034,96.77174,0.0013999999999896318,5377.196401782073,bench_mov_absolute_register
96.97202,96.97342,0.0014000000000038426,5400.165915504628,bench_mov_absolute_register
97.17368,97.1751,0.00141999999999598,5460.863923636211,bench_mov_absolute_register
97.37536,97.37676,0.0014000000000038426,5370.120299064302,bench_mov_absolute_register
97.57702,97.57844,0.00141999999999598,5448.2992645181275,bench_mov_absolute_register
97.7787,97.7801,0.0014000000000038426,5376.94655127489,bench_mov_absolute_register
97.98038,97.98178,0.0014000000000038426,5395.612132285593,bench_mov_absolute_register
98.18204,98.18344,0.0014000000000038426,5398.499665331008,bench_mov_absolute_register
98.3837,98.3851,0.0013999999999896318,5408.023956656187,bench_mov_absolute_register
98.58538,98.58678,0.0014000000000038426,5393.250135254902,bench_mov_absolute_register
98.78704,98.78844,0.0013999999999896318,5379.069568547121,bench_mov_absolute_register
98.98872,98.99012,0.0014000000000038426,5369.918136873049,bench_mov_absolute_register
99.19038,99.19178,0.0013999999999896318,5393.525338690477,bench_mov_absolute_register
99.39204,99.39344,0.0014000000000038426,5380.981604120113,bench_mov_absolute_register
99.5937,99.5951,0.0014000000000038426,5375.440297663817,bench_mov_absolute_register
99.79536,99.79676,0.0014000000000038426,5389.227534192255,bench_mov_absolute_register
99.99704,99.99844,0.0014000000000038426,5376.364171985832,bench_mov_absolute_register
100.1987,100.2001,0.0014000000000038426,5386.557660544831,bench_mov_absolute_register
100.40038,100.40178,0.0014000000000038426,5386.975677699329,bench_mov_absolute_register
100.60204,100.60344,0.0014000000000038426,5395.308542078777,bench_mov_absolute_register
100.80372,100.80512,0.0014000000000038426,5385.896416861659,bench_mov_absolute_register
101.00538,101.00678,0.0014000000000038426,5385.190397513942,bench_mov_absolute_register
101.20704,101.20844,0.0013999999999896318,5388.399474280815,bench_mov_absolute_register
101.40872,101.41012,0.0014000000000038426,5386.761804124912,bench_mov_absolute_register
101.6104,101.6118,0.0014000000000038426,5385.625164505528,bench_mov_absolute_register
101.81206,101.81346,0.0014000000000038426,5398.503355695235,bench_mov_absolute_register
102.01374,102.01514,0.0014000000000038426,5399.790704265344,bench_mov_absolute_register
102.2154,102.2168,0.0014000000000038426,5384.795682052408,bench_mov_absolute_register
102.41708,102.41848,0.0014000000000038426,5383.41258654045,bench_mov_absolute_register
102.61876,102.62016,0.0014000000000038426,5393.224286397561,bench_mov_absolute_register
102.82042,102.82182,0.0014000000000038426,5393.82936667314,bench_mov_absolute_register
103.02208,103.02348,0.0014000000000038426,5383.570487624456,bench_mov_absolute_register
103.22376,103.22516,0.0014000000000038426,5372.736551814432,bench_mov_absolute_register
103.42542,103.42682,0.0014000000000038426,5387.610988705089,bench_mov_absolute_register
103.62708,103.62848,0.0013999999999896318,5382.908238055822,bench_mov_absolute_register
103.82874,103.83014,0.0014000000000038426,5385.310840808743,bench_mov_absolute_register
104.0304,104.0318,0.0014000000000038426,5392.68740221522,bench_mov_absolute_register
104.23206,104.23346,0.0013999999999896318,5393.610838758588,bench_mov_absolute_register
104.43374,104.43514,0.0014000000000038426,5391.52872982994,bench_mov_absolute_register
104.6354,104.6368,0.0013999999999896318,5387.173593001979,bench_mov_absolute_register
104.83706,104.83848,0.0014200000000101909,5464.380784001965,bench_mov_absolute_register
105.03874,105.04014,0.0013999999999896318,5394.447070970648,bench_mov_absolute_register
105.24042,105.24182,0.0014000000000038426,5390.048129499542,bench_mov_absolute_register
105.44208,105.44348,0.0013999999999896318,5388.137521181605,bench_mov_absolute_register
105.64376,105.64516,0.0014000000000038426,5394.250892583898,bench_mov_absolute_register
105.84542,105.84682,0.0013999999999896318,5399.539084132082,bench_mov_absolute_register
106.04708,106.04848,0.0014000000000038426,5380.731872299741,bench_mov_absolute_register
106.24874,106.25014,0.0014000000000038426,5366.727591041692,bench_mov_absolute_register
106.45042,106.45182,0.0014000000000038426,5371.755601390282,bench_mov_absolute_register
106.65208,106.65348,0.0014000000000038426,5378.1954944291865,bench_mov_absolute_register
106.85376,106.85516,0.0014000000000038426,5389.949416292633,bench_mov_absolute_register
107.05544,107.05684,0.0013999999999896318,5366.098324260799,bench_mov_absolute_register
107.25712,107.25852,0.0014000000000038426,5399.221878048452,bench_mov_absolute_register
107.4588,107.4602,0.0014000000000038426,5370.560633034239,bench_mov_absolute_register
107.66046,107.66186,0.0014000000000038426,5388.363131803017,bench_mov_absolute_register
107.86214,107.86354,0.0014000000000038426,5388.039189872455,bench_mov_absolute_register
108.0638,108.0652,0.0014000000000038426,5400.69418727955,bench_mov_absolute_register
108.26546,108.26686,0.0013999999999896318,5394.212272908303,bench_mov_absolute_register
108.46712,108.46852,0.0014000000000038426,5385.438338870122,bench_mov_absolute_register
108.66878,108.67018,0.0014000000000038426,5377.641466927433,bench_mov_absolute_register
108.87046,108.87186,0.0014000000000038426,5379.345291310911,bench_mov_absolute_register
109.07212,109.07352,0.0014000000000038426,5386.553301956756,bench_mov_absolute_register
109.27378,109.27518,0.0014000000000038426,5404.276775675564,bench_mov_absolute_register
109.47544,109.47686,0.00141999999999598,5468.073906359967,bench_mov_absolute_register
109.67712,109.67852,0.0014000000000038426,5380.982013898348,bench_mov_absolute_register
109.87878,109.88018,0.0013999999999896318,5387.725664726698,bench_mov_absolute_register
110.08044,110.08184,0.0014000000000038426,5383.631035235843,bench_mov_absolute_register
110.2821,110.28352,0.00141999999999598,5462.485076844659,bench_mov_absolute_register
110.48378,110.48518,0.0014000000000038426,5383.495234434679,bench_mov_absolute_register
110.68544,110.68684,0.0014000000000038426,5387.9770659999485,bench_mov_absolute_register
110.8871,110.8892,0.0020999999999986585,8298.143758431617,bench_mov_absolute_indexed
111.08946,111.09156,0.0020999999999986585,8282.110178836374,bench_mov_absolute_indexed
111.29182,111.29392,0.0020999999999986585,8297.98845108004,bench_mov_absolute_indexed
111.49418,111.49628,0.0020999999999986585,8295.649075876101,bench_mov_absolute_indexed
111.69654,111.69864,0.0020999999999986585,8291.824744078054,bench_mov_absolute_indexed
111.8989,111.901,0.0020999999999986585,8298.470526928695,bench_mov_absolute_indexed
112.10124,112.10334,0.0020999999999986585,8298.601764247423,bench_mov_absolute_indexed
112.3036,112.3057,0.0020999999999986585,8294.476023868776,bench_mov_absolute_indexed
112.50596,112.50806,0.0020999999999986585,8290.482391597516,bench_mov_absolute_indexed
112.70832,112.71042,0.0020999999999986585,8295.525982970501,bench_mov_absolute_indexed
112.9107,112.9128,0.0020999999999986585,8296.10163810955,bench_mov_absolute_indexed
113.11306,113.11516,0.0020999999999986585,8286.866242990762,bench_mov_absolute_indexed
113.31542,113.31752,0.0020999999999986585,8300.559408957179,bench_mov_absolute_indexed
113.51778,113.51988,0.0020999999999986585,8299.009706819415,bench_mov_absolute_indexed
113.72016,113.72224,0.0020799999999923102,8201.41038854255,bench_mov_absolute_indexed
113.92252,113.92462,0.0020999999999986585,8276.385257479556,bench_mov_absolute_indexed
114.1249,114.127,0.0020999999999986585,8292.981139379279,bench_mov_absolute_indexed
114.32726,114.32936,0.0020999999999986585,8300.500437613193,bench_mov_absolute_indexed
114.52964,114.53172,0.002080000000006521,8226.356757831563,bench_mov_absolute_indexed
114.732,114.7341,0.0020999999999986585,8291.740897106241,bench_mov_absolute_indexed
114.93436,114.93646,0.0020999999999986585,8294.597668568447,bench_mov_absolute_indexed
115.13674,115.13884,0.0020999999999986585,8290.784461417197,bench_mov_absolute_indexed
115.3391,115.3412,0.0020999999999986585,8299.805712880536,bench_mov_absolute_indexed
115.54146,115.54356,0.0020999999999986585,8292.262325989646,bench_mov_absolute_indexed
115.74384,115.74592,0.0020799999999923102,8220.555125704204,bench_mov_absolute_indexed
115.9462,115.9483,0.0020999999999986585,8299.665087827922,bench_mov_absolute_indexed
116.14856,116.15066,0.0020999999999986585,8297.450181555865,bench_mov_absolute_indexed
116.35092,116.35302,0.0020999999999986585,8282.866952934583,bench_mov_absolute_indexed
116.5533,116.5554,0.0021000000000128694,8312.110225722094,bench_mov_absolute_indexed
116.75566,116.75776,0.0020999999999986585,8297.841027372693,bench_mov_absolute_indexed
116.95804,116.96014,0.0020999999999986585,8288.81385735676,bench_mov_absolute_indexed
117.1604,117.1625,0.0020999999999986585,8291.404587211933,bench_mov_absolute_indexed
117.36276,117.36486,0.0020999999999986585,8301.908266726847,bench_mov_absolute_indexed
117.56514,117.56724,0.0020999999999986585,8281.403565774717,bench_mov_absolute_indexed
117.7675,117.7696,0.0020999999999986585,8311.128728086787,bench_mov_absolute_indexed
117.96986,117.97196,0.0020999999999986585,8293.465315359057,bench_mov_absolute_indexed
118.17222,118.17432,0.0020999999999986585,8288.287783503712,bench_mov_absolute_indexed
118.37458,118.37668,0.0020999999999986585,8305.141495070788,bench_mov_absolute_indexed
118.57694,118.57904,0.0021000000000128694,8320.991341077646,bench_mov_absolute_indexed
118.7793,118.7814,0.0020999999999986585,8285.385225893499,bench_mov_absolute_indexed
118.98166,118.98376,0.0020999999999986585,8286.96150797604,bench_mov_absolute_indexed
119.18402,119.18612,0.0020999999999986585,8307.397011660461,bench_mov_absolute_indexed
119.38638,119.38848,0.0020999999999986585,8317.4517285013,bench_mov_absolute_indexed
119.58874,119.59084,0.0020999999999986585,8296.360825182584,bench_mov_absolute_indexed
119.7911,119.7932,0.0020999999999986585,8300.050641404547,bench_mov_absolute_indexed
119.99346,119.99556,0.0020999999999986585,8300.459412853052,bench_mov_absolute_indexed
120.19582,120.19792,0.0020999999999986585,8311.001458199986,bench_mov_absolute_indexed
120.39818,120.40028,0.0020999999999986585,8278.344217682792,bench_mov_absolute_indexed
120.60054,120.60264,0.0020999999999986585,8284.81951262429,bench_mov_absolute_indexed
120.80292,120.80502,0.0020999999999986585,8275.555185969139,bench_mov_absolute_indexed
121.00528,121.00738,0.0020999999999986585,8297.716430383338,bench_mov_absolute_indexed
121.20764,121.20974,0.0020999999999986585,8301.171632478885,bench_mov_absolute_indexed
121.41,121.4121,0.0020999999999986585,8288.025562646837,bench_mov_absolute_indexed
121.61236,121.61446,0.0020999999999986585,8295.8558201752,bench_mov_absolute_indexed
121.81472,121.81682,0.0021000000000128694,8308.094078727887,bench_mov_absolute_indexed
122.01708,122.01918,0.0020999999999986585,8303.691395551888,bench_mov_absolute_indexed
122.21944,122.22154,0.0020999999999986585,8305.337284685225,bench_mov_absolute_indexed
122.4218,122.4239,0.0020999999999986585,8290.105457411064,bench_mov_absolute_indexed
122.62416,122.62626,0.0020999999999986585,8306.083795608576,bench_mov_absolute_indexed
122.82652,122.82862,0.0020999999999986585,8293.293025338522,bench_mov_absolute_indexed
123.02888,123.03098,0.0020999999999986585,8303.131223649658,bench_mov_absolute_indexed
123.23124,123.23334,0.0020999999999986585,8283.715904685803,bench_mov_absolute_indexed
123.4336,123.4357,0.0020999999999986585,8287.032265211004,bench_mov_absolute_indexed
123.63596,123.63806,0.0020999999999986585,8296.734569589578,bench_mov_absolute_indexed
123.83832,123.84042,0.0020999999999986585,8310.303492466634,bench_mov_absolute_indexed
124.0407,124.0428,0.0020999999999986585,8287.851167837067,bench_mov_absolute_indexed
124.24306,124.24516,0.0020999999999986585,8290.111180390013,bench_mov_absolute_indexed
124.44542,124.44752,0.0020999999999986585,8289.9438356939,bench_mov_absolute_indexed
124.64778,124.64988,0.0020999999999986585,8295.975653450547,bench_mov_absolute_indexed
124.85014,124.85224,0.0020999999999986585,8298.48202876337,bench_mov_absolute_indexed
125.05252,125.05462,0.0020999999999986585,8306.840492871637,bench_mov_absolute_indexed
125.25488,125.25698,0.0020999999999986585,8287.223805668838,bench_mov_absolute_indexed
125.45724,125.45934,0.0020999999999986585,8295.88216263358,bench_mov_absolute_indexed
125.6596,125.6617,0.0020999999999986585,8291.18063672913,bench_mov_absolute_indexed
125.86196,125.86406,0.0020999999999986585,8298.688274803933,bench_mov_absolute_indexed
126.06434,126.06644,0.0020999999999986585,8282.771331717584,bench_mov_absolute_indexed
126.2667,126.2688,0.0020999999999986585,8294.871519314403,bench_mov_absolute_indexed
126.46906,126.47116,0.0020999999999986585,8274.616575795188,bench_mov_absolute_indexed
126.67142,126.67352,0.0020999999999986585,8296.594177368164,bench_mov_absolute_indexed
126.87378,126.87588,0.0020999999999986585,8294.615861955319,bench_mov_absolute_indexed
127.07614,127.07824,0.0020999999999986585,8305.508103216089,bench_mov_absolute_indexed
127.2785,127.2806,0.0021000000000128694,8297.612965158893,bench_mov_absolute_indexed
127.48086,127.48296,0.0020999999999986585,8295.42999155154,bench_mov_absolute_indexed
127.68322,127.68532,0.0020999999999986585,8281.853937071637,bench_mov_absolute_indexed
127.88558,127.88768,0.0020999999999986585,8275.513215915282,bench_mov_absolute_indexed
128.08794,128.09004,0.0020999999999844476,8285.958475837098,bench_mov_absolute_indexed
128.2903,128.2924,0.0020999999999844476,8293.893895980887,bench_mov_absolute_indexed
128.49266,128.49476,0.0021000000000128694,8279.750328563552,bench_mov_absolute_indexed
128.69502,128.69712,0.0021000000000128694,8294.990521441254,bench_mov_absolute_indexed
128.89738,128.89948,0.0021000000000128694,8283.027121847428,bench_mov_absolute_indexed
129.09972,129.10182,0.0021000000000128694,8285.27643350685,bench_mov_absolute_indexed
129.30208,129.30418,0.0021000000000128694,8277.897355200086,bench_mov_absolute_indexed
129.50444,129.50654,0.0021000000000128694,8291.326495872772,bench_mov_absolute_indexed
129.7068,129.7089,0.0021000000000128694,8278.670534546693,bench_mov_absolute_indexed
129.90916,129.91126,0.0020999999999844476,8303.959569828528,bench_mov_absolute_indexed
130.11154,130.11364,0.0021000000000128694,8287.361995369258,bench_mov_absolute_indexed
130.3139,130.316,0.0021000000000128694,8289.420353300748,bench_mov_absolute_indexed
130.51626,130.51836,0.0021000000000128694,8302.008144145717,bench_mov_absolute_indexed
130.71862,130.72072,0.0021000000000128694,8303.0328853575,bench_mov_absolute_indexed
130.92098,130.92308,0.0021000000000128694,8282.997026160456,bench_mov_absolute_indexed
131.12334,131.12542,0.0020799999999780994,8270.30156264277,bench_mov_absolute_symbolic
131.32568,131.32776,0.002080000000006521,8283.430901381009,bench_mov_absolute_symbolic
131.52802,131.5301,0.002080000000006521,8265.469288480233,bench_mov_absolute_symbolic
131.73036,131.73244,0.002080000000006521,8263.944792588854,bench_mov_absolute_symbolic
131.9327,131.93478,0.0020799999999780994,8270.914736113755,bench_mov_absolute_symbolic
132.13504,132.13712,0.002080000000006521,8273.447435375187,bench_mov_absolute_symbolic
132.33738,132.33946,0.002080000000006521,8250.660938238052,bench_mov_absolute_symbolic
132.53972,132.5418,0.002080000000006521,8263.608627050506,bench_mov_absolute_symbolic
132.74206,132.74414,0.0020799999999780994,8280.374151564574,bench_mov_absolute_symbolic
132.94438,132.94646,0.002080000000006521,8273.741714682721,bench_mov_absolute_symbolic
133.14672,133.1488,0.002080000000006521,8246.334213793249,bench_mov_absolute_symbolic
133.34906,133.35114,0.0020799999999780994,8279.230045066071,bench_mov_absolute_symbolic
133.5514,133.55348,0.002080000000006521,8269.913313005422,bench_mov_absolute_symbolic
133.75374,133.75582,0.002080000000006521,8264.786335665065,bench_mov_absolute_symbolic
133.95608,133.95816,0.002080000000006521,8261.159197457651,bench_mov_absolute_symbolic
134.15842,134.1605,0.002080000000006521,8265.755055497051,bench_mov_absolute_symbolic
134.36076,134.36284,0.002080000000006521,8258.501384433492,bench_mov_absolute_symbolic
134.5631,134.56518,0.002080000000006521,8260.435205912454,bench_mov_absolute_symbolic
134.76544,134.76752,0.0020799999999780994,8271.158328189797,bench_mov_absolute_symbolic
134.96778,134.96984,0.002060000000000173,8191.51893723819,bench_mov_absolute_symbolic
135.17012,135.17218,0.002060000000000173,8162.054629066278,bench_mov_absolute_symbolic
135.37244,135.37452,0.0020799999999780994,8267.306950783428,bench_mov_absolute_symbolic
135.57478,135.57686,0.002080000000006521,8279.616923562895,bench_mov_absolute_symbolic
135.77712,135.7792,0.002080000000006521,8260.863274363515,bench_mov_absolute_symbolic
135.97946,135.98154,0.002080000000006521,8245.795643918127,bench_mov_absolute_symbolic
136.1818,136.18388,0.0020799999999780994,8269.394198344153,bench_mov_absolute_symbolic
136.38414,136.38622,0.002080000000006521,8266.300745333898,bench_mov_absolute_symbolic
136.58648,136.58856,0.002080000000006521,8236.327799998133,bench_mov_absolute_symbolic
136.78882,136.7909,0.002080000000006521,8257.543239772342,bench_mov_absolute_symbolic
136.99116,136.99324,0.0020799999999780994,8268.672767938522,bench_mov_absolute_symbolic
137.1935,137.19558,0.002080000000006521,8263.97380328663,bench_mov_absolute_symbolic
137.39584,137.39792,0.002080000000006521,8262.111009126469,bench_mov_absolute_symbolic
137.59818,137.60026,0.0020799999999780994,8257.458745413567,bench_mov_absolute_symbolic
137.80052,137.8026,0.002080000000006521,8270.27542984748,bench_mov_absolute_symbolic
138.00286,138.00494,0.002080000000006521,8275.259393294024,bench_mov_absolute_symbolic
138.2052,138.20728,0.002080000000006521,8279.139017714102,bench_mov_absolute_symbolic
138.40756,138.40964,0.002080000000006521,8263.560445075265,bench_mov_absolute_symbolic
138.6099,138.61198,0.0020799999999780994,8262.145263053555,bench_mov_absolute_symbolic
138.81224,138.81432,0.002080000000006521,8248.03537226028,bench_mov_absolute_symbolic
139.01458,139.01666,0.002080000000006521,8273.717653965003,bench_mov_absolute_symbolic
139.21694,139.219,0.002060000000000173,8181.382892654484,bench_mov_absolute_symbolic
139.41928,139.42136,0.002080000000006521,8258.205973572034,bench_mov_absolute_symbolic
139.62162,139.6237,0.002080000000006521,8271.493404198756,bench_mov_absolute_symbolic
139.82398,139.82604,0.002060000000000173,8192.816576920788,bench_mov_absolute_symbolic
140.02632,140.0284,0.002080000000006521,8254.181738037862,bench_mov_absolute_symbolic
140.22866,140.23074,0.002080000000006521,8250.66604654296,bench_mov_absolute_symbolic
140.431,140.43308,0.0020799999999780994,8249.634811564812,bench_mov_absolute_symbolic
140.63334,140.6354,0.002060000000000173,8182.013537734793,bench_mov_absolute_symbolic
140.83568,140.83774,0.002060000000000173,8173.655327410924,bench_mov_absolute_symbolic
141.03802,141.0401,0.002080000000006521,8269.47051568921,bench_mov_absolute_symbolic
141.24036,141.24244,0.0020799999999780994,8255.466469473697,bench_mov_absolute_symbolic
141.4427,141.44478,0.002080000000006521,8265.813253845197,bench_mov_absolute_symbolic
141.64506,141.64712,0.002060000000000173,8170.685605147185,bench_mov_absolute_symbolic
141.8474,141.84948,0.002080000000006521,8264.189418432801,bench_mov_absolute_symbolic
142.04974,142.05182,0.0020799999999780994,8272.113173644917,bench_mov_absolute_symbolic
142.2521,142.25416,0.002060000000000173,8182.818558998167,bench_mov_absolute_symbolic
142.45444,142.45652,0.002080000000006521,8257.965683031405,bench_mov_absolute_symbolic
142.65678,142.65886,0.002080000000006521,8263.985267867676,bench_mov_absolute_symbolic
142.85914,142.8612,0.002060000000000173,8174.23043306902,bench_mov_absolute_symbolic
143.06148,143.06356,0.002080000000006521,8254.668912877209,bench_mov_absolute_symbolic
143.26382,143.2659,0.0020799999999780994,8253.346905019976,bench_mov_absolute_symbolic
143.46618,143.46826,0.0020799999999780994,8258.633357381606,bench_mov_absolute_symbolic
143.66852,143.6706,0.002080000000006521,8269.375353146444,bench_mov_absolute_symbolic
143.87088,143.87294,0.002060000000000173,8182.0732168858,bench_mov_absolute_symbolic
144.07322,144.0753,0.002080000000006521,8254.840071341401,bench_mov_absolute_symbolic
144.27556,144.27764,0.0020799999999780994,8257.566695011816,bench_mov_absolute_symbolic
144.4779,144.47998,0.002080000000006521,8251.741132722373,bench_mov_absolute_symbolic
144.68026,144.68234,0.002080000000006521,8270.340203332049,bench_mov_absolute_symbolic
144.8826,144.88468,0.002080000000006521,8268.469264756688,bench_mov_absolute_symbolic
145.08496,145.08702,0.002060000000000173,8168.717487715479,bench_mov_absolute_symbolic
145.2873,145.28938,0.002080000000006521,8263.209122262182,bench_mov_absolute_symbolic
145.48964,145.49172,0.0020799999999780994,8261.588979422988,bench_mov_absolute_symbolic
145.692,145.69406,0.002060000000000173,8174.695665949341,bench_mov_absolute_symbolic
145.89434,145.8964,0.002060000000000173,8183.395806700594,bench_mov_absolute_symbolic
146.09668,146.09874,0.002060000000000173,8172.19033837524,bench_mov_absolute_symbolic
146.29902,146.3011,0.0020799999999780994,8257.973841300774,bench_mov_absolute_symbolic
146.50136,146.50344,0.002080000000006521,8247.446124466034,bench_mov_absolute_symbolic
146.7037,146.70578,0.002080000000006521,8266.45786876716,bench_mov_absolute_symbolic
146.90604,146.90812,0.002080000000006521,8270.386531978289,bench_mov_absolute_symbolic
147.10838,147.11046,0.0020799999999780994,8254.125746808257,bench_mov_absolute_symbolic
147.31072,147.3128,0.002080000000006521,8262.716296619537,bench_mov_absolute_symbolic
147.51308,147.51514,0.002060000000000173,8166.3608085379165,bench_mov_absolute_symbolic
147.71542,147.7175,0.002080000000006521,8253.627093537112,bench_mov_absolute_symbolic
147.91776,147.91984,0.002080000000006521,8263.162910035044,bench_mov_absolute_symbolic
148.1201,148.12218,0.0020799999999780994,8251.405847167962,bench_mov_absolute_symbolic
148.32244,148.32452,0.002080000000006521,8268.093511022393,bench_mov_absolute_symbolic
148.52478,148.52686,0.002080000000006521,8257.612008629027,bench_mov_absolute_symbolic
148.72714,148.7292,0.002060000000000173,8167.691719720258,bench_mov_absolute_symbolic
148.92948,148.93154,0.002060000000000173,8178.138067010234,bench_mov_absolute_symbolic
149.13182,149.13388,0.002060000000000173,8187.623103148722,bench_mov_absolute_symbolic
149.33416,149.33624,0.002080000000006521,8254.606523576484,bench_mov_absolute_symbolic
149.5365,149.53858,0.002080000000006521,8254.06743216359,bench_mov_absolute_symbolic
149.73884,149.74092,0.0020799999999780994,8251.492173788736,bench_mov_absolute_symbolic
149.94118,149.94326,0.002080000000006521,8244.197522314253,bench_mov_absolute_symbolic
150.14352,150.1456,0.002080000000006521,8251.929320421,bench_mov_absolute_symbolic
150.34586,150.34794,0.002080000000006521,8254.023673972551,bench_mov_absolute_symbolic
150.5482,150.55028,0.0020799999999780994,8256.308692417493,bench_mov_absolute_symbolic
150.75054,150.75262,0.002080000000006521,8256.66658582895,bench_mov_absolute_symbolic
150.95288,150.95496,0.002080000000006521,8242.442389046353,bench_mov_absolute_symbolic
151.15522,151.1573,0.0020799999999780994,8246.209989211906,bench_mov_absolute_symbolic
151.35756,151.35966,0.0020999999999844476,8233.241336357893,bench_mov_absolute_absolute
151.55992,151.562,0.002080000000006521,8160.4291149659575,bench_mov_absolute_absolute
151.76226,151.76436,0.0021000000000128694,8244.236386433098,bench_mov_absolute_absolute
151.96462,151.96672,0.0021000000000128694,8236.459991946442,bench_mov_absolute_absolute
152.16698,152.16906,0.002080000000006521,8163.360888164512,bench_mov_absolute_absolute
152.36932,152.37142,0.0021000000000128694,8251.048047148292,bench_mov_absolute_absolute
152.57168,152.57376,0.002080000000006521,8150.146426659746,bench_mov_absolute_absolute
152.77402,152.77612,0.0020999999999844476,8232.391432331124,bench_mov_absolute_absolute
152.97638,152.97846,0.002080000000006521,8160.052606861443,bench_mov_absolute_absolute
153.17872,153.18082,0.0021000000000128694,8229.593122431701,bench_mov_absolute_absolute
153.38108,153.38318,0.0021000000000128694,8229.345106572167,bench_mov_absolute_absolute
153.58344,153.58554,0.0021000000000128694,8241.62586131644,bench_mov_absolute_absolute
153.78578,153.78788,0.0021000000000128694,8234.58260861982,bench_mov_absolute_absolute
153.98814,153.99024,0.0021000000000128694,8231.872599625287,bench_mov_absolute_absolute
154.19048,154.19258,0.0020999999999844476,8241.664457535602,bench_mov_absolute_absolute
154.39284,154.39494,0.0020999999999844476,8227.882170986875,bench_mov_absolute_absolute
154.5952,154.5973,0.0020999999999844476,8244.398389881779,bench_mov_absolute_absolute
154.79756,154.79966,0.0020999999999844476,8222.342398888926,bench_mov_absolute_absolute
154.99992,155.002,0.002080000000006521,8150.979755472001,bench_mov_absolute_absolute
155.20226,155.20436,0.0021000000000128694,8242.359682970397,bench_mov_absolute_absolute
155.40462,155.40672,0.0021000000000128694,8232.376221619135,bench_mov_absolute_absolute
155.60698,155.60908,0.0021000000000128694,8232.35992813081,bench_mov_absolute_absolute
155.80932,155.81142,0.0020999999999844476,8234.481934859483,bench_mov_absolute_absolute
156.01168,156.01378,0.0020999999999844476,8235.877500782794,bench_mov_absolute_absolute
156.21404,156.21612,0.0020799999999780994,8163.267704569405,bench_mov_absolute_absolute
156.4164,156.41848,0.0020799999999780994,8152.8866569549145,bench_mov_absolute_absolute
156.61874,156.62084,0.0020999999999844476,8232.225852492356,bench_mov_absolute_absolute
156.8211,156.82318,0.002080000000006521,8149.908655349313,bench_mov_absolute_absolute
157.02344,157.02554,0.0021000000000128694,8233.586400799915,bench_mov_absolute_absolute
157.2258,157.2279,0.0021000000000128694,8243.815070070199,bench_mov_absolute_absolute
157.42816,157.43024,0.002080000000006521,8150.700107243139,bench_mov_absolute_absolute
157.6305,157.6326,0.0020999999999844476,8240.80107028571,bench_mov_absolute_absolute
157.83286,157.83494,0.0020799999999780994,8158.157323398959,bench_mov_absolute_absolute
158.0352,158.0373,0.0020999999999844476,8237.466919172373,bench_mov_absolute_absolute
158.23756,158.23964,0.002080000000006521,8155.711381721534,bench_mov_absolute_absolute
158.4399,158.44198,0.002080000000006521,8148.93946519974,bench_mov_absolute_absolute
158.64224,158.64434,0.0021000000000128694,8227.122230506995,bench_mov_absolute_absolute
158.84458,158.84668,0.0020999999999844476,8246.417874407369,bench_mov_absolute_absolute
159.04692,159.04902,0.0021000000000128694,8247.67077113962,bench_mov_absolute_absolute
159.24928,159.25138,0.0021000000000128694,8223.651242494021,bench_mov_absolute_absolute
159.45164,159.45374,0.0021000000000128694,8229.014091246207,bench_mov_absolute_absolute
159.654,159.65608,0.002080000000006521,8139.8463622001145,bench_mov_absolute_absolute
159.85636,159.85844,0.002080000000006521,8156.154807684417,bench_mov_absolute_absolute
160.0587,160.0608,0.0021000000000128694,8224.778266210253,bench_mov_absolute_absolute
160.26106,160.26316,0.0021000000000128694,8226.583800330962,bench_mov_absolute_absolute
160.46342,160.4655,0.0020799999999780994,8137.295069084492,bench_mov_absolute_absolute
160.66578,160.66786,0.0020799999999780994,8146.67204851485,bench_mov_absolute_absolute
160.86814,160.87022,0.0020799999999780994,8152.901967898224,bench_mov_absolute_absolute
161.07048,161.07258,0.0020999999999844476,8217.766438550312,bench_mov_absolute_absolute
161.27284,161.27494,0.0020999999999844476,8232.324044158935,bench_mov_absolute_absolute
161.4752,161.4773,0.0021000000000128694,8221.67422394702,bench_mov_absolute_absolute
161.67756,161.67966,0.0021000000000128694,8240.726357377418,bench_mov_absolute_absolute
161.87992,161.882,0.002080000000006521,8143.493868436131,bench_mov_absolute_absolute
162.08226,162.08436,0.0021000000000128694,8221.860663087093,bench_mov_absolute_absolute
162.28462,162.28672,0.0021000000000128694,8226.568107545507,bench_mov_absolute_absolute
162.48698,162.48906,0.002080000000006521,8142.720572676665,bench_mov_absolute_absolute
162.68932,162.69142,0.0020999999999844476,8225.01264040486,bench_mov_absolute_absolute
162.89168,162.89378,0.0020999999999844476,8233.210181288097,bench_mov_absolute_absolute
163.09404,163.09612,0.002080000000006521,8156.590648020363,bench_mov_absolute_absolute
163.29638,163.29848,0.0021000000000128694,8229.117081551562,bench_mov_absolute_absolute
163.49874,163.50082,0.002080000000006521,8145.2638120653755,bench_mov_absolute_absolute
163.70108,163.70318,0.0021000000000128694,8231.232548183718,bench_mov_absolute_absolute
163.90342,163.90552,0.0020999999999844476,8220.334947044332,bench_mov_absolute_absolute
164.10576,164.10786,0.0020999999999844476,8234.18363922717,bench_mov_absolute_absolute
164.30812,164.3102,0.002080000000006521,8141.360380712548,bench_mov_absolute_absolute
164.51046,164.51256,0.0021000000000128694,8230.673996782909,bench_mov_absolute_absolute
164.7128,164.7149,0.0021000000000128694,8233.658387377145,bench_mov_absolute_absolute
164.91516,164.91726,0.0021000000000128694,8223.250121862151,bench_mov_absolute_absolute
165.1175,165.1196,0.0020999999999844476,8230.452006619455,bench_mov_absolute_absolute
165.31986,165.32196,0.0020999999999844476,8231.223765699557,bench_mov_absolute_absolute
165.5222,165.5243,0.0021000000000128694,8238.633743072573,bench_mov_absolute_absolute
165.72456,165.72664,0.002080000000006521,8161.705415721616,bench_mov_absolute_absolute
165.9269,165.929,0.0021000000000128694,8241.478311883071,bench_mov_absolute_absolute
166.12926,166.13134,0.002080000000006521,8149.269437444175,bench_mov_absolute_absolute
166.3316,166.33368,0.0020799999999780994,8158.4844993479755,bench_mov_absolute_absolute
166.53394,166.53604,0.0021000000000128694,8221.469060570776,bench_mov_absolute_absolute
166.73628,166.73838,0.0021000000000128694,8232.35468478609,bench_mov_absolute_absolute
166.93864,166.94072,0.002080000000006521,8158.496245770048,bench_mov_absolute_absolute
167.14098,167.14308,0.0020999999999844476,8226.245432094727,bench_mov_absolute_absolute
167.34334,167.34542,0.0020799999999780994,8160.053552038969,bench_mov_absolute_absolute
167.54568,167.54778,0.0020999999999844476,8221.336998914174,bench_mov_absolute_absolute
167.74804,167.75014,0.0020999999999844476,8253.052001757007,bench_mov_absolute_absolute
167.95038,167.95248,0.0021000000000128694,8234.165632217404,bench_mov_absolute_absolute
168.15274,168.15484,0.0021000000000128694,8223.335677809404,bench_mov_absolute_absolute
168.35508,168.35718,0.0021000000000128694,8231.040528095984,bench_mov_absolute_absolute
168.55744,168.55954,0.0020999999999844476,8233.243236254633,bench_mov_absolute_absolute
168.7598,168.76188,0.0020799999999780994,8147.54912620806,bench_mov_absolute_absolute
168.96214,168.96424,0.0020999999999844476,8242.045845773371,bench_mov_absolute_absolute
169.16448,169.16658,0.0021000000000128694,8230.688786186549,bench_mov_absolute_absolute
169.36684,169.36892,0.002080000000006521,8144.585141006664,bench_mov_absolute_absolute
169.56918,169.57128,0.0021000000000128694,8229.540744850283,bench_mov_absolute_absolute
169.77154,169.77362,0.002080000000006521,8158.377064419082,bench_mov_absolute_absolute
169.97388,169.97598,0.0020999999999844476,8232.756501464337,bench_mov_absolute_absolute
170.17624,170.17832,0.002080000000006521,8163.161268482383,bench_mov_absolute_absolute
170.37858,170.38068,0.0021000000000128694,8228.733679330751,bench_mov_absolute_absolute
170.58092,170.58302,0.0021000000000128694,8231.268641590765,bench_mov_absolute_absolute
170.78328,170.78536,0.002080000000006521,8159.007669918472,bench_mov_absolute_absolute
170.98562,170.9877,0.0020799999999780994,8152.143480166309,bench_mov_absolute_absolute
171.18796,171.19006,0.0020999999999844476,8232.33451222435,bench_mov_absolute_absolute
171.3903,171.3924,0.0021000000000128694,8225.726117432143,bench_mov_absolute_absolute
171.59266,171.59346,0.0007999999999981355,3295.463216484566,bench_mov_indirect_register
171.79372,171.79452,0.0007999999999981355,3294.612150631516,bench_mov_indirect_register
171.99478,171.9956,0.0008200000000044838,3375.653252024149,bench_mov_indirect_register
172.19584,172.19666,0.0008200000000044838,3385.6353303604383,bench_mov_indirect_register
172.3969,172.39772,0.0008200000000044838,3374.076224882508,bench_mov_indirect_register
172.59796,172.59878,0.0008200000000044838,3377.1407045612987,bench_mov_indirect_register
172.79904,172.79984,0.0007999999999981355,3290.509423233147,bench_mov_indirect_register
173.0001,173.0009,0.0007999999999981355,3311.2529618584435,bench_mov_indirect_register
173.20116,173.20198,0.0008200000000044838,3382.087610681297,bench_mov_indirect_register
173.40224,173.40304,0.0007999999999981355,3296.1671659648487,bench_mov_indirect_register
173.6033,173.60412,0.0008200000000044838,3380.129011366564,bench_mov_indirect_register
173.80438,173.8052,0.0008200000000044838,3380.715297552187,bench_mov_indirect_register
174.00544,174.00626,0.0008200000000044838,3377.1556895429335,bench_mov_indirect_register
174.2065,174.20732,0.0008200000000044838,3388.853389788214,bench_mov_indirect_register
174.40756,174.40838,0.0008200000000044838,3369.704703819707,bench_mov_indirect_register
174.60864,174.60944,0.0007999999999981355,3277.111998751384,bench_mov_indirect_register
174.8097,174.81052,0.0008200000000044838,3377.5152638733266,bench_mov_indirect_register
175.01078,175.01158,0.0007999999999981355,3299.0127568978082,bench_mov_indirect_register
175.21184,175.21266,0.0008200000000044838,3373.2481254459044,bench_mov_indirect_register
175.4129,175.41372,0.0008200000000044838,3374.9299496592707,bench_mov_indirect_register
175.61396,175.61478,0.0008200000000044838,3375.574592519557,bench_mov_indirect_register
175.81504,175.81584,0.0007999999999981355,3291.8975176207528,bench_mov_indirect_register
176.0161,176.0169,0.0007999999999981355,3295.5099036839338,bench_mov_indirect_register
176.21716,176.21796,0.0007999999999981355,3313.154033377184,bench_mov_indirect_register
176.41822,176.41902,0.0007999999999981355,3301.2832095770545,bench_mov_indirect_register
176.61928,176.62008,0.0007999999999981355,3301.915498442289,bench_mov_indirect_register
176.82034,176.82114,0.0008000000000265572,3290.0190913286433,bench_mov_indirect_register
177.0214,177.02222,0.0008200000000044838,3383.4322449015585,bench_mov_indirect_register
177.22246,177.22328,0.0008199999999760621,3375.378157844109,bench_mov_indirect_register
177.42354,177.42434,0.0007999999999981355,3290.7750783410943,bench_mov_indirect_register
177.6246,177.6254,0.0008000000000265572,3301.27666715321,bench_mov_indirect_register
177.82566,177.82648,0.0008200000000044838,3382.9023642649404,bench_mov_indirect_register
178.02672,178.02754,0.0008199999999760621,3377.9459119711973,bench_mov_indirect_register
178.22778,178.2286,0.0008200000000044838,3370.9157537866818,bench_mov_indirect_register
178.42884,178.42966,0.0008200000000044838,3380.8119176139603,bench_mov_indirect_register
178.62992,178.63072,0.0007999999999981355,3289.332040578711,bench_mov_indirect_register
178.83098,178.83178,0.0007999999999981355,3298.967164002293,bench_mov_indirect_register
179.03204,179.03284,0.0007999999999981355,3292.052117169134,bench_mov_indirect_register
179.2331,179.23392,0.0008200000000044838,3385.0834332587724,bench_mov_indirect_register
179.43416,179.43498,0.0008200000000044838,3368.493686447956,bench_mov_indirect_register
179.63522,179.63604,0.0008200000000044838,3382.90570305611,bench_mov_indirect_register
179.83628,179.8371,0.0008200000000044838,3370.2171547535586,bench_mov_indirect_register
180.03736,180.03816,0.0007999999999981355,3289.8021908401797,bench_mov_indirect_register
180.23842,180.23924,0.0008200000000044838,3392.4980554925137,bench_mov_indirect_register
180.4395,180.44032,0.0008200000000044838,3385.2322027270475,bench_mov_indirect_register
180.64056,180.64138,0.0008200000000044838,3387.382566016071,bench_mov_indirect_register
180.84162,180.84244,0.0008200000000044838,3372.4416000948436,bench_mov_indirect_register
181.0427,181.0435,0.0007999999999981355,3285.28983052101,bench_mov_indirect_register
181.24376,181.24456,0.0007999999999981355,3299.2500392637153,bench_mov_indirect_register
181.44482,181.44564,0.0008200000000044838,3368.496978675349,bench_mov_indirect_register
181.6459,181.6467,0.0007999999999981355,3291.0449244005204,bench_mov_indirect_register
181.84696,181.84778,0.0008200000000044838,3364.5237051136382,bench_mov_indirect_register
182.04804,182.04884,0.0008000000000265572,3291.568583919106,bench_mov_indirect_register
182.2491,182.24992,0.0008200000000044838,3394.2355727970908,bench_mov_indirect_register
182.45016,182.45098,0.0008199999999760621,3384.6975955126527,bench_mov_indirect_register
182.65124,182.65204,0.0007999999999981355,3293.1312452923617,bench_mov_indirect_register
182.8523,182.8531,0.0007999999999981355,3297.2273835838178,bench_mov_indirect_register
183.05336,183.05418,0.0008200000000044838,3370.7225742011556,bench_mov_indirect_register
183.25444,183.25524,0.0007999999999981355,3284.081257873012,bench_mov_indirect_register
183.4555,183.4563,0.0007999999999981355,3295.2137524193918,bench_mov_indirect_register
183.65656,183.65738,0.0008199999999760621,3380.463961410577,bench_mov_indirect_register
183.85764,183.85844,0.0007999999999981355,3290.676935568812,bench_mov_indirect_register
184.0587,184.0595,0.0008000000000265572,3303.1278337524104,bench_mov_indirect_register
184.25976,184.26058,0.0008200000000044838,3374.6351488116698,bench_mov_indirect_register
184.46082,184.46164,0.0008199999999760621,3363.0888582146117,bench_mov_indirect_register
184.6619,184.6627,0.0007999999999981355,3301.892448208009,bench_mov_indirect_register
184.86296,184.86378,0.0008200000000044838,3361.646872964748,bench_mov_indirect_register
185.06402,185.06484,0.0008200000000044838,3374.4197013038693,bench_mov_indirect_register
185.2651,185.2659,0.0007999999999981355,3287.323270917177,bench_mov_indirect_register
185.46616,185.46698,0.0008200000000044838,3379.385974277071,bench_mov_indirect_register
185.66722,185.66804,0.0008200000000044838,3377.2320952443033,bench_mov_indirect_register
185.8683,185.8691,0.0007999999999981355,3289.5192317582687,bench_mov_indirect_register
186.06936,186.07018,0.0008200000000044838,3372.6861700593713,bench_mov_indirect_register
186.27042,186.27124,0.0008200000000044838,3375.119324792141,bench_mov_indirect_register
186.4715,186.4723,0.0007999999999981355,3299.889522596583,bench_mov_indirect_register
186.67256,186.67336,0.0007999999999981355,3304.2748505175764,bench_mov_indirect_register
186.87362,186.87444,0.0008200000000044838,3375.9762766038916,bench_mov_indirect_register
187.0747,187.07552,0.0008200000000044838,3368.4467850450874,bench_mov_indirect_register
187.27578,187.27658,0.0007999999999981355,3300.220407538532,bench_mov_indirect_register
187.47684,187.47766,0.0008199999999760621,3366.023367170854,bench_mov_indirect_register
187.67792,187.67874,0.0008200000000044838,3380.4952725963653,bench_mov_indirect_register
187.879,187.87982,0.0008200000000044838,3377.571753244363,bench_mov_indirect_register
188.08008,188.0809,0.0008200000000044838,3377.480264771414,bench_mov_indirect_register
188.28116,188.28198,0.0008200000000044838,3386.837807502267,bench_mov_indirect_register
188.48224,188.48306,0.0008200000000044838,3374.8156624108015,bench_mov_indirect_register
188.68332,188.68414,0.0008200000000044838,3375.2576075685997,bench_mov_indirect_register
188.8844,188.88522,0.0008200000000044838,3376.873857361446,bench_mov_indirect_register
189.08548,189.0863,0.0008200000000044838,3365.917075445086,bench_mov_indirect_register
189.28656,189.28738,0.0008200000000044838,3369.9578605771776,bench_mov_indirect_register
189.48764,189.48846,0.0008200000000044838,3375.712982397261,bench_mov_indirect_register
189.68872,189.68952,0.0007999999999981355,3294.8278728795476,bench_mov_indirect_register
189.8898,189.8906,0.0007999999999981355,3285.5061720972444,bench_mov_indirect_register
190.09088,190.09168,0.0007999999999981355,3297.5422497761742,bench_mov_indirect_register
190.29196,190.29276,0.0007999999999981355,3294.7334228005893,bench_mov_indirect_register
190.49304,190.49384,0.0007999999999981355,3289.8599188696135,bench_mov_indirect_register
190.6941,190.69492,0.0008200000000044838,3361.9078761152177,bench_mov_indirect_register
190.89518,190.896,0.0008199999999760621,3358.6305146050104,bench_mov_indirect_register
191.09626,191.09708,0.0008200000000044838,3383.3050914289647,bench_mov_indirect_register
191.29736,191.29816,0.0007999999999981355,3287.546308703612,bench_mov_indirect_register
191.49844,191.49924,0.0007999999999981355,3293.042355210088,bench_mov_indirect_register
191.69952,191.70104,0.0015199999999992997,6090.8693820185645,bench_mov_indirect_indexed
191.90132,191.90284,0.0015199999999992997,6099.8915601487715,bench_mov_indirect_indexed
192.1031,192.10464,0.0015399999999772263,6169.2176385784705,bench_mov_indirect_indexed
192.3049,192.30644,0.001540000000005648,6178.276012674817,bench_mov_indirect_indexed
192.5067,192.50822,0.0015199999999992997,6093.140812589061,bench_mov_indirect_indexed
192.7085,192.71002,0.0015199999999992997,6105.540590358321,bench_mov_indirect_indexed
192.9103,192.91184,0.001540000000005648,6172.33906874752,bench_mov_indirect_indexed
193.1121,193.11362,0.0015199999999992997,6090.743066741231,bench_mov_indirect_indexed
193.3139,193.31542,0.0015199999999992997,6086.6581182918235,bench_mov_indirect_indexed
193.51568,193.51722,0.001540000000005648,6170.361880235192,bench_mov_indirect_indexed
193.71748,193.719,0.0015199999999992997,6088.52052129679,bench_mov_indirect_indexed
193.91926,193.9208,0.001540000000005648,6183.775072006984,bench_mov_indirect_indexed
194.12106,194.12258,0.0015199999999992997,6094.849305225184,bench_mov_indirect_indexed
194.32284,194.32438,0.0015399999999772263,6174.2822173054565,bench_mov_indirect_indexed
194.52464,194.52616,0.0015199999999992997,6115.509402003144,bench_mov_indirect_indexed
194.72642,194.72796,0.001540000000005648,6168.637801916385,bench_mov_indirect_indexed
194.92822,194.92974,0.0015199999999992997,6098.767300132234,bench_mov_indirect_indexed
195.13,195.13152,0.0015199999999992997,6098.7850464845005,bench_mov_indirect_indexed
195.3318,195.33332,0.0015199999999992997,6095.181885175219,bench_mov_indirect_indexed
195.53358,195.5351,0.0015199999999992997,6092.274212275388,bench_mov_indirect_indexed
195.73536,195.7369,0.001540000000005648,6175.87099319861,bench_mov_indirect_indexed
195.93716,195.93868,0.0015199999999992997,6108.485190193862,bench_mov_indirect_indexed
196.13894,196.14048,0.001540000000005648,6164.131499850514,bench_mov_indirect_indexed
196.34074,196.34226,0.0015199999999992997,6093.269609842606,bench_mov_indirect_indexed
196.54252,196.54404,0.0015199999999992997,6101.531255987431,bench_mov_indirect_indexed
196.74432,196.74584,0.0015199999999992997,6092.929397708668,bench_mov_indirect_indexed
196.94612,196.94764,0.0015199999999992997,6096.7135522489125,bench_mov_indirect_indexed
197.1479,197.14944,0.001540000000005648,6179.353464418539,bench_mov_indirect_indexed
197.3497,197.35124,0.0015399999999772263,6177.029078731946,bench_mov_indirect_indexed
197.5515,197.55302,0.0015199999999992997,6107.341018502187,bench_mov_indirect_indexed
197.7533,197.75482,0.0015199999999992997,6092.157103119463,bench_mov_indirect_indexed
197.9551,197.95662,0.0015199999999992997,6106.0738144432935,bench_mov_indirect_indexed
198.1569,198.15842,0.0015199999999992997,6096.440553661477,bench_mov_indirect_indexed
198.35868,198.36022,0.001540000000005648,6174.182887213129,bench_mov_indirect_indexed
198.56048,198.56202,0.0015399999999772263,6183.309517706677,bench_mov_indirect_indexed
198.76228,198.76382,0.001540000000005648,6173.303262351857,bench_mov_indirect_indexed
198.96408,198.96562,0.001540000000005648,6181.010347814722,bench_mov_indirect_indexed
199.16588,199.1674,0.0015199999999992997,6100.275390780612,bench_mov_indirect_indexed
199.36768,199.3692,0.0015199999999992997,6102.236323055295,bench_mov_indirect_indexed
199.56948,199.571,0.0015199999999992997,6090.929657217489,bench_mov_indirect_indexed
199.77126,199.7728,0.0015399999999772263,6178.597891610482,bench_mov_indirect_indexed
199.97306,199.97458,0.0015199999999992997,6090.333000753293,bench_mov_indirect_indexed
200.17486,200.17638,0.0015199999999992997,6100.084343923599,bench_mov_indirect_indexed
200.37666,200.37818,0.0015199999999992997,6098.965662530824,bench_mov_indirect_indexed
200.57844,200.57998,0.001540000000005648,6168.3294922334935,bench_mov_indirect_indexed
200.78022,200.78176,0.0015399999999772263,6182.731785718779,bench_mov_indirect_indexed
200.98202,200.98354,0.0015199999999992997,6090.702558864626,bench_mov_indirect_indexed
201.1838,201.18532,0.0015199999999992997,6101.031778378718,bench_mov_indirect_indexed
201.38558,201.3871,0.0015199999999992997,6074.012648311712,bench_mov_indirect_indexed
201.58736,201.58888,0.0015199999999992997,6100.116129962831,bench_mov_indirect_indexed
201.78914,201.79066,0.0015199999999992997,6108.604911713003,bench_mov_indirect_indexed
201.99094,201.99246,0.0015199999999992997,6090.042227878328,bench_mov_indirect_indexed
202.19272,202.19424,0.0015199999999992997,6105.837533246176,bench_mov_indirect_indexed
202.39452,202.39604,0.0015199999999992997,6101.356977593555,bench_mov_indirect_indexed
202.5963,202.59782,0.0015199999999992997,6091.493768612272,bench_mov_indirect_indexed
202.7981,202.79962,0.0015199999999992997,6097.896499557015,bench_mov_indirect_indexed
202.99988,203.00142,0.001540000000005648,6188.234402822149,bench_mov_indirect_indexed
203.20168,203.2032,0.0015199999999992997,6097.425427282954,bench_mov_indirect_indexed
203.40346,203.405,0.001540000000005648,6183.892008872123,bench_mov_indirect_indexed
203.60526,203.60678,0.0015199999999992997,6100.7408611466835,bench_mov_indirect_indexed
203.80704,203.80858,0.001540000000005648,6188.8366192816975,bench_mov_indirect_indexed
204.00884,204.01036,0.0015199999999992997,6094.0836369977405,bench_mov_indirect_indexed
204.21062,204.21216,0.001540000000005648,6183.404321804268,bench_mov_indirect_indexed
204.41242,204.41394,0.0015199999999992997,6094.4711556633165,bench_mov_indirect_indexed
204.6142,204.61574,0.0015399999999772263,6171.182668673673,bench_mov_indirect_indexed
204.816,204.81752,0.0015199999999992997,6085.091661658563,bench_mov_indirect_indexed
205.01778,205.0193,0.0015199999999992997,6090.703164225315,bench_mov_indirect_indexed
205.21956,205.2211,0.001540000000005648,6176.778301620193,bench_mov_indirect_indexed
205.42136,205.42288,0.0015199999999992997,6096.50497790251,bench_mov_indirect_indexed
205.62314,205.62468,0.001540000000005648,6183.860199547707,bench_mov_indirect_indexed
205.82494,205.82646,0.0015199999999992997,6107.6859571022505,bench_mov_indirect_indexed
206.02674,206.02826,0.0015199999999992997,6095.6025822089405,bench_mov_indirect_indexed
206.22854,206.23006,0.0015199999999992997,6097.858604038153,bench_mov_indirect_indexed
206.43032,206.43184,0.0015199999999992997,6092.846738172594,bench_mov_indirect_indexed
206.6321,206.63364,0.001540000000005648,6194.0823309326215,bench_mov_indirect_indexed
206.8339,206.83542,0.0015199999999992997,6095.801475455839,bench_mov_indirect_indexed
207.03568,207.0372,0.0015199999999992997,6092.113861809842,bench_mov_indirect_indexed
207.23746,207.239,0.001540000000005648,6177.827329396752,bench_mov_indirect_indexed
207.43926,207.44078,0.0015199999999992997,6078.406469894565,bench_mov_indirect_indexed
207.64104,207.64256,0.0015199999999992997,6090.973131355225,bench_mov_indirect_indexed
207.84282,207.84436,0.001540000000005648,6172.595825069991,bench_mov_indirect_indexed
208.0446,208.04614,0.001540000000005648,6169.6628481367015,bench_mov_indirect_indexed
208.2464,208.24792,0.0015199999999992997,6090.044626031745,bench_mov_indirect_indexed
208.44818,208.44972,0.001540000000005648,6175.860576353759,bench_mov_indirect_indexed
208.64998,208.6515,0.0015199999999992997,6085.2599097393295,bench_mov_indirect_indexed
208.85176,208.85328,0.0015199999999992997,6085.023400368597,bench_mov_indirect_indexed
209.05354,209.05508,0.001540000000005648,6173.810302303541,bench_mov_indirect_indexed
209.25534,209.25686,0.0015199999999992997,6086.274557744493,bench_mov_indirect_indexed
209.45712,209.45866,0.001540000000005648,6178.459837123682,bench_mov_indirect_indexed
209.6589,209.66044,0.001540000000005648,6183.065879182638,bench_mov_indirect_indexed
209.8607,209.86222,0.0015199999999992997,6089.25933949143,bench_mov_indirect_indexed
210.06248,210.06402,0.001540000000005648,6174.593977653964,bench_mov_indirect_indexed
210.26428,210.2658,0.0015199999999992997,6094.870436930824,bench_mov_indirect_indexed
210.46606,210.4676,0.001540000000005648,6171.582955890213,bench_mov_indirect_indexed
210.66786,210.66938,0.0015199999999992997,6098.0795836070065,bench_mov_indirect_indexed
210.86964,210.87118,0.001540000000005648,6189.144272379321,bench_mov_indirect_indexed
211.07144,211.07296,0.0015199999999992997,6093.535763208697,bench_mov_indirect_indexed
211.27322,211.27474,0.0015199999999992997,6088.204015973543,bench_mov_indirect_indexed
211.47502,211.47654,0.0015199999999992997,6097.016208801776,bench_mov_indirect_indexed
211.6768,211.67832,0.0015200000000277214,6078.439923115768,bench_mov_indirect_indexed
211.8786,211.8801,0.0014999999999929514,6092.834910349595,bench_mov_indirect_symbolic
212.08036,212.08186,0.0014999999999929514,6099.34890639794,bench_mov_indirect_symbolic
212.28212,212.28362,0.0015000000000213731,6101.646390831825,bench_mov_indirect_symbolic
212.48388,212.48538,0.0014999999999929514,6103.926934273412,bench_mov_indirect_symbolic
212.68566,212.68716,0.0014999999999929514,6102.937567017309,bench_mov_indirect_symbolic
212.88742,212.88892,0.0015000000000213731,6106.644091283546,bench_mov_indirect_symbolic
213.08918,213.09068,0.0014999999999929514,6103.165000648938,bench_mov_indirect_symbolic
213.29094,213.29244,0.0014999999999929514,6086.42828647974,bench_mov_indirect_symbolic
213.4927,213.4942,0.0014999999999929514,6098.84517264324,bench_mov_indirect_symbolic
213.69446,213.69596,0.0015000000000213731,6095.399782148555,bench_mov_indirect_symbolic
213.89622,213.89774,0.0015199999999992997,6184.553555209784,bench_mov_indirect_symbolic
214.098,214.0995,0.0014999999999929514,6113.958726606296,bench_mov_indirect_symbolic
214.29976,214.30126,0.0015000000000213731,6102.7273769437425,bench_mov_indirect_symbolic
214.50152,214.50302,0.0014999999999929514,6108.282022148444,bench_mov_indirect_symbolic
214.7033,214.7048,0.0014999999999929514,6108.741788163899,bench_mov_indirect_symbolic
214.90506,214.90656,0.0015000000000213731,6098.962314514076,bench_mov_indirect_symbolic
215.10682,215.10834,0.0015199999999992997,6174.054630097825,bench_mov_indirect_symbolic
215.30858,215.3101,0.0015199999999992997,6187.085732813911,bench_mov_indirect_symbolic
215.51034,215.51186,0.0015199999999992997,6181.538579981136,bench_mov_indirect_symbolic
215.7121,215.71362,0.0015199999999992997,6181.987817397532,bench_mov_indirect_symbolic
215.91388,215.91538,0.0014999999999929514,6096.761049673768,bench_mov_indirect_symbolic
216.11564,216.11714,0.0014999999999929514,6103.805545687843,bench_mov_indirect_symbolic
216.3174,216.3189,0.0015000000000213731,6100.2530950069,bench_mov_indirect_symbolic
216.51916,216.52066,0.0014999999999929514,6103.409728937936,bench_mov_indirect_symbolic
216.72092,216.72242,0.0014999999999929514,6098.815342381124,bench_mov_indirect_symbolic
216.92268,216.92418,0.0014999999999929514,6098.735551319207,bench_mov_indirect_symbolic
217.12444,217.12594,0.0015000000000213731,6110.100625171111,bench_mov_indirect_symbolic
217.3262,217.3277,0.0014999999999929514,6095.787696511653,bench_mov_indirect_symbolic
217.52796,217.52946,0.0014999999999929514,6103.811259352801,bench_mov_indirect_symbolic
217.72972,217.73122,0.0015000000000213731,6096.37211085727,bench_mov_indirect_symbolic
217.93148,217.93298,0.0014999999999929514,6118.702506618175,bench_mov_indirect_symbolic
218.13324,218.13474,0.0014999999999929514,6093.855653860595,bench_mov_indirect_symbolic
218.335,218.3365,0.0014999999999929514,6110.0501659965175,bench_mov_indirect_symbolic
218.53676,218.53826,0.0015000000000213731,6103.9941758798805,bench_mov_indirect_symbolic
218.73852,218.74002,0.0014999999999929514,6098.4594700584385,bench_mov_indirect_symbolic
218.94028,218.94178,0.0014999999999929514,6105.1251878684925,bench_mov_indirect_symbolic
219.14204,219.14356,0.0015199999999992997,6187.128750602867,bench_mov_indirect_symbolic
219.34382,219.34532,0.0014999999999929514,6096.183960298047,bench_mov_indirect_symbolic
219.54558,219.54708,0.0014999999999929514,6100.972457760537,bench_mov_indirect_symbolic
219.74736,219.74886,0.0015000000000213731,6089.767725294405,bench_mov_indirect_symbolic
219.94912,219.95064,0.0015199999999992997,6177.716869858686,bench_mov_indirect_symbolic
220.1509,220.1524,0.0014999999999929514,6098.812301614817,bench_mov_indirect_symbolic
220.35266,220.35418,0.0015200000000277214,6183.248222918442,bench_mov_indirect_symbolic
220.55444,220.55594,0.0014999999999929514,6098.960773060291,bench_mov_indirect_symbolic
220.7562,220.75772,0.0015199999999992997,6190.494825129568,bench_mov_indirect_symbolic
220.95798,220.95948,0.0015000000000213731,6099.567930302395,bench_mov_indirect_symbolic
221.15974,221.16126,0.0015199999999992997,6168.778995050887,bench_mov_indirect_symbolic
221.36152,221.36302,0.0014999999999929514,6101.221619144789,bench_mov_indirect_symbolic
221.56328,221.56478,0.0015000000000213731,6101.796869276779,bench_mov_indirect_symbolic
221.76506,221.76656,0.0014999999999929514,6115.742186053783,bench_mov_indirect_symbolic
221.96682,221.96832,0.0014999999999929514,6095.720515556707,bench_mov_indirect_symbolic
222.16858,222.1701,0.0015199999999992997,6174.834002738956,bench_mov_indirect_symbolic
222.37036,222.37186,0.0014999999999929514,6091.165472724463,bench_mov_indirect_symbolic
222.57212,222.57362,0.0014999999999929514,6095.895166479317,bench_mov_indirect_symbolic
222.77388,222.7754,0.0015199999999992997,6182.696591130392,bench_mov_indirect_symbolic
222.97566,222.97716,0.0014999999999929514,6103.041144059154,bench_mov_indirect_symbolic
223.17742,223.17892,0.0014999999999929514,6098.770047507771,bench_mov_indirect_symbolic
223.37918,223.38068,0.0015000000000213731,6101.793600333952,bench_mov_indirect_symbolic
223.58094,223.58244,0.0014999999999929514,6102.265352354244,bench_mov_indirect_symbolic
223.7827,223.78422,0.0015199999999992997,6192.3198727861945,bench_mov_indirect_symbolic
223.98448,223.98598,0.0015000000000213731,6092.694313352595,bench_mov_indirect_symbolic
224.18624,224.18774,0.0014999999999929514,6100.713126333613,bench_mov_indirect_symbolic
224.388,224.3895,0.0014999999999929514,6096.707880468242,bench_mov_indirect_symbolic
224.58976,224.59128,0.0015199999999992997,6184.690985823959,bench_mov_indirect_symbolic
224.79154,224.79304,0.0014999999999929514,6109.625799553189,bench_mov_indirect_symbolic
224.9933,224.9948,0.0014999999999929514,6110.586146795435,bench_mov_indirect_symbolic
225.19506,225.19656,0.0014999999999929514,6098.504420338452,bench_mov_indirect_symbolic
225.39682,225.39834,0.0015199999999992997,6191.429193128956,bench_mov_indirect_symbolic
225.5986,225.6001,0.0014999999999929514,6094.213351578303,bench_mov_indirect_symbolic
225.80036,225.80186,0.0014999999999929514,6095.4081313400175,bench_mov_indirect_symbolic
226.00212,226.00362,0.0015000000000213731,6109.314644795757,bench_mov_indirect_symbolic
226.20388,226.20538,0.0014999999999929514,6111.100721144671,bench_mov_indirect_symbolic
226.40564,226.40714,0.0014999999999929514,6100.776251376236,bench_mov_indirect_symbolic
226.6074,226.6089,0.0014999999999929514,6106.500192515961,bench_mov_indirect_symbolic
226.80916,226.81066,0.0015000000000213731,6097.5164920967345,bench_mov_indirect_symbolic
227.01092,227.01242,0.0014999999999929514,6110.1365787631785,bench_mov_indirect_symbolic
227.21268,227.21418,0.0014999999999929514,6096.297912270119,bench_mov_indirect_symbolic
227.41444,227.41596,0.0015199999999992997,6192.7639180754195,bench_mov_indirect_symbolic
227.61622,227.61772,0.0014999999999929514,6106.14325848392,bench_mov_indirect_symbolic
227.81798,227.81948,0.0014999999999929514,6088.277916395311,bench_mov_indirect_symbolic
228.01976,228.02126,0.0015000000000213731,6102.9885710152175,bench_mov_indirect_symbolic
228.22152,228.22302,0.0014999999999929514,6085.878279963928,bench_mov_indirect_symbolic
228.42328,228.42478,0.0014999999999929514,6093.505225116103,bench_mov_indirect_symbolic
228.62504,228.62656,0.0015199999999992997,6188.032357018522,bench_mov_indirect_symbolic
228.8268,228.82832,0.0015199999999992997,6181.014138270775,bench_mov_indirect_symbolic
229.02856,229.03008,0.0015199999999992997,6194.909624753011,bench_mov_indirect_symbolic
229.23032,229.23184,0.0015199999999992997,6181.36001750543,bench_mov_indirect_symbolic
229.43208,229.4336,0.0015199999999992997,6185.357407663291,bench_mov_indirect_symbolic
229.63384,229.63534,0.0015000000000213731,6096.448428084385,bench_mov_indirect_symbolic
229.8356,229.8371,0.0014999999999929514,6094.966474891367,bench_mov_indirect_symbolic
230.03736,230.03888,0.0015199999999992997,6184.109565798466,bench_mov_indirect_symbolic
230.23914,230.24064,0.0015000000000213731,6090.816329320027,bench_mov_indirect_symbolic
230.4409,230.4424,0.0014999999999929514,6108.680870355022,bench_mov_indirect_symbolic
230.64266,230.64416,0.0014999999999929514,6099.7232747900625,bench_mov_indirect_symbolic
230.84442,230.84592,0.0014999999999929514,6101.97755970623,bench_mov_indirect_symbolic
231.04618,231.0477,0.0015199999999992997,6185.0968934565135,bench_mov_indirect_symbolic
231.24796,231.24946,0.0014999999999929514,6101.296422972914,bench_mov_indirect_symbolic
231.44972,231.45122,0.0014999999999929514,6117.420587658147,bench_mov_indirect_symbolic
231.65148,231.65298,0.0015000000000213731,6103.354538879004,bench_mov_indirect_symbolic
231.85324,231.85476,0.0015199999999992997,6181.977940720767,bench_mov_indirect_symbolic
232.05502,232.05654,0.0015199999999992997,6109.6447426773075,bench_mov_indirect_absolute
232.2568,232.25832,0.0015199999999992997,6106.56875651093,bench_mov_indirect_absolute
232.45858,232.4601,0.0015199999999992997,6116.600939999419,bench_mov_indirect_absolute
232.66036,232.6619,0.001540000000005648,6195.256710075733,bench_mov_indirect_absolute
232.86216,232.86368,0.0015199999999992997,6103.996760210648,bench_mov_indirect_absolute
233.06394,233.06546,0.0015199999999992997,6104.233418587115,bench_mov_indirect_absolute
233.26572,233.26724,0.0015199999999992997,6106.721404939403,bench_mov_indirect_absolute
233.4675,233.46902,0.0015199999999992997,6107.752942477534,bench_mov_indirect_absolute
233.66928,233.6708,0.0015200000000277214,6118.67506068303,bench_mov_indirect_absolute
233.87106,233.87258,0.0015199999999992997,6103.926710781132,bench_mov_indirect_absolute
234.07284,234.07436,0.0015199999999992997,6100.7952317544605,bench_mov_indirect_absolute
234.27464,234.27616,0.0015199999999992997,6091.965199444114,bench_mov_indirect_absolute
234.47642,234.47794,0.0015199999999992997,6111.225034107902,bench_mov_indirect_absolute
234.6782,234.67974,0.001540000000005648,6196.947670563914,bench_mov_indirect_absolute
234.88,234.88152,0.0015199999999992997,6119.6382250607485,bench_mov_indirect_absolute
235.08178,235.0833,0.0015199999999992997,6110.270139755724,bench_mov_indirect_absolute
235.28358,235.2851,0.0015199999999992997,6112.263617104266,bench_mov_indirect_absolute
235.48538,235.4869,0.0015199999999992997,6119.184470734554,bench_mov_indirect_absolute
235.68718,235.6887,0.0015199999999992997,6112.607242535403,bench_mov_indirect_absolute
235.88896,235.89048,0.0015199999999992997,6103.734732603517,bench_mov_indirect_absolute
236.09076,236.09228,0.0015199999999992997,6114.00423571275,bench_mov_indirect_absolute
236.29254,236.29406,0.0015199999999992997,6097.674565385803,bench_mov_indirect_absolute
236.49432,236.49584,0.0015199999999992997,6119.5813957593655,bench_mov_indirect_absolute
236.69612,236.69764,0.0015199999999992997,6098.016975444887,bench_mov_indirect_absolute
236.8979,236.89942,0.0015199999999992997,6113.780750891634,bench_mov_indirect_absolute
237.0997,237.10122,0.0015199999999992997,6110.946154216216,bench_mov_indirect_absolute
237.30148,237.30302,0.001540000000005648,6190.902702533289,bench_mov_indirect_absolute
237.50328,237.5048,0.0015199999999992997,6100.472840477713,bench_mov_indirect_absolute
237.70506,237.7066,0.001540000000005648,6195.238526000919,bench_mov_indirect_absolute
237.90686,237.90838,0.0015199999999992997,6109.557296146331,bench_mov_indirect_absolute
238.10864,238.11016,0.0015199999999992997,6102.8740554983815,bench_mov_indirect_absolute
238.31044,238.31196,0.0015199999999992997,6111.183362079453,bench_mov_indirect_absolute
238.51222,238.51374,0.0015199999999992997,6105.205700726528,bench_mov_indirect_absolute
238.714,238.71554,0.001540000000005648,6185.156242013467,bench_mov_indirect_absolute
238.9158,238.91732,0.0015199999999992997,6109.558097084608,bench_mov_indirect_absolute
239.11756,239.1191,0.001540000000005648,6196.587802864927,bench_mov_indirect_absolute
239.31934,239.32086,0.0015199999999992997,6102.333464653854,bench_mov_indirect_absolute
239.52112,239.52266,0.001540000000005648,6201.633638725626,bench_mov_indirect_absolute
239.7229,239.72444,0.0015399999999772263,6203.69907459343,bench_mov_indirect_absolute
239.92468,239.92622,0.001540000000005648,6194.924945035442,bench_mov_indirect_absolute
240.12646,240.128,0.0015399999999772263,6195.059656073006,bench_mov_indirect_absolute
240.32826,240.32978,0.0015199999999992997,6105.445558202789,bench_mov_indirect_absolute
240.53004,240.53156,0.0015199999999992997,6112.381899723988,bench_mov_indirect_absolute
240.73182,240.73334,0.0015199999999992997,6111.973593940893,bench_mov_indirect_absolute
240.9336,240.93512,0.0015199999999992997,6116.878068999874,bench_mov_indirect_absolute
241.13538,241.1369,0.0015199999999992997,6117.341299538661,bench_mov_indirect_absolute
241.33718,241.3387,0.0015199999999992997,6104.045454410394,bench_mov_indirect_absolute
241.53896,241.54048,0.0015199999999992997,6094.638165083425,bench_mov_indirect_absolute
241.74074,241.74226,0.0015199999999992997,6108.1992136302315,bench_mov_indirect_absolute
241.94252,241.94406,0.001540000000005648,6182.525656207725,bench_mov_indirect_absolute
242.14432,242.14584,0.0015199999999992997,6106.066345234076,bench_mov_indirect_absolute
242.3461,242.34762,0.0015199999999992997,6119.375238190684,bench_mov_indirect_absolute
242.54788,242.5494,0.0015199999999992997,6123.809735288862,bench_mov_indirect_absolute
242.74966,242.75118,0.0015199999999992997,6109.942672770256,bench_mov_indirect_absolute
242.95144,242.95296,0.0015199999999992997,6114.643122999566,bench_mov_indirect_absolute
243.15322,243.15474,0.0015199999999992997,6126.098013479179,bench_mov_indirect_absolute
243.35502,243.35654,0.0015199999999992997,6108.8389903278185,bench_mov_indirect_absolute
243.5568,243.55832,0.0015199999999992997,6098.702312442424,bench_mov_indirect_absolute
243.75858,243.7601,0.0015199999999992997,6100.188666022102,bench_mov_indirect_absolute
243.96036,243.96188,0.0015199999999992997,6112.589552061906,bench_mov_indirect_absolute
244.16214,244.16366,0.0015199999999992997,6113.714389500773,bench_mov_indirect_absolute
244.36392,244.36544,0.0015199999999992997,6104.92266248682,bench_mov_indirect_absolute
244.5657,244.56722,0.0015199999999992997,6108.319051561459,bench_mov_indirect_absolute
244.76748,244.769,0.0015199999999992997,6093.737455082051,bench_mov_indirect_absolute
244.96926,244.97078,0.0015199999999992997,6117.837284690418,bench_mov_indirect_absolute
245.17104,245.17256,0.0015199999999992997,6097.287582231471,bench_mov_indirect_absolute
245.37282,245.37434,0.0015199999999992997,6119.682188145986,bench_mov_indirect_absolute
245.5746,245.57612,0.0015199999999992997,6101.9903141968125,bench_mov_indirect_absolute
245.77638,245.7779,0.0015199999999992997,6122.174020853709,bench_mov_indirect_absolute
245.97816,245.9797,0.001540000000005648,6193.7380349492405,bench_mov_indirect_absolute
246.17996,246.18148,0.0015199999999992997,6117.475102653265,bench_mov_indirect_absolute
246.38172,246.38326,0.001540000000005648,6191.620789491951,bench_mov_indirect_absolute
246.5835,246.58504,0.001540000000005648,6199.293145935053,bench_mov_indirect_absolute
246.78528,246.7868,0.0015199999999992997,6116.917463950278,bench_mov_indirect_absolute
246.98706,246.9886,0.0015399999999772263,6208.464288991366,bench_mov_indirect_absolute
247.18884,247.19036,0.0015199999999992997,6108.819707294194,bench_mov_indirect_absolute
247.39062,247.39214,0.0015199999999992997,6128.307427273878,bench_mov_indirect_absolute
247.5924,247.59392,0.0015199999999992997,6102.727400137452,bench_mov_indirect_absolute
247.79418,247.7957,0.0015199999999992997,6114.630326622827,bench_mov_indirect_absolute
247.99596,247.99748,0.0015199999999992997,6108.30985940822,bench_mov_indirect_absolute
248.19774,248.19926,0.0015199999999992997,6114.80975988832,bench_mov_indirect_absolute
248.39952,248.40104,0.0015199999999992997,6112.3355664285145,bench_mov_indirect_absolute
248.6013,248.60282,0.0015199999999992997,6114.344568918979,bench_mov_indirect_absolute
248.80308,248.8046,0.0015199999999992997,6101.48096922713,bench_mov_indirect_absolute
249.00486,249.00638,0.0015199999999992997,6109.759672540726,bench_mov_indirect_absolute
249.20664,249.20816,0.0015199999999992997,6118.785394354133,bench_mov_indirect_absolute
249.40842,249.40996,0.001540000000005648,6201.165560655384,bench_mov_indirect_absolute
249.6102,249.61172,0.0015199999999992997,6113.4367715559965,bench_mov_indirect_absolute
249.81198,249.8135,0.0015199999999992997,6108.781499785678,bench_mov_indirect_absolute
250.01376,250.01528,0.0015199999999992997,6108.518075195533,bench_mov_indirect_absolute
250.21556,250.21708,0.0015199999999992997,6114.624333563072,bench_mov_indirect_absolute
250.41734,250.41886,0.0015199999999992997,6113.015459848242,bench_mov_indirect_absolute
250.61912,250.62064,0.0015199999999992997,6113.364701155702,bench_mov_indirect_absolute
250.8209,250.82242,0.0015199999999992997,6117.540826087096,bench_mov_indirect_absolute
251.02266,251.02418,0.0015199999999992997,6118.343663398929,bench_mov_indirect_absolute
251.22444,251.22596,0.0015199999999992997,6121.06232903819,bench_mov_indirect_absolute
251.42622,251.42774,0.0015199999999992997,6116.530774158916,bench_mov_indirect_absolute
251.628,251.62952,0.0015200000000277214,6116.407024786102,bench_mov_indirect_absolute
251.82978,251.8313,0.0015199999999992997,6115.245507096069,bench_mov_indirect_absolute
252.03156,252.03308,0.0015199999999992997,6105.4168548383095,bench_mov_indirect_absolute
252.23334,252.23416,0.0008200000000044838,3433.9307993846974,bench_mov_indirect_auto_register
252.4344,252.43522,0.0008199999999760621,3425.3096300106695,bench_mov_indirect_auto_register
252.63548,252.63628,0.0007999999999981355,3340.015546411239,bench_mov_indirect_auto_register
252.83654,252.83736,0.0008199999999760621,3431.9936995331677,bench_mov_indirect_auto_register
253.0376,253.03842,0.0008200000000044838,3434.9550493258757,bench_mov_indirect_auto_register
253.23868,253.23948,0.0007999999999981355,3349.1222094666205,bench_mov_indirect_auto_register
253.43974,253.44056,0.0008200000000044838,3427.0069748336346,bench_mov_indirect_auto_register
253.6408,253.64162,0.0008199999999760621,3432.116876256531,bench_mov_indirect_auto_register
253.84188,253.84268,0.0007999999999981355,3343.2493545037905,bench_mov_indirect_auto_register
254.04294,254.04376,0.0008200000000044838,3424.2152655682576,bench_mov_indirect_auto_register
254.24402,254.24482,0.0007999999999981355,3333.016051903035,bench_mov_indirect_auto_register
254.44508,254.4459,0.0008200000000044838,3436.4091558570863,bench_mov_indirect_auto_register
254.64616,254.64696,0.0007999999999981355,3352.6239730339953,bench_mov_indirect_auto_register
254.84722,254.84802,0.0007999999999981355,3354.801409869061,bench_mov_indirect_auto_register
255.04828,255.04908,0.0007999999999981355,3343.304544678752,bench_mov_indirect_auto_register
255.24934,255.25016,0.0008200000000044838,3426.7449565412226,bench_mov_indirect_auto_register
255.4504,255.45122,0.0008200000000044838,3421.138008143236,bench_mov_indirect_auto_register
255.65146,255.65228,0.0008200000000044838,3420.4103378764644,bench_mov_indirect_auto_register
255.85254,255.85336,0.0008200000000044838,3427.9858553970826,bench_mov_indirect_auto_register
256.0536,256.05442,0.0008199999999760621,3413.67522244693,bench_mov_indirect_auto_register
256.25468,256.2555,0.0008199999999760621,3430.6679106232996,bench_mov_indirect_auto_register
256.45574,256.45656,0.0008200000000329055,3423.2360219085367,bench_mov_indirect_auto_register
256.65682,256.65764,0.0008200000000329055,3436.300004968461,bench_mov_indirect_auto_register
256.85788,256.8587,0.0008199999999760621,3437.167545679631,bench_mov_indirect_auto_register
257.05894,257.05976,0.0008199999999760621,3431.5630373484096,bench_mov_indirect_auto_register
257.26,257.26082,0.0008200000000329055,3431.088780191881,bench_mov_indirect_auto_register
257.46108,257.46188,0.0008000000000265572,3342.3918347047193,bench_mov_indirect_auto_register
257.66214,257.66296,0.0008199999999760621,3425.5719463270657,bench_mov_indirect_auto_register
257.86322,257.86402,0.0007999999999697138,3325.1095375618575,bench_mov_indirect_auto_register
258.06428,258.0651,0.0008199999999760621,3433.2158741473427,bench_mov_indirect_auto_register
258.26536,258.26616,0.0008000000000265572,3334.6244041969026,bench_mov_indirect_auto_register
258.46642,258.46724,0.0008199999999760621,3437.1473592670122,bench_mov_indirect_auto_register
258.6675,258.6683,0.0007999999999697138,3345.1433199133917,bench_mov_indirect_auto_register
258.86856,258.86938,0.0008199999999760621,3425.847403605136,bench_mov_indirect_auto_register
259.06964,259.07046,0.0008200000000329055,3426.24058495108,bench_mov_indirect_auto_register
259.27072,259.27152,0.0008000000000265572,3352.9897128394477,bench_mov_indirect_auto_register
259.47178,259.4726,0.0008199999999760621,3425.659360261688,bench_mov_indirect_auto_register
259.67286,259.67368,0.0008199999999760621,3428.3235202446413,bench_mov_indirect_auto_register
259.87394,259.87474,0.0007999999999697138,3337.266188919766,bench_mov_indirect_auto_register
260.075,260.07582,0.0008200000000329055,3431.608388335689,bench_mov_indirect_auto_register
260.27608,260.2769,0.0008200000000329055,3423.612788457519,bench_mov_indirect_auto_register
260.47714,260.47796,0.0008199999999760621,3416.079101052369,bench_mov_indirect_auto_register
260.67822,260.67904,0.0008199999999760621,3424.4702801978756,bench_mov_indirect_auto_register
260.8793,260.8801,0.0008000000000265572,3335.188790332507,bench_mov_indirect_auto_register
261.08036,261.08118,0.0008200000000329055,3427.0086978998806,bench_mov_indirect_auto_register
261.28144,261.28224,0.0008000000000265572,3344.5357951555598,bench_mov_indirect_auto_register
261.4825,261.48332,0.0008199999999760621,3430.4774737860334,bench_mov_indirect_auto_register
261.68358,261.68438,0.0007999999999697138,3350.8576777443027,bench_mov_indirect_auto_register
261.88464,261.88546,0.0008200000000329055,3432.344142481142,bench_mov_indirect_auto_register
262.0857,262.08652,0.0008200000000329055,3436.5634900940177,bench_mov_indirect_auto_register
262.28676,262.28758,0.0008199999999760621,3435.449888829845,bench_mov_indirect_auto_register
262.48784,262.48864,0.0007999999999697138,3332.5168675415184,bench_mov_indirect_auto_register
262.6889,262.6897,0.0008000000000265572,3357.6496877885716,bench_mov_indirect_auto_register
262.88996,262.89078,0.0008200000000329055,3431.2124691434606,bench_mov_indirect_auto_register
263.09102,263.09184,0.0008199999999760621,3430.541874736524,bench_mov_indirect_auto_register
263.29208,263.2929,0.0008199999999760621,3440.200453525116,bench_mov_indirect_auto_register
263.49314,263.49396,0.0008200000000329055,3432.130590217525,bench_mov_indirect_auto_register
263.69422,263.69502,0.0008000000000265572,3340.417971012103,bench_mov_indirect_auto_register
263.89528,263.8961,0.0008199999999760621,3432.6784078889214,bench_mov_indirect_auto_register
264.09634,264.09716,0.0008199999999760621,3433.0683992182844,bench_mov_indirect_auto_register
264.29742,264.29822,0.0008000000000265572,3348.259884043067,bench_mov_indirect_auto_register
264.49848,264.4993,0.0008200000000329055,3429.7860275441453,bench_mov_indirect_auto_register
264.69956,264.70036,0.0007999999999697138,3352.0014489651608,bench_mov_indirect_auto_register
264.90062,264.90144,0.0008199999999760621,3438.430037250574,bench_mov_indirect_auto_register
265.1017,265.1025,0.0008000000000265572,3337.4052775270366,bench_mov_indirect_auto_register
265.30276,265.30358,0.0008200000000329055,3432.190260052457,bench_mov_indirect_auto_register
265.50382,265.50464,0.0008199999999760621,3436.209233375926,bench_mov_indirect_auto_register
265.7049,265.7057,0.0007999999999697138,3344.6333788942725,bench_mov_indirect_auto_register
265.90596,265.90678,0.0008200000000329055,3414.958035709734,bench_mov_indirect_auto_register
266.10704,266.10784,0.0008000000000265572,3337.898613064712,bench_mov_indirect_auto_register
266.3081,266.30892,0.0008199999999760621,3425.7310162233675,bench_mov_indirect_auto_register
266.50918,266.50998,0.0007999999999697138,3344.3743454908154,bench_mov_indirect_auto_register
266.71026,266.71106,0.0007999999999697138,3341.579576826739,bench_mov_indirect_auto_register
266.91132,266.91214,0.0008200000000329055,3431.646423553483,bench_mov_indirect_auto_register
267.11238,267.1132,0.0008200000000329055,3440.4676315808483,bench_mov_indirect_auto_register
267.31346,267.31428,0.0008199999999760621,3425.1046738514306,bench_mov_indirect_auto_register
267.51452,267.51534,0.0008199999999760621,3432.5872127821935,bench_mov_indirect_auto_register
267.71558,267.7164,0.0008200000000329055,3423.1560958065065,bench_mov_indirect_auto_register
267.91666,267.91748,0.0008200000000329055,3424.398391647526,bench_mov_indirect_auto_register
268.11772,268.11854,0.0008199999999760621,3421.9085284427056,bench_mov_indirect_auto_register
268.3188,268.31962,0.0008199999999760621,3433.017390680095,bench_mov_indirect_auto_register
268.51986,268.52068,0.0008200000000329055,3422.3336029309253,bench_mov_indirect_auto_register
268.72094,268.72174,0.0008000000000265572,3336.92498050406,bench_mov_indirect_auto_register
268.922,268.92282,0.0008199999999760621,3432.092987835237,bench_mov_indirect_auto_register
269.12306,269.12388,0.0008199999999760621,3428.8840739925417,bench_mov_indirect_auto_register
269.32414,269.32494,0.0008000000000265572,3350.224574207396,bench_mov_indirect_auto_register
269.5252,269.52602,0.0008200000000329055,3413.1598939612663,bench_mov_indirect_auto_register
269.72626,269.72708,0.0008199999999760621,3423.3783370743968,bench_mov_indirect_auto_register
269.92734,269.92814,0.0007999999999697138,3350.5702762513233,bench_mov_indirect_auto_register
270.1284,270.12922,0.0008199999999760621,3429.293334383064,bench_mov_indirect_auto_register
270.32946,270.33028,0.0008200000000329055,3415.4662351533607,bench_mov_indirect_auto_register
270.53054,270.53136,0.0008200000000329055,3439.2421461114604,bench_mov_indirect_auto_register
270.7316,270.73242,0.0008199999999760621,3431.3683303933085,bench_mov_indirect_auto_register
270.93268,270.93348,0.0007999999999697138,3342.969925015794,bench_mov_indirect_auto_register
271.13374,271.13454,0.0008000000000265572,3347.65563729972,bench_mov_indirect_auto_register
271.3348,271.33562,0.0008200000000329055,3422.582508200721,bench_mov_indirect_auto_register
271.53588,271.53668,0.0007999999999697138,3356.1996741819344,bench_mov_indirect_auto_register
271.73694,271.73776,0.0008199999999760621,3442.656323210472,bench_mov_indirect_auto_register
271.938,271.93882,0.0008200000000329055,3430.964392750262,bench_mov_indirect_auto_register
272.13908,272.13988,0.0008000000000265572,3348.131021594899,bench_mov_indirect_auto_register
272.34016,272.34168,0.001519999999970878,6129.109817435861,bench_mov_indirect_auto_indexed
272.54194,272.54346,0.001519999999970878,6155.47330572914,bench_mov_indirect_auto_indexed
272.74372,272.74526,0.0015399999999772263,6223.69170180168,bench_mov_indirect_auto_indexed
272.94552,272.94704,0.0015200000000277214,6143.312472961809,bench_mov_indirect_auto_indexed
273.14728,273.14882,0.0015399999999772263,6220.575747918599,bench_mov_indirect_auto_indexed
273.34906,273.3506,0.0015399999999772263,6235.6497113592995,bench_mov_indirect_auto_indexed
273.55084,273.55238,0.0015400000000340697,6218.801452914357,bench_mov_indirect_auto_indexed
273.75262,273.75414,0.0015200000000277214,6159.645328407211,bench_mov_indirect_auto_indexed
273.9544,273.95592,0.001519999999970878,6132.44988943869,bench_mov_indirect_auto_indexed
274.15618,274.1577,0.001519999999970878,6143.690817874362,bench_mov_indirect_auto_indexed
274.35796,274.3595,0.0015400000000340697,6231.625140782299,bench_mov_indirect_auto_indexed
274.55974,274.56128,0.0015400000000340697,6224.454553007179,bench_mov_indirect_auto_indexed
274.76152,274.76306,0.0015399999999772263,6236.628931856723,bench_mov_indirect_auto_indexed
274.9633,274.96482,0.001519999999970878,6143.242656136382,bench_mov_indirect_auto_indexed
275.16508,275.1666,0.0015200000000277214,6136.707514637089,bench_mov_indirect_auto_indexed
275.36686,275.36838,0.0015200000000277214,6146.019590198194,bench_mov_indirect_auto_indexed
275.56864,275.57018,0.0015399999999772263,6214.024573472374,bench_mov_indirect_auto_indexed
275.77042,275.77196,0.0015399999999772263,6227.176841258817,bench_mov_indirect_auto_indexed
275.9722,275.97374,0.0015400000000340697,6218.359144541621,bench_mov_indirect_auto_indexed
276.17398,276.17552,0.0015400000000340697,6229.366646287609,bench_mov_indirect_auto_indexed
276.37576,276.3773,0.0015399999999772263,6216.249894257307,bench_mov_indirect_auto_indexed
276.57756,276.57908,0.001519999999970878,6140.151033060155,bench_mov_indirect_auto_indexed
276.77934,276.78088,0.0015400000000340697,6215.398525954747,bench_mov_indirect_auto_indexed
276.98112,276.98266,0.0015400000000340697,6212.280094762717,bench_mov_indirect_auto_indexed
277.18292,277.18444,0.001519999999970878,6137.06646940848,bench_mov_indirect_auto_indexed
277.3847,277.38622,0.001519999999970878,6142.0263209099985,bench_mov_indirect_auto_indexed
277.58648,277.58802,0.0015399999999772263,6209.217165505606,bench_mov_indirect_auto_indexed
277.78828,277.7898,0.0015200000000277214,6136.862016396535,bench_mov_indirect_auto_indexed
277.99006,277.99158,0.001519999999970878,6135.686784860893,bench_mov_indirect_auto_indexed
278.19184,278.19338,0.0015399999999772263,6208.726507517104,bench_mov_indirect_auto_indexed
278.39364,278.39516,0.001519999999970878,6140.692168731263,bench_mov_indirect_auto_indexed
278.59542,278.59694,0.0015200000000277214,6122.4685517339585,bench_mov_indirect_auto_indexed
278.79722,278.79874,0.0015200000000277214,6132.645034348541,bench_mov_indirect_auto_indexed
278.999,279.00052,0.001519999999970878,6125.616975937868,bench_mov_indirect_auto_indexed
279.2008,279.20232,0.001519999999970878,6123.008951425544,bench_mov_indirect_auto_indexed
279.40258,279.40412,0.0015399999999772263,6221.822420974333,bench_mov_indirect_auto_indexed
279.60438,279.6059,0.0015200000000277214,6135.8761695425255,bench_mov_indirect_auto_indexed
279.80618,279.8077,0.0015200000000277214,6131.740622337337,bench_mov_indirect_auto_indexed
280.00796,280.0095,0.0015399999999772263,6220.851964219486,bench_mov_indirect_auto_indexed
280.20976,280.21128,0.001519999999970878,6154.816388030426,bench_mov_indirect_auto_indexed
280.41156,280.41308,0.001519999999970878,6143.1851004010905,bench_mov_indirect_auto_indexed
280.61336,280.61488,0.0015200000000277214,6123.587680168279,bench_mov_indirect_auto_indexed
280.81514,280.81668,0.0015400000000340697,6226.827157801249,bench_mov_indirect_auto_indexed
281.01694,281.01846,0.0015200000000277214,6129.246596360005,bench_mov_indirect_auto_indexed
281.21872,281.22026,0.0015399999999772263,6221.734033805098,bench_mov_indirect_auto_indexed
281.42052,281.42204,0.001519999999970878,6139.385262384664,bench_mov_indirect_auto_indexed
281.62232,281.62384,0.001519999999970878,6150.851608138129,bench_mov_indirect_auto_indexed
281.8241,281.82564,0.0015400000000340697,6230.2503037752995,bench_mov_indirect_auto_indexed
282.0259,282.02744,0.0015400000000340697,6216.96475906874,bench_mov_indirect_auto_indexed
282.2277,282.22924,0.0015399999999772263,6220.628530620476,bench_mov_indirect_auto_indexed
282.4295,282.43102,0.001519999999970878,6144.281821209753,bench_mov_indirect_auto_indexed
282.63128,282.63282,0.0015399999999772263,6227.4560098557995,bench_mov_indirect_auto_indexed
282.83308,282.8346,0.0015200000000277214,6134.738391377276,bench_mov_indirect_auto_indexed
283.03488,283.0364,0.0015200000000277214,6144.663062988697,bench_mov_indirect_auto_indexed
283.23666,283.23818,0.0015200000000277214,6141.80645450958,bench_mov_indirect_auto_indexed
283.43846,283.43998,0.001519999999970878,6128.73204972001,bench_mov_indirect_auto_indexed
283.64024,283.64178,0.0015399999999772263,6225.805999619614,bench_mov_indirect_auto_indexed
283.84204,283.84356,0.0015200000000277214,6134.749571904533,bench_mov_indirect_auto_indexed
284.04384,284.04536,0.0015200000000277214,6150.933615972425,bench_mov_indirect_auto_indexed
284.24562,284.24716,0.0015400000000340697,6221.478069342842,bench_mov_indirect_auto_indexed
284.44742,284.44894,0.001519999999970878,6138.122696312288,bench_mov_indirect_auto_indexed
284.6492,284.65074,0.0015399999999772263,6203.825799657179,bench_mov_indirect_auto_indexed
284.85098,284.85252,0.0015400000000340697,6231.403108822042,bench_mov_indirect_auto_indexed
285.05278,285.0543,0.0015200000000277214,6140.4410331667705,bench_mov_indirect_auto_indexed
285.25456,285.25608,0.001519999999970878,6140.070729770053,bench_mov_indirect_auto_indexed
285.45634,285.45788,0.0015399999999772263,6229.080175886907,bench_mov_indirect_auto_indexed
285.65814,285.65966,0.001519999999970878,6127.328686295283,bench_mov_indirect_auto_indexed
285.85992,285.86146,0.0015400000000340697,6217.810232329205,bench_mov_indirect_auto_indexed
286.06172,286.06324,0.0015200000000277214,6131.420377759855,bench_mov_indirect_auto_indexed
286.2635,286.26504,0.0015399999999772263,6223.33558266806,bench_mov_indirect_auto_indexed
286.4653,286.46682,0.001519999999970878,6142.217344483315,bench_mov_indirect_auto_indexed
286.66708,286.66862,0.0015399999999772263,6220.13061297905,bench_mov_indirect_auto_indexed
286.86888,286.8704,0.0015200000000277214,6129.512535520236,bench_mov_indirect_auto_indexed
287.07066,287.0722,0.0015400000000340697,6225.77824643909,bench_mov_indirect_auto_indexed
287.27244,287.27398,0.0015399999999772263,6212.8210672153455,bench_mov_indirect_auto_indexed
287.47424,287.47576,0.001519999999970878,6131.207514436193,bench_mov_indirect_auto_indexed
287.67602,287.67754,0.0015200000000277214,6143.259145435355,bench_mov_indirect_auto_indexed
287.8778,287.87934,0.0015400000000340697,6214.567967833053,bench_mov_indirect_auto_indexed
288.07958,288.08112,0.0015399999999772263,6227.345848365445,bench_mov_indirect_auto_indexed
288.28138,288.2829,0.001519999999970878,6133.277942307787,bench_mov_indirect_auto_indexed
288.48318,288.4847,0.001519999999970878,6141.059216926242,bench_mov_indirect_auto_indexed
288.68496,288.68648,0.0015200000000277214,6134.713087346898,bench_mov_indirect_auto_indexed
288.88676,288.88828,0.0015200000000277214,6135.090873690655,bench_mov_indirect_auto_indexed
289.08854,289.09008,0.0015399999999772263,6223.926725700112,bench_mov_indirect_auto_indexed
289.29034,289.29186,0.001519999999970878,6153.180468705848,bench_mov_indirect_auto_indexed
289.49212,289.49366,0.0015399999999772263,6221.800637340686,bench_mov_indirect_auto_indexed
289.69392,289.69544,0.0015200000000277214,6141.866459621359,bench_mov_indirect_auto_indexed
289.8957,289.89724,0.0015400000000340697,6220.167246788114,bench_mov_indirect_auto_indexed
290.0975,290.09902,0.001519999999970878,6140.854651916848,bench_mov_indirect_auto_indexed
290.2993,290.30082,0.001519999999970878,6133.611937862873,bench_mov_indirect_auto_indexed
290.50108,290.50262,0.0015399999999772263,6209.54572679998,bench_mov_indirect_auto_indexed
290.70288,290.7044,0.0015200000000277214,6136.876866333538,bench_mov_indirect_auto_indexed
290.90466,290.9062,0.0015400000000340697,6212.736875885994,bench_mov_indirect_auto_indexed
291.10646,291.10798,0.001519999999970878,6139.458212879969,bench_mov_indirect_auto_indexed
291.30826,291.30978,0.001519999999970878,6129.524740269073,bench_mov_indirect_auto_indexed
291.51006,291.51158,0.001519999999970878,6137.010380506866,bench_mov_indirect_auto_indexed
291.71184,291.71338,0.0015399999999772263,6228.644149286563,bench_mov_indirect_auto_indexed
291.91364,291.91516,0.0015200000000277214,6134.297256470708,bench_mov_indirect_auto_indexed
292.11542,292.11696,0.0015400000000340697,6220.157775237442,bench_mov_indirect_auto_indexed
292.3172,292.31874,0.0015399999999772263,6210.723812599928,bench_mov_indirect_auto_indexed
292.51898,292.5205,0.0015200000000277214,6241.308725556552,bench_mov_indirect_auto_symbolic
292.72074,292.72224,0.0015000000000213731,6149.91823685703,bench_mov_indirect_auto_symbolic
292.9225,292.924,0.0014999999999645297,6168.276276290943,bench_mov_indirect_auto_symbolic
293.12426,293.12576,0.0015000000000213731,6163.597693754573,bench_mov_indirect_auto_symbolic
293.32602,293.32754,0.001519999999970878,6239.589075439916,bench_mov_indirect_auto_symbolic
293.52778,293.5293,0.001519999999970878,6240.277429925589,bench_mov_indirect_auto_symbolic
293.72956,293.73106,0.0015000000000213731,6152.822855016383,bench_mov_indirect_auto_symbolic
293.93132,293.93282,0.0014999999999645297,6159.470979908087,bench_mov_indirect_auto_symbolic
294.13308,294.13458,0.0015000000000213731,6156.310271560335,bench_mov_indirect_auto_symbolic
294.33484,294.33634,0.0015000000000213731,6145.921545194054,bench_mov_indirect_auto_symbolic
294.5366,294.5381,0.0014999999999645297,6154.178627619912,bench_mov_indirect_auto_symbolic
294.73836,294.73986,0.0015000000000213731,6153.368293396862,bench_mov_indirect_auto_symbolic
294.94012,294.94164,0.0015200000000277214,6246.866583943166,bench_mov_indirect_auto_symbolic
295.1419,295.1434,0.0014999999999645297,6156.3440410799985,bench_mov_indirect_auto_symbolic
295.34366,295.34516,0.0015000000000213731,6148.586822764946,bench_mov_indirect_auto_symbolic
295.54542,295.54692,0.0015000000000213731,6157.954628670421,bench_mov_indirect_auto_symbolic
295.74718,295.7487,0.001519999999970878,6246.448708576114,bench_mov_indirect_auto_symbolic
295.94896,295.95046,0.0015000000000213731,6161.324782383666,bench_mov_indirect_auto_symbolic
296.15072,296.15224,0.0015200000000277214,6245.486508239279,bench_mov_indirect_auto_symbolic
296.3525,296.354,0.0014999999999645297,6155.349546896761,bench_mov_indirect_auto_symbolic
296.55428,296.55578,0.0015000000000213731,6151.463654908061,bench_mov_indirect_auto_symbolic
296.75604,296.75754,0.0015000000000213731,6151.289735081716,bench_mov_indirect_auto_symbolic
296.95782,296.95932,0.0014999999999645297,6160.102756543939,bench_mov_indirect_auto_symbolic
297.15958,297.16108,0.0015000000000213731,6178.444037303642,bench_mov_indirect_auto_symbolic
297.36134,297.36284,0.0015000000000213731,6157.813421541554,bench_mov_indirect_auto_symbolic
297.5631,297.56462,0.001519999999970878,6234.6125160060765,bench_mov_indirect_auto_symbolic
297.76488,297.76638,0.0015000000000213731,6161.708314988168,bench_mov_indirect_auto_symbolic
297.96664,297.96814,0.0015000000000213731,6156.727178109485,bench_mov_indirect_auto_symbolic
298.1684,298.16992,0.001519999999970878,6241.99111933781,bench_mov_indirect_auto_symbolic
298.37016,298.37168,0.0015200000000277214,6238.00798330533,bench_mov_indirect_auto_symbolic
298.57194,298.57344,0.0015000000000213731,6168.781491088309,bench_mov_indirect_auto_symbolic
298.7737,298.7752,0.0014999999999645297,6160.364514070139,bench_mov_indirect_auto_symbolic
298.97546,298.97696,0.0015000000000213731,6170.804519293203,bench_mov_indirect_auto_symbolic
299.17722,299.17874,0.0015200000000277214,6241.269563443254,bench_mov_indirect_auto_symbolic
299.379,299.3805,0.0014999999999645297,6164.697459753974,bench_mov_indirect_auto_symbolic
299.58076,299.58228,0.0015200000000277214,6240.36196165109,bench_mov_indirect_auto_symbolic
299.78254,299.78404,0.0015000000000213731,6164.994845257025,bench_mov_indirect_auto_symbolic
299.9843,299.9858,0.0014999999999645297,6167.670176219248,bench_mov_indirect_auto_symbolic
300.18606,300.18756,0.0015000000000213731,6153.823328293623,bench_mov_indirect_auto_symbolic
300.38782,300.38934,0.0015200000000277214,6243.498772497582,bench_mov_indirect_auto_symbolic
300.5896,300.5911,0.0014999999999645297,6157.018388473466,bench_mov_indirect_auto_symbolic
300.79136,300.79286,0.0015000000000213731,6155.835078181587,bench_mov_indirect_auto_symbolic
300.99312,300.99464,0.0015200000000277214,6253.9641280878095,bench_mov_indirect_auto_symbolic
301.1949,301.1964,0.0014999999999645297,6164.407478500986,bench_mov_indirect_auto_symbolic
301.39666,301.39818,0.0015200000000277214,6249.25764289433,bench_mov_indirect_auto_symbolic
301.59844,301.59994,0.0015000000000213731,6162.825389851556,bench_mov_indirect_auto_symbolic
301.8002,301.8017,0.0014999999999645297,6169.861117231555,bench_mov_indirect_auto_symbolic
302.00196,302.00346,0.0015000000000213731,6165.55683788984,bench_mov_indirect_auto_symbolic
302.20372,302.20524,0.0015200000000277214,6244.177180457609,bench_mov_indirect_auto_symbolic
302.4055,302.407,0.0014999999999645297,6182.343261169132,bench_mov_indirect_auto_symbolic
302.60726,302.60876,0.0015000000000213731,6161.624072204439,bench_mov_indirect_auto_symbolic
302.80902,302.81054,0.0015200000000277214,6257.484834755711,bench_mov_indirect_auto_symbolic
303.0108,303.0123,0.0014999999999645297,6163.220251762481,bench_mov_indirect_auto_symbolic
303.21256,303.21406,0.0015000000000213731,6149.7732345894065,bench_mov_indirect_auto_symbolic
303.41432,303.41582,0.0015000000000213731,6160.323591991954,bench_mov_indirect_auto_symbolic
303.6161,303.6176,0.0014999999999645297,6165.291848444639,bench_mov_indirect_auto_symbolic
303.81786,303.81936,0.0015000000000213731,6165.451570500034,bench_mov_indirect_auto_symbolic
304.01962,304.02112,0.0015000000000213731,6174.636674203446,bench_mov_indirect_auto_symbolic
304.22138,304.2229,0.001519999999970878,6248.034201441542,bench_mov_indirect_auto_symbolic
304.42316,304.42466,0.0015000000000213731,6163.491308777015,bench_mov_indirect_auto_symbolic
304.62492,304.62642,0.0015000000000213731,6156.596122401668,bench_mov_indirect_auto_symbolic
304.82668,304.82818,0.0014999999999645297,6163.262408080783,bench_mov_indirect_auto_symbolic
305.02844,305.02994,0.0015000000000213731,6164.44901571857,bench_mov_indirect_auto_symbolic
305.2302,305.2317,0.0014999999999645297,6163.915996293055,bench_mov_indirect_auto_symbolic
305.43196,305.43346,0.0015000000000213731,6145.3309004157545,bench_mov_indirect_auto_symbolic
305.63374,305.63524,0.0015000000000213731,6162.904799072926,bench_mov_indirect_auto_symbolic
305.8355,305.837,0.0014999999999645297,6138.9392938806095,bench_mov_indirect_auto_symbolic
306.03726,306.03878,0.001519999999970878,6249.59392926625,bench_mov_indirect_auto_symbolic
306.23904,306.24054,0.0015000000000213731,6172.816404228862,bench_mov_indirect_auto_symbolic
306.4408,306.44232,0.001519999999970878,6239.347029350016,bench_mov_indirect_auto_symbolic
306.64258,306.64408,0.0014999999999645297,6151.888291206209,bench_mov_indirect_auto_symbolic
306.84434,306.84586,0.0015200000000277214,6240.697465953021,bench_mov_indirect_auto_symbolic
307.04612,307.04762,0.0015000000000213731,6169.231198816563,bench_mov_indirect_auto_symbolic
307.2479,307.2494,0.0014999999999645297,6156.32559623832,bench_mov_indirect_auto_symbolic
307.44966,307.45116,0.0015000000000213731,6156.265707774467,bench_mov_indirect_auto_symbolic
307.65144,307.65294,0.0015000000000213731,6157.16007081354,bench_mov_indirect_auto_symbolic
307.8532,307.85472,0.001519999999970878,6241.029491524935,bench_mov_indirect_auto_symbolic
308.05498,308.05648,0.0015000000000213731,6163.083142686335,bench_mov_indirect_auto_symbolic
308.25676,308.25826,0.0015000000000213731,6171.1433949845905,bench_mov_indirect_auto_symbolic
308.45854,308.46004,0.0014999999999645297,6143.204187825322,bench_mov_indirect_auto_symbolic
308.66032,308.66182,0.0014999999999645297,6165.81635069603,bench_mov_indirect_auto_symbolic
308.86208,308.86358,0.0015000000000213731,6153.4872326007735,bench_mov_indirect_auto_symbolic
309.06384,309.06536,0.001519999999970878,6241.801082967414,bench_mov_indirect_auto_symbolic
309.26562,309.26712,0.0014999999999645297,6161.585990196726,bench_mov_indirect_auto_symbolic
309.46738,309.4689,0.0015200000000277214,6248.468449450224,bench_mov_indirect_auto_symbolic
309.66916,309.67066,0.0015000000000213731,6161.210006193726,bench_mov_indirect_auto_symbolic
309.87094,309.87244,0.0014999999999645297,6164.226299008396,bench_mov_indirect_auto_symbolic
310.07272,310.07422,0.0015000000000213731,6161.584281450439,bench_mov_indirect_auto_symbolic
310.27448,310.276,0.0015200000000277214,6268.27444892641,bench_mov_indirect_auto_symbolic
310.47626,310.47778,0.001519999999970878,6236.1659993140365,bench_mov_indirect_auto_symbolic
310.67804,310.67954,0.0014999999999645297,6160.215912244696,bench_mov_indirect_auto_symbolic
310.87982,310.88132,0.0015000000000213731,6171.3689566510775,bench_mov_indirect_auto_symbolic
311.0816,311.0831,0.0015000000000213731,6170.463366522084,bench_mov_indirect_auto_symbolic
311.28338,311.28488,0.0014999999999645297,6170.245571845923,bench_mov_indirect_auto_symbolic
311.48514,311.48664,0.0015000000000213731,6174.069754867126,bench_mov_indirect_auto_symbolic
311.68692,311.68842,0.0015000000000213731,6156.265591357265,bench_mov_indirect_auto_symbolic
311.88868,311.89018,0.0014999999999645297,6156.887807733206,bench_mov_indirect_auto_symbolic
312.09044,312.09196,0.001519999999970878,6235.543908430036,bench_mov_indirect_auto_symbolic
312.29222,312.29372,0.0015000000000213731,6152.447071015379,bench_mov_indirect_auto_symbolic
312.49398,312.49548,0.0014999999999645297,6160.782025978843,bench_mov_indirect_auto_symbolic
312.69576,312.69728,0.001519999999970878,6212.625424256772,bench_mov_indirect_auto_absolute
312.89754,312.89906,0.0015200000000277214,6219.817199859518,bench_mov_indirect_auto_absolute
313.09932,313.10084,0.0015200000000277214,6216.052645001986,bench_mov_indirect_auto_absolute
313.3011,313.30264,0.0015399999999772263,6278.242291787717,bench_mov_indirect_auto_absolute
313.5029,313.50442,0.001519999999970878,6216.451604733361,bench_mov_indirect_auto_absolute
313.70468,313.70622,0.0015399999999772263,6291.457251554471,bench_mov_indirect_auto_absolute
313.90648,313.908,0.0015200000000277214,6227.67557866988,bench_mov_indirect_auto_absolute
314.10826,314.10978,0.0015200000000277214,6228.6980730696005,bench_mov_indirect_auto_absolute
314.31006,314.31158,0.001519999999970878,6206.24759688426,bench_mov_indirect_auto_absolute
314.51184,314.51336,0.001519999999970878,6213.217074865462,bench_mov_indirect_auto_absolute
314.71362,314.71516,0.0015400000000340697,6302.992189441373,bench_mov_indirect_auto_absolute
314.91542,314.91694,0.0015200000000277214,6221.586228458777,bench_mov_indirect_auto_absolute
315.1172,315.11872,0.001519999999970878,6209.356686917125,bench_mov_indirect_auto_absolute
315.319,315.32052,0.001519999999970878,6213.990943388983,bench_mov_indirect_auto_absolute
315.52078,315.5223,0.001519999999970878,6216.684407436937,bench_mov_indirect_auto_absolute
315.72256,315.72408,0.0015200000000277214,6203.383840731952,bench_mov_indirect_auto_absolute
315.92434,315.92586,0.0015200000000277214,6226.075817946608,bench_mov_indirect_auto_absolute
316.12612,316.12764,0.001519999999970878,6217.843787625694,bench_mov_indirect_auto_absolute
316.3279,316.32942,0.0015200000000277214,6218.898613117399,bench_mov_indirect_auto_absolute
316.52968,316.5312,0.0015200000000277214,6218.366758080551,bench_mov_indirect_auto_absolute
316.73148,316.733,0.0015200000000277214,6223.252578753773,bench_mov_indirect_auto_absolute
316.93326,316.93478,0.001519999999970878,6226.6071186119825,bench_mov_indirect_auto_absolute
317.13504,317.13656,0.001519999999970878,6215.210198308645,bench_mov_indirect_auto_absolute
317.33682,317.33834,0.0015200000000277214,6215.589949972563,bench_mov_indirect_auto_absolute
317.5386,317.54012,0.0015200000000277214,6206.400524937138,bench_mov_indirect_auto_absolute
317.74038,317.7419,0.001519999999970878,6197.172538256187,bench_mov_indirect_auto_absolute
317.94216,317.94368,0.001519999999970878,6221.578670548893,bench_mov_indirect_auto_absolute
318.14394,318.14546,0.0015200000000277214,6213.12130719577,bench_mov_indirect_auto_absolute
318.34572000000003,318.34724,0.001519999999970878,6211.1827310798,bench_mov_indirect_auto_absolute
318.5475,318.54902,0.001519999999970878,6212.784130939448,bench_mov_indirect_auto_absolute
318.74928,318.7508,0.0015200000000277214,6208.759746628562,bench_mov_indirect_auto_absolute
318.95106,318.95258,0.0015200000000277214,6213.716613245615,bench_mov_indirect_auto_absolute
319.15284,319.15436,0.001519999999970878,6193.872624885571,bench_mov_indirect_auto_absolute
319.3546,319.35614,0.0015399999999772263,6288.002654814134,bench_mov_indirect_auto_absolute
319.55638,319.5579,0.0015200000000277214,6208.79903447192,bench_mov_indirect_auto_absolute
319.75816,319.75968,0.0015200000000277214,6205.446315111213,bench_mov_indirect_auto_absolute
319.95994,319.96146,0.001519999999970878,6207.672050102714,bench_mov_indirect_auto_absolute
320.1617,320.16324,0.0015399999999772263,6284.745689388463,bench_mov_indirect_auto_absolute
320.36348,320.365,0.0015200000000277214,6224.095043838131,bench_mov_indirect_auto_absolute
320.56526,320.56678,0.001519999999970878,6230.780812789462,bench_mov_indirect_auto_absolute
320.76704,320.76856,0.001519999999970878,6219.455902344854,bench_mov_indirect_auto_absolute
320.96882,320.97034,0.0015200000000277214,6221.003583747804,bench_mov_indirect_auto_absolute
321.1706,321.17212,0.0015200000000277214,6217.305087595855,bench_mov_indirect_auto_absolute
321.37238,321.3739,0.001519999999970878,6204.663081903648,bench_mov_indirect_auto_absolute
321.57416,321.57568,0.001519999999970878,6209.034612282684,bench_mov_indirect_auto_absolute
321.77594,321.77746,0.0015200000000277214,6216.845708085031,bench_mov_indirect_auto_absolute
321.97772,321.97924,0.0015200000000277214,6213.793284375232,bench_mov_indirect_auto_absolute
322.1795,322.18102,0.001519999999970878,6214.901381050681,bench_mov_indirect_auto_absolute
322.38128,322.3828,0.001519999999970878,6222.838186539573,bench_mov_indirect_auto_absolute
322.58306,322.58458,0.0015200000000277214,6225.282671045542,bench_mov_indirect_auto_absolute
322.78484,322.78636,0.0015200000000277214,6221.650415217104,bench_mov_indirect_auto_absolute
322.98662,322.98814,0.001519999999970878,6211.391962013023,bench_mov_indirect_auto_absolute
323.1884,323.18992,0.001519999999970878,6198.946242104366,bench_mov_indirect_auto_absolute
323.3902,323.39172,0.0015200000000277214,6203.077025826569,bench_mov_indirect_auto_absolute
323.59198,323.5935,0.0015200000000277214,6204.096106926581,bench_mov_indirect_auto_absolute
323.79376,323.79528,0.001519999999970878,6218.628426894396,bench_mov_indirect_auto_absolute
323.99552,323.99706,0.0015399999999772263,6290.240837167062,bench_mov_indirect_auto_absolute
324.1973,324.19884,0.0015400000000340697,6285.296226992716,bench_mov_indirect_auto_absolute
324.39908,324.40062,0.0015399999999772263,6304.8322823809085,bench_mov_indirect_auto_absolute
324.60086,324.60238,0.001519999999970878,6216.565891981974,bench_mov_indirect_auto_absolute
324.80264,324.80416,0.0015200000000277214,6211.1578137820115,bench_mov_indirect_auto_absolute
325.00442,325.00594,0.0015200000000277214,6208.337256799354,bench_mov_indirect_auto_absolute
325.2062,325.20774,0.0015399999999772263,6294.332570301804,bench_mov_indirect_auto_absolute
325.408,325.40952,0.001519999999970878,6202.569617771294,bench_mov_indirect_auto_absolute
325.60978,325.6113,0.0015200000000277214,6218.463620286882,bench_mov_indirect_auto_absolute
325.81156,325.81308,0.0015200000000277214,6207.470558697111,bench_mov_indirect_auto_absolute
326.01334,326.01486,0.001519999999970878,6213.559219490913,bench_mov_indirect_auto_absolute
326.21512,326.21664,0.001519999999970878,6214.55695002605,bench_mov_indirect_auto_absolute
326.4169,326.41842,0.0015200000000277214,6224.748185015758,bench_mov_indirect_auto_absolute
326.61868,326.6202,0.0015200000000277214,6216.245116779135,bench_mov_indirect_auto_absolute
326.82046,326.82198,0.001519999999970878,6212.820713288369,bench_mov_indirect_auto_absolute
327.02224,327.02376,0.001519999999970878,6208.747904624957,bench_mov_indirect_auto_absolute
327.22402,327.22554,0.0015200000000277214,6216.191193203902,bench_mov_indirect_auto_absolute
327.4258,327.42732,0.0015200000000277214,6224.8141133444615,bench_mov_indirect_auto_absolute
327.62758,327.62912,0.0015399999999772263,6291.608232905925,bench_mov_indirect_auto_absolute
327.82936,327.8309,0.0015399999999772263,6312.007186837798,bench_mov_indirect_auto_absolute
328.03116,328.03268,0.0015200000000277214,6200.70573419612,bench_mov_indirect_auto_absolute
328.23294,328.23446,0.0015200000000277214,6208.015494161875,bench_mov_indirect_auto_absolute
328.43472,328.43624,0.001519999999970878,6212.324020333205,bench_mov_indirect_auto_absolute
328.6365,328.63802,0.001519999999970878,6217.1731468974385,bench_mov_indirect_auto_absolute
328.83828,328.83982,0.0015399999999772263,6296.549793242026,bench_mov_indirect_auto_absolute
329.04008,329.0416,0.0015200000000277214,6213.064086735722,bench_mov_indirect_auto_absolute
329.24186,329.24338,0.0015200000000277214,6220.4487250391,bench_mov_indirect_auto_absolute
329.44366,329.44518,0.001519999999970878,6220.734016847984,bench_mov_indirect_auto_absolute
329.64544,329.64696,0.001519999999970878,6203.561499597141,bench_mov_indirect_auto_absolute
329.84722,329.84874,0.0015200000000277214,6220.349464677694,bench_mov_indirect_auto_absolute
330.049,330.05052,0.0015200000000277214,6205.90464223261,bench_mov_indirect_auto_absolute
330.25078,330.2523,0.001519999999970878,6214.242358572431,bench_mov_indirect_auto_absolute
330.45256,330.4541,0.0015399999999772263,6296.771746034153,bench_mov_indirect_auto_absolute
330.65436,330.65588,0.0015200000000277214,6206.57988369989,bench_mov_indirect_auto_absolute
330.85614,330.85766,0.0015200000000277214,6205.545752424726,bench_mov_indirect_auto_absolute
331.05792,331.05944,0.001519999999970878,6217.344049242983,bench_mov_indirect_auto_absolute
331.2597,331.26122,0.001519999999970878,6201.901892076075,bench_mov_indirect_auto_absolute
331.46148,331.463,0.0015200000000277214,6217.851420049995,bench_mov_indirect_auto_absolute
331.66326,331.6648,0.0015400000000340697,6299.2396346777505,bench_mov_indirect_auto_absolute
331.86504,331.86656,0.001519999999970878,6202.477346981757,bench_mov_indirect_auto_absolute
332.06682,332.06834,0.001519999999970878,6194.358928938112,bench_mov_indirect_auto_absolute
332.2686,332.27012,0.0015200000000277214,6212.099213271748,bench_mov_indirect_auto_absolute
332.47038,332.4719,0.0015200000000277214,6199.751328792746,bench_mov_indirect_auto_absolute
332.67216,332.67368,0.001519999999970878,6193.02301189443,bench_mov_indirect_auto_absolute
332.87394,332.87462,0.0006799999999884676,2408.8129028243616,bench_cmp_register_register
333.07488,333.07558,0.0006999999999948159,2479.1858112254477,bench_cmp_register_register
333.27584,333.27652,0.0006799999999884676,2384.893959335678,bench_cmp_register_register
333.47678,333.47746,0.0006799999999884676,2411.868811996536,bench_cmp_register_register
333.67774,333.67842,0.000680000000045311,2395.6617621544606,bench_cmp_register_register
333.87868,333.87936,0.000680000000045311,2403.810983698721,bench_cmp_register_register
334.07964,334.08032,0.0006799999999884676,2404.7356424545214,bench_cmp_register_register
334.28058,334.28128,0.0006999999999948159,2489.5107350218473,bench_cmp_register_register
334.48154,334.48222,0.0006799999999884676,2400.890937969641,bench_cmp_register_register
334.68248,334.68316,0.0006799999999884676,2403.4808924961626,bench_cmp_register_register
334.88342,334.88412,0.0006999999999948159,2484.6458365046624,bench_cmp_register_register
335.08438,335.08506,0.0006799999999884676,2404.334021221842,bench_cmp_register_register
335.28532,335.286,0.0006799999999884676,2406.2171158875235,bench_cmp_register_register
335.48626,335.48694,0.0006799999999884676,2403.2009322669987,bench_cmp_register_register
335.6872,335.6879,0.0006999999999948159,2492.2406882648247,bench_cmp_register_register
335.88814,335.88884,0.0006999999999948159,2474.02994424801,bench_cmp_register_register
336.0891,336.08978,0.000680000000045311,2419.645339420504,bench_cmp_register_register
336.29006,336.29074,0.000680000000045311,2409.9921320388935,bench_cmp_register_register
336.491,336.49168,0.0006799999999884676,2404.731586540228,bench_cmp_register_register
336.69194,336.69264,0.0006999999999948159,2489.805307694006,bench_cmp_register_register
336.8929,336.89358,0.0006799999999884676,2397.6228967856,bench_cmp_register_register
337.09384,337.09454,0.0006999999999948159,2497.831427013741,bench_cmp_register_register
337.2948,337.29548,0.0006799999999884676,2418.809768238739,bench_cmp_register_register
337.49574,337.49644,0.0006999999999948159,2480.851605044757,bench_cmp_register_register
337.6967,337.69738,0.0006799999999884676,2405.284997024193,bench_cmp_register_register
337.89764,337.89832,0.0006799999999884676,2421.137730066978,bench_cmp_register_register
338.0986,338.09928,0.000680000000045311,2410.7198325743134,bench_cmp_register_register
338.29954,338.30022,0.000680000000045311,2410.309899304487,bench_cmp_register_register
338.50048,338.50118,0.0006999999999948159,2471.1939738988854,bench_cmp_register_register
338.70144,338.70212,0.0006799999999884676,2404.809577821014,bench_cmp_register_register
338.90238,338.90306,0.0006799999999884676,2404.113148773062,bench_cmp_register_register
339.10332,339.10402,0.0006999999999948159,2478.7612724950272,bench_cmp_register_register
339.30426,339.30496,0.0006999999999948159,2491.8084754462584,bench_cmp_register_register
339.50522,339.5059,0.0006799999999884676,2411.2877691684766,bench_cmp_register_register
339.70616,339.70686,0.0006999999999948159,2481.1206129133334,bench_cmp_register_register
339.90712,339.9078,0.0006799999999884676,2403.6674014694613,bench_cmp_register_register
340.10806,340.10876,0.0006999999999948159,2482.266661205417,bench_cmp_register_register
340.30902,340.3097,0.000680000000045311,2412.057637871682,bench_cmp_register_register
340.50996,340.51064,0.000680000000045311,2403.2285974168835,bench_cmp_register_register
340.7109,340.7116,0.0006999999999948159,2487.0417849077426,bench_cmp_register_register
340.91186,340.91254,0.0006799999999884676,2407.291962267259,bench_cmp_register_register
341.11282,341.1135,0.0006799999999884676,2411.0940843443045,bench_cmp_register_register
341.31376,341.31444,0.0006799999999884676,2409.0422712778864,bench_cmp_register_register
341.5147,341.51538,0.0006799999999884676,2404.2148817854895,bench_cmp_register_register
341.71564,341.71634,0.0006999999999948159,2492.6513386691904,bench_cmp_register_register
341.9166,341.91728,0.0006799999999884676,2395.567055740149,bench_cmp_register_register
342.11754,342.11822,0.0006799999999884676,2413.133196482029,bench_cmp_register_register
342.31848,342.31918,0.0006999999999948159,2486.1511704101276,bench_cmp_register_register
342.51942,342.52012,0.0006999999999948159,2484.5908092849945,bench_cmp_register_register
342.72038,342.72106,0.000680000000045311,2414.14053382741,bench_cmp_register_register
342.92132,342.922,0.000680000000045311,2412.8076459143654,bench_cmp_register_register
343.12226,343.12296,0.0006999999999948159,2500.3799982307996,bench_cmp_register_register
343.3232,343.3239,0.0006999999999948159,2487.2798309566956,bench_cmp_register_register
343.52416,343.52484,0.0006799999999884676,2401.6829486578276,bench_cmp_register_register
343.7251,343.72578,0.0006799999999884676,2418.1175557504125,bench_cmp_register_register
343.92604,343.92674,0.0006999999999948159,2485.4818614990368,bench_cmp_register_register
344.12698,344.12768,0.0006999999999948159,2492.044530789385,bench_cmp_register_register
344.32792,344.32862,0.0006999999999948159,2503.7390994650523,bench_cmp_register_register
344.52886,344.52956,0.0006999999999948159,2496.8787235955347,bench_cmp_register_register
344.7298,344.7305,0.0006999999999948159,2473.1509829601932,bench_cmp_register_register
344.93076,344.93144,0.0006799999999884676,2395.2833772124345,bench_cmp_register_register
345.1317,345.13238,0.0006799999999884676,2407.735185637692,bench_cmp_register_register
345.33264,345.33334,0.0006999999999948159,2495.3184765382184,bench_cmp_register_register
345.53358,345.53428,0.0007000000000516593,2495.0758113618044,bench_cmp_register_register
345.73454,345.73522,0.000680000000045311,2417.15290135019,bench_cmp_register_register
345.93548,345.93618,0.0006999999999948159,2488.9513011952245,bench_cmp_register_register
346.13644,346.13712,0.0006799999999884676,2417.978621055055,bench_cmp_register_register
346.33738,346.33806,0.0006799999999884676,2408.546295449153,bench_cmp_register_register
346.53832,346.53902,0.0006999999999948159,2497.1527187011984,bench_cmp_register_register
346.73928,346.73996,0.0006799999999884676,2414.708950051489,bench_cmp_register_register
346.94022,346.94092,0.0006999999999948159,2496.92426759222,bench_cmp_register_register
347.14118,347.14186,0.0006799999999884676,2410.797271825121,bench_cmp_register_register
347.34212,347.3428,0.0006799999999884676,2418.323743561416,bench_cmp_register_register
347.54306,347.54376,0.0006999999999948159,2490.740630272407,bench_cmp_register_register
347.74402,347.7447,0.000680000000045311,2411.8952291845603,bench_cmp_register_register
347.94496,347.94564,0.000680000000045311,2426.222744567812,bench_cmp_register_register
348.1459,348.1466,0.0006999999999948159,2505.3284875940935,bench_cmp_register_register
348.34686,348.34754,0.0006799999999884676,2398.2894746240845,bench_cmp_register_register
348.54782,348.5485,0.0006799999999884676,2403.412195815226,bench_cmp_register_register
348.74876,348.74944,0.0006799999999884676,2408.2691734224954,bench_cmp_register_register
348.9497,348.9504,0.0006999999999948159,2496.0067611917566,bench_cmp_register_register
349.15066,349.15134,0.0006799999999884676,2408.146311009102,bench_cmp_register_register
349.3516,349.35228,0.0006799999999884676,2408.587292250077,bench_cmp_register_register
349.55254,349.55324,0.0006999999999948159,2493.3784221892097,bench_cmp_register_register
349.7535,349.75418,0.000680000000045311,2409.080208919631,bench_cmp_register_register
349.95444,349.95514000000003,0.0007000000000516593,2485.746620420209,bench_cmp_register_register
350.1554,350.15608,0.0006799999999884676,2409.670746386434,bench_cmp_register_register
350.35636,350.35704,0.0006799999999884676,2408.968592026743,bench_cmp_register_register
350.5573,350.55798,0.0006799999999884676,2401.3216886296714,bench_cmp_register_register
350.75824,350.75894,0.0006999999999948159,2497.041311565248,bench_cmp_register_register
350.9592,350.95988,0.0006799999999884676,2413.176039655019,bench_cmp_register_register
351.16014,351.16084,0.0006999999999948159,2488.8823996044084,bench_cmp_register_register
351.3611,351.36178,0.0006799999999884676,2414.354099841314,bench_cmp_register_register
351.56204,351.56272,0.0006799999999884676,2418.167127701408,bench_cmp_register_register
351.76298,351.76368,0.0006999999999948159,2503.5415007385886,bench_cmp_register_register
351.96394,351.96462,0.000680000000045311,2411.3716861980947,bench_cmp_register_register
352.16488,352.16556,0.000680000000045311,2414.886474311032,bench_cmp_register_register
352.36584,352.36652,0.0006799999999884676,2420.7072704705784,bench_cmp_register_register
352.56678,352.56746,0.0006799999999884676,2408.2931480034217,bench_cmp_register_register
352.76772,352.76842,0.0006999999999948159,2485.035518169692,bench_cmp_register_register
352.96868,352.97008,0.0013999999999896318,5435.95832768691,bench_cmp_register_indexed
353.17034,353.17174,0.0013999999999896318,5424.283668356447,bench_cmp_register_indexed
353.372,353.37342,0.00141999999999598,5506.700440293928,bench_cmp_register_indexed
353.57368,353.57508,0.0013999999999896318,5402.091818346562,bench_cmp_register_indexed
353.77534,353.77674,0.0013999999999896318,5427.702418474886,bench_cmp_register_indexed
353.977,353.9784,0.0014000000000464752,5420.1833207115615,bench_cmp_register_indexed
354.17866,354.18006,0.0014000000000464752,5438.954429884044,bench_cmp_register_indexed
354.38032,354.38172,0.0013999999999896318,5430.531306156591,bench_cmp_register_indexed
354.58198,354.58338,0.0013999999999896318,5434.515420308637,bench_cmp_register_indexed
354.78364,354.78504,0.0013999999999896318,5421.907184607008,bench_cmp_register_indexed
354.9853,354.98672,0.00141999999999598,5493.159890163043,bench_cmp_register_indexed
355.18698,355.18838,0.0013999999999896318,5415.937651374837,bench_cmp_register_indexed
355.38864,355.39004,0.0013999999999896318,5427.171741566912,bench_cmp_register_indexed
355.5903,355.5917,0.0013999999999896318,5435.665398794374,bench_cmp_register_indexed
355.79198,355.79338,0.0013999999999896318,5421.719867687851,bench_cmp_register_indexed
355.99364,355.99504,0.0013999999999896318,5423.970946532535,bench_cmp_register_indexed
356.1953,356.1967,0.0014000000000464752,5420.098835787234,bench_cmp_register_indexed
356.39696,356.39836,0.0014000000000464752,5426.626885494113,bench_cmp_register_indexed
356.59862,356.60002,0.0013999999999896318,5430.619379002611,bench_cmp_register_indexed
356.80028,356.80168,0.0013999999999896318,5422.755479772714,bench_cmp_register_indexed
357.00194,357.00334,0.0013999999999896318,5413.037375508226,bench_cmp_register_indexed
357.2036,357.205,0.0013999999999896318,5424.5715052463665,bench_cmp_register_indexed
357.40526,357.40668,0.00141999999999598,5500.671600442337,bench_cmp_register_indexed
357.60694,357.60834,0.0013999999999896318,5430.3884971491625,bench_cmp_register_indexed
357.8086,357.81,0.0013999999999896318,5432.943173177006,bench_cmp_register_indexed
358.01026,358.01166,0.0013999999999896318,5436.949736860629,bench_cmp_register_indexed
358.21192,358.21332,0.0013999999999896318,5435.0529005285125,bench_cmp_register_indexed
358.41358,358.41498,0.0013999999999896318,5414.9922588338095,bench_cmp_register_indexed
358.61524,358.61666,0.0014200000000528235,5492.855359548506,bench_cmp_register_indexed
358.81692,358.81832,0.0014000000000464752,5420.315191335462,bench_cmp_register_indexed
359.01858,359.01998,0.0013999999999896318,5412.935784513715,bench_cmp_register_indexed
359.22024,359.22164,0.0013999999999896318,5420.240738859454,bench_cmp_register_indexed
359.4219,359.4233,0.0013999999999896318,5437.578619422527,bench_cmp_register_indexed
359.62356,359.62496,0.0013999999999896318,5434.137927329945,bench_cmp_register_indexed
359.82522,359.82662,0.0013999999999896318,5431.615482046111,bench_cmp_register_indexed
360.02688,360.02828,0.0013999999999896318,5404.1315661351655,bench_cmp_register_indexed
360.22852,360.22992,0.0013999999999896318,5415.285939773726,bench_cmp_register_indexed
360.43018,360.4316,0.00141999999999598,5512.213192399424,bench_cmp_register_indexed
360.63186,360.63326,0.0013999999999896318,5421.898453449477,bench_cmp_register_indexed
360.83352,360.83492,0.0013999999999896318,5433.778818647888,bench_cmp_register_indexed
361.0352,361.0366,0.0014000000000464752,5424.652102120532,bench_cmp_register_indexed
361.23686,361.23826,0.0014000000000464752,5408.272273093451,bench_cmp_register_indexed
361.43852,361.43992,0.0013999999999896318,5407.528136820479,bench_cmp_register_indexed
361.64016,361.64158,0.00141999999999598,5489.771387060322,bench_cmp_register_indexed
361.84182,361.84324,0.00141999999999598,5508.935491078526,bench_cmp_register_indexed
362.04348,362.04488,0.0013999999999896318,5436.395478863155,bench_cmp_register_indexed
362.24514,362.24656,0.00141999999999598,5511.480357951683,bench_cmp_register_indexed
362.44682,362.44822,0.0013999999999896318,5443.551929164899,bench_cmp_register_indexed
362.64848,362.64988,0.0013999999999896318,5431.131101171797,bench_cmp_register_indexed
362.85014,362.85154,0.0013999999999896318,5411.54831643768,bench_cmp_register_indexed
363.0518,363.0532,0.0013999999999896318,5424.555991728727,bench_cmp_register_indexed
363.25346,363.25486,0.0013999999999896318,5430.973665742457,bench_cmp_register_indexed
363.45512,363.45652,0.0013999999999896318,5435.719718176314,bench_cmp_register_indexed
363.65678,363.65818,0.0013999999999896318,5436.248225107987,bench_cmp_register_indexed
363.85844,363.85986,0.0014200000000528235,5523.423257029588,bench_cmp_register_indexed
364.06012,364.06152,0.0013999999999896318,5422.436823101454,bench_cmp_register_indexed
364.26176,364.26318,0.00141999999999598,5491.4240818350745,bench_cmp_register_indexed
364.46344,364.46484,0.0013999999999896318,5403.978568464055,bench_cmp_register_indexed
364.6651,364.6665,0.0013999999999896318,5424.0643255962705,bench_cmp_register_indexed
364.86676,364.86816,0.0013999999999896318,5443.512902092636,bench_cmp_register_indexed
365.06842,365.06982,0.0013999999999896318,5436.931438703531,bench_cmp_register_indexed
365.2701,365.2715,0.0013999999999896318,5422.205934259179,bench_cmp_register_indexed
365.47176,365.47316,0.0013999999999896318,5420.48832164475,bench_cmp_register_indexed
365.67342,365.67482,0.0013999999999896318,5423.189592502314,bench_cmp_register_indexed
365.87508,365.87648,0.0013999999999896318,5429.612013928,bench_cmp_register_indexed
366.07674,366.07814,0.0014000000000464752,5419.383740702491,bench_cmp_register_indexed
366.2784,366.2798,0.0014000000000464752,5430.9636053576,bench_cmp_register_indexed
366.48006,366.48146,0.0014000000000464752,5427.74086138277,bench_cmp_register_indexed
366.68172,366.68312,0.0013999999999896318,5410.135991368151,bench_cmp_register_indexed
366.88338,366.88478,0.0013999999999896318,5425.012444573581,bench_cmp_register_indexed
367.08504,367.08644,0.0013999999999896318,5416.676867717249,bench_cmp_register_indexed
367.2867,367.2881,0.0013999999999896318,5419.151987842645,bench_cmp_register_indexed
367.48836,367.48976,0.0013999999999896318,5432.9995717432075,bench_cmp_register_indexed
367.69002,367.69142,0.0013999999999896318,5430.47577371542,bench_cmp_register_indexed
367.89166,367.89308,0.00141999999999598,5518.6793464104,bench_cmp_register_indexed
368.09332,368.09472,0.0013999999999896318,5444.818935317379,bench_cmp_register_indexed
368.29498,368.29638,0.0013999999999896318,5425.304928748407,bench_cmp_register_indexed
368.49664,368.49804,0.0013999999999896318,5412.1034708375755,bench_cmp_register_indexed
368.69828,368.6997,0.00141999999999598,5517.809931170886,bench_cmp_register_indexed
368.89994,368.90134,0.0013999999999896318,5421.967990654661,bench_cmp_register_indexed
369.1016,369.103,0.0013999999999896318,5444.122489965338,bench_cmp_register_indexed
369.30324,369.30464,0.0013999999999896318,5420.044290323366,bench_cmp_register_indexed
369.50488,369.50628,0.0013999999999896318,5432.596569837241,bench_cmp_register_indexed
369.70654,369.70794,0.0013999999999896318,5419.0970211759995,bench_cmp_register_indexed
369.9082,369.9096,0.0013999999999896318,5422.596335359978,bench_cmp_register_indexed
370.10986,370.11126,0.0013999999999896318,5430.495771528072,bench_cmp_register_indexed
370.3115,370.3129,0.0013999999999896318,5440.859098402875,bench_cmp_register_indexed
370.51316,370.51456,0.0013999999999896318,5439.294958434479,bench_cmp_register_indexed
370.71482,370.71622,0.0014000000000464752,5432.755220865705,bench_cmp_register_indexed
370.91646,370.91786,0.0014000000000464752,5426.070089636115,bench_cmp_register_indexed
371.1181,371.11952,0.00141999999999598,5499.309026608899,bench_cmp_register_indexed
371.31976,371.32116,0.0014000000000464752,5411.814830920284,bench_cmp_register_indexed
371.52142,371.52282,0.0014000000000464752,5434.785545988262,bench_cmp_register_indexed
371.72306,371.72446,0.0014000000000464752,5433.401009248048,bench_cmp_register_indexed
371.9247,371.92612,0.0014200000000528235,5517.249391622287,bench_cmp_register_indexed
372.12636,372.12776,0.0014000000000464752,5445.395759487557,bench_cmp_register_indexed
372.32802,372.32942,0.0014000000000464752,5424.641249884638,bench_cmp_register_indexed
372.52966,372.53106,0.0014000000000464752,5412.299577334745,bench_cmp_register_indexed
372.73132,372.73272,0.0013999999999896318,5410.251035322269,bench_cmp_register_indexed
372.93296,372.93436,0.0014000000000464752,5444.783074965083,bench_cmp_register_indexed
373.13462,373.136,0.001380000000040127,5396.996229113725,bench_cmp_register_symbolic
373.33624,373.33762,0.001380000000040127,5393.654662343486,bench_cmp_register_symbolic
373.53788,373.53926,0.001380000000040127,5374.758145928725,bench_cmp_register_symbolic
373.7395,373.74088,0.0013799999999832835,5369.869507777966,bench_cmp_register_symbolic
373.94114,373.94252,0.0013799999999832835,5378.856079116394,bench_cmp_register_symbolic
374.14276,374.14414,0.0013799999999832835,5404.596801317463,bench_cmp_register_symbolic
374.3444,374.34578,0.0013799999999832835,5399.968295756328,bench_cmp_register_symbolic
374.54602,374.5474,0.0013799999999832835,5389.278985034244,bench_cmp_register_symbolic
374.74766,374.74904,0.0013799999999832835,5392.7859919499415,bench_cmp_register_symbolic
374.9493,374.95068,0.0013799999999832835,5390.430572381045,bench_cmp_register_symbolic
375.15094,375.15232,0.0013799999999832835,5391.290089985657,bench_cmp_register_symbolic
375.35256,375.35394,0.001380000000040127,5398.783602449216,bench_cmp_register_symbolic
375.5542,375.55558,0.001380000000040127,5402.126612766672,bench_cmp_register_symbolic
375.75584,375.75722,0.001380000000040127,5382.604042698454,bench_cmp_register_symbolic
375.95746,375.95884,0.0013799999999832835,5384.723972456076,bench_cmp_register_symbolic
376.1591,376.16048,0.0013799999999832835,5392.842979560521,bench_cmp_register_symbolic
376.36072,376.3621,0.0013799999999832835,5383.161245777034,bench_cmp_register_symbolic
376.56236,376.56374,0.0013799999999832835,5391.046267401105,bench_cmp_register_symbolic
376.764,376.76538,0.0013799999999832835,5411.83570625958,bench_cmp_register_symbolic
376.96564,376.96702,0.0013799999999832835,5379.1856043305015,bench_cmp_register_symbolic
377.16728,377.16866,0.0013799999999832835,5394.015726568454,bench_cmp_register_symbolic
377.36892,377.3703,0.0013799999999832835,5386.437806236406,bench_cmp_register_symbolic
377.57056,377.57194,0.0013799999999832835,5390.681046926787,bench_cmp_register_symbolic
377.7722,377.77358,0.0013799999999832835,5394.040513720948,bench_cmp_register_symbolic
377.97384,377.97522,0.0013799999999832835,5389.304778012603,bench_cmp_register_symbolic
378.1755,378.17688,0.0013799999999832835,5393.874444932668,bench_cmp_register_symbolic
378.37714,378.37852,0.0013799999999832835,5401.78287302006,bench_cmp_register_symbolic
378.57878,378.58016,0.0013799999999832835,5380.676365392691,bench_cmp_register_symbolic
378.78042,378.7818,0.0013799999999832835,5379.274720262339,bench_cmp_register_symbolic
378.98206,378.98344,0.0013799999999832835,5401.479180378047,bench_cmp_register_symbolic
379.1837,379.18508,0.001380000000040127,5397.517536926256,bench_cmp_register_symbolic
379.38534,379.38672,0.001380000000040127,5382.819303936162,bench_cmp_register_symbolic
379.58698,379.58836,0.001380000000040127,5384.152997448788,bench_cmp_register_symbolic
379.78862,379.79,0.001380000000040127,5403.551943761289,bench_cmp_register_symbolic
379.99026,379.99164,0.001380000000040127,5382.448961186686,bench_cmp_register_symbolic
380.19188,380.19326,0.0013799999999832835,5380.45007029583,bench_cmp_register_symbolic
380.39352,380.3949,0.0013799999999832835,5391.102500654651,bench_cmp_register_symbolic
380.59516,380.59654,0.0013799999999832835,5381.870998465596,bench_cmp_register_symbolic
380.7968,380.79818,0.0013799999999832835,5383.072961049755,bench_cmp_register_symbolic
380.99844,380.99982,0.0013799999999832835,5391.844920746039,bench_cmp_register_symbolic
381.20008,381.20146,0.0013799999999832835,5390.243350929142,bench_cmp_register_symbolic
381.4017,381.40308,0.0013799999999832835,5392.135898514117,bench_cmp_register_symbolic
381.60334,381.60472,0.0013799999999832835,5380.9192636330945,bench_cmp_register_symbolic
381.80498,381.80636,0.0013799999999832835,5390.250112330593,bench_cmp_register_symbolic
382.00662,382.008,0.0013799999999832835,5379.501394864257,bench_cmp_register_symbolic
382.20826,382.20964,0.0013799999999832835,5374.835287157629,bench_cmp_register_symbolic
382.4099,382.41128,0.0013799999999832835,5385.828909867088,bench_cmp_register_symbolic
382.61152,382.6129,0.001380000000040127,5379.673489533777,bench_cmp_register_symbolic
382.81316,382.81454,0.001380000000040127,5380.250159810731,bench_cmp_register_symbolic
383.0148,383.01618,0.001380000000040127,5383.455315764823,bench_cmp_register_symbolic
383.21644,383.21782,0.001380000000040127,5385.565641496658,bench_cmp_register_symbolic
383.41808,383.41946,0.001380000000040127,5414.776671839315,bench_cmp_register_symbolic
383.61972,383.6211,0.001380000000040127,5361.994523716745,bench_cmp_register_symbolic
383.82136,383.82274,0.0013799999999832835,5397.2171828352375,bench_cmp_register_symbolic
384.023,384.02438,0.0013799999999832835,5391.837302523855,bench_cmp_register_symbolic
384.22464,384.22602,0.0013799999999832835,5395.252958330384,bench_cmp_register_symbolic
384.4263,384.42768,0.0013799999999832835,5379.894282592398,bench_cmp_register_symbolic
384.62794,384.62932,0.0013799999999832835,5385.758769628526,bench_cmp_register_symbolic
384.82958,384.83096,0.0013799999999832835,5390.786081484179,bench_cmp_register_symbolic
385.03122,385.0326,0.0013799999999832835,5381.4058237944,bench_cmp_register_symbolic
385.23286,385.23424,0.0013799999999832835,5388.607480490018,bench_cmp_register_symbolic
385.4345,385.43588,0.0013799999999832835,5384.243633530816,bench_cmp_register_symbolic
385.63614,385.63752,0.0013799999999832835,5390.722914528339,bench_cmp_register_symbolic
385.83778,385.83916,0.0013799999999832835,5396.156902360308,bench_cmp_register_symbolic
386.03944,386.04082,0.0013799999999832835,5383.30716074386,bench_cmp_register_symbolic
386.24108,386.24246,0.0013799999999832835,5395.238939604497,bench_cmp_register_symbolic
386.44272,386.4441,0.0013799999999832835,5388.2859134417085,bench_cmp_register_symbolic
386.64436,386.64574,0.0013799999999832835,5386.5045960368725,bench_cmp_register_symbolic
386.846,386.84738,0.0013799999999832835,5368.133434030715,bench_cmp_register_symbolic
387.04764,387.04902,0.0013799999999832835,5400.460050377092,bench_cmp_register_symbolic
387.24928,387.25066,0.0013799999999832835,5401.646518081309,bench_cmp_register_symbolic
387.45092,387.4523,0.0013799999999832835,5402.510249924364,bench_cmp_register_symbolic
387.65256,387.65394,0.0013799999999832835,5363.247743742324,bench_cmp_register_symbolic
387.8542,387.85558,0.0013799999999832835,5385.207226437968,bench_cmp_register_symbolic
388.05584,388.05722,0.0013799999999832835,5390.714488398962,bench_cmp_register_symbolic
388.25748,388.25886,0.001380000000040127,5381.511664177466,bench_cmp_register_symbolic
388.45912,388.4605,0.001380000000040127,5397.360508955415,bench_cmp_register_symbolic
388.66076,388.66214,0.001380000000040127,5391.722475337375,bench_cmp_register_symbolic
388.8624,388.86378,0.001380000000040127,5384.4311788454415,bench_cmp_register_symbolic
389.06404,389.06542,0.001380000000040127,5390.970027236027,bench_cmp_register_symbolic
389.26568,389.26706,0.001380000000040127,5395.677113138368,bench_cmp_register_symbolic
389.46732,389.4687,0.001380000000040127,5398.02652101213,bench_cmp_register_symbolic
389.66896,389.67034,0.0013799999999832835,5403.32842377741,bench_cmp_register_symbolic
389.87062,389.872,0.001380000000040127,5393.253532399629,bench_cmp_register_symbolic
390.07226,390.07364,0.0013799999999832835,5378.868072221173,bench_cmp_register_symbolic
390.2739,390.27528,0.0013799999999832835,5384.120899173037,bench_cmp_register_symbolic
390.47556,390.47694,0.001380000000040127,5386.512437998777,bench_cmp_register_symbolic
390.6772,390.67858,0.0013799999999832835,5393.628852839579,bench_cmp_register_symbolic
390.87884,390.88022,0.0013799999999832835,5384.210874251463,bench_cmp_register_symbolic
391.08046,391.08184,0.0013799999999832835,5395.173276702836,bench_cmp_register_symbolic
391.2821,391.28348,0.0013799999999832835,5385.933304141164,bench_cmp_register_symbolic
391.48374,391.48512,0.0013799999999832835,5382.164572297301,bench_cmp_register_symbolic
391.68538,391.68676,0.0013799999999832835,5387.4046913621205,bench_cmp_register_symbolic
391.88702,391.88838,0.0013599999999769352,5316.1485166320135,bench_cmp_register_symbolic
392.08864,392.09002,0.0013799999999832835,5407.168562459893,bench_cmp_register_symbolic
392.29028,392.29166,0.0013799999999832835,5385.450103721018,bench_cmp_register_symbolic
392.49192,392.4933,0.0013799999999832835,5376.767418282043,bench_cmp_register_symbolic
392.69354,392.69492,0.001380000000040127,5390.519900409077,bench_cmp_register_symbolic
392.89518,392.89656,0.001380000000040127,5386.789872006621,bench_cmp_register_symbolic
393.09682,393.0982,0.001380000000040127,5391.071778882325,bench_cmp_register_symbolic
393.29844,393.29982,0.0013799999999832835,5337.0453626082735,bench_cmp_register_absolute
393.50008,393.50146,0.0013799999999832835,5327.204712594517,bench_cmp_register_absolute
393.7017,393.70308,0.0013799999999832835,5326.043104217491,bench_cmp_register_absolute
393.90334,393.90472,0.0013799999999832835,5334.670441158393,bench_cmp_register_absolute
394.10496,394.10634,0.0013799999999832835,5338.981198084843,bench_cmp_register_absolute
394.3066,394.30798,0.0013799999999832835,5325.933808861253,bench_cmp_register_absolute
394.50824,394.50962,0.0013799999999832835,5315.534458433774,bench_cmp_register_absolute
394.70988,394.71126,0.0013799999999832835,5307.901184943983,bench_cmp_register_absolute
394.91152,394.91288,0.0013599999999769352,5251.194776415878,bench_cmp_register_absolute
395.11314,395.11452,0.001380000000040127,5352.0827416061575,bench_cmp_register_absolute
395.31478,395.31616,0.001380000000040127,5340.5480437612905,bench_cmp_register_absolute
395.51642,395.5178,0.001380000000040127,5349.6050836245695,bench_cmp_register_absolute
395.71806,395.71944,0.001380000000040127,5325.872223051355,bench_cmp_register_absolute
395.9197,395.92108,0.001380000000040127,5326.754909635818,bench_cmp_register_absolute
396.12134,396.1227,0.0013600000000337786,5241.59459177965,bench_cmp_register_absolute
396.32298,396.32434,0.0013600000000337786,5250.274802226998,bench_cmp_register_absolute
396.52462,396.52598,0.0013599999999769352,5242.538517242934,bench_cmp_register_absolute
396.72624,396.72762,0.0013799999999832835,5348.75276957256,bench_cmp_register_absolute
396.92788,396.92926,0.0013799999999832835,5307.952044459745,bench_cmp_register_absolute
397.12952,397.1309,0.0013799999999832835,5313.774021275811,bench_cmp_register_absolute
397.33116,397.33252,0.0013599999999769352,5246.788652060331,bench_cmp_register_absolute
397.53278,397.53416,0.0013799999999832835,5337.297811575423,bench_cmp_register_absolute
397.73442,397.7358,0.0013799999999832835,5332.14085030879,bench_cmp_register_absolute
397.93606,397.93744,0.0013799999999832835,5338.912170781277,bench_cmp_register_absolute
398.1377,398.13908,0.0013799999999832835,5307.884174336478,bench_cmp_register_absolute
398.33934,398.3407,0.0013600000000337786,5230.49863767327,bench_cmp_register_absolute
398.54096,398.54234,0.001380000000040127,5330.275502212036,bench_cmp_register_absolute
398.7426,398.74398,0.001380000000040127,5324.772312461794,bench_cmp_register_absolute
398.94424,398.94562,0.001380000000040127,5321.521323798274,bench_cmp_register_absolute
399.14586,399.14724,0.0013799999999832835,5340.481756644703,bench_cmp_register_absolute
399.3475,399.34888,0.0013799999999832835,5329.996021390264,bench_cmp_register_absolute
399.54914,399.55052,0.0013799999999832835,5327.954571618931,bench_cmp_register_absolute
399.75078,399.75214,0.0013599999999769352,5259.789635799433,bench_cmp_register_absolute
399.9524,399.95378,0.0013799999999832835,5337.680575836294,bench_cmp_register_absolute
400.15404,400.15542,0.0013799999999832835,5329.32874274583,bench_cmp_register_absolute
400.35568,400.35706,0.0013799999999832835,5334.573793157791,bench_cmp_register_absolute
400.55732,400.55868,0.0013599999999769352,5267.487298610336,bench_cmp_register_absolute
400.75894,400.76032,0.0013799999999832835,5327.0391141371,bench_cmp_register_absolute
400.96058,400.96196,0.0013799999999832835,5323.916291757783,bench_cmp_register_absolute
401.16222,401.16358,0.0013600000000337786,5249.423617627896,bench_cmp_register_absolute
401.36384,401.36522,0.001380000000040127,5327.839167015607,bench_cmp_register_absolute
401.56548,401.56686,0.001380000000040127,5334.523571813896,bench_cmp_register_absolute
401.7671,401.76848,0.0013799999999832835,5335.183069035098,bench_cmp_register_absolute
401.96874,401.97012,0.0013799999999832835,5323.8660678390725,bench_cmp_register_absolute
402.17038,402.17176,0.0013799999999832835,5337.157903632959,bench_cmp_register_absolute
402.37202,402.3734,0.0013799999999832835,5323.978466842219,bench_cmp_register_absolute
402.57364,402.57502,0.0013799999999832835,5326.1648210949315,bench_cmp_register_absolute
402.77528,402.77666,0.0013799999999832835,5327.599036904919,bench_cmp_register_absolute
402.97692,402.97828,0.0013599999999769352,5257.531783919083,bench_cmp_register_absolute
403.17854,403.17992,0.0013799999999832835,5335.107566728699,bench_cmp_register_absolute
403.38018,403.38156,0.0013799999999832835,5329.655073519731,bench_cmp_register_absolute
403.58182,403.5832,0.0013799999999832835,5323.860384466345,bench_cmp_register_absolute
403.78346,403.78484,0.0013799999999832835,5329.564306822256,bench_cmp_register_absolute
403.9851,403.98648,0.0013799999999832835,5329.674731411573,bench_cmp_register_absolute
404.18674,404.1881,0.0013600000000337786,5262.180718257705,bench_cmp_register_absolute
404.38836,404.38974,0.001380000000040127,5341.067959246175,bench_cmp_register_absolute
404.59,404.59138,0.001380000000040127,5321.268700222234,bench_cmp_register_absolute
404.79164,404.793,0.0013600000000337786,5245.265299589342,bench_cmp_register_absolute
404.99326,404.99464,0.0013799999999832835,5316.604948530902,bench_cmp_register_absolute
405.1949,405.19628,0.0013799999999832835,5332.086733472354,bench_cmp_register_absolute
405.39654,405.39792,0.0013799999999832835,5329.291396703389,bench_cmp_register_absolute
405.59818,405.59956,0.0013799999999832835,5348.950144767172,bench_cmp_register_absolute
405.79982,405.8012,0.0013799999999832835,5326.805417358553,bench_cmp_register_absolute
406.00146,406.00284,0.0013799999999832835,5327.953833559064,bench_cmp_register_absolute
406.2031,406.20448,0.0013799999999832835,5322.852828475229,bench_cmp_register_absolute
406.40474,406.40612,0.0013799999999832835,5338.96267407847,bench_cmp_register_absolute
406.60638,406.60776,0.0013799999999832835,5320.36219717063,bench_cmp_register_absolute
406.80802,406.8094,0.0013799999999832835,5324.645517334671,bench_cmp_register_absolute
407.00966,407.01104,0.0013799999999832835,5334.397992056087,bench_cmp_register_absolute
407.2113,407.21268,0.0013799999999832835,5329.270993764219,bench_cmp_register_absolute
407.41294,407.41432,0.0013799999999832835,5342.965193496085,bench_cmp_register_absolute
407.61458,407.61596,0.0013799999999832835,5325.088337934364,bench_cmp_register_absolute
407.8162,407.81758,0.001380000000040127,5319.837453005519,bench_cmp_register_absolute
408.01784,408.01922,0.001380000000040127,5321.583168275736,bench_cmp_register_absolute
408.21948,408.22086,0.001380000000040127,5333.360952951184,bench_cmp_register_absolute
408.42112,408.4225,0.001380000000040127,5353.068870187364,bench_cmp_register_absolute
408.62276,408.62414,0.0013799999999832835,5343.1994560342255,bench_cmp_register_absolute
408.8244,408.82578,0.0013799999999832835,5325.381606744172,bench_cmp_register_absolute
409.02604,409.02742,0.0013799999999832835,5310.494247747304,bench_cmp_register_absolute
409.22768,409.22906,0.0013799999999832835,5290.73171543269,bench_cmp_register_absolute
409.42932,409.4307,0.0013799999999832835,5343.310404498358,bench_cmp_register_absolute
409.63094,409.63232,0.0013799999999832835,5343.115879153454,bench_cmp_register_absolute
409.83258,409.83396,0.0013799999999832835,5341.139140008823,bench_cmp_register_absolute
410.03422,410.0356,0.0013799999999832835,5336.360065199182,bench_cmp_register_absolute
410.23586,410.23724,0.0013799999999832835,5314.528578829863,bench_cmp_register_absolute
410.4375,410.43886,0.0013599999999769352,5250.992486163329,bench_cmp_register_absolute
410.63912,410.6405,0.0013799999999832835,5330.3938847348545,bench_cmp_register_absolute
410.84076,410.84214,0.0013799999999832835,5330.44784323765,bench_cmp_register_absolute
411.0424,411.04376,0.0013600000000337786,5254.337536304177,bench_cmp_register_absolute
411.24402,411.2454,0.001380000000040127,5322.553389863873,bench_cmp_register_absolute
411.44566,411.44704,0.001380000000040127,5314.3196973665545,bench_cmp_register_absolute
411.64728,411.64866,0.0013799999999832835,5322.712473495823,bench_cmp_register_absolute
411.84892,411.8503,0.0013799999999832835,5329.11690643536,bench_cmp_register_absolute
412.05056,412.05194,0.0013799999999832835,5315.512386078098,bench_cmp_register_absolute
412.2522,412.25358,0.0013799999999832835,5323.752888871756,bench_cmp_register_absolute
412.45384,412.45522,0.0013799999999832835,5330.39655995274,bench_cmp_register_absolute
412.65548,412.65686,0.0013799999999832835,5325.549659252748,bench_cmp_register_absolute
412.85712,412.8585,0.0013799999999832835,5330.357076532974,bench_cmp_register_absolute
413.05876,413.06014,0.0013799999999832835,5334.718213350768,bench_cmp_register_absolute
413.2604,413.26178,0.0013799999999832835,5336.848953676167,bench_cmp_register_absolute
