t_start_s,t_end_s,duration_s,energy_nJ,event_label
9.83524,9.83592,0.0006799999999991257,2435.76596257847,bench_add_register_register
10.03618,10.03686,0.0006800000000009021,2423.34450595384,bench_add_register_register
10.23712,10.2378,0.0006799999999991257,2446.3291815445273,bench_add_register_register
10.43806,10.43876,0.000700000000000145,2518.913918175155,bench_add_register_register
10.63902,10.6397,0.0006799999999991257,2441.1620129796897,bench_add_register_register
10.83996,10.84066,0.000700000000000145,2519.291795325443,bench_add_register_register
11.04092,11.0416,0.0006800000000009021,2434.8686262998835,bench_add_register_register
11.24186,11.24256,0.0006999999999983686,2507.013080169603,bench_add_register_register
11.44282,11.4435,0.0006800000000009021,2442.690322644989,bench_add_register_register
11.64378,11.64446,0.0006800000000009021,2434.104164134443,bench_add_register_register
11.84472,11.8454,0.0006799999999991257,2437.972030599021,bench_add_register_register
12.04566,12.04636,0.000700000000000145,2512.59919721705,bench_add_register_register
12.24662,12.2473,0.0006799999999991257,2445.313206404975,bench_add_register_register
12.44756,12.44826,0.000700000000000145,2527.6176701308946,bench_add_register_register
12.64852,12.64922,0.000700000000000145,2507.420487237055,bench_add_register_register
12.84948,12.85016,0.0006800000000009021,2433.722284625917,bench_add_register_register
13.05042,13.05112,0.0006999999999983686,2511.7842294210495,bench_add_register_register
13.25138,13.25206,0.0006800000000009021,2428.528112362961,bench_add_register_register
13.45234,13.45302,0.0006800000000009021,2427.313206720909,bench_add_register_register
13.65328,13.65398,0.000700000000000145,2520.9913449364726,bench_add_register_register
13.85424,13.85492,0.0006799999999991257,2430.7303852364907,bench_add_register_register
14.05518,14.05588,0.000700000000000145,2509.369868785551,bench_add_register_register
14.25614,14.25684,0.000700000000000145,2497.6945365782826,bench_add_register_register
14.4571,14.45778,0.0006799999999991257,2441.137614656494,bench_add_register_register
14.65806,14.65874,0.0006799999999991257,2440.8391583674365,bench_add_register_register
14.859,14.8597,0.000700000000000145,2518.912698142677,bench_add_register_register
15.05996,15.06064,0.0006799999999991257,2443.2910187136945,bench_add_register_register
15.2609,15.2616,0.000700000000000145,2515.5509449550136,bench_add_register_register
15.46184,15.46254,0.000700000000000145,2529.0961633438433,bench_add_register_register
15.6628,15.66348,0.0006799999999991257,2448.8742975481764,bench_add_register_register
15.86374,15.86444,0.000700000000000145,2523.459116928726,bench_add_register_register
16.0647,16.06538,0.0006800000000026785,2444.4909836269794,bench_add_register_register
16.26564,16.26634,0.0006999999999983686,2517.504149575762,bench_add_register_register
16.4666,16.46728,0.0006799999999991257,2435.0207275681632,bench_add_register_register
16.66754,16.66824,0.0007000000000019213,2520.9866371084336,bench_add_register_register
16.8685,16.86918,0.0006799999999991257,2429.516962725783,bench_add_register_register
17.06944,17.07012,0.0006799999999991257,2437.4608043547305,bench_add_register_register
17.27038,17.27108,0.0007000000000019213,2528.825085617444,bench_add_register_register
17.47134,17.47202,0.0006799999999991257,2438.1115660033593,bench_add_register_register
17.67228,17.67296,0.0006799999999991257,2442.012047391497,bench_add_register_register
17.87322,17.87392,0.0006999999999983686,2517.4381048357573,bench_add_register_register
18.07416,18.07486,0.0007000000000019213,2519.075491007179,bench_add_register_register
18.2751,18.2758,0.0007000000000019213,2508.2231196654157,bench_add_register_register
18.47604,18.47672,0.0006799999999991257,2450.984183229593,bench_add_register_register
18.677,18.67768,0.0006799999999991257,2441.193193659977,bench_add_register_register
18.87794,18.87864,0.0007000000000019213,2514.309817932823,bench_add_register_register
19.0789,19.07958,0.0006799999999991257,2436.5664506293874,bench_add_register_register
19.27986,19.28054,0.0006799999999991257,2424.9525275051865,bench_add_register_register
19.48082,19.4815,0.0006799999999991257,2433.1906158438364,bench_add_register_register
19.68176,19.68246,0.0006999999999983686,2510.0391008827664,bench_add_register_register
19.88272,19.88342,0.0007000000000019213,2512.4013261010828,bench_add_register_register
20.08368,20.08436,0.0006799999999991257,2437.870553690985,bench_add_register_register
20.28462,20.28532,0.0006999999999983686,2505.5286101936003,bench_add_register_register
20.48558,20.48626,0.0006800000000026785,2439.1053477405735,bench_add_register_register
20.68654,20.68722,0.0006799999999991257,2446.6822831853815,bench_add_register_register
20.88748,20.88818,0.0006999999999983686,2520.837127224859,bench_add_register_register
21.08844,21.08914,0.0007000000000019213,2521.8890537585166,bench_add_register_register
21.2894,21.29008,0.0006799999999991257,2424.3105738387326,bench_add_register_register
21.49034,21.49104,0.0007000000000019213,2513.7682235867405,bench_add_register_register
21.6913,21.69198,0.0006800000000026785,2442.732250794203,bench_add_register_register
21.89224,21.89294,0.0006999999999983686,2521.2013185890128,bench_add_register_register
22.0932,22.09388,0.0006799999999991257,2433.567324184854,bench_add_register_register
22.29414,22.29482,0.0006800000000026785,2443.7861051515556,bench_add_register_register
22.49508,22.49578,0.0006999999999983686,2517.9081642933047,bench_add_register_register
22.69604,22.69672,0.0006799999999991257,2436.389380596791,bench_add_register_register
22.89698,22.89768,0.0007000000000019213,2509.202479857698,bench_add_register_register
23.09794,23.09862,0.0006799999999991257,2456.6461541652834,bench_add_register_register
23.29888,23.29958,0.0006999999999983686,2511.5675246282162,bench_add_register_register
23.49984,23.50054,0.0007000000000019213,2517.170163345031,bench_add_register_register
23.7008,23.70148,0.0006799999999991257,2432.183818887885,bench_add_register_register
23.90176,23.90244,0.0006799999999991257,2442.879474253196,bench_add_register_register
24.10272,24.1034,0.0006799999999991257,2428.179462436493,bench_add_register_register
24.30368,24.30436,0.0006799999999991257,2426.097877320435,bench_add_register_register
24.50464,24.50532,0.0006800000000026785,2437.2847611189363,bench_add_register_register
24.70558,24.70628,0.0006999999999983686,2515.611685805907,bench_add_register_register
24.90654,24.90722,0.0006799999999991257,2441.1700665922153,bench_add_register_register
25.10748,25.10818,0.0007000000000019213,2509.758479435264,bench_add_register_register
25.30844,25.30912,0.0006799999999991257,2442.298505917286,bench_add_register_register
25.5094,25.51008,0.0006799999999991257,2435.04707701205,bench_add_register_register
25.71034,25.71104,0.0007000000000019213,2525.5810725580673,bench_add_register_register
25.9113,25.91198,0.0006799999999991257,2440.6154174322432,bench_add_register_register
26.11224,26.11294,0.0006999999999983686,2515.905499452381,bench_add_register_register
26.3132,26.31388,0.0006800000000026785,2429.0008540372696,bench_add_register_register
26.51416,26.51484,0.0006799999999991257,2436.5579988774266,bench_add_register_register
26.71512,26.7158,0.0006800000000026785,2440.5818665503953,bench_add_register_register
26.91608,26.91676,0.0006799999999991257,2435.094749085688,bench_add_register_register
27.11704,27.11772,0.0006799999999991257,2430.0018069304506,bench_add_register_register
27.318,27.31868,0.0006799999999991257,2440.147879529604,bench_add_register_register
27.51894,27.51964,0.0006999999999983686,2514.134221703843,bench_add_register_register
27.7199,27.7206,0.0007000000000019213,2513.651580091453,bench_add_register_register
27.92086,27.92154,0.0006799999999991257,2451.3665959199716,bench_add_register_register
28.12182,28.12252,0.0007000000000019213,2513.477199252434,bench_add_register_register
28.32278,28.32346,0.0006799999999991257,2433.9256761555025,bench_add_register_register
28.52374,28.52442,0.0006799999999991257,2427.2464332136856,bench_add_register_register
28.72468,28.72538,0.0007000000000019213,2512.2318207357375,bench_add_register_register
28.92566,28.92634,0.0006799999999991257,2432.8628298790154,bench_add_register_register
29.1266,29.1273,0.0007000000000019213,2514.5436660452974,bench_add_register_register
29.32756,29.32824,0.0006800000000026785,2429.4244591252354,bench_add_register_register
29.52852,29.5292,0.0006799999999991257,2441.553825043394,bench_add_register_register
29.72948,29.73016,0.0006800000000026785,2428.6705860972165,bench_add_register_register
29.93044,29.93196,0.0015199999999992997,6190.9158527820455,bench_add_register_indexed
30.13224,30.13376,0.0015199999999992997,6188.930938948949,bench_add_register_indexed
30.33404,30.33558,0.0015399999999985425,6279.146135778499,bench_add_register_indexed
30.53584,30.53736,0.0015199999999992997,6187.7697147398885,bench_add_register_indexed
30.73764,30.73916,0.0015199999999992997,6199.6299494028735,bench_add_register_indexed
30.93944,30.94096,0.0015199999999992997,6195.870819498576,bench_add_register_indexed
31.14122,31.14276,0.0015399999999985425,6278.476282016756,bench_add_register_indexed
31.34302,31.34454,0.0015199999999992997,6194.550180804839,bench_add_register_indexed
31.54482,31.54634,0.0015199999999992997,6198.944924396036,bench_add_register_indexed
31.74662,31.74814,0.0015199999999992997,6196.737941351543,bench_add_register_indexed
31.9484,31.94994,0.0015400000000020952,6278.488938705123,bench_add_register_indexed
32.1502,32.15172,0.0015199999999992997,6187.693802636615,bench_add_register_indexed
32.352,32.35352,0.0015200000000064051,6182.968909878037,bench_add_register_indexed
32.5538,32.55532,0.0015199999999992997,6210.13909578035,bench_add_register_indexed
32.75558,32.75712,0.0015399999999985425,6276.398980983407,bench_add_register_indexed
32.95738,32.9589,0.0015199999999992997,6194.7047198166765,bench_add_register_indexed
33.15916,33.1607,0.0015399999999985425,6272.867466316678,bench_add_register_indexed
33.36096,33.36248,0.0015199999999992997,6195.304659193067,bench_add_register_indexed
33.56276,33.56428,0.0015199999999992997,6188.33119049382,bench_add_register_indexed
33.76454,33.76608,0.001540000000005648,6283.559948228811,bench_add_register_indexed
33.96634,33.96786,0.0015199999999992997,6195.777514946715,bench_add_register_indexed
34.16814,34.16966,0.0015199999999992997,6197.077212852363,bench_add_register_indexed
34.36992,34.37146,0.0015399999999985425,6285.1215060740205,bench_add_register_indexed
34.57172,34.57324,0.0015199999999992997,6197.534408417785,bench_add_register_indexed
34.77352,34.77504,0.0015199999999992997,6193.075864573358,bench_add_register_indexed
34.9753,34.97684,0.001540000000005648,6265.419111610869,bench_add_register_indexed
35.1771,35.17864,0.0015399999999985425,6271.440167904986,bench_add_register_indexed
35.3789,35.38044,0.0015399999999985425,6269.875583232573,bench_add_register_indexed
35.5807,35.58224,0.0015399999999985425,6262.317853973883,bench_add_register_indexed
35.7825,35.78404,0.0015399999999985425,6274.333773175137,bench_add_register_indexed
35.9843,35.98584,0.001540000000005648,6274.478435539607,bench_add_register_indexed
36.1861,36.18762,0.0015199999999992997,6182.210170661093,bench_add_register_indexed
36.3879,36.38942,0.0015199999999992997,6183.163463135266,bench_add_register_indexed
36.5897,36.59122,0.0015199999999992997,6197.721469213237,bench_add_register_indexed
36.7915,36.79302,0.0015199999999992997,6206.309795377249,bench_add_register_indexed
36.99328,36.99482,0.0015399999999985425,6293.750884936515,bench_add_register_indexed
37.19508,37.1966,0.0015199999999992997,6193.6691729328595,bench_add_register_indexed
37.39688,37.3984,0.0015199999999992997,6196.949044239141,bench_add_register_indexed
37.59868,37.6002,0.0015199999999992997,6173.742003736187,bench_add_register_indexed
37.80048,37.802,0.0015199999999992997,6193.225490857269,bench_add_register_indexed
38.00226,38.0038,0.0015399999999985425,6277.412818738704,bench_add_register_indexed
38.20406,38.2056,0.0015399999999985425,6274.687233375402,bench_add_register_indexed
38.40586,38.4074,0.001540000000005648,6267.106868349652,bench_add_register_indexed
38.60768,38.6092,0.0015199999999992997,6197.4945012446915,bench_add_register_indexed
38.80946,38.811,0.0015399999999985425,6279.820413322682,bench_add_register_indexed
39.01126,39.0128,0.0015399999999985425,6274.8096371005395,bench_add_register_indexed
39.21306,39.21458,0.0015199999999992997,6179.491048676063,bench_add_register_indexed
39.41484,39.41638,0.0015399999999985425,6273.82858655687,bench_add_register_indexed
39.61664,39.61816,0.0015200000000064051,6188.641414072407,bench_add_register_indexed
39.81844,39.81996,0.0015199999999992997,6191.983381283742,bench_add_register_indexed
40.02024,40.02176,0.0015199999999992997,6199.333439578002,bench_add_register_indexed
40.22204,40.22356,0.0015199999999992997,6196.471997533669,bench_add_register_indexed
40.42384,40.42536,0.0015199999999992997,6194.259449836542,bench_add_register_indexed
40.62564,40.62716,0.0015200000000064051,6195.573834728406,bench_add_register_indexed
40.82744,40.82896,0.0015199999999992997,6175.651196387391,bench_add_register_indexed
41.02924,41.03076,0.0015199999999992997,6190.4741497678715,bench_add_register_indexed
41.23104,41.23256,0.0015199999999992997,6192.624783140481,bench_add_register_indexed
41.43284,41.43436,0.0015199999999992997,6190.271424126714,bench_add_register_indexed
41.63464,41.63616,0.0015199999999992997,6196.846286763154,bench_add_register_indexed
41.83644,41.83796,0.0015199999999992997,6191.9912835557225,bench_add_register_indexed
42.03824,42.03976,0.0015199999999992997,6194.009836760335,bench_add_register_indexed
42.24002,42.24156,0.0015399999999985425,6269.6057185470545,bench_add_register_indexed
42.44182,42.44336,0.0015399999999985425,6283.389143639508,bench_add_register_indexed
42.64362,42.64514,0.0015199999999992997,6201.872047965333,bench_add_register_indexed
42.84542,42.84694,0.0015199999999992997,6189.142256040806,bench_add_register_indexed
43.0472,43.04874,0.001540000000005648,6286.676460900107,bench_add_register_indexed
43.249,43.25052,0.0015199999999992997,6195.228239518541,bench_add_register_indexed
43.4508,43.45232,0.0015199999999992997,6183.5673358261965,bench_add_register_indexed
43.6526,43.65412,0.0015199999999992997,6195.416315455328,bench_add_register_indexed
43.8544,43.85592,0.0015199999999992997,6200.324879025511,bench_add_register_indexed
44.05618,44.05772,0.001540000000005648,6270.166202471007,bench_add_register_indexed
44.25798,44.2595,0.0015199999999992997,6192.103684877056,bench_add_register_indexed
44.45978,44.4613,0.0015199999999992997,6184.18612051422,bench_add_register_indexed
44.66158,44.6631,0.0015199999999992997,6194.359860380045,bench_add_register_indexed
44.86338,44.8649,0.0015199999999992997,6199.409007091843,bench_add_register_indexed
45.06516,45.0667,0.0015399999999985425,6265.4769979359135,bench_add_register_indexed
45.26696,45.26848,0.0015199999999992997,6182.198971507157,bench_add_register_indexed
45.46876,45.47028,0.0015199999999992997,6184.508004222623,bench_add_register_indexed
45.67056,45.67208,0.0015199999999992997,6195.568530817289,bench_add_register_indexed
45.87234,45.87388,0.0015399999999985425,6271.8085758328025,bench_add_register_indexed
46.07414,46.07566,0.0015199999999992997,6185.265895907825,bench_add_register_indexed
46.27592,46.27744,0.0015199999999992997,6184.493754987653,bench_add_register_indexed
46.47772,46.47924,0.0015199999999992997,6196.622778658635,bench_add_register_indexed
46.6795,46.68104,0.001540000000005648,6279.0759746219765,bench_add_register_indexed
46.8813,46.88282,0.0015199999999992997,6187.546695579644,bench_add_register_indexed
47.0831,47.08462,0.0015199999999992997,6187.443486411907,bench_add_register_indexed
47.28488,47.28642,0.0015399999999985425,6268.8619969349575,bench_add_register_indexed
47.48668,47.4882,0.0015199999999992997,6183.638409708579,bench_add_register_indexed
47.68848,47.69,0.0015199999999992997,6195.410513316395,bench_add_register_indexed
47.89026,47.8918,0.001540000000005648,6269.854111619808,bench_add_register_indexed
48.09206,48.09358,0.0015200000000064051,6185.308177982013,bench_add_register_indexed
48.29386,48.29538,0.0015199999999992997,6202.007634562389,bench_add_register_indexed
48.49564,48.49718,0.0015399999999985425,6274.769511067953,bench_add_register_indexed
48.69744,48.69898,0.0015399999999985425,6286.310553544579,bench_add_register_indexed
48.89924,48.90076,0.0015199999999992997,6199.0356491848925,bench_add_register_indexed
49.10104,49.10256,0.0015199999999992997,6188.504230228038,bench_add_register_indexed
49.30282,49.30436,0.001540000000005648,6277.367449388722,bench_add_register_indexed
49.50462,49.50616,0.0015399999999985425,6263.865707436124,bench_add_register_indexed
49.70642,49.70796,0.0015399999999985425,6276.099528180231,bench_add_register_indexed
49.90822,49.90976,0.0015399999999985425,6264.337422319908,bench_add_register_indexed
50.11002,50.11154,0.0015199999999992997,6254.594875496518,bench_add_register_symbolic
50.3118,50.31332,0.0015199999999992997,6238.339543339733,bench_add_register_symbolic
50.51358,50.51508,0.0015000000000000568,6168.54363586819,bench_add_register_symbolic
50.71536,50.71686,0.0015000000000000568,6164.215966127987,bench_add_register_symbolic
50.91714,50.91864,0.0015000000000000568,6170.6488765782815,bench_add_register_symbolic
51.1189,51.12042,0.0015200000000064051,6256.025517386376,bench_add_register_symbolic
51.32068,51.32218,0.0015000000000000568,6175.573756918644,bench_add_register_symbolic
51.52244,51.52394,0.0015000000000000568,6163.128069601463,bench_add_register_symbolic
51.7242,51.7257,0.0015000000000000568,6179.82173804201,bench_add_register_symbolic
51.92596,51.92746,0.0015000000000000568,6173.975854180599,bench_add_register_symbolic
52.12772,52.12922,0.0015000000000000568,6163.165871985283,bench_add_register_symbolic
52.32948,52.33098,0.0015000000000000568,6161.769987084589,bench_add_register_symbolic
52.53124,52.53274,0.0015000000000000568,6175.615140237463,bench_add_register_symbolic
52.733,52.7345,0.0015000000000000568,6155.826724134859,bench_add_register_symbolic
52.93476,52.93626,0.0015000000000000568,6160.592860542349,bench_add_register_symbolic
53.13652,53.13802,0.0015000000000000568,6176.584144122941,bench_add_register_symbolic
53.33828,53.33978,0.0015000000000000568,6167.918997817606,bench_add_register_symbolic
53.54004,53.54154,0.0015000000000000568,6167.386928573705,bench_add_register_symbolic
53.7418,53.7433,0.0015000000000000568,6172.58320096906,bench_add_register_symbolic
53.94356,53.94508,0.0015199999999992997,6251.1003715888655,bench_add_register_symbolic
54.14534,54.14684,0.0015000000000000568,6171.154794283142,bench_add_register_symbolic
54.3471,54.3486,0.0015000000000000568,6164.610865526949,bench_add_register_symbolic
54.54886,54.55036,0.0015000000000000568,6161.305452697023,bench_add_register_symbolic
54.75062,54.75212,0.0015000000000000568,6186.297796667497,bench_add_register_symbolic
54.95238,54.95388,0.0015000000000000568,6165.353432297756,bench_add_register_symbolic
55.15414,55.15564,0.0015000000000000568,6168.275456875782,bench_add_register_symbolic
55.3559,55.3574,0.0015000000000000568,6174.368616193817,bench_add_register_symbolic
55.55766,55.55918,0.0015199999999992997,6262.023472224127,bench_add_register_symbolic
55.75944,55.76094,0.0015000000000000568,6164.619033225753,bench_add_register_symbolic
55.9612,55.9627,0.0015000000000000568,6178.321805782603,bench_add_register_symbolic
56.16298,56.16448,0.0015000000000000568,6166.880084202075,bench_add_register_symbolic
56.36474,56.36624,0.0015000000000000568,6183.612938039355,bench_add_register_symbolic
56.5665,56.56802,0.0015199999999992997,6242.1148736001005,bench_add_register_symbolic
56.76828,56.76978,0.0015000000000000568,6163.306501694642,bench_add_register_symbolic
56.97004,56.97156,0.0015199999999992997,6245.5398077115715,bench_add_register_symbolic
57.17182,57.17332,0.0015000000000000568,6175.83178915124,bench_add_register_symbolic
57.37358,57.37508,0.0015000000000000568,6156.090106815915,bench_add_register_symbolic
57.57534,57.57686,0.0015200000000064051,6261.554532710643,bench_add_register_symbolic
57.7771,57.77862,0.0015199999999992997,6253.074756820624,bench_add_register_symbolic
57.97888,57.98038,0.0015000000000000568,6152.405072935287,bench_add_register_symbolic
58.18064,58.18214,0.0015000000000000568,6175.237409771246,bench_add_register_symbolic
58.3824,58.3839,0.0015000000000000568,6156.1815114699575,bench_add_register_symbolic
58.58416,58.58568,0.0015200000000064051,6248.166495960475,bench_add_register_symbolic
58.78594,58.78744,0.0015000000000000568,6163.158146665054,bench_add_register_symbolic
58.9877,58.98922,0.0015200000000064051,6245.205127660583,bench_add_register_symbolic
59.18948,59.19098,0.0015000000000000568,6173.926978372678,bench_add_register_symbolic
59.39124,59.39274,0.0015000000000000568,6167.535423301101,bench_add_register_symbolic
59.59302,59.59452,0.0015000000000000568,6169.280977920203,bench_add_register_symbolic
59.79478,59.7963,0.0015199999999992997,6242.202385325473,bench_add_register_symbolic
59.99656,59.99806,0.0015000000000000568,6165.956249460682,bench_add_register_symbolic
60.19832,60.19984,0.0015199999999992997,6258.280538019341,bench_add_register_symbolic
60.40008,60.4016,0.0015199999999992997,6235.7746995956895,bench_add_register_symbolic
60.60186,60.60336,0.0015000000000000568,6172.831822186382,bench_add_register_symbolic
60.80362,60.80512,0.0015000000000000568,6170.692108571307,bench_add_register_symbolic
61.00538,61.0069,0.0015199999999992997,6240.901192647193,bench_add_register_symbolic
61.20716,61.20866,0.0015000000000000568,6186.968870460695,bench_add_register_symbolic
61.40892,61.41042,0.0015000000000000568,6177.435419522359,bench_add_register_symbolic
61.61068,61.61218,0.0015000000000000568,6173.126520589155,bench_add_register_symbolic
61.81246,61.81396,0.0015000000000000568,6171.039878390538,bench_add_register_symbolic
62.01422,62.01572,0.0015000000000000568,6181.673840619497,bench_add_register_symbolic
62.21598,62.2175,0.0015199999999992997,6261.051688339974,bench_add_register_symbolic
62.41776,62.41926,0.0015000000000000568,6163.034769706431,bench_add_register_symbolic
62.61952,62.62102,0.0015000000000000568,6175.849791616439,bench_add_register_symbolic
62.82128,62.82278,0.0015000000000000568,6178.017808124342,bench_add_register_symbolic
63.02304,63.02454,0.0015000000000000568,6160.505572333926,bench_add_register_symbolic
63.2248,63.2263,0.0015000000000000568,6167.685454711551,bench_add_register_symbolic
63.42658,63.42808,0.0015000000000000568,6163.681484758516,bench_add_register_symbolic
63.62834,63.62984,0.0015000000000000568,6175.0871129337165,bench_add_register_symbolic
63.8301,63.8316,0.0015000000000000568,6178.289134986546,bench_add_register_symbolic
64.03186,64.03338,0.0015199999999992997,6249.993406233546,bench_add_register_symbolic
64.23362,64.23514,0.0015199999999992997,6252.722302448487,bench_add_register_symbolic
64.4354,64.4369,0.0014999999999929514,6164.90758486903,bench_add_register_symbolic
64.63716,64.63866,0.0015000000000071623,6161.318905681092,bench_add_register_symbolic
64.83892,64.84044,0.0015199999999992997,6261.439435180546,bench_add_register_symbolic
65.0407,65.0422,0.0014999999999929514,6172.805172362021,bench_add_register_symbolic
65.24246,65.24398,0.0015199999999992997,6252.6056170442835,bench_add_register_symbolic
65.44422,65.44574,0.0015199999999992997,6262.284209948692,bench_add_register_symbolic
65.646,65.6475,0.0014999999999929514,6170.186297938523,bench_add_register_symbolic
65.84776,65.84926,0.0015000000000071623,6171.17088291017,bench_add_register_symbolic
66.04952,66.05102,0.0014999999999929514,6155.503103479942,bench_add_register_symbolic
66.25128,66.25278,0.0015000000000071623,6161.496979214499,bench_add_register_symbolic
66.45304,66.45456,0.0015199999999992997,6252.400502559306,bench_add_register_symbolic
66.65482,66.65632,0.0014999999999929514,6165.178567142302,bench_add_register_symbolic
66.85658,66.85808,0.0015000000000071623,6173.949018150954,bench_add_register_symbolic
67.05834,67.05984,0.0014999999999929514,6170.47422096953,bench_add_register_symbolic
67.2601,67.2616,0.0015000000000071623,6166.9142963658305,bench_add_register_symbolic
67.46188,67.46338,0.0015000000000071623,6169.071504876033,bench_add_register_symbolic
67.66364,67.66516,0.0015199999999992997,6264.097518284573,bench_add_register_symbolic
67.86542,67.86692,0.0014999999999929514,6173.7179569609325,bench_add_register_symbolic
68.06718,68.06868,0.0015000000000071623,6170.193008177049,bench_add_register_symbolic
68.26896,68.27046,0.0014999999999929514,6176.693560525985,bench_add_register_symbolic
68.47072,68.47224,0.0015199999999992997,6246.886197475361,bench_add_register_symbolic
68.6725,68.674,0.0015000000000071623,6165.385735250494,bench_add_register_symbolic
68.87426,68.87576,0.0014999999999929514,6175.512522429762,bench_add_register_symbolic
69.07602,69.07754,0.0015199999999992997,6261.67443580637,bench_add_register_symbolic
69.2778,69.2793,0.0015000000000071623,6163.563090406143,bench_add_register_symbolic
69.47956,69.48108,0.0015199999999992997,6260.529682037624,bench_add_register_symbolic
69.68134,69.68284,0.0014999999999929514,6154.683260218014,bench_add_register_symbolic
69.8831,69.8846,0.0015000000000071623,6153.300837643968,bench_add_register_symbolic
70.08488,70.08638,0.0015000000000071623,6156.631107471623,bench_add_register_symbolic
70.28664,70.28816,0.0015199999999992997,6179.438219401703,bench_add_register_absolute
70.48842,70.48994,0.0015199999999992997,6193.994670171789,bench_add_register_absolute
70.6902,70.69172,0.0015199999999992997,6202.035229649183,bench_add_register_absolute
70.892,70.89352,0.0015199999999992997,6193.192228672813,bench_add_register_absolute
71.09378,71.0953,0.0015199999999992997,6182.953328823061,bench_add_register_absolute
71.29556,71.29708,0.0015199999999992997,6191.582037133602,bench_add_register_absolute
71.49734,71.49886,0.0015199999999992997,6193.674872626796,bench_add_register_absolute
71.69912,71.70064,0.0015200000000135105,6199.9287643091375,bench_add_register_absolute
71.90090000000001,71.90244,0.001539999999991437,6274.273041600273,bench_add_register_absolute
72.1027,72.10422,0.0015199999999992997,6191.856446672988,bench_add_register_absolute
72.30448,72.306,0.0015199999999992997,6188.681805503668,bench_add_register_absolute
72.50626,72.50778,0.0015199999999992997,6185.142043974994,bench_add_register_absolute
72.70806,72.70958,0.0015199999999992997,6192.170758728462,bench_add_register_absolute
72.90984,72.91136,0.0015199999999992997,6195.3209480240275,bench_add_register_absolute
73.11162,73.11314,0.0015199999999992997,6192.171433937146,bench_add_register_absolute
73.3134,73.31494,0.001540000000005648,6274.937810398122,bench_add_register_absolute
73.5152,73.51672,0.0015200000000135105,6192.473419996851,bench_add_register_absolute
73.71698,73.7185,0.0015199999999992997,6194.167761128654,bench_add_register_absolute
73.91876,73.92028,0.0015199999999992997,6192.150246348435,bench_add_register_absolute
74.12054,74.12208,0.001539999999991437,6267.926637048385,bench_add_register_absolute
74.32234,74.32386,0.0015199999999992997,6197.251961564021,bench_add_register_absolute
74.52412,74.52564,0.0015199999999992997,6188.021828417443,bench_add_register_absolute
74.7259,74.72744,0.001540000000005648,6267.718477197636,bench_add_register_absolute
74.9277,74.92922,0.0015199999999992997,6185.767967251142,bench_add_register_absolute
75.12948,75.131,0.0015199999999992997,6200.872124169896,bench_add_register_absolute
75.33126,75.3328,0.001540000000005648,6273.78020903473,bench_add_register_absolute
75.53306,75.53458,0.0015199999999992997,6192.297306840601,bench_add_register_absolute
75.73484,75.73638,0.001539999999991437,6272.233040036114,bench_add_register_absolute
75.93664,75.93816,0.0015199999999992997,6183.438426811965,bench_add_register_absolute
76.13842,76.13994,0.0015199999999992997,6189.523534846039,bench_add_register_absolute
76.34022,76.34174,0.0015199999999992997,6190.906437110551,bench_add_register_absolute
76.54202,76.54354,0.0015199999999992997,6178.24186104952,bench_add_register_absolute
76.7438,76.74532,0.0015200000000135105,6186.317978482134,bench_add_register_absolute
76.9456,76.94712,0.0015199999999992997,6197.414081541496,bench_add_register_absolute
77.14738,77.1489,0.0015199999999992997,6195.336394009145,bench_add_register_absolute
77.34918,77.3507,0.0015199999999992997,6191.586432975379,bench_add_register_absolute
77.55096,77.5525,0.001539999999991437,6272.742813418051,bench_add_register_absolute
77.75276,77.75428,0.0015199999999992997,6195.681388487359,bench_add_register_absolute
77.95456,77.95608,0.0015199999999992997,6208.098460917155,bench_add_register_absolute
78.15634,78.15788,0.001540000000005648,6280.685747065367,bench_add_register_absolute
78.35814,78.35966,0.0015199999999992997,6193.228061307821,bench_add_register_absolute
78.55992,78.56144,0.0015199999999992997,6195.853142996152,bench_add_register_absolute
78.7617,78.76322,0.0015199999999992997,6192.948427047656,bench_add_register_absolute
78.9635,78.96502,0.0015199999999992997,6191.2207864191205,bench_add_register_absolute
79.16528,79.1668,0.0015199999999992997,6185.753066090853,bench_add_register_absolute
79.36708,79.3686,0.0015199999999992997,6183.305205773998,bench_add_register_absolute
79.56886,79.57038,0.0015199999999992997,6184.1776734195255,bench_add_register_absolute
79.77066,79.77218,0.0015199999999992997,6191.224190403156,bench_add_register_absolute
79.97244,79.97396,0.0015199999999992997,6185.500104908641,bench_add_register_absolute
80.17422,80.17574,0.0015199999999992997,6182.492915537842,bench_add_register_absolute
80.376,80.37752,0.0015199999999992997,6187.944519329423,bench_add_register_absolute
80.5778,80.57932,0.0015199999999992997,6199.242272411024,bench_add_register_absolute
80.77958,80.7811,0.0015199999999992997,6197.115913962751,bench_add_register_absolute
80.98138,80.9829,0.0015199999999992997,6181.390434500434,bench_add_register_absolute
81.18316,81.18468,0.0015199999999992997,6193.854352456029,bench_add_register_absolute
81.38496,81.38648,0.0015199999999992997,6190.831586714547,bench_add_register_absolute
81.58674,81.58828,0.001539999999991437,6259.128549100964,bench_add_register_absolute
81.78854,81.79006,0.0015199999999992997,6174.8148268060395,bench_add_register_absolute
81.99034,81.99186,0.0015199999999992997,6194.585496557073,bench_add_register_absolute
82.19214,82.19366,0.0015199999999992997,6171.162612733538,bench_add_register_absolute
82.39394,82.39546,0.0015199999999992997,6193.108689037253,bench_add_register_absolute
82.59574,82.59726,0.0015199999999992997,6176.004046570934,bench_add_register_absolute
82.79754,82.79906,0.0015199999999992997,6179.579976011618,bench_add_register_absolute
82.99932,83.00086,0.001540000000005648,6270.172675164224,bench_add_register_absolute
83.20114,83.20266,0.0015199999999992997,6177.02687158864,bench_add_register_absolute
83.40292,83.40446,0.001540000000005648,6273.737237811587,bench_add_register_absolute
83.60472,83.60624,0.0015199999999992997,6195.7060266252165,bench_add_register_absolute
83.80652,83.80806,0.001539999999991437,6268.518515827576,bench_add_register_absolute
84.00832,84.00984,0.0015199999999992997,6182.450042103139,bench_add_register_absolute
84.21012,84.21164,0.0015199999999992997,6189.780975688493,bench_add_register_absolute
84.41192,84.41344,0.0015199999999992997,6186.403133904552,bench_add_register_absolute
84.6137,84.61522,0.0015199999999992997,6197.936977256235,bench_add_register_absolute
84.81548,84.817,0.0015199999999992997,6193.169341420643,bench_add_register_absolute
85.01728,85.0188,0.0015199999999992997,6187.435528260317,bench_add_register_absolute
85.21908,85.2206,0.0015199999999992997,6194.978919807707,bench_add_register_absolute
85.42088,85.4224,0.0015199999999992997,6182.824759741769,bench_add_register_absolute
85.62266,85.6242,0.001540000000005648,6266.264528990813,bench_add_register_absolute
85.82446,85.82598,0.0015199999999992997,6187.831033018043,bench_add_register_absolute
86.02626,86.02778,0.0015200000000135105,6196.954683456207,bench_add_register_absolute
86.22804,86.22958,0.001540000000005648,6264.909007610238,bench_add_register_absolute
86.42986,86.43138,0.0015199999999992997,6194.511232893756,bench_add_register_absolute
86.63164,86.63318,0.001539999999991437,6261.189696343615,bench_add_register_absolute
86.83344,86.83496,0.0015199999999992997,6196.951861491193,bench_add_register_absolute
87.03524,87.03676,0.0015199999999992997,6194.888837632327,bench_add_register_absolute
87.23704,87.23856,0.0015200000000135105,6195.8178598986815,bench_add_register_absolute
87.43884,87.44036,0.0015199999999992997,6194.885736328726,bench_add_register_absolute
87.64064,87.64216,0.0015199999999992997,6182.90327023379,bench_add_register_absolute
87.84244,87.84396,0.0015199999999992997,6190.748983059809,bench_add_register_absolute
88.04422,88.04574,0.0015199999999992997,6201.611827125392,bench_add_register_absolute
88.24602,88.24754,0.0015199999999992997,6184.038473289612,bench_add_register_absolute
88.44782,88.44934,0.0015200000000135105,6202.830588500596,bench_add_register_absolute
88.64962,88.65114,0.0015199999999992997,6190.00778998826,bench_add_register_absolute
88.8514,88.85292,0.0015199999999992997,6198.122589846016,bench_add_register_absolute
89.0532,89.05472,0.0015199999999992997,6189.759760160558,bench_add_register_absolute
89.255,89.25652,0.0015199999999992997,6193.39534546937,bench_add_register_absolute
89.45678,89.45832,0.001540000000005648,6274.66536595075,bench_add_register_absolute
89.65858,89.6601,0.0015199999999992997,6190.845756789222,bench_add_register_absolute
89.86038,89.8619,0.0015199999999992997,6187.626519236996,bench_add_register_absolute
90.06216,90.0637,0.001539999999991437,6272.627478429712,bench_add_register_absolute
90.26396,90.26548,0.0015199999999992997,6193.470205177686,bench_add_register_absolute
90.46576,90.46704,0.0012799999999941747,4639.029279328316,bench_add_immediate_register
90.6673,90.66858,0.0012800000000083855,4640.71008379976,bench_add_immediate_register
90.86886,90.87014,0.0012800000000083855,4641.974971194711,bench_add_immediate_register
91.0704,91.07168,0.0012799999999941747,4641.6560839620415,bench_add_immediate_register
91.27196,91.27324,0.0012799999999941747,4622.109080640335,bench_add_immediate_register
91.4735,91.47478,0.0012799999999941747,4639.639521460893,bench_add_immediate_register
91.67506,91.67632,0.0012600000000020373,4552.348521544636,bench_add_immediate_register
91.8766,91.87788,0.0012800000000083855,4649.054387150033,bench_add_immediate_register
92.07814,92.07942,0.0012799999999941747,4631.985928839073,bench_add_immediate_register
92.2797,92.28098,0.0012799999999941747,4638.820872617594,bench_add_immediate_register
92.48124,92.48252,0.0012799999999941747,4622.81076701173,bench_add_immediate_register
92.68278,92.68406,0.0012800000000083855,4634.761682280629,bench_add_immediate_register
92.88434,92.88562,0.0012800000000083855,4630.425691171258,bench_add_immediate_register
93.08588,93.08716,0.0012799999999941747,4619.786995439483,bench_add_immediate_register
93.28742,93.2887,0.0012800000000083855,4642.267371560494,bench_add_immediate_register
93.48898,93.49026,0.0012800000000083855,4637.652887062503,bench_add_immediate_register
93.69052,93.6918,0.0012799999999941747,4658.4832202401785,bench_add_immediate_register
93.89208,93.89336,0.0012799999999941747,4627.346855097917,bench_add_immediate_register
94.09362,94.0949,0.0012799999999941747,4646.63913005587,bench_add_immediate_register
94.29518,94.29646,0.0012799999999941747,4637.209873158213,bench_add_immediate_register
94.49672,94.498,0.0012800000000083855,4653.002053996653,bench_add_immediate_register
94.69828,94.69956,0.0012800000000083855,4634.649273970549,bench_add_immediate_register
94.89982,94.9011,0.0012799999999941747,4638.458129459724,bench_add_immediate_register
95.10138,95.10266,0.0012799999999941747,4635.516013925809,bench_add_immediate_register
95.30292,95.3042,0.0012799999999941747,4651.071764508406,bench_add_immediate_register
95.50448,95.50576,0.0012799999999941747,4626.330302539994,bench_add_immediate_register
95.70602,95.7073,0.0012800000000083855,4636.713969553597,bench_add_immediate_register
95.90758,95.90886,0.0012800000000083855,4640.807868013246,bench_add_immediate_register
96.10914,96.11042,0.0012800000000083855,4648.701788423882,bench_add_immediate_register
96.3107,96.31196,0.0012600000000020373,4543.438602713166,bench_add_immediate_register
96.51224,96.51352,0.0012799999999941747,4634.120003295669,bench_add_immediate_register
96.71378,96.71506,0.0012799999999941747,4655.071147697151,bench_add_immediate_register
96.91534,96.91662,0.0012799999999941747,4629.2455890008105,bench_add_immediate_register
97.11688,97.11816,0.0012800000000083855,4621.820952775912,bench_add_immediate_register
97.31844,97.3197,0.0012600000000020373,4564.856919469993,bench_add_immediate_register
97.51998,97.52126,0.0012799999999941747,4654.734248737493,bench_add_immediate_register
97.72154,97.7228,0.0012600000000020373,4542.686785575655,bench_add_immediate_register
97.92308,97.92436,0.0012799999999941747,4637.862169164341,bench_add_immediate_register
98.12464,98.1259,0.0012600000000020373,4579.940156553386,bench_add_immediate_register
98.32618,98.32746,0.0012800000000083855,4632.537066970733,bench_add_immediate_register
98.52774,98.52902,0.0012800000000083855,4631.36244335792,bench_add_immediate_register
98.72928,98.73056,0.0012799999999941747,4637.63562028756,bench_add_immediate_register
98.93084,98.9321,0.0012600000000020373,4560.4117075034,bench_add_immediate_register
99.13238,99.13366,0.0012800000000083855,4637.25970828316,bench_add_immediate_register
99.33392,99.3352,0.0012799999999941747,4640.913570740634,bench_add_immediate_register
99.53548,99.53676,0.0012799999999941747,4632.963873421826,bench_add_immediate_register
99.73704,99.7383,0.0012600000000020373,4576.985610194723,bench_add_immediate_register
99.93858,99.93986,0.0012799999999941747,4642.293476477362,bench_add_immediate_register
100.14012,100.1414,0.0012800000000083855,4641.246572168371,bench_add_immediate_register
100.34168,100.34296,0.0012800000000083855,4639.472812445464,bench_add_immediate_register
100.54324,100.5445,0.0012600000000020373,4554.217995619002,bench_add_immediate_register
100.74478,100.74606,0.0012799999999941747,4632.861900584873,bench_add_immediate_register
100.94632,100.9476,0.0012799999999941747,4634.913217721904,bench_add_immediate_register
101.14786,101.14914,0.0012800000000083855,4636.794566210398,bench_add_immediate_register
101.3494,101.35068,0.0012799999999941747,4637.854949082124,bench_add_immediate_register
101.55094,101.5522,0.0012600000000020373,4563.52938200308,bench_add_immediate_register
101.75248,101.75376,0.0012799999999941747,4625.933160981306,bench_add_immediate_register
101.95402,101.95528,0.0012600000000020373,4563.980898828093,bench_add_immediate_register
102.15556,102.15684,0.0012800000000083855,4646.661027834128,bench_add_immediate_register
102.3571,102.35838,0.0012799999999941747,4637.082458916079,bench_add_immediate_register
102.55864,102.55992,0.0012800000000083855,4648.244811719721,bench_add_immediate_register
102.7602,102.76146,0.0012600000000020373,4552.724056419988,bench_add_immediate_register
102.96174,102.96302,0.0012799999999941747,4632.256075250258,bench_add_immediate_register
103.16328,103.16456,0.0012799999999941747,4639.771922936777,bench_add_immediate_register
103.36482,103.3661,0.0012800000000083855,4642.757244905785,bench_add_immediate_register
103.56636,103.56764,0.0012799999999941747,4639.123703795731,bench_add_immediate_register
103.76792,103.76918,0.0012600000000020373,4554.413761949166,bench_add_immediate_register
103.96946,103.97074,0.0012800000000083855,4633.60720317189,bench_add_immediate_register
104.171,104.17228,0.0012799999999941747,4646.906775863893,bench_add_immediate_register
104.37256,104.37384,0.0012800000000083855,4626.81252047112,bench_add_immediate_register
104.5741,104.57538,0.0012799999999941747,4633.132314752794,bench_add_immediate_register
104.77564,104.77692,0.0012800000000083855,4624.1509472350035,bench_add_immediate_register
104.97718,104.97846,0.0012799999999941747,4661.873672133634,bench_add_immediate_register
105.17872,105.18,0.0012800000000083855,4649.356470940187,bench_add_immediate_register
105.38026,105.38154,0.0012799999999941747,4633.804161542633,bench_add_immediate_register
105.5818,105.58308,0.0012799999999941747,4627.705996368498,bench_add_immediate_register
105.78334,105.78462,0.0012800000000083855,4659.74911119281,bench_add_immediate_register
105.9849,105.98616,0.0012600000000020373,4559.160177604002,bench_add_immediate_register
106.18642,106.1877,0.0012800000000083855,4635.988588010184,bench_add_immediate_register
106.38798,106.38926,0.0012799999999941747,4651.62837410256,bench_add_immediate_register
106.58952,106.5908,0.0012800000000083855,4646.021144032933,bench_add_immediate_register
106.79108,106.79234,0.0012600000000020373,4541.838420565811,bench_add_immediate_register
106.99262,106.9939,0.0012799999999941747,4626.2379269815165,bench_add_immediate_register
107.19416,107.19544,0.0012800000000083855,4656.111535182289,bench_add_immediate_register
107.39572,107.397,0.0012800000000083855,4654.093729363319,bench_add_immediate_register
107.59726,107.59854,0.0012799999999941747,4626.569014484138,bench_add_immediate_register
107.79882,107.80008,0.0012599999999878264,4567.900295322458,bench_add_immediate_register
108.00036,108.00164,0.0012799999999941747,4644.108710324486,bench_add_immediate_register
108.20192,108.2032,0.0012799999999941747,4637.850490376463,bench_add_immediate_register
108.40346,108.40474,0.0012800000000083855,4641.092317210728,bench_add_immediate_register
108.60502,108.6063,0.0012800000000083855,4638.409900976595,bench_add_immediate_register
108.80658,108.80784,0.0012600000000020373,4557.285234340935,bench_add_immediate_register
109.00812,109.0094,0.0012799999999941747,4638.706331583021,bench_add_immediate_register
109.20968,109.21096,0.0012799999999941747,4623.148876684043,bench_add_immediate_register
109.41122,109.4125,0.0012799999999941747,4636.150815038184,bench_add_immediate_register
109.61276,109.61404,0.0012800000000083855,4641.61997198605,bench_add_immediate_register
109.8143,109.81558,0.0012799999999941747,4645.560989133287,bench_add_immediate_register
110.01586,110.01714,0.0012799999999941747,4621.857458236646,bench_add_immediate_register
110.2174,110.21868,0.0012800000000083855,4626.811011725931,bench_add_immediate_register
110.41894,110.42022,0.0012799999999941747,4636.155310993911,bench_add_immediate_register
110.6205,110.6226,0.0020999999999986585,8365.576672361683,bench_add_immediate_indexed
110.82286,110.82496,0.0020999999999986585,8373.95590263671,bench_add_immediate_indexed
111.02524,111.02734,0.0020999999999986585,8380.922810168922,bench_add_immediate_indexed
111.2276,111.2297,0.0020999999999986585,8376.511959354473,bench_add_immediate_indexed
111.42998,111.43208,0.0020999999999986585,8372.296630399745,bench_add_immediate_indexed
111.63234,111.63444,0.0020999999999986585,8371.69335688842,bench_add_immediate_indexed
111.83472,111.83682,0.0020999999999986585,8362.23562713072,bench_add_immediate_indexed
112.03708,112.03918,0.0020999999999986585,8373.100771562149,bench_add_immediate_indexed
112.23946,112.24156,0.0021000000000128694,8364.958250947995,bench_add_immediate_indexed
112.44184,112.44394,0.0020999999999986585,8375.102006825357,bench_add_immediate_indexed
112.6442,112.6463,0.0020999999999986585,8377.375025296638,bench_add_immediate_indexed
112.84656,112.84866,0.0020999999999986585,8376.093790861318,bench_add_immediate_indexed
113.04894,113.05104,0.0020999999999986585,8361.348961474272,bench_add_immediate_indexed
113.2513,113.2534,0.0020999999999986585,8352.524284268235,bench_add_immediate_indexed
113.45368,113.45578,0.0020999999999986585,8378.319814794859,bench_add_immediate_indexed
113.65606,113.65816,0.0020999999999986585,8387.976689259156,bench_add_immediate_indexed
113.85842,113.86052,0.0020999999999986585,8369.992505754659,bench_add_immediate_indexed
114.0608,114.0629,0.0020999999999986585,8399.221110152532,bench_add_immediate_indexed
114.26318,114.26528,0.0020999999999986585,8377.450727850945,bench_add_immediate_indexed
114.46554,114.46764,0.0020999999999986585,8371.236585074072,bench_add_immediate_indexed
114.6679,114.67,0.0020999999999986585,8385.166423389122,bench_add_immediate_indexed
114.87026,114.87236,0.0020999999999986585,8373.693842434855,bench_add_immediate_indexed
115.07262,115.07472,0.0020999999999986585,8377.987458365445,bench_add_immediate_indexed
115.275,115.2771,0.0020999999999986585,8388.322615057947,bench_add_immediate_indexed
115.47736,115.47946,0.0020999999999986585,8385.09229011196,bench_add_immediate_indexed
115.67972,115.68182,0.0020999999999986585,8375.886203714932,bench_add_immediate_indexed
115.88208,115.88418,0.0020999999999986585,8371.749003412137,bench_add_immediate_indexed
116.08444,116.08654,0.0020999999999986585,8373.850202182266,bench_add_immediate_indexed
116.28682,116.2889,0.0020799999999923102,8286.283672756192,bench_add_immediate_indexed
116.48918,116.49128,0.0020999999999986585,8381.87708984436,bench_add_immediate_indexed
116.69154,116.69364,0.0020999999999986585,8367.175827728399,bench_add_immediate_indexed
116.89392,116.89602,0.0020999999999986585,8371.477485630214,bench_add_immediate_indexed
117.0963,117.0984,0.0020999999999986585,8362.15620394322,bench_add_immediate_indexed
117.29866,117.30076,0.0020999999999986585,8390.561616974692,bench_add_immediate_indexed
117.50102,117.50312,0.0020999999999986585,8386.950097042078,bench_add_immediate_indexed
117.7034,117.7055,0.0020999999999986585,8382.274443277227,bench_add_immediate_indexed
117.90578,117.90786,0.002080000000006521,8283.771039013542,bench_add_immediate_indexed
118.10814,118.11024,0.0020999999999986585,8377.405176863784,bench_add_immediate_indexed
118.31052,118.31262,0.0020999999999986585,8369.367141271354,bench_add_immediate_indexed
118.5129,118.515,0.0020999999999986585,8374.763410532736,bench_add_immediate_indexed
118.71526,118.71736,0.0020999999999986585,8376.24370119987,bench_add_immediate_indexed
118.91764,118.91974,0.0020999999999986585,8374.177156941707,bench_add_immediate_indexed
119.12002,119.1221,0.002080000000006521,8284.703260314127,bench_add_immediate_indexed
119.32238,119.32448,0.0020999999999986585,8373.586190859964,bench_add_immediate_indexed
119.52474,119.52684,0.0021000000000128694,8362.708408438542,bench_add_immediate_indexed
119.72712,119.72922,0.0020999999999986585,8364.189430134671,bench_add_immediate_indexed
119.92948,119.93158,0.0020999999999986585,8377.519790078139,bench_add_immediate_indexed
120.13186,120.13396,0.0020999999999986585,8368.137381033835,bench_add_immediate_indexed
120.33422,120.33632,0.0020999999999986585,8363.237879232993,bench_add_immediate_indexed
120.5366,120.5387,0.0020999999999986585,8368.081590154266,bench_add_immediate_indexed
120.73896,120.74106,0.0020999999999986585,8378.884573460387,bench_add_immediate_indexed
120.94134,120.94344,0.0020999999999986585,8360.615498381158,bench_add_immediate_indexed
121.1437,121.1458,0.0020999999999986585,8371.444600629386,bench_add_immediate_indexed
121.34606,121.34816,0.0020999999999986585,8363.954280499016,bench_add_immediate_indexed
121.54844,121.55054,0.0020999999999986585,8394.570187660438,bench_add_immediate_indexed
121.7508,121.7529,0.0020999999999986585,8381.523550482516,bench_add_immediate_indexed
121.95318,121.95528,0.0020999999999986585,8379.11997455567,bench_add_immediate_indexed
122.15554,122.15764,0.0020999999999986585,8365.546073758978,bench_add_immediate_indexed
122.35792,122.36002,0.0021000000000128694,8388.309977069504,bench_add_immediate_indexed
122.56028,122.56238,0.0020999999999986585,8356.07923101023,bench_add_immediate_indexed
122.76264,122.76474,0.0020999999999986585,8368.891924613139,bench_add_immediate_indexed
122.965,122.9671,0.0020999999999986585,8377.715833479288,bench_add_immediate_indexed
123.16738,123.16948,0.0020999999999986585,8374.543818640717,bench_add_immediate_indexed
123.36976,123.37186,0.0020999999999986585,8371.916539030814,bench_add_immediate_indexed
123.57212,123.57422,0.0020999999999986585,8380.021476182188,bench_add_immediate_indexed
123.7745,123.7766,0.0020999999999986585,8369.41528133447,bench_add_immediate_indexed
123.97688,123.97896,0.002080000000006521,8280.037324901874,bench_add_immediate_indexed
124.17924,124.18134,0.0021000000000128694,8361.175418883475,bench_add_immediate_indexed
124.3816,124.3837,0.0020999999999986585,8366.885846473016,bench_add_immediate_indexed
124.58398,124.58608,0.0020999999999986585,8369.039329694911,bench_add_immediate_indexed
124.78634,124.78844,0.0020999999999986585,8373.90357628031,bench_add_immediate_indexed
124.9887,124.9908,0.0020999999999986585,8361.02241184168,bench_add_immediate_indexed
125.19106,125.19316,0.0021000000000128694,8362.052505888212,bench_add_immediate_indexed
125.39344,125.39554,0.0020999999999986585,8378.086229781517,bench_add_immediate_indexed
125.5958,125.5979,0.0020999999999986585,8371.464549558586,bench_add_immediate_indexed
125.79816,125.80026,0.0020999999999986585,8367.89487394927,bench_add_immediate_indexed
126.00052,126.00262,0.0020999999999986585,8367.390888737733,bench_add_immediate_indexed
126.20288,126.20498,0.0021000000000128694,8375.729657761707,bench_add_immediate_indexed
126.40526,126.40734,0.002080000000006521,8293.095161233552,bench_add_immediate_indexed
126.60762,126.60972,0.0020999999999986585,8365.014516744095,bench_add_immediate_indexed
126.80998,126.81208,0.0020999999999986585,8371.227970341612,bench_add_immediate_indexed
127.01234,127.01444,0.0020999999999986585,8372.1141517112,bench_add_immediate_indexed
127.21472,127.21682,0.0020999999999986585,8381.38259015486,bench_add_immediate_indexed
127.41708,127.41918,0.0020999999999986585,8398.121981876484,bench_add_immediate_indexed
127.61944,127.62154,0.0020999999999986585,8374.208374875412,bench_add_immediate_indexed
127.82182,127.82392,0.0020999999999986585,8384.245359332852,bench_add_immediate_indexed
128.02418,128.02628,0.0021000000000128694,8381.894812971124,bench_add_immediate_indexed
128.22654,128.22864,0.0021000000000128694,8379.625012219589,bench_add_immediate_indexed
128.4289,128.431,0.0021000000000128694,8364.870310812663,bench_add_immediate_indexed
128.63126,128.63336,0.0021000000000128694,8379.140333325313,bench_add_immediate_indexed
128.83364,128.83574,0.0020999999999844476,8371.70172010836,bench_add_immediate_indexed
129.036,129.0381,0.0020999999999844476,8377.882842845842,bench_add_immediate_indexed
129.23836,129.24046,0.0021000000000128694,8379.674861259351,bench_add_immediate_indexed
129.44074,129.44282,0.002080000000006521,8297.59902788978,bench_add_immediate_indexed
129.6431,129.6452,0.0020999999999844476,8377.982512985653,bench_add_immediate_indexed
129.84546,129.84756,0.0020999999999844476,8365.14373769134,bench_add_immediate_indexed
130.04784,130.04994,0.0020999999999844476,8368.659284832496,bench_add_immediate_indexed
130.2502,130.2523,0.0020999999999844476,8379.65325911623,bench_add_immediate_indexed
130.45258,130.45468,0.0020999999999844476,8376.771639968325,bench_add_immediate_indexed
130.65496,130.65706,0.0021000000000128694,8374.462039261662,bench_add_immediate_indexed
130.85732,130.8594,0.002080000000006521,8359.577045803235,bench_add_immediate_symbolic
131.05966,131.06174,0.0020799999999780994,8345.63941685704,bench_add_immediate_symbolic
131.26202,131.2641,0.002080000000006521,8353.725182847502,bench_add_immediate_symbolic
131.46436,131.46644,0.002080000000006521,8362.9495511103,bench_add_immediate_symbolic
131.66672,131.6688,0.002080000000006521,8354.292418835068,bench_add_immediate_symbolic
131.86906,131.87114,0.002080000000006521,8343.59622097518,bench_add_immediate_symbolic
132.07142,132.07348,0.002060000000000173,8271.89746312965,bench_add_immediate_symbolic
132.27376,132.27584,0.0020799999999780994,8355.79106575096,bench_add_immediate_symbolic
132.4761,132.47818,0.002080000000006521,8358.19930772354,bench_add_immediate_symbolic
132.67844,132.68052,0.002080000000006521,8346.648579490578,bench_add_immediate_symbolic
132.8808,132.88288,0.002080000000006521,8357.137129669109,bench_add_immediate_symbolic
133.08314,133.08522,0.002080000000006521,8358.185221466607,bench_add_immediate_symbolic
133.28548,133.28756,0.002080000000006521,8342.00982472589,bench_add_immediate_symbolic
133.48782,133.4899,0.002080000000006521,8334.366846856687,bench_add_immediate_symbolic
133.69016,133.69224,0.002080000000006521,8350.357394693723,bench_add_immediate_symbolic
133.8925,133.89458,0.0020799999999780994,8343.999823465107,bench_add_immediate_symbolic
134.09484,134.09692,0.002080000000006521,8352.745240578803,bench_add_immediate_symbolic
134.29718,134.29926,0.002080000000006521,8351.303669649524,bench_add_immediate_symbolic
134.49952,134.50158,0.002060000000000173,8268.395429478884,bench_add_immediate_symbolic
134.70184,134.70392,0.002080000000006521,8362.29543204255,bench_add_immediate_symbolic
134.90418,134.90626,0.002080000000006521,8343.180213148882,bench_add_immediate_symbolic
135.10652,135.1086,0.002080000000006521,8361.804410841789,bench_add_immediate_symbolic
135.30886,135.31094,0.0020799999999780994,8357.36537808777,bench_add_immediate_symbolic
135.5112,135.51328,0.002080000000006521,8350.34621416204,bench_add_immediate_symbolic
135.71354,135.71562,0.002080000000006521,8358.946465914092,bench_add_immediate_symbolic
135.91588,135.91796,0.002080000000006521,8352.911281428585,bench_add_immediate_symbolic
136.11822,136.1203,0.0020799999999780994,8362.095020621166,bench_add_immediate_symbolic
136.32056,136.32264,0.002080000000006521,8353.737173628493,bench_add_immediate_symbolic
136.5229,136.52496,0.002060000000000173,8291.236879305361,bench_add_immediate_symbolic
136.72522,136.7273,0.002080000000006521,8362.233075339298,bench_add_immediate_symbolic
136.92756,136.92964,0.002080000000006521,8350.161463049453,bench_add_immediate_symbolic
137.1299,137.13198,0.002080000000006521,8353.319247279134,bench_add_immediate_symbolic
137.33224,137.33432,0.0020799999999780994,8361.440468488838,bench_add_immediate_symbolic
137.53458,137.53666,0.002080000000006521,8347.80898879116,bench_add_immediate_symbolic
137.73692,137.739,0.002080000000006521,8359.050676253717,bench_add_immediate_symbolic
137.93926,137.94134,0.002080000000006521,8345.05243695294,bench_add_immediate_symbolic
138.14158,138.14366,0.002080000000006521,8350.570974898063,bench_add_immediate_symbolic
138.34392,138.346,0.002080000000006521,8360.991566468303,bench_add_immediate_symbolic
138.54626,138.54834,0.002080000000006521,8347.765672978781,bench_add_immediate_symbolic
138.74858,138.75066,0.002080000000006521,8348.317812222806,bench_add_immediate_symbolic
138.95092,138.953,0.002080000000006521,8361.344137255577,bench_add_immediate_symbolic
139.15326,139.15534,0.002080000000006521,8366.373921772425,bench_add_immediate_symbolic
139.3556,139.35768,0.0020799999999780994,8359.239408656713,bench_add_immediate_symbolic
139.55794,139.56002,0.002080000000006521,8363.738046054152,bench_add_immediate_symbolic
139.76028,139.76236,0.002080000000006521,8364.40859830987,bench_add_immediate_symbolic
139.96264,139.9647,0.002060000000000173,8268.15365813805,bench_add_immediate_symbolic
140.16498,140.16706,0.0020799999999780994,8362.320433281913,bench_add_immediate_symbolic
140.36732,140.3694,0.002080000000006521,8360.56899281876,bench_add_immediate_symbolic
140.56966,140.57174,0.002080000000006521,8368.956763322212,bench_add_immediate_symbolic
140.772,140.77408,0.002080000000006521,8352.095405597627,bench_add_immediate_symbolic
140.97436,140.97642,0.002060000000000173,8271.375540644662,bench_add_immediate_symbolic
141.17668,141.17876,0.002080000000006521,8360.543721379878,bench_add_immediate_symbolic
141.37902,141.3811,0.002080000000006521,8358.64444265893,bench_add_immediate_symbolic
141.58138,141.58344,0.002060000000000173,8280.710028484355,bench_add_immediate_symbolic
141.78372,141.78578,0.002060000000000173,8272.019834259941,bench_add_immediate_symbolic
141.98604,141.98812,0.002080000000006521,8374.236775587618,bench_add_immediate_symbolic
142.18838,142.19046,0.002080000000006521,8362.556509701146,bench_add_immediate_symbolic
142.39072,142.3928,0.002080000000006521,8351.374361691336,bench_add_immediate_symbolic
142.59306,142.59514,0.0020799999999780994,8354.327739126176,bench_add_immediate_symbolic
142.7954,142.79748,0.002080000000006521,8365.307585362416,bench_add_immediate_symbolic
142.99774,142.99982,0.002080000000006521,8379.818536369437,bench_add_immediate_symbolic
143.20008,143.20216,0.0020799999999780994,8364.364514035557,bench_add_immediate_symbolic
143.40242,143.4045,0.002080000000006521,8368.343501377318,bench_add_immediate_symbolic
143.60476,143.60684,0.002080000000006521,8348.89178632637,bench_add_immediate_symbolic
143.8071,143.80918,0.002080000000006521,8354.041851155287,bench_add_immediate_symbolic
144.00944,144.01152,0.0020799999999780994,8352.079731320742,bench_add_immediate_symbolic
144.21178,144.21386,0.002080000000006521,8349.322839665392,bench_add_immediate_symbolic
144.41412,144.4162,0.002080000000006521,8361.542676601963,bench_add_immediate_symbolic
144.61646,144.61854,0.002080000000006521,8351.822234717058,bench_add_immediate_symbolic
144.8188,144.82088,0.0020799999999780994,8343.217675484257,bench_add_immediate_symbolic
145.02114,145.02322,0.002080000000006521,8354.229452113643,bench_add_immediate_symbolic
145.22348,145.22556,0.002080000000006521,8345.566042725934,bench_add_immediate_symbolic
145.42582,145.4279,0.002080000000006521,8374.136653755444,bench_add_immediate_symbolic
145.62816,145.63024,0.0020799999999780994,8361.964975392859,bench_add_immediate_symbolic
145.8305,145.83258,0.002080000000006521,8355.286335598657,bench_add_immediate_symbolic
146.03284,146.03492,0.002080000000006521,8350.752806316603,bench_add_immediate_symbolic
146.23518,146.23726,0.0020799999999780994,8354.744119478462,bench_add_immediate_symbolic
146.43752,146.4396,0.002080000000006521,8357.453909729466,bench_add_immediate_symbolic
146.63986,146.64194,0.002080000000006521,8356.298189636374,bench_add_immediate_symbolic
146.84222,146.84428,0.002060000000000173,8264.320893216063,bench_add_immediate_symbolic
147.04456,147.04662,0.002060000000000173,8279.142323884085,bench_add_immediate_symbolic
147.2469,147.24896,0.002060000000000173,8269.724277778503,bench_add_immediate_symbolic
147.44922,147.4513,0.002080000000006521,8364.600036320982,bench_add_immediate_symbolic
147.65156,147.65364,0.002080000000006521,8349.078008933422,bench_add_immediate_symbolic
147.85392,147.85598,0.002060000000000173,8266.741819681538,bench_add_immediate_symbolic
148.05626,148.05834,0.0020799999999780994,8359.345123083127,bench_add_immediate_symbolic
148.2586,148.26068,0.002080000000006521,8356.367689583221,bench_add_immediate_symbolic
148.46094,148.46302,0.002080000000006521,8356.2461287059,bench_add_immediate_symbolic
148.6633,148.66536,0.002060000000000173,8281.815764495534,bench_add_immediate_symbolic
148.86564,148.86772,0.0020799999999780994,8369.179633354863,bench_add_immediate_symbolic
149.06798,149.07006,0.002080000000006521,8357.930569936329,bench_add_immediate_symbolic
149.27032,149.2724,0.002080000000006521,8347.1316844488,bench_add_immediate_symbolic
149.47268,149.47476,0.002080000000006521,8372.27353363244,bench_add_immediate_symbolic
149.67502,149.6771,0.002080000000006521,8375.5272720289,bench_add_immediate_symbolic
149.87738,149.87944,0.002060000000000173,8279.290404173165,bench_add_immediate_symbolic
150.07972,150.0818,0.0020799999999780994,8355.999253600614,bench_add_immediate_symbolic
150.28206,150.28414,0.002080000000006521,8359.092702183201,bench_add_immediate_symbolic
150.48442,150.48648,0.002060000000000173,8294.63306348972,bench_add_immediate_symbolic
150.68676,150.68884,0.002080000000006521,8368.774103027798,bench_add_immediate_symbolic
150.88912,150.89118,0.002060000000000173,8290.133331905168,bench_add_immediate_symbolic
151.09146,151.09356,0.0020999999999844476,8366.372813404801,bench_add_immediate_absolute
151.29382,151.29592,0.0020999999999844476,8366.697542305914,bench_add_immediate_absolute
151.4962,151.49828,0.002080000000006521,8278.39408538365,bench_add_immediate_absolute
151.69856,151.70066,0.0021000000000128694,8388.384147600686,bench_add_immediate_absolute
151.90092,151.90302,0.0020999999999844476,8365.990603277227,bench_add_immediate_absolute
152.1033,152.10538,0.002080000000006521,8283.005422007782,bench_add_immediate_absolute
152.30566,152.30776,0.0021000000000128694,8372.499137237206,bench_add_immediate_absolute
152.50802,152.51012,0.0021000000000128694,8378.693000466816,bench_add_immediate_absolute
152.7104,152.71248,0.002080000000006521,8303.22360156916,bench_add_immediate_absolute
152.91276,152.91484,0.002080000000006521,8293.758006793632,bench_add_immediate_absolute
153.11512,153.1172,0.002080000000006521,8288.678652633414,bench_add_immediate_absolute
153.31748,153.31958,0.0021000000000128694,8369.666170381179,bench_add_immediate_absolute
153.51984,153.52194,0.0021000000000128694,8368.82640147308,bench_add_immediate_absolute
153.72222,153.7243,0.002080000000006521,8298.276476589454,bench_add_immediate_absolute
153.92458,153.92668,0.0021000000000128694,8365.803449467421,bench_add_immediate_absolute
154.12694,154.12904,0.0021000000000128694,8373.319855943942,bench_add_immediate_absolute
154.32932,154.3314,0.002080000000006521,8282.679705907576,bench_add_immediate_absolute
154.53168,154.53376,0.002080000000006521,8306.092596640223,bench_add_immediate_absolute
154.73404,154.73612,0.002080000000006521,8291.941969681402,bench_add_immediate_absolute
154.9364,154.9385,0.0021000000000128694,8372.518597223365,bench_add_immediate_absolute
155.13876,155.14084,0.002080000000006521,8293.980043411235,bench_add_immediate_absolute
155.34112,155.3432,0.002080000000006521,8288.31219582729,bench_add_immediate_absolute
155.54348,155.54556,0.002080000000006521,8294.563218978756,bench_add_immediate_absolute
155.74584,155.74792,0.002080000000006521,8297.08257692934,bench_add_immediate_absolute
155.9482,155.9503,0.0020999999999844476,8362.681390653534,bench_add_immediate_absolute
156.15056,156.15266,0.0020999999999844476,8369.799395959393,bench_add_immediate_absolute
156.35292,156.35502,0.0020999999999844476,8380.840644177262,bench_add_immediate_absolute
156.55528,156.55738,0.0020999999999844476,8368.956078710473,bench_add_immediate_absolute
156.75766,156.75974,0.002080000000006521,8286.645594081458,bench_add_immediate_absolute
156.96002,156.9621,0.002080000000006521,8287.749560577724,bench_add_immediate_absolute
157.16238,157.16446,0.0020799999999780994,8300.03139553855,bench_add_immediate_absolute
157.36472,157.36682,0.0020999999999844476,8380.267284746293,bench_add_immediate_absolute
157.56708,157.56918,0.0020999999999844476,8383.42021213102,bench_add_immediate_absolute
157.76944,157.77154,0.0020999999999844476,8372.500380438549,bench_add_immediate_absolute
157.9718,157.9739,0.0020999999999844476,8374.077547279503,bench_add_immediate_absolute
158.17416,158.17626,0.0021000000000128694,8377.776965550125,bench_add_immediate_absolute
158.37652,158.3786,0.002080000000006521,8288.017422919318,bench_add_immediate_absolute
158.57888,158.58096,0.002080000000006521,8299.687891293413,bench_add_immediate_absolute
158.78124,158.78332,0.002080000000006521,8293.543364878973,bench_add_immediate_absolute
158.9836,158.98568,0.002080000000006521,8286.826629217328,bench_add_immediate_absolute
159.18596,159.18804,0.002080000000006521,8295.487477471,bench_add_immediate_absolute
159.38832,159.3904,0.002080000000006521,8306.049588164364,bench_add_immediate_absolute
159.59066,159.59276,0.0020999999999844476,8374.581928301079,bench_add_immediate_absolute
159.79302,159.7951,0.0020799999999780994,8294.74595832035,bench_add_immediate_absolute
159.99536,159.99746,0.0020999999999844476,8368.73007466321,bench_add_immediate_absolute
160.19772,160.19982,0.0020999999999844476,8380.558076252497,bench_add_immediate_absolute
160.40008,160.40218,0.0020999999999844476,8375.979005297302,bench_add_immediate_absolute
160.60244,160.60454,0.0020999999999844476,8372.759730491653,bench_add_immediate_absolute
160.8048,160.8069,0.0021000000000128694,8366.485489584707,bench_add_immediate_absolute
161.00716,161.00926,0.0021000000000128694,8380.28815580092,bench_add_immediate_absolute
161.20952,161.21162,0.0021000000000128694,8380.144266463765,bench_add_immediate_absolute
161.41188,161.41396,0.002080000000006521,8299.1418242715,bench_add_immediate_absolute
161.61424,161.61634,0.0021000000000128694,8376.333816028047,bench_add_immediate_absolute
161.8166,161.81868,0.002080000000006521,8295.32031903934,bench_add_immediate_absolute
162.01896,162.02106,0.0021000000000128694,8363.12500765139,bench_add_immediate_absolute
162.22132,162.22342,0.0021000000000128694,8355.257376150406,bench_add_immediate_absolute
162.42368,162.42578,0.0021000000000128694,8376.868278771173,bench_add_immediate_absolute
162.62604,162.62814,0.0021000000000128694,8371.590497024827,bench_add_immediate_absolute
162.8284,162.8305,0.0021000000000128694,8379.68765297742,bench_add_immediate_absolute
163.03078,163.03286,0.002080000000006521,8287.741602426695,bench_add_immediate_absolute
163.23314,163.23522,0.002080000000006521,8292.382219834879,bench_add_immediate_absolute
163.4355,163.43758,0.002080000000006521,8279.213393134127,bench_add_immediate_absolute
163.63786,163.63994,0.002080000000006521,8296.445827026617,bench_add_immediate_absolute
163.8402,163.8423,0.0020999999999844476,8371.446467872014,bench_add_immediate_absolute
164.04258,164.04466,0.002080000000006521,8299.079341840941,bench_add_immediate_absolute
164.24494,164.24702,0.0020799999999780994,8286.487315692351,bench_add_immediate_absolute
164.4473,164.44938,0.0020799999999780994,8302.01080525677,bench_add_immediate_absolute
164.64966,164.65174,0.0020799999999780994,8288.229354566845,bench_add_immediate_absolute
164.85202,164.8541,0.0020799999999780994,8295.306493439306,bench_add_immediate_absolute
165.05438,165.05646,0.0020799999999780994,8292.869706548621,bench_add_immediate_absolute
165.25674,165.25884,0.0020999999999844476,8365.933136020327,bench_add_immediate_absolute
165.4591,165.4612,0.0020999999999844476,8376.287999498452,bench_add_immediate_absolute
165.66146,165.66356,0.0020999999999844476,8369.12218475144,bench_add_immediate_absolute
165.86382,165.86592,0.0020999999999844476,8376.698079455564,bench_add_immediate_absolute
166.0662,166.06828,0.0020799999999780994,8305.66820213945,bench_add_immediate_absolute
166.26856,166.27064,0.0020799999999780994,8297.589160412852,bench_add_immediate_absolute
166.4709,166.473,0.0021000000000128694,8372.278264773997,bench_add_immediate_absolute
166.67328,166.67536,0.002080000000006521,8291.855054002628,bench_add_immediate_absolute
166.87564,166.87772,0.002080000000006521,8295.567710910045,bench_add_immediate_absolute
167.078,167.0801,0.0020999999999844476,8385.681281734902,bench_add_immediate_absolute
167.28036,167.28246,0.0020999999999844476,8365.19113269854,bench_add_immediate_absolute
167.48274,167.48482,0.002080000000006521,8292.192183460536,bench_add_immediate_absolute
167.6851,167.6872,0.0020999999999844476,8378.792433005689,bench_add_immediate_absolute
167.88746,167.88956,0.0020999999999844476,8377.143829066446,bench_add_immediate_absolute
168.08984,168.09192,0.0020799999999780994,8276.785598048033,bench_add_immediate_absolute
168.2922,168.2943,0.0020999999999844476,8379.714460979227,bench_add_immediate_absolute
168.49456,168.49666,0.0020999999999844476,8372.565098043357,bench_add_immediate_absolute
168.69694,168.69902,0.0020799999999780994,8292.97156064032,bench_add_immediate_absolute
168.8993,168.9014,0.0020999999999844476,8361.564017767516,bench_add_immediate_absolute
169.10166,169.10376,0.0020999999999844476,8374.719321661349,bench_add_immediate_absolute
169.30404,169.30614,0.0021000000000128694,8375.03275839306,bench_add_immediate_absolute
169.5064,169.5085,0.0020999999999844476,8379.823486254752,bench_add_immediate_absolute
169.70876,169.71086,0.0020999999999844476,8380.65322947713,bench_add_immediate_absolute
169.91112,169.91322,0.0020999999999844476,8394.111427412916,bench_add_immediate_absolute
170.1135,170.11558,0.002080000000006521,8294.028965783498,bench_add_immediate_absolute
170.31586,170.31796,0.0021000000000128694,8389.645023325013,bench_add_immediate_absolute
170.51822,170.52032,0.0020999999999844476,8375.493301945351,bench_add_immediate_absolute
170.72058,170.72268,0.0020999999999844476,8374.223420331977,bench_add_immediate_absolute
170.92294,170.92504,0.0020999999999844476,8375.939452024628,bench_add_immediate_absolute
171.12532,171.1274,0.002080000000006521,8293.351535712247,bench_add_immediate_absolute
171.32768,171.32908,0.0014000000000180535,5452.858056015599,bench_add_indexed_register
171.52936,171.53076,0.0013999999999896318,5439.127241222182,bench_add_indexed_register
171.73102,171.73244,0.00141999999999598,5526.250672978303,bench_add_indexed_register
171.9327,171.93412,0.00141999999999598,5519.868307727939,bench_add_indexed_register
172.13438,172.13578,0.0014000000000180535,5446.980479246596,bench_add_indexed_register
172.33604,172.33746,0.00141999999999598,5511.46721931491,bench_add_indexed_register
172.53772,172.53912,0.0013999999999896318,5443.380922037753,bench_add_indexed_register
172.73938,172.7408,0.00141999999999598,5525.051385610321,bench_add_indexed_register
172.94106,172.94246,0.0014000000000180535,5431.7960935435285,bench_add_indexed_register
173.14272,173.14414,0.00141999999999598,5519.990697488863,bench_add_indexed_register
173.34438,173.3458,0.00141999999999598,5533.751647438156,bench_add_indexed_register
173.54606,173.54746,0.0013999999999896318,5432.691564740276,bench_add_indexed_register
173.74772,173.74912,0.0014000000000180535,5455.089525858372,bench_add_indexed_register
173.94938,173.9508,0.00141999999999598,5518.242260427926,bench_add_indexed_register
174.15106,174.15246,0.0013999999999896318,5442.860377913569,bench_add_indexed_register
174.35272,174.35414,0.00141999999999598,5524.889235366956,bench_add_indexed_register
174.5544,174.5558,0.0014000000000180535,5430.13555470809,bench_add_indexed_register
174.75606,174.75748,0.00141999999999598,5509.823493180643,bench_add_indexed_register
174.95774,174.95914,0.0013999999999896318,5434.307984502758,bench_add_indexed_register
175.1594,175.16082,0.00141999999999598,5511.972431542284,bench_add_indexed_register
175.36108,175.36248,0.0014000000000180535,5431.668399906871,bench_add_indexed_register
175.56276,175.56416,0.0013999999999896318,5443.4647922935,bench_add_indexed_register
175.76442,175.76582,0.0013999999999896318,5444.775195752924,bench_add_indexed_register
175.9661,175.9675,0.0013999999999896318,5433.791121424369,bench_add_indexed_register
176.16776,176.16916,0.0014000000000180535,5443.757213725923,bench_add_indexed_register
176.36944,176.37084,0.0013999999999896318,5437.068240677579,bench_add_indexed_register
176.57112,176.57252,0.0013999999999896318,5424.584138631968,bench_add_indexed_register
176.77278,176.7742,0.00141999999999598,5528.116642943522,bench_add_indexed_register
176.97446,176.97586,0.0014000000000180535,5425.592563187589,bench_add_indexed_register
177.17612,177.17752,0.0013999999999896318,5436.857936399869,bench_add_indexed_register
177.37778,177.3792,0.00141999999999598,5522.320843286253,bench_add_indexed_register
177.57946,177.58086,0.0013999999999896318,5423.359293446314,bench_add_indexed_register
177.78112,177.78252,0.0014000000000180535,5432.9723865529395,bench_add_indexed_register
177.98278,177.98418,0.0014000000000180535,5425.245964506313,bench_add_indexed_register
178.18444,178.18586,0.00141999999999598,5524.70844004872,bench_add_indexed_register
178.38612,178.38752,0.0013999999999896318,5428.504615515091,bench_add_indexed_register
178.58778,178.5892,0.00141999999999598,5518.132788109993,bench_add_indexed_register
178.78946,178.79086,0.0014000000000180535,5440.304593720343,bench_add_indexed_register
178.99114,178.99254,0.0013999999999896318,5443.284339231804,bench_add_indexed_register
179.19282,179.19422,0.0013999999999896318,5443.419706964126,bench_add_indexed_register
179.39448,179.39588,0.0014000000000180535,5426.543536668238,bench_add_indexed_register
179.59614,179.59756,0.00141999999999598,5527.936697459573,bench_add_indexed_register
179.79782,179.79922,0.0013999999999896318,5446.973436005632,bench_add_indexed_register
179.9995,180.0009,0.0013999999999896318,5437.64865254304,bench_add_indexed_register
180.20116,180.20256,0.0014000000000180535,5449.65346118226,bench_add_indexed_register
180.40284,180.40424,0.0013999999999896318,5435.557241978869,bench_add_indexed_register
180.6045,180.60592,0.00141999999999598,5520.083252324301,bench_add_indexed_register
180.80616,180.80758,0.00141999999999598,5525.945969838906,bench_add_indexed_register
181.00784,181.00924,0.0014000000000180535,5440.4068389698205,bench_add_indexed_register
181.2095,181.21092,0.00141999999999598,5518.129533142788,bench_add_indexed_register
181.41118,181.41258,0.0013999999999896318,5436.174801975566,bench_add_indexed_register
181.61284,181.61426,0.00141999999999598,5502.066551691033,bench_add_indexed_register
181.81452,181.81592,0.0014000000000180535,5444.002498479175,bench_add_indexed_register
182.0162,182.0176,0.0013999999999896318,5427.543935327551,bench_add_indexed_register
182.21786,182.21928,0.00141999999999598,5529.215368425288,bench_add_indexed_register
182.41954,182.42094,0.0013999999999896318,5434.940902006314,bench_add_indexed_register
182.6212,182.62262,0.0014200000000244017,5526.3839337081245,bench_add_indexed_register
182.82288,182.82428,0.0013999999999896318,5430.3420101827405,bench_add_indexed_register
183.02456,183.02596,0.0013999999999896318,5441.9457353215475,bench_add_indexed_register
183.22622,183.22764,0.00141999999999598,5524.302925893759,bench_add_indexed_register
183.4279,183.4293,0.0014000000000180535,5430.762753895023,bench_add_indexed_register
183.62958,183.63098,0.0013999999999896318,5426.718860359075,bench_add_indexed_register
183.83124,183.83266,0.00141999999999598,5515.386352762075,bench_add_indexed_register
184.03292,184.03432,0.0014000000000180535,5449.280049725241,bench_add_indexed_register
184.23458,184.236,0.00141999999999598,5521.554923602016,bench_add_indexed_register
184.43626,184.43768,0.00141999999999598,5521.347597223996,bench_add_indexed_register
184.63794,184.63934,0.0014000000000180535,5450.778687445482,bench_add_indexed_register
184.8396,184.841,0.0014000000000180535,5445.047156027002,bench_add_indexed_register
185.04126,185.04266,0.0014000000000180535,5446.179965583238,bench_add_indexed_register
185.24294,185.24434,0.0013999999999896318,5446.330201770747,bench_add_indexed_register
185.4446,185.446,0.0013999999999896318,5439.539791506377,bench_add_indexed_register
185.64626,185.64766,0.0013999999999896318,5427.271684120327,bench_add_indexed_register
185.84792,185.84934,0.0014200000000244017,5516.816824774402,bench_add_indexed_register
186.0496,186.051,0.0013999999999896318,5441.603665200552,bench_add_indexed_register
186.25126,186.25268,0.00141999999999598,5512.139333860969,bench_add_indexed_register
186.45294,186.45434,0.0013999999999896318,5440.816255243359,bench_add_indexed_register
186.6546,186.656,0.0014000000000180535,5442.861546834387,bench_add_indexed_register
186.85626,186.85768,0.00141999999999598,5514.1556868193,bench_add_indexed_register
187.05794,187.05934,0.0013999999999896318,5457.753676415134,bench_add_indexed_register
187.2596,187.26102,0.00141999999999598,5509.751345944296,bench_add_indexed_register
187.46128,187.46268,0.0014000000000180535,5439.402079281809,bench_add_indexed_register
187.66294,187.66436,0.00141999999999598,5518.486287897554,bench_add_indexed_register
187.86462,187.86602,0.0013999999999896318,5429.720950737185,bench_add_indexed_register
188.06628,188.06768,0.0013999999999896318,5444.119861307038,bench_add_indexed_register
188.26796,188.26936,0.0014000000000180535,5439.538441205926,bench_add_indexed_register
188.46962,188.47104,0.00141999999999598,5526.186218470906,bench_add_indexed_register
188.6713,188.6727,0.0013999999999896318,5441.386923152423,bench_add_indexed_register
188.87296,188.87438,0.00141999999999598,5509.955589643164,bench_add_indexed_register
189.07464,189.07604,0.0014000000000180535,5438.09820206681,bench_add_indexed_register
189.2763,189.27772,0.00141999999999598,5538.69851863576,bench_add_indexed_register
189.47798,189.47938,0.0013999999999896318,5432.392004835866,bench_add_indexed_register
189.67964,189.68106,0.00141999999999598,5511.334119348276,bench_add_indexed_register
189.88132,189.88272,0.0014000000000180535,5439.899212287991,bench_add_indexed_register
190.08298,190.08438,0.0014000000000180535,5423.702457991179,bench_add_indexed_register
190.28464,190.28604,0.0014000000000180535,5453.99119618974,bench_add_indexed_register
190.48632,190.48772,0.0013999999999896318,5434.25858249576,bench_add_indexed_register
190.68798,190.68938,0.0013999999999896318,5444.72851786083,bench_add_indexed_register
190.88964,190.89106,0.00141999999999598,5528.232858030713,bench_add_indexed_register
191.09132,191.09272,0.0014000000000180535,5442.714423477704,bench_add_indexed_register
191.29298,191.29438,0.0013999999999896318,5445.554505529306,bench_add_indexed_register
191.49466,191.4969,0.002240000000000464,8949.473826215275,bench_add_indexed_indexed
191.69716,191.6994,0.002240000000000464,8953.155041674396,bench_add_indexed_indexed
191.89966,191.9019,0.002240000000000464,8943.34439188201,bench_add_indexed_indexed
192.10216,192.1044,0.002240000000000464,8947.892733850935,bench_add_indexed_indexed
192.30466,192.30692,0.0022599999999783904,9031.92960182639,bench_add_indexed_indexed
192.50718,192.50942,0.002240000000000464,8951.772139408153,bench_add_indexed_indexed
192.70968,192.71192,0.002240000000000464,8939.600274900049,bench_add_indexed_indexed
192.9122,192.91444,0.002240000000000464,8955.23385610498,bench_add_indexed_indexed
193.1147,193.11696,0.002260000000006812,9006.376136122411,bench_add_indexed_indexed
193.31722,193.31948,0.002260000000006812,9014.55525311834,bench_add_indexed_indexed
193.51974,193.522,0.0022599999999783904,9027.375685894516,bench_add_indexed_indexed
193.72226,193.72452,0.002260000000006812,9010.72965471869,bench_add_indexed_indexed
193.92478,193.92702,0.002240000000000464,8937.776857057364,bench_add_indexed_indexed
194.1273,194.12954,0.002240000000000464,8945.774850439484,bench_add_indexed_indexed
194.32982,194.33206,0.002240000000000464,8946.174867451264,bench_add_indexed_indexed
194.53234,194.53458,0.002240000000000464,8933.377284556771,bench_add_indexed_indexed
194.73486,194.7371,0.002240000000000464,8947.400497274966,bench_add_indexed_indexed
194.93738,194.93962,0.002240000000000464,8928.90625633555,bench_add_indexed_indexed
195.13988,195.14212,0.002240000000000464,8934.24281850576,bench_add_indexed_indexed
195.34238,195.34462,0.002240000000000464,8944.826405497162,bench_add_indexed_indexed
195.54488,195.54714,0.002260000000006812,9027.387509148892,bench_add_indexed_indexed
195.74738,195.74964,0.002260000000006812,9021.878792001036,bench_add_indexed_indexed
195.9499,195.95214,0.002240000000000464,8931.572865695065,bench_add_indexed_indexed
196.1524,196.15464,0.002240000000000464,8936.666240918466,bench_add_indexed_indexed
196.3549,196.35716,0.002260000000006812,9017.664855375007,bench_add_indexed_indexed
196.55742,196.55966,0.002240000000000464,8920.818851329303,bench_add_indexed_indexed
196.75992,196.76216,0.002240000000000464,8950.211736375952,bench_add_indexed_indexed
196.96242,196.96468,0.0022599999999783904,9029.245376498237,bench_add_indexed_indexed
197.16492,197.16718,0.002260000000006812,9031.794974609382,bench_add_indexed_indexed
197.36744,197.36968,0.002240000000000464,8944.274513055254,bench_add_indexed_indexed
197.56994,197.57218,0.002240000000000464,8933.844831773353,bench_add_indexed_indexed
197.77244,197.7747,0.002260000000006812,9019.272173782674,bench_add_indexed_indexed
197.97494,197.9772,0.002260000000006812,9025.639421332826,bench_add_indexed_indexed
198.17746,198.1797,0.002240000000000464,8925.88744871685,bench_add_indexed_indexed
198.37996,198.38222,0.0022599999999783904,9010.612820184722,bench_add_indexed_indexed
198.58248,198.58472,0.002240000000000464,8930.86504191241,bench_add_indexed_indexed
198.78498,198.78724,0.002260000000006812,9013.950573309608,bench_add_indexed_indexed
198.98748,198.98974,0.002260000000006812,9021.214940611513,bench_add_indexed_indexed
199.19,199.19224,0.002240000000000464,8940.74134528827,bench_add_indexed_indexed
199.3925,199.39474,0.002240000000000464,8948.212382383357,bench_add_indexed_indexed
199.595,199.59726,0.002260000000006812,9018.14284271485,bench_add_indexed_indexed
199.79752,199.79976,0.002240000000000464,8929.059230726201,bench_add_indexed_indexed
200.00002,200.00226,0.002240000000000464,8935.438608750906,bench_add_indexed_indexed
200.20254,200.20478,0.002240000000000464,8926.140554251666,bench_add_indexed_indexed
200.40504,200.40728,0.002239999999972042,8932.757563773812,bench_add_indexed_indexed
200.60756,200.6098,0.002240000000000464,8939.57833293942,bench_add_indexed_indexed
200.81006,200.81232,0.002260000000006812,9034.955571433546,bench_add_indexed_indexed
201.01258,201.01482,0.002239999999972042,8933.158540052034,bench_add_indexed_indexed
201.2151,201.21734,0.002240000000000464,8938.873391599906,bench_add_indexed_indexed
201.4176,201.41986,0.002260000000006812,9034.497202401293,bench_add_indexed_indexed
201.62012,201.62238,0.002260000000006812,9022.144484364702,bench_add_indexed_indexed
201.82264,201.82488,0.002240000000000464,8946.856404654995,bench_add_indexed_indexed
202.02516,202.0274,0.002240000000000464,8942.618360745706,bench_add_indexed_indexed
202.22766,202.22992,0.002260000000006812,9013.348342879237,bench_add_indexed_indexed
202.43018,202.43244,0.002260000000006812,9015.91870936441,bench_add_indexed_indexed
202.6327,202.63494,0.002240000000000464,8938.752096148399,bench_add_indexed_indexed
202.8352,202.83744,0.002240000000000464,8941.274834801627,bench_add_indexed_indexed
203.0377,203.03996,0.002260000000006812,9019.078179290125,bench_add_indexed_indexed
203.24022,203.24246,0.002240000000000464,8938.2872916813,bench_add_indexed_indexed
203.44272,203.44498,0.0022599999999783904,9019.4660843393,bench_add_indexed_indexed
203.64524,203.64748,0.002240000000000464,8931.182031521508,bench_add_indexed_indexed
203.84776,203.85,0.002240000000000464,8929.985458965411,bench_add_indexed_indexed
204.05028,204.05252,0.002240000000000464,8936.738120397737,bench_add_indexed_indexed
204.25278,204.25504,0.002260000000006812,9020.435065059488,bench_add_indexed_indexed
204.4553,204.45756,0.002260000000006812,9016.715651406452,bench_add_indexed_indexed
204.65782,204.66006,0.002240000000000464,8931.659897792777,bench_add_indexed_indexed
204.86034,204.86258,0.002240000000000464,8934.88354049459,bench_add_indexed_indexed
205.06284,205.0651,0.002260000000006812,9014.832503190231,bench_add_indexed_indexed
205.26536,205.2676,0.002240000000000464,8940.355037344252,bench_add_indexed_indexed
205.46788,205.47012,0.002240000000000464,8939.371653832124,bench_add_indexed_indexed
205.6704,205.67264,0.002240000000000464,8913.087807597887,bench_add_indexed_indexed
205.87292,205.87516,0.002240000000000464,8929.388709369141,bench_add_indexed_indexed
206.07544,206.07768,0.002240000000000464,8936.055595991078,bench_add_indexed_indexed
206.27794,206.2802,0.002260000000006812,9020.517924828031,bench_add_indexed_indexed
206.48046,206.4827,0.002240000000000464,8918.479694988973,bench_add_indexed_indexed
206.68298,206.68522,0.002240000000000464,8929.102439436316,bench_add_indexed_indexed
206.88548,206.88774,0.002260000000006812,9000.12533183096,bench_add_indexed_indexed
207.088,207.09024,0.002240000000000464,8919.963007795463,bench_add_indexed_indexed
207.2905,207.29276,0.0022599999999783904,9018.972329706601,bench_add_indexed_indexed
207.49302,207.49528,0.002260000000006812,9003.315907930622,bench_add_indexed_indexed
207.69554,207.6978,0.002260000000006812,9020.25543621857,bench_add_indexed_indexed
207.89806,207.90032,0.002260000000006812,9014.685563771196,bench_add_indexed_indexed
208.10058,208.10284,0.0022599999999783904,9009.773027995148,bench_add_indexed_indexed
208.3031,208.30536,0.002260000000006812,9010.81440041682,bench_add_indexed_indexed
208.50562,208.50788,0.002260000000006812,9013.627516132145,bench_add_indexed_indexed
208.70814,208.71038,0.002240000000000464,8922.704868021936,bench_add_indexed_indexed
208.91066,208.9129,0.002240000000000464,8932.090667077353,bench_add_indexed_indexed
209.11318,209.11542,0.002240000000000464,8944.893139417496,bench_add_indexed_indexed
209.3157,209.31794,0.002240000000000464,8922.078870239275,bench_add_indexed_indexed
209.51822,209.52046,0.002240000000000464,8929.574247449184,bench_add_indexed_indexed
209.72074,209.72298,0.002240000000000464,8937.125951052962,bench_add_indexed_indexed
209.92326,209.9255,0.002240000000000464,8920.393656010556,bench_add_indexed_indexed
210.12578,210.12802,0.002240000000000464,8946.659420619735,bench_add_indexed_indexed
210.32828,210.33054,0.002260000000006812,8995.137666377703,bench_add_indexed_indexed
210.5308,210.53304,0.002240000000000464,8943.487154321982,bench_add_indexed_indexed
210.73332,210.73556,0.002240000000000464,8917.853469030968,bench_add_indexed_indexed
210.93582,210.93808,0.002260000000006812,9013.027865464977,bench_add_indexed_indexed
211.13834,211.1406,0.002260000000006812,9019.052931135177,bench_add_indexed_indexed
211.34086,211.3431,0.002240000000000464,8924.545594492134,bench_add_indexed_indexed
211.54338,211.54562,0.002240000000000464,8930.655810980486,bench_add_indexed_indexed
211.7459,211.74812,0.0022199999999941156,9005.546723466847,bench_add_indexed_symbolic
211.9484,211.95062,0.0022199999999941156,8975.455365120206,bench_add_indexed_symbolic
212.15088,212.1531,0.0022199999999941156,8980.330219468728,bench_add_indexed_symbolic
212.35338,212.3556,0.0022200000000225373,8998.439214285205,bench_add_indexed_symbolic
212.55586,212.5581,0.002240000000000464,9066.505311059826,bench_add_indexed_symbolic
212.75836,212.76058,0.0022199999999941156,8970.689927203697,bench_add_indexed_symbolic
212.96086,212.96308,0.0022199999999941156,8976.320330961416,bench_add_indexed_symbolic
213.16334,213.16558,0.002240000000000464,9072.619192303851,bench_add_indexed_symbolic
213.36584,213.36806,0.0022200000000225373,8980.062464343617,bench_add_indexed_symbolic
213.56834,213.57056,0.0022199999999941156,8975.132089084103,bench_add_indexed_symbolic
213.77082,213.77306,0.002240000000000464,9058.935218494458,bench_add_indexed_symbolic
213.97332,213.97556,0.002240000000000464,9067.932474429115,bench_add_indexed_symbolic
214.17582,214.17804,0.0022200000000225373,8960.42448477627,bench_add_indexed_symbolic
214.3783,214.38054,0.002240000000000464,9041.117732416573,bench_add_indexed_symbolic
214.5808,214.58302,0.0022199999999941156,8983.088172946455,bench_add_indexed_symbolic
214.78328,214.7855,0.0022200000000225373,8975.63806744309,bench_add_indexed_symbolic
214.98576,214.98798,0.0022199999999941156,8973.661949834854,bench_add_indexed_symbolic
215.18824,215.19048,0.002240000000000464,9060.82325149494,bench_add_indexed_symbolic
215.39074,215.39296,0.0022199999999941156,8989.41861463395,bench_add_indexed_symbolic
215.59322,215.59544,0.0022199999999941156,8984.213652995648,bench_add_indexed_symbolic
215.7957,215.79792,0.0022199999999941156,8968.923822950537,bench_add_indexed_symbolic
215.9982,216.00042,0.0022199999999941156,8980.337330115863,bench_add_indexed_symbolic
216.20068,216.2029,0.0022199999999941156,8968.207379776855,bench_add_indexed_symbolic
216.40316,216.40538,0.0022199999999941156,8964.851638275131,bench_add_indexed_symbolic
216.60564,216.60786,0.0022199999999941156,8991.534267529074,bench_add_indexed_symbolic
216.80812,216.81034,0.0022199999999941156,8973.681079200322,bench_add_indexed_symbolic
217.0106,217.01282,0.0022199999999941156,8966.073906023876,bench_add_indexed_symbolic
217.21308,217.2153,0.0022200000000225373,8973.798165190723,bench_add_indexed_symbolic
217.41556,217.41778,0.0022199999999941156,8989.716391057216,bench_add_indexed_symbolic
217.61804,217.62026,0.0022199999999941156,8967.3333195732,bench_add_indexed_symbolic
217.82052,217.82274,0.0022200000000225373,8982.001920322129,bench_add_indexed_symbolic
218.023,218.02522,0.0022199999999941156,8981.330953515617,bench_add_indexed_symbolic
218.22548,218.2277,0.0022199999999941156,8994.892169695711,bench_add_indexed_symbolic
218.42796,218.4302,0.002240000000000464,9060.864541679985,bench_add_indexed_symbolic
218.63044,218.63268,0.002240000000000464,9050.921332094347,bench_add_indexed_symbolic
218.83292,218.83516,0.002240000000000464,9056.019587444838,bench_add_indexed_symbolic
219.0354,219.03764,0.002240000000000464,9069.767356848213,bench_add_indexed_symbolic
219.2379,219.24012,0.0022199999999941156,8966.071675506546,bench_add_indexed_symbolic
219.44038,219.4426,0.0022199999999941156,8973.096199309433,bench_add_indexed_symbolic
219.64286,219.64508,0.0022199999999941156,8973.453547781202,bench_add_indexed_symbolic
219.84534,219.84756,0.0022199999999941156,8974.728533043783,bench_add_indexed_symbolic
220.04782,220.05004,0.0022199999999941156,8977.871667567619,bench_add_indexed_symbolic
220.25032,220.25254,0.0022200000000225373,8979.07409825975,bench_add_indexed_symbolic
220.4528,220.45502,0.0022199999999941156,8974.960618627938,bench_add_indexed_symbolic
220.65528,220.6575,0.0022199999999941156,8991.101728728565,bench_add_indexed_symbolic
220.85778,220.86,0.0022200000000225373,8959.458335395708,bench_add_indexed_symbolic
221.06026,221.06248,0.0022199999999941156,8981.920075579244,bench_add_indexed_symbolic
221.26274,221.26498,0.002240000000000464,9060.391881505118,bench_add_indexed_symbolic
221.46524,221.46746,0.0022199999999941156,8967.633647820467,bench_add_indexed_symbolic
221.66772,221.66994,0.0022199999999941156,8967.545223398143,bench_add_indexed_symbolic
221.87022,221.87244,0.0022200000000225373,8973.51848436424,bench_add_indexed_symbolic
222.0727,222.07492,0.0022199999999941156,8973.374762549443,bench_add_indexed_symbolic
222.2752,222.27742,0.0022199999999941156,8978.095818286522,bench_add_indexed_symbolic
222.47768,222.4799,0.0022199999999941156,8967.485078587762,bench_add_indexed_symbolic
222.68018,222.6824,0.0022199999999941156,8974.814144869079,bench_add_indexed_symbolic
222.88268,222.8849,0.0022199999999941156,8984.425570793423,bench_add_indexed_symbolic
223.08516,223.0874,0.002240000000000464,9058.321141637798,bench_add_indexed_symbolic
223.28766,223.28988,0.0022200000000225373,8968.1605855912,bench_add_indexed_symbolic
223.49016,223.49238,0.0022199999999941156,8973.079733527271,bench_add_indexed_symbolic
223.69264,223.69486,0.0022199999999941156,8961.174539263839,bench_add_indexed_symbolic
223.89514,223.89736,0.0022199999999941156,8968.296241923654,bench_add_indexed_symbolic
224.09764,224.09986,0.0022199999999941156,8980.968291846448,bench_add_indexed_symbolic
224.30012,224.30234,0.0022199999999941156,8966.022548241946,bench_add_indexed_symbolic
224.50262,224.50484,0.0022199999999941156,8957.18640645279,bench_add_indexed_symbolic
224.7051,224.70734,0.002240000000000464,9054.315667603,bench_add_indexed_symbolic
224.9076,224.90982,0.0022199999999941156,8963.976791103541,bench_add_indexed_symbolic
225.1101,225.11232,0.0022200000000225373,8972.281813712636,bench_add_indexed_symbolic
225.31258,225.3148,0.0022199999999941156,8963.913149178727,bench_add_indexed_symbolic
225.51508,225.5173,0.0022199999999941156,8964.683799977904,bench_add_indexed_symbolic
225.71756,225.7198,0.002240000000000464,9050.975386055517,bench_add_indexed_symbolic
225.92006,225.92228,0.0022199999999941156,8963.962327665342,bench_add_indexed_symbolic
226.12254,226.12478,0.002240000000000464,9044.690709564951,bench_add_indexed_symbolic
226.32504,226.32726,0.0022199999999941156,8967.148060885167,bench_add_indexed_symbolic
226.52752,226.52976,0.002240000000000464,9042.45297424538,bench_add_indexed_symbolic
226.73002,226.73224,0.0022199999999941156,8979.540360137418,bench_add_indexed_symbolic
226.9325,226.93472,0.0022199999999941156,8972.932198058686,bench_add_indexed_symbolic
227.135,227.13722,0.0022200000000225373,8969.44322166949,bench_add_indexed_symbolic
227.33748,227.3397,0.0022199999999941156,8953.020740276064,bench_add_indexed_symbolic
227.53998,227.5422,0.0022199999999941156,8969.59003058575,bench_add_indexed_symbolic
227.74246,227.74468,0.0022199999999941156,8958.61092952565,bench_add_indexed_symbolic
227.94494,227.94718,0.002240000000000464,9052.9648773391,bench_add_indexed_symbolic
228.14742,228.14966,0.002240000000000464,9052.532170899418,bench_add_indexed_symbolic
228.3499,228.35214,0.002240000000000464,9063.739501874146,bench_add_indexed_symbolic
228.5524,228.55462,0.0022199999999941156,8966.453373407428,bench_add_indexed_symbolic
228.75488,228.7571,0.0022199999999941156,8974.744025592297,bench_add_indexed_symbolic
228.95738,228.9596,0.0022199999999941156,8957.984303099127,bench_add_indexed_symbolic
229.15986,229.16208,0.0022199999999941156,8984.1648796309,bench_add_indexed_symbolic
229.36236,229.36458,0.0022199999999941156,8972.543091490068,bench_add_indexed_symbolic
229.56484,229.56706,0.0022199999999941156,8969.424376239042,bench_add_indexed_symbolic
229.76734,229.76956,0.0022200000000225373,8956.074901017784,bench_add_indexed_symbolic
229.96984,229.97206,0.0022199999999941156,8970.805834953502,bench_add_indexed_symbolic
230.17232,230.17456,0.002240000000000464,9050.821089186731,bench_add_indexed_symbolic
230.37482,230.37704,0.0022199999999941156,8975.556320485908,bench_add_indexed_symbolic
230.57732,230.57954,0.0022200000000225373,8966.666343712506,bench_add_indexed_symbolic
230.7798,230.78202,0.0022199999999941156,8968.961331969647,bench_add_indexed_symbolic
230.98228,230.98452,0.002240000000000464,9046.27691023164,bench_add_indexed_symbolic
231.18478,231.187,0.0022200000000225373,8969.424227344674,bench_add_indexed_symbolic
231.38726,231.38948,0.0022199999999941156,8974.2467459038,bench_add_indexed_symbolic
231.58976,231.59198,0.0022199999999941156,8964.33140148664,bench_add_indexed_symbolic
231.79224,231.79446,0.0022199999999941156,8974.991142727155,bench_add_indexed_symbolic
231.99474,231.99698,0.002240000000000464,8969.878926874479,bench_add_indexed_absolute
232.19724,232.19948,0.002240000000000464,8965.650778265963,bench_add_indexed_absolute
232.39974,232.40198,0.002240000000000464,8968.818667343676,bench_add_indexed_absolute
232.60224,232.6045,0.002260000000006812,9046.120075537434,bench_add_indexed_absolute
232.80476,232.807,0.002240000000000464,8953.195638026793,bench_add_indexed_absolute
233.00726,233.0095,0.002240000000000464,8974.861837924118,bench_add_indexed_absolute
233.20976,233.212,0.002240000000000464,8982.798182409962,bench_add_indexed_absolute
233.41226,233.4145,0.002240000000000464,8970.938506536764,bench_add_indexed_absolute
233.61478,233.61702,0.002240000000000464,8960.731015542935,bench_add_indexed_absolute
233.81728,233.81952,0.002240000000000464,8973.61469920652,bench_add_indexed_absolute
234.0198,234.02204,0.002240000000000464,8975.021531807399,bench_add_indexed_absolute
234.2223,234.22454,0.002240000000000464,8983.855159025075,bench_add_indexed_absolute
234.4248,234.42704,0.002240000000000464,8965.415544809484,bench_add_indexed_absolute
234.62732,234.62956,0.002240000000000464,8968.289149928558,bench_add_indexed_absolute
234.82982,234.83206,0.002240000000000464,8963.556108065324,bench_add_indexed_absolute
235.03232,235.03456,0.002240000000000464,8974.246783184659,bench_add_indexed_absolute
235.23482,235.23706,0.002240000000000464,8956.607514991972,bench_add_indexed_absolute
235.43732,235.43958,0.002260000000006812,9043.387803276064,bench_add_indexed_absolute
235.63984,235.64208,0.002240000000000464,8977.677342485982,bench_add_indexed_absolute
235.84234,235.84458,0.002240000000000464,8964.433055371577,bench_add_indexed_absolute
236.04484,236.04708,0.002240000000000464,8979.777493516513,bench_add_indexed_absolute
236.24736,236.2496,0.002240000000000464,8961.453102530295,bench_add_indexed_absolute
236.44986,236.4521,0.002240000000000464,8963.774344884418,bench_add_indexed_absolute
236.65236,236.6546,0.002240000000000464,8958.374820653167,bench_add_indexed_absolute
236.85488,236.85712,0.002240000000000464,8964.543798939918,bench_add_indexed_absolute
237.05738,237.05962,0.002240000000000464,8950.765649789744,bench_add_indexed_absolute
237.25988,237.26212,0.002240000000000464,8959.608096630081,bench_add_indexed_absolute
237.46238,237.46462,0.002240000000000464,8960.308353420083,bench_add_indexed_absolute
237.66488,237.66714,0.0022599999999783904,9042.526828036478,bench_add_indexed_absolute
237.8674,237.86964,0.002240000000000464,8957.684407943749,bench_add_indexed_absolute
238.0699,238.07214,0.002240000000000464,8963.752784768205,bench_add_indexed_absolute
238.2724,238.27464,0.002240000000000464,8962.56553940726,bench_add_indexed_absolute
238.4749,238.47714,0.002240000000000464,8967.597628945816,bench_add_indexed_absolute
238.6774,238.67964,0.002240000000000464,8959.415387363693,bench_add_indexed_absolute
238.87992,238.88216,0.002240000000000464,8982.698498295767,bench_add_indexed_absolute
239.08242,239.08466,0.002240000000000464,8968.661804683463,bench_add_indexed_absolute
239.28492,239.28716,0.002240000000000464,8960.188319910341,bench_add_indexed_absolute
239.48742,239.48968,0.002260000000006812,9048.83213344031,bench_add_indexed_absolute
239.68994,239.69218,0.002240000000000464,8968.297084794236,bench_add_indexed_absolute
239.89244,239.89468,0.002240000000000464,8957.200320441178,bench_add_indexed_absolute
240.09494,240.09718,0.002240000000000464,8966.7266281313,bench_add_indexed_absolute
240.29746,240.2997,0.002240000000000464,8954.29094322238,bench_add_indexed_absolute
240.49996,240.5022,0.002240000000000464,8962.626154537516,bench_add_indexed_absolute
240.70246,240.7047,0.002240000000000464,8978.875493632568,bench_add_indexed_absolute
240.90496,240.90722,0.002260000000006812,9046.22216246283,bench_add_indexed_absolute
241.10748,241.10972,0.002240000000000464,8975.212979130312,bench_add_indexed_absolute
241.30998,241.31222,0.002240000000000464,8979.119202124768,bench_add_indexed_absolute
241.5125,241.51474,0.002240000000000464,8951.882724653866,bench_add_indexed_absolute
241.71502,241.71726,0.002240000000000464,8974.357293919616,bench_add_indexed_absolute
241.91752,241.91976,0.002240000000000464,8976.82105191268,bench_add_indexed_absolute
242.12002,242.12226,0.002240000000000464,8967.651440760901,bench_add_indexed_absolute
242.32252,242.32476,0.002240000000000464,8964.664218948614,bench_add_indexed_absolute
242.52502,242.52726,0.002240000000000464,8956.455984151446,bench_add_indexed_absolute
242.72752,242.72976,0.002240000000000464,8962.672771888283,bench_add_indexed_absolute
242.93002,242.93226,0.002240000000000464,8952.709957954972,bench_add_indexed_absolute
243.13254,243.13478,0.002240000000000464,8957.955399529159,bench_add_indexed_absolute
243.33504,243.33728,0.002240000000000464,8956.654905344476,bench_add_indexed_absolute
243.53754,243.53978,0.002240000000000464,8961.538881994635,bench_add_indexed_absolute
243.74004,243.74228,0.002240000000000464,8965.206048455773,bench_add_indexed_absolute
243.94254,243.9448,0.0022599999999783904,9046.761966221666,bench_add_indexed_absolute
244.14504,244.1473,0.002260000000006812,9045.571656926204,bench_add_indexed_absolute
244.34756,244.3498,0.002240000000000464,8966.483050029858,bench_add_indexed_absolute
244.55006,244.5523,0.002240000000000464,8964.151465335623,bench_add_indexed_absolute
244.75258,244.75482,0.002240000000000464,8948.935568336114,bench_add_indexed_absolute
244.95508,244.95732,0.002240000000000464,8959.747306071173,bench_add_indexed_absolute
245.15758,245.15982,0.002240000000000464,8961.080932060338,bench_add_indexed_absolute
245.36008,245.36232,0.002240000000000464,8969.933874906283,bench_add_indexed_absolute
245.56258,245.56482,0.002240000000000464,8955.935067497843,bench_add_indexed_absolute
245.76508,245.76732,0.002240000000000464,8961.560465396291,bench_add_indexed_absolute
245.96758,245.96982,0.002240000000000464,8951.7278457084,bench_add_indexed_absolute
246.17008,246.17232,0.002240000000000464,8973.000305705988,bench_add_indexed_absolute
246.37256,246.37482,0.002260000000006812,9049.69396072661,bench_add_indexed_absolute
246.57508,246.57732,0.002239999999972042,8979.749902967771,bench_add_indexed_absolute
246.77758,246.77982,0.002240000000000464,8965.229270981334,bench_add_indexed_absolute
246.98006,246.9823,0.002240000000000464,8965.691681951936,bench_add_indexed_absolute
247.18256,247.1848,0.002240000000000464,8964.696256445817,bench_add_indexed_absolute
247.38506,247.3873,0.002240000000000464,8944.982052781232,bench_add_indexed_absolute
247.58756,247.5898,0.002240000000000464,8959.382432514727,bench_add_indexed_absolute
247.79006,247.7923,0.002240000000000464,8963.658330030225,bench_add_indexed_absolute
247.99256,247.9948,0.002240000000000464,8956.124172547783,bench_add_indexed_absolute
248.19506,248.1973,0.002240000000000464,8966.518696396848,bench_add_indexed_absolute
248.39756,248.3998,0.002240000000000464,8970.521301964793,bench_add_indexed_absolute
248.60006,248.6023,0.002240000000000464,8959.495848975635,bench_add_indexed_absolute
248.80256,248.8048,0.002240000000000464,8959.852862173828,bench_add_indexed_absolute
249.00506,249.0073,0.002240000000000464,8965.85030947036,bench_add_indexed_absolute
249.20756,249.2098,0.002240000000000464,8982.95521270555,bench_add_indexed_absolute
249.41006,249.4123,0.002240000000000464,8972.735437567935,bench_add_indexed_absolute
249.61256,249.6148,0.002240000000000464,8965.248703026495,bench_add_indexed_absolute
249.81506,249.8173,0.002240000000000464,8967.982525941281,bench_add_indexed_absolute
250.01756,250.01982,0.002260000000006812,9038.008502711751,bench_add_indexed_absolute
250.22006,250.22232,0.002260000000006812,9043.777878424442,bench_add_indexed_absolute
250.42258,250.42482,0.002240000000000464,8969.82523612744,bench_add_indexed_absolute
250.62508,250.62732,0.002240000000000464,8964.725225234637,bench_add_indexed_absolute
250.82758,250.82982,0.002240000000000464,8961.100443264708,bench_add_indexed_absolute
251.03008,251.03232,0.002240000000000464,8964.12602625979,bench_add_indexed_absolute
251.23258,251.23482,0.002240000000000464,8952.495227568217,bench_add_indexed_absolute
251.43508,251.43732,0.002240000000000464,8977.336795070498,bench_add_indexed_absolute
251.63758,251.63982,0.002239999999972042,8976.785689479426,bench_add_indexed_absolute
251.84008,251.84232,0.002240000000000464,8969.518332744336,bench_add_indexed_absolute
252.04258,252.04482,0.002240000000000464,8968.597021889249,bench_add_indexed_absolute
252.2451,252.2465,0.0013999999999896318,5440.844322976722,bench_add_symbolic_register
252.44676,252.44816,0.0013999999999896318,5458.4828950034125,bench_add_symbolic_register
252.64842,252.64982,0.0014000000000180535,5448.248535467876,bench_add_symbolic_register
252.85008,252.85148,0.0014000000000180535,5445.241455526203,bench_add_symbolic_register
253.05174,253.05314,0.0014000000000180535,5439.70043312493,bench_add_symbolic_register
253.2534,253.2548,0.0013999999999896318,5450.2939455747555,bench_add_symbolic_register
253.45506,253.45648,0.00141999999999598,5531.604939588451,bench_add_symbolic_register
253.65672,253.65812,0.0013999999999896318,5447.56627637439,bench_add_symbolic_register
253.85838,253.8598,0.00141999999999598,5533.709437567689,bench_add_symbolic_register
254.06006,254.06146,0.0014000000000180535,5448.416210782656,bench_add_symbolic_register
254.26172,254.26312,0.0013999999999896318,5465.372248978589,bench_add_symbolic_register
254.46338,254.46478,0.0013999999999896318,5454.091869720248,bench_add_symbolic_register
254.66504,254.66644,0.0013999999999896318,5446.701464201638,bench_add_symbolic_register
254.8667,254.8681,0.0013999999999896318,5456.508803138211,bench_add_symbolic_register
255.06836,255.06976,0.0013999999999896318,5458.618800576782,bench_add_symbolic_register
255.27002,255.27142,0.0014000000000180535,5461.802203282167,bench_add_symbolic_register
255.47168,255.47308,0.0014000000000180535,5458.576763120026,bench_add_symbolic_register
255.67332,255.67474,0.0014200000000244017,5530.070918708837,bench_add_symbolic_register
255.875,255.8764,0.0013999999999896318,5449.484400410637,bench_add_symbolic_register
256.07666,256.07806,0.0013999999999896318,5450.852015016888,bench_add_symbolic_register
256.2783,256.27972,0.00141999999999598,5515.412739462205,bench_add_symbolic_register
256.47996,256.48138,0.00141999999999598,5524.561451732535,bench_add_symbolic_register
256.68162,256.68302,0.0013999999999896318,5453.923616983036,bench_add_symbolic_register
256.88328,256.88468,0.0013999999999896318,5448.318989905483,bench_add_symbolic_register
257.08494,257.08634,0.0013999999999896318,5464.152260639444,bench_add_symbolic_register
257.2866,257.288,0.0013999999999896318,5453.95527263173,bench_add_symbolic_register
257.48824,257.48964,0.0013999999999896318,5468.717147551733,bench_add_symbolic_register
257.6899,257.6913,0.0013999999999896318,5453.861802769028,bench_add_symbolic_register
257.89156,257.89296,0.0013999999999896318,5446.130954610259,bench_add_symbolic_register
258.09322,258.09462,0.0014000000000464752,5459.53459590601,bench_add_symbolic_register
258.29488,258.29628,0.0014000000000464752,5440.6839191887475,bench_add_symbolic_register
258.49654,258.49794,0.0014000000000464752,5447.910202382781,bench_add_symbolic_register
258.6982,258.6996,0.0013999999999896318,5439.250851013171,bench_add_symbolic_register
258.89986,258.90126,0.0013999999999896318,5453.51808887114,bench_add_symbolic_register
259.10152,259.10294,0.00141999999999598,5519.230691701084,bench_add_symbolic_register
259.3032,259.3046,0.0013999999999896318,5461.226454892384,bench_add_symbolic_register
259.50484,259.50626,0.00141999999999598,5526.481945985375,bench_add_symbolic_register
259.7065,259.7079,0.0013999999999896318,5457.080008889122,bench_add_symbolic_register
259.90816,259.90956,0.0013999999999896318,5448.39648293081,bench_add_symbolic_register
260.10982,260.11122,0.0013999999999896318,5447.558802509725,bench_add_symbolic_register
260.31148,260.31288,0.0013999999999896318,5448.484215843451,bench_add_symbolic_register
260.51312,260.51454,0.00141999999999598,5529.977560492167,bench_add_symbolic_register
260.71478,260.71618,0.0013999999999896318,5466.865380250788,bench_add_symbolic_register
260.91644,260.91784,0.0013999999999896318,5452.104844107894,bench_add_symbolic_register
261.11808,261.1195,0.00141999999999598,5526.775626908261,bench_add_symbolic_register
261.31974,261.32114,0.0013999999999896318,5455.155190960276,bench_add_symbolic_register
261.5214,261.5228,0.0013999999999896318,5436.009219796394,bench_add_symbolic_register
261.72304,261.72444,0.0013999999999896318,5452.126213299989,bench_add_symbolic_register
261.9247,261.9261,0.0014000000000464752,5454.763281345214,bench_add_symbolic_register
262.12634,262.12774,0.0013999999999896318,5445.934033436256,bench_add_symbolic_register
262.328,262.3294,0.0014000000000464752,5434.780079125792,bench_add_symbolic_register
262.52966,262.53106,0.0014000000000464752,5440.018717383837,bench_add_symbolic_register
262.7313,262.7327,0.0014000000000464752,5449.211721026148,bench_add_symbolic_register
262.93296,262.93436,0.0014000000000464752,5437.301253149444,bench_add_symbolic_register
263.13462,263.13602,0.0013999999999896318,5444.216038995263,bench_add_symbolic_register
263.33626,263.33768,0.00141999999999598,5532.585438329272,bench_add_symbolic_register
263.53792,263.53932,0.0013999999999896318,5441.576314590141,bench_add_symbolic_register
263.73958,263.74098,0.0013999999999896318,5443.895296158915,bench_add_symbolic_register
263.94124,263.94264,0.0013999999999896318,5457.099899608653,bench_add_symbolic_register
264.1429,264.1443,0.0013999999999896318,5446.682213770489,bench_add_symbolic_register
264.34456,264.34596,0.0013999999999896318,5459.6633975926,bench_add_symbolic_register
264.54622,264.54762,0.0013999999999896318,5449.700078420119,bench_add_symbolic_register
264.74788,264.74928,0.0013999999999896318,5465.552296916385,bench_add_symbolic_register
264.94954,264.95094,0.0013999999999896318,5439.979508475896,bench_add_symbolic_register
265.1512,265.1526,0.0013999999999896318,5445.9723480528255,bench_add_symbolic_register
265.35286,265.35426,0.0013999999999896318,5461.565842805925,bench_add_symbolic_register
265.55452,265.55592,0.0013999999999896318,5455.821237943983,bench_add_symbolic_register
265.75618,265.75758,0.0014000000000464752,5460.359906035562,bench_add_symbolic_register
265.95784,265.95924,0.0014000000000464752,5449.741319940506,bench_add_symbolic_register
266.1595,266.1609,0.0014000000000464752,5457.863242087479,bench_add_symbolic_register
266.36116,266.36256,0.0013999999999896318,5450.56395461926,bench_add_symbolic_register
266.56282,266.56422,0.0013999999999896318,5450.655221901833,bench_add_symbolic_register
266.76448,266.7659,0.00141999999999598,5537.28962315637,bench_add_symbolic_register
266.96614,266.96756,0.00141999999999598,5531.568075518035,bench_add_symbolic_register
267.1678,267.1692,0.0013999999999896318,5455.7712096321375,bench_add_symbolic_register
267.36946,267.37086,0.0013999999999896318,5466.013806830241,bench_add_symbolic_register
267.57112,267.57252,0.0013999999999896318,5448.7091605155465,bench_add_symbolic_register
267.77278,267.77418,0.0013999999999896318,5453.027980361791,bench_add_symbolic_register
267.97444,267.97584,0.0013999999999896318,5454.871281942854,bench_add_symbolic_register
268.1761,268.1775,0.0013999999999896318,5454.101087480718,bench_add_symbolic_register
268.37776,268.37916,0.0013999999999896318,5450.964993749534,bench_add_symbolic_register
268.57942,268.58082,0.0013999999999896318,5458.077727771138,bench_add_symbolic_register
268.78108,268.78248,0.0014000000000464752,5455.77691886541,bench_add_symbolic_register
268.98274,268.98414,0.0014000000000464752,5454.818939508061,bench_add_symbolic_register
269.1844,269.1858,0.0013999999999896318,5451.2386186638805,bench_add_symbolic_register
269.38604,269.38744,0.0014000000000464752,5463.455873724937,bench_add_symbolic_register
269.5877,269.5891,0.0013999999999896318,5456.735575535461,bench_add_symbolic_register
269.78936,269.79076,0.0013999999999896318,5454.1673324593285,bench_add_symbolic_register
269.99102,269.99242,0.0013999999999896318,5450.851153541203,bench_add_symbolic_register
270.19268,270.19408,0.0013999999999896318,5460.410283371961,bench_add_symbolic_register
270.39434,270.39574,0.0013999999999896318,5454.795719083266,bench_add_symbolic_register
270.596,270.5974,0.0013999999999896318,5451.524374036114,bench_add_symbolic_register
270.79766,270.79906,0.0013999999999896318,5463.937497657719,bench_add_symbolic_register
270.99932,271.00072,0.0013999999999896318,5440.686140168025,bench_add_symbolic_register
271.20096,271.20236,0.0013999999999896318,5455.98995867851,bench_add_symbolic_register
271.40262,271.40402,0.0013999999999896318,5445.639814676564,bench_add_symbolic_register
271.60428,271.60568,0.0013999999999896318,5461.330418430498,bench_add_symbolic_register
271.80594,271.80734,0.0013999999999896318,5458.0003139120845,bench_add_symbolic_register
272.0076,272.009,0.0013999999999896318,5461.7935185767465,bench_add_symbolic_register
272.20926,272.21066,0.0014000000000464752,5454.874118044055,bench_add_symbolic_register
272.41092,272.41314,0.0022200000000225373,8976.166355518442,bench_add_symbolic_indexed
272.6134,272.61562,0.002219999999965694,8979.091071383578,bench_add_symbolic_indexed
272.81588,272.8181,0.0022200000000225373,8977.845129649048,bench_add_symbolic_indexed
273.01836,273.0206,0.0022400000000288856,9064.197591623642,bench_add_symbolic_indexed
273.22084,273.22306,0.002219999999965694,8971.792980885833,bench_add_symbolic_indexed
273.42332,273.42554,0.0022200000000225373,8966.945498343664,bench_add_symbolic_indexed
273.6258,273.62802,0.002219999999965694,8977.157729535344,bench_add_symbolic_indexed
273.82828,273.8305,0.002219999999965694,8970.658350596479,bench_add_symbolic_indexed
274.03076,274.03298,0.0022200000000225373,8984.622974039929,bench_add_symbolic_indexed
274.23324,274.23546,0.002219999999965694,8995.598824553586,bench_add_symbolic_indexed
274.43572,274.43794,0.0022200000000225373,8981.451238598105,bench_add_symbolic_indexed
274.6382,274.64044,0.0022400000000288856,9062.734809825924,bench_add_symbolic_indexed
274.84068,274.84292,0.002239999999972042,9066.22147175691,bench_add_symbolic_indexed
275.04318,275.0454,0.002219999999965694,8977.23385584453,bench_add_symbolic_indexed
275.24566,275.24788,0.0022200000000225373,8974.156053833141,bench_add_symbolic_indexed
275.44814,275.45036,0.002219999999965694,8988.446048319243,bench_add_symbolic_indexed
275.65062,275.65284,0.0022200000000225373,8976.405370142125,bench_add_symbolic_indexed
275.8531,275.85532,0.0022200000000225373,8971.801707610004,bench_add_symbolic_indexed
276.05558,276.0578,0.002219999999965694,8984.00709019298,bench_add_symbolic_indexed
276.25806,276.26028,0.0022200000000225373,8985.208333560744,bench_add_symbolic_indexed
276.46054,276.46276,0.0022200000000225373,8986.951913777413,bench_add_symbolic_indexed
276.66302,276.66526,0.002239999999972042,9058.67676239233,bench_add_symbolic_indexed
276.86552,276.86774,0.0022200000000225373,8971.216781157253,bench_add_symbolic_indexed
277.068,277.07022,0.0022200000000225373,8970.646578906264,bench_add_symbolic_indexed
277.27046,277.2727,0.002239999999972042,9050.242351253499,bench_add_symbolic_indexed
277.47294,277.47516,0.0022200000000225373,8980.371714666702,bench_add_symbolic_indexed
277.67542,277.67764,0.0022200000000225373,8975.63899411215,bench_add_symbolic_indexed
277.8779,277.88012,0.002219999999965694,8983.424394253903,bench_add_symbolic_indexed
278.08038,278.0826,0.0022200000000225373,8978.914087730209,bench_add_symbolic_indexed
278.28286,278.2851,0.002239999999972042,9056.63018568749,bench_add_symbolic_indexed
278.48534,278.48756,0.002219999999965694,8981.865560497448,bench_add_symbolic_indexed
278.68782,278.69004,0.0022200000000225373,8975.449982190761,bench_add_symbolic_indexed
278.8903,278.89252,0.002219999999965694,8966.578747931411,bench_add_symbolic_indexed
279.09278,279.095,0.0022200000000225373,8984.777690002653,bench_add_symbolic_indexed
279.29526,279.29748,0.0022200000000225373,8978.257994263387,bench_add_symbolic_indexed
279.49774,279.49998,0.002239999999972042,9056.790820208285,bench_add_symbolic_indexed
279.70022,279.70244,0.0022200000000225373,8973.633544613524,bench_add_symbolic_indexed
279.9027,279.90492,0.0022200000000225373,8985.66652564128,bench_add_symbolic_indexed
280.10518,280.1074,0.002219999999965694,8997.332067085768,bench_add_symbolic_indexed
280.30766,280.30988,0.0022200000000225373,8996.004914025169,bench_add_symbolic_indexed
280.51014,280.51236,0.0022200000000225373,8980.228174569591,bench_add_symbolic_indexed
280.71262,280.71486,0.002239999999972042,9064.147588684942,bench_add_symbolic_indexed
280.9151,280.91734,0.0022400000000288856,9053.032086350886,bench_add_symbolic_indexed
281.11758,281.1198,0.0022200000000225373,8982.89274433537,bench_add_symbolic_indexed
281.32006,281.32228,0.002219999999965694,8981.242058658441,bench_add_symbolic_indexed
281.52254,281.52476,0.0022200000000225373,8992.01183123102,bench_add_symbolic_indexed
281.72502,281.72724,0.0022200000000225373,8976.241359577214,bench_add_symbolic_indexed
281.9275,281.92972,0.002219999999965694,8987.933522883917,bench_add_symbolic_indexed
282.12998,282.1322,0.0022200000000225373,8982.34905684277,bench_add_symbolic_indexed
282.33246,282.33468,0.002219999999965694,8982.889712642842,bench_add_symbolic_indexed
282.53494,282.53716,0.002219999999965694,8986.382079174951,bench_add_symbolic_indexed
282.73742,282.73964,0.0022200000000225373,8993.188259286673,bench_add_symbolic_indexed
282.9399,282.94214,0.002239999999972042,9061.168208599716,bench_add_symbolic_indexed
283.1424,283.14462,0.002219999999965694,8974.492540444238,bench_add_symbolic_indexed
283.34488,283.3471,0.0022200000000225373,8984.387326146465,bench_add_symbolic_indexed
283.54736,283.54958,0.002219999999965694,8989.119045295993,bench_add_symbolic_indexed
283.74984,283.75208,0.002239999999972042,9058.070802016513,bench_add_symbolic_indexed
283.95234,283.95456,0.0022200000000225373,8996.912478561462,bench_add_symbolic_indexed
284.15482,284.15706,0.0022400000000288856,9067.84980569758,bench_add_symbolic_indexed
284.35732,284.35954,0.002219999999965694,8978.376211458932,bench_add_symbolic_indexed
284.5598,284.56202,0.0022200000000225373,8973.940629607425,bench_add_symbolic_indexed
284.76228,284.7645,0.0022200000000225373,8981.946897785636,bench_add_symbolic_indexed
284.96476,284.96698,0.002219999999965694,8989.500361350516,bench_add_symbolic_indexed
285.16724,285.16946,0.0022200000000225373,8991.116359922516,bench_add_symbolic_indexed
285.36972,285.37196,0.0022400000000288856,9060.811721841737,bench_add_symbolic_indexed
285.57222,285.57444,0.002219999999965694,8983.588623673351,bench_add_symbolic_indexed
285.7747,285.77692,0.0022200000000225373,8995.024380367226,bench_add_symbolic_indexed
285.97718,285.9794,0.0022200000000225373,8997.577643119359,bench_add_symbolic_indexed
286.17968,286.1819,0.002219999999965694,8974.320310956206,bench_add_symbolic_indexed
286.38216,286.38438,0.0022200000000225373,8986.906460580109,bench_add_symbolic_indexed
286.58464,286.58686,0.0022200000000225373,8993.188068363892,bench_add_symbolic_indexed
286.78712,286.78934,0.002219999999965694,8990.107173891525,bench_add_symbolic_indexed
286.9896,286.99184,0.0022400000000288856,9079.050300760731,bench_add_symbolic_indexed
287.1921,287.19432,0.0022200000000225373,8983.034603390453,bench_add_symbolic_indexed
287.39458,287.3968,0.002219999999965694,8973.148017977875,bench_add_symbolic_indexed
287.59708,287.5993,0.0022200000000225373,8980.221352628312,bench_add_symbolic_indexed
287.79956,287.80178,0.0022200000000225373,8992.193718529197,bench_add_symbolic_indexed
288.00206,288.00428,0.0022200000000225373,8992.12908009072,bench_add_symbolic_indexed
288.20454,288.20676,0.002219999999965694,8972.354959560698,bench_add_symbolic_indexed
288.40702,288.40924,0.0022200000000225373,8985.135047787924,bench_add_symbolic_indexed
288.6095,288.61172,0.002219999999965694,8995.853531966866,bench_add_symbolic_indexed
288.81198,288.8142,0.0022200000000225373,8999.099489394717,bench_add_symbolic_indexed
289.01448,289.0167,0.0022200000000225373,8989.347405827495,bench_add_symbolic_indexed
289.21696,289.21918,0.0022200000000225373,8992.880545651373,bench_add_symbolic_indexed
289.41944,289.42168,0.002239999999972042,9074.665172842648,bench_add_symbolic_indexed
289.62192,289.62416,0.0022400000000288856,9062.96817597679,bench_add_symbolic_indexed
289.82442,289.82664,0.0022200000000225373,8984.000696894289,bench_add_symbolic_indexed
290.0269,290.02912,0.002219999999965694,8983.633252649788,bench_add_symbolic_indexed
290.2294,290.23162,0.0022200000000225373,8987.875185066845,bench_add_symbolic_indexed
290.43188,290.43412,0.0022400000000288856,9071.462662080117,bench_add_symbolic_indexed
290.63438,290.6366,0.002219999999965694,8977.320883282535,bench_add_symbolic_indexed
290.83688,290.8391,0.002219999999965694,8999.88475707444,bench_add_symbolic_indexed
291.03936,291.04158,0.0022200000000225373,8986.198082657633,bench_add_symbolic_indexed
291.24186,291.24408,0.0022200000000225373,8978.822366429573,bench_add_symbolic_indexed
291.44436,291.44658,0.002219999999965694,8977.740360278734,bench_add_symbolic_indexed
291.64684,291.64906,0.0022200000000225373,8992.322576325123,bench_add_symbolic_indexed
291.84932,291.85156,0.0022400000000288856,9069.109563834796,bench_add_symbolic_indexed
292.05182,292.05404,0.002219999999965694,8987.388741083676,bench_add_symbolic_indexed
292.2543,292.25652,0.0022200000000225373,8987.128888348767,bench_add_symbolic_indexed
292.4568,292.45902,0.0022200000000225373,8999.847350735667,bench_add_symbolic_indexed
292.6593,292.6615,0.002200000000016189,8866.374567216473,bench_add_symbolic_symbolic
292.86176,292.86396,0.002200000000016189,8867.070730838886,bench_add_symbolic_symbolic
293.06422,293.06642,0.002200000000016189,8858.798360520423,bench_add_symbolic_symbolic
293.26668,293.26888,0.002200000000016189,8866.15967385019,bench_add_symbolic_symbolic
293.46914,293.47134,0.002200000000016189,8868.021951125975,bench_add_symbolic_symbolic
293.6716,293.6738,0.002200000000016189,8865.295895435185,bench_add_symbolic_symbolic
293.87406,293.87626,0.002200000000016189,8860.855661400536,bench_add_symbolic_symbolic
294.07652,294.07872,0.0021999999999593456,8860.169737434764,bench_add_symbolic_symbolic
294.27898,294.28118,0.002200000000016189,8880.968461814435,bench_add_symbolic_symbolic
294.48144,294.48364,0.0021999999999593456,8854.456650859032,bench_add_symbolic_symbolic
294.6839,294.6861,0.002200000000016189,8880.062815798768,bench_add_symbolic_symbolic
294.88636,294.88856,0.0021999999999593456,8859.081142410689,bench_add_symbolic_symbolic
295.08882,295.09102,0.002200000000016189,8860.415699957577,bench_add_symbolic_symbolic
295.2913,295.2935,0.002200000000016189,8860.87030179002,bench_add_symbolic_symbolic
295.49376,295.49596,0.002200000000016189,8856.017682764486,bench_add_symbolic_symbolic
295.69622,295.69842,0.002200000000016189,8865.994815780343,bench_add_symbolic_symbolic
295.89868,295.9009,0.002219999999965694,8946.823342564674,bench_add_symbolic_symbolic
296.10116,296.10336,0.002200000000016189,8862.915365089635,bench_add_symbolic_symbolic
296.30362,296.30582,0.0021999999999593456,8863.1357018122,bench_add_symbolic_symbolic
296.50608,296.50828,0.002200000000016189,8875.477011379324,bench_add_symbolic_symbolic
296.70854,296.71074,0.0021999999999593456,8866.05740508164,bench_add_symbolic_symbolic
296.911,296.9132,0.002200000000016189,8864.617436257207,bench_add_symbolic_symbolic
297.11346,297.11566,0.002200000000016189,8868.857403352056,bench_add_symbolic_symbolic
297.31592,297.31812,0.002200000000016189,8870.046460138063,bench_add_symbolic_symbolic
297.5184,297.5206,0.002200000000016189,8873.914950592312,bench_add_symbolic_symbolic
297.72086,297.72306,0.0021999999999593456,8863.696451130669,bench_add_symbolic_symbolic
297.92334,297.92554,0.002200000000016189,8860.935317419853,bench_add_symbolic_symbolic
298.1258,298.128,0.0021999999999593456,8854.39528135489,bench_add_symbolic_symbolic
298.32826,298.33046,0.002200000000016189,8859.902615724459,bench_add_symbolic_symbolic
298.53072,298.53292,0.002200000000016189,8867.71594646647,bench_add_symbolic_symbolic
298.73318,298.73538,0.002200000000016189,8853.531940906585,bench_add_symbolic_symbolic
298.93564,298.93784,0.002200000000016189,8862.412986413507,bench_add_symbolic_symbolic
299.13812,299.14032,0.0021999999999593456,8872.396712953936,bench_add_symbolic_symbolic
299.34058,299.34278,0.002200000000016189,8865.423603049278,bench_add_symbolic_symbolic
299.54304,299.54524,0.0021999999999593456,8858.201051893113,bench_add_symbolic_symbolic
299.74552,299.74772,0.002200000000016189,8876.96560013465,bench_add_symbolic_symbolic
299.94798,299.95018,0.002200000000016189,8870.885656282755,bench_add_symbolic_symbolic
300.15044,300.15264,0.002200000000016189,8876.821142685523,bench_add_symbolic_symbolic
300.35292,300.35512,0.002200000000016189,8874.625070087819,bench_add_symbolic_symbolic
300.55538,300.55758,0.0021999999999593456,8860.946809708379,bench_add_symbolic_symbolic
300.75784,300.76004,0.002200000000016189,8858.2552038834,bench_add_symbolic_symbolic
300.9603,300.9625,0.0021999999999593456,8868.084042162753,bench_add_symbolic_symbolic
301.16276,301.16496,0.002200000000016189,8868.744429266791,bench_add_symbolic_symbolic
301.36522,301.36742,0.0021999999999593456,8867.339128459986,bench_add_symbolic_symbolic
301.56768,301.56988,0.002200000000016189,8878.652853959393,bench_add_symbolic_symbolic
301.77014,301.77234,0.0021999999999593456,8846.946577372413,bench_add_symbolic_symbolic
301.9726,301.97482,0.0022200000000225373,8939.994885679429,bench_add_symbolic_symbolic
302.17506,302.17726,0.002200000000016189,8868.730920438165,bench_add_symbolic_symbolic
302.37752,302.37972,0.002200000000016189,8852.081042779273,bench_add_symbolic_symbolic
302.57998,302.58218,0.002200000000016189,8872.070172869127,bench_add_symbolic_symbolic
302.78244,302.78464,0.002200000000016189,8861.895231594766,bench_add_symbolic_symbolic
302.9849,302.9871,0.002200000000016189,8868.814003721724,bench_add_symbolic_symbolic
303.18736,303.18956,0.0021999999999593456,8865.543752742868,bench_add_symbolic_symbolic
303.38982,303.39202,0.002200000000016189,8859.790884959497,bench_add_symbolic_symbolic
303.59228,303.59448,0.0021999999999593456,8870.15199272185,bench_add_symbolic_symbolic
303.79474,303.79694,0.002200000000016189,8873.360366629046,bench_add_symbolic_symbolic
303.9972,303.9994,0.0021999999999593456,8860.121466985198,bench_add_symbolic_symbolic
304.19968,304.20188,0.002200000000016189,8872.452452842159,bench_add_symbolic_symbolic
304.40214,304.40434,0.002200000000016189,8868.397930708268,bench_add_symbolic_symbolic
304.6046,304.6068,0.002200000000016189,8873.45562230005,bench_add_symbolic_symbolic
304.80704,304.80924,0.002200000000016189,8866.469319973261,bench_add_symbolic_symbolic
305.00952,305.01172,0.002200000000016189,8860.880835046102,bench_add_symbolic_symbolic
305.21198,305.21418,0.002200000000016189,8869.626671139333,bench_add_symbolic_symbolic
305.41444,305.41664,0.0021999999999593456,8865.916551860935,bench_add_symbolic_symbolic
305.6169,305.6191,0.002200000000016189,8873.939821560809,bench_add_symbolic_symbolic
305.81936,305.82156,0.0021999999999593456,8865.096825009889,bench_add_symbolic_symbolic
306.02182,306.02402,0.002200000000016189,8870.699526810988,bench_add_symbolic_symbolic
306.22428,306.22648,0.0021999999999593456,8861.483526252261,bench_add_symbolic_symbolic
306.42674,306.42894,0.002200000000016189,8864.371916344147,bench_add_symbolic_symbolic
306.6292,306.6314,0.0021999999999593456,8868.965166452708,bench_add_symbolic_symbolic
306.83164,306.83384,0.002200000000016189,8868.281836689106,bench_add_symbolic_symbolic
307.0341,307.0363,0.0021999999999593456,8875.369434078964,bench_add_symbolic_symbolic
307.23656,307.23876,0.002200000000016189,8865.479449805196,bench_add_symbolic_symbolic
307.43902,307.44122,0.0021999999999593456,8854.301660154602,bench_add_symbolic_symbolic
307.64148,307.64368,0.002200000000016189,8876.740257321582,bench_add_symbolic_symbolic
307.84394,307.84614,0.002200000000016189,8871.18861551878,bench_add_symbolic_symbolic
308.0464,308.0486,0.002200000000016189,8865.373265063496,bench_add_symbolic_symbolic
308.24886,308.25106,0.002200000000016189,8869.911534779478,bench_add_symbolic_symbolic
308.45132,308.45352,0.002200000000016189,8861.809447472357,bench_add_symbolic_symbolic
308.65378,308.65598,0.002200000000016189,8858.192237161546,bench_add_symbolic_symbolic
308.85624,308.85844,0.0021999999999593456,8864.976344466586,bench_add_symbolic_symbolic
309.0587,309.0609,0.002200000000016189,8860.632926294642,bench_add_symbolic_symbolic
309.26118,309.26338,0.0021999999999593456,8863.854580388394,bench_add_symbolic_symbolic
309.46364,309.46584,0.002200000000016189,8867.082684365108,bench_add_symbolic_symbolic
309.6661,309.6683,0.002200000000016189,8868.408929621757,bench_add_symbolic_symbolic
309.86856,309.87076,0.002200000000016189,8871.123748899627,bench_add_symbolic_symbolic
310.07102,310.07322,0.002200000000016189,8869.435144656461,bench_add_symbolic_symbolic
310.27348,310.27568,0.002200000000016189,8851.490044097443,bench_add_symbolic_symbolic
310.47594,310.47814,0.002200000000016189,8853.6213059651,bench_add_symbolic_symbolic
310.6784,310.6806,0.002200000000016189,8865.156108573792,bench_add_symbolic_symbolic
310.88086,310.88306,0.002200000000016189,8866.35233654648,bench_add_symbolic_symbolic
311.08334,311.08554,0.0021999999999593456,8872.205433267465,bench_add_symbolic_symbolic
311.2858,311.288,0.002200000000016189,8856.380535354247,bench_add_symbolic_symbolic
311.48828,311.49048,0.002200000000016189,8867.2590722072,bench_add_symbolic_symbolic
311.69074,311.69294,0.002200000000016189,8866.84353935541,bench_add_symbolic_symbolic
311.8932,311.8954,0.002200000000016189,8868.525014327706,bench_add_symbolic_symbolic
312.09566,312.09786,0.002200000000016189,8866.184507555465,bench_add_symbolic_symbolic
312.29814,312.30034,0.002200000000016189,8860.099120132198,bench_add_symbolic_symbolic
312.5006,312.5028,0.0021999999999593456,8859.402374199164,bench_add_symbolic_symbolic
312.70306,312.70526,0.002200000000016189,8866.752982207445,bench_add_symbolic_symbolic
312.90552,312.90774,0.002219999999965694,8933.275006568174,bench_add_symbolic_absolute
313.108,313.11022,0.0022200000000225373,8940.417245121425,bench_add_symbolic_absolute
313.31048,313.3127,0.0022200000000225373,8930.27217602632,bench_add_symbolic_absolute
313.51296,313.51518,0.002219999999965694,8941.110558663488,bench_add_symbolic_absolute
313.71544,313.71766,0.0022200000000225373,8943.305970261223,bench_add_symbolic_absolute
313.91792,313.92014,0.0022200000000225373,8940.29071563656,bench_add_symbolic_absolute
314.12042,314.12264,0.002219999999965694,8943.433109526917,bench_add_symbolic_absolute
314.3229,314.32512,0.0022200000000225373,8938.557305465632,bench_add_symbolic_absolute
314.52538,314.5276,0.0022200000000225373,8926.252760086012,bench_add_symbolic_absolute
314.72788,314.7301,0.002219999999965694,8935.278090505026,bench_add_symbolic_absolute
314.93036,314.93258,0.002219999999965694,8933.683941001946,bench_add_symbolic_absolute
315.13284,315.13506,0.0022200000000225373,8938.306626024929,bench_add_symbolic_absolute
315.33532,315.33754,0.002219999999965694,8932.850449201902,bench_add_symbolic_absolute
315.53778,315.54,0.0022200000000225373,8937.64423215574,bench_add_symbolic_absolute
315.74026,315.74248,0.0022200000000225373,8939.088895077286,bench_add_symbolic_absolute
315.94274,315.94496,0.002219999999965694,8923.242078022771,bench_add_symbolic_absolute
316.14524,316.14746,0.0022200000000225373,8935.224078682382,bench_add_symbolic_absolute
316.34772,316.34994,0.0022200000000225373,8945.123134275536,bench_add_symbolic_absolute
316.5502,316.55242,0.002219999999965694,8918.193802099728,bench_add_symbolic_absolute
316.75268,316.7549,0.0022200000000225373,8935.358198452117,bench_add_symbolic_absolute
316.95516,316.95738,0.0022200000000225373,8936.458686456433,bench_add_symbolic_absolute
317.15764,317.15986,0.002219999999965694,8940.198654170574,bench_add_symbolic_absolute
317.36012,317.36234,0.0022200000000225373,8939.807182271425,bench_add_symbolic_absolute
317.5626,317.56482,0.0022200000000225373,8947.2405008034,bench_add_symbolic_absolute
317.76508,317.7673,0.002219999999965694,8938.069329458245,bench_add_symbolic_absolute
317.96756,317.96978,0.0022200000000225373,8948.608003649122,bench_add_symbolic_absolute
318.17004,318.17226,0.0022200000000225373,8945.92636739978,bench_add_symbolic_absolute
318.37252,318.37474,0.002219999999965694,8935.423628285982,bench_add_symbolic_absolute
318.575,318.57722,0.0022200000000225373,8945.77487380926,bench_add_symbolic_absolute
318.77746,318.77968,0.002219999999965694,8949.304045968423,bench_add_symbolic_absolute
318.97994,318.98216,0.0022200000000225373,8942.052242440204,bench_add_symbolic_absolute
319.18242,319.18464,0.0022200000000225373,8944.409363997554,bench_add_symbolic_absolute
319.3849,319.38712,0.002219999999965694,8932.307571957583,bench_add_symbolic_absolute
319.58738,319.5896,0.0022200000000225373,8941.771150660576,bench_add_symbolic_absolute
319.78986,319.79208,0.0022200000000225373,8933.218917902583,bench_add_symbolic_absolute
319.99234,319.99456,0.002219999999965694,8946.54171527439,bench_add_symbolic_absolute
320.1948,320.19702,0.0022200000000225373,8936.87394456927,bench_add_symbolic_absolute
320.39728,320.3995,0.002219999999965694,8944.04001519583,bench_add_symbolic_absolute
320.59976,320.60198,0.0022200000000225373,8937.055976221296,bench_add_symbolic_absolute
320.80224,320.80446,0.0022200000000225373,8941.158526669255,bench_add_symbolic_absolute
321.00472,321.00694,0.002219999999965694,8935.678880519386,bench_add_symbolic_absolute
321.2072,321.20942,0.0022200000000225373,8947.6526995155,bench_add_symbolic_absolute
321.40968,321.4119,0.0022200000000225373,8942.133816983373,bench_add_symbolic_absolute
321.61216,321.61438,0.002219999999965694,8938.974812486931,bench_add_symbolic_absolute
321.81462,321.81684,0.0022200000000225373,8932.909914383032,bench_add_symbolic_absolute
322.0171,322.01932,0.002219999999965694,8943.460490412055,bench_add_symbolic_absolute
322.21958,322.2218,0.002219999999965694,8936.910158814653,bench_add_symbolic_absolute
322.42204,322.42426,0.0022200000000225373,8926.147236579118,bench_add_symbolic_absolute
322.62452,322.62674,0.002219999999965694,8937.093447754589,bench_add_symbolic_absolute
322.827,322.82922,0.0022200000000225373,8929.48693139334,bench_add_symbolic_absolute
323.02948,323.0317,0.0022200000000225373,8952.752668500745,bench_add_symbolic_absolute
323.23196,323.23416,0.0021999999999593456,8848.773091867579,bench_add_symbolic_absolute
323.43442,323.43664,0.0022200000000225373,8928.541839217794,bench_add_symbolic_absolute
323.6369,323.63912,0.002219999999965694,8938.057124471135,bench_add_symbolic_absolute
323.83938,323.8416,0.0022200000000225373,8942.371406684855,bench_add_symbolic_absolute
324.04186,324.04408,0.0022200000000225373,8933.141459802644,bench_add_symbolic_absolute
324.24434,324.24656,0.002219999999965694,8925.021597972958,bench_add_symbolic_absolute
324.44682,324.44904,0.0022200000000225373,8933.281558655572,bench_add_symbolic_absolute
324.6493,324.65152,0.0022200000000225373,8932.20930835134,bench_add_symbolic_absolute
324.85178,324.854,0.002219999999965694,8938.397830213326,bench_add_symbolic_absolute
325.05426,325.05648,0.0022200000000225373,8939.105621630377,bench_add_symbolic_absolute
325.25674,325.25896,0.0022200000000225373,8936.48117323819,bench_add_symbolic_absolute
325.45922,325.46144,0.002219999999965694,8950.787270299112,bench_add_symbolic_absolute
325.6617,325.66392,0.0022200000000225373,8942.750515505233,bench_add_symbolic_absolute
325.86418,325.8664,0.0022200000000225373,8938.554478901971,bench_add_symbolic_absolute
326.06664,326.06886,0.002219999999965694,8934.7443169461,bench_add_symbolic_absolute
326.26912,326.27134,0.0022200000000225373,8935.75463453136,bench_add_symbolic_absolute
326.4716,326.47382,0.002219999999965694,8920.372240106239,bench_add_symbolic_absolute
326.67408,326.6763,0.0022200000000225373,8938.93735492184,bench_add_symbolic_absolute
326.87656,326.87878,0.0022200000000225373,8928.331602458027,bench_add_symbolic_absolute
327.07902,327.08124,0.002219999999965694,8943.990487467117,bench_add_symbolic_absolute
327.2815,327.28372,0.0022200000000225373,8949.511512275923,bench_add_symbolic_absolute
327.48398,327.4862,0.0022200000000225373,8941.991408448974,bench_add_symbolic_absolute
327.68644,327.68866,0.0022200000000225373,8943.06667158272,bench_add_symbolic_absolute
327.88892,327.89114,0.0022200000000225373,8931.450080217286,bench_add_symbolic_absolute
328.09138,328.0936,0.002219999999965694,8936.586035278367,bench_add_symbolic_absolute
328.29386,328.29608,0.0022200000000225373,8936.148691083894,bench_add_symbolic_absolute
328.49634,328.49856,0.0022200000000225373,8927.668803465873,bench_add_symbolic_absolute
328.6988,328.70102,0.0022200000000225373,8933.511329905043,bench_add_symbolic_absolute
328.90128,328.9035,0.0022200000000225373,8934.361222290852,bench_add_symbolic_absolute
329.10376,329.10598,0.002219999999965694,8942.876569783057,bench_add_symbolic_absolute
329.30622,329.30844,0.0022200000000225373,8939.921395014051,bench_add_symbolic_absolute
329.5087,329.51092,0.0022200000000225373,8939.337753788479,bench_add_symbolic_absolute
329.71118,329.7134,0.002219999999965694,8933.160276942155,bench_add_symbolic_absolute
329.91366,329.91588,0.0022200000000225373,8932.451251988043,bench_add_symbolic_absolute
330.11612,330.11834,0.002219999999965694,8937.570140555828,bench_add_symbolic_absolute
330.3186,330.32082,0.0022200000000225373,8944.485271442885,bench_add_symbolic_absolute
330.52108,330.5233,0.0022200000000225373,8928.957041444315,bench_add_symbolic_absolute
330.72356,330.72578,0.002219999999965694,8945.500864507712,bench_add_symbolic_absolute
330.92604,330.92826,0.0022200000000225373,8936.765389605865,bench_add_symbolic_absolute
331.12852,331.13074,0.0022200000000225373,8933.292385282815,bench_add_symbolic_absolute
331.33098,331.3332,0.002219999999965694,8937.093489663277,bench_add_symbolic_absolute
331.53346,331.53568,0.0022200000000225373,8941.17652448168,bench_add_symbolic_absolute
331.73594,331.73816,0.002219999999965694,8932.5931759991,bench_add_symbolic_absolute
331.93842,331.94064,0.002219999999965694,8934.957538594874,bench_add_symbolic_absolute
332.1409,332.14312,0.0022200000000225373,8942.273128870833,bench_add_symbolic_absolute
332.34338,332.3456,0.002219999999965694,8939.374661858978,bench_add_symbolic_absolute
332.54586,332.54808,0.0022200000000225373,8931.008121089772,bench_add_symbolic_absolute
332.74834,332.75056,0.0022200000000225373,8934.856467039363,bench_add_symbolic_absolute
332.95084,332.95306,0.002219999999965694,8937.30313968677,bench_add_symbolic_absolute
333.15332,333.15472,0.0013999999999896318,5372.986495455177,bench_add_absolute_register
333.35498,333.35638,0.0013999999999896318,5377.044482116567,bench_add_absolute_register
333.55664,333.55806,0.00141999999999598,5451.716254445898,bench_add_absolute_register
333.75832,333.75972,0.0013999999999896318,5382.749419610273,bench_add_absolute_register
333.95998,333.96138,0.0014000000000464752,5379.443271269494,bench_add_absolute_register
334.16166,334.16306,0.0013999999999896318,5380.421283156044,bench_add_absolute_register
334.36332,334.36472,0.0013999999999896318,5381.166860423599,bench_add_absolute_register
334.56498,334.56638,0.0013999999999896318,5365.08054236245,bench_add_absolute_register
334.76664,334.76806,0.00141999999999598,5461.792747946481,bench_add_absolute_register
334.9683,334.96972,0.00141999999999598,5453.485434395282,bench_add_absolute_register
335.16998,335.17138,0.0013999999999896318,5382.560181853405,bench_add_absolute_register
335.37164,335.37304,0.0013999999999896318,5387.651289303838,bench_add_absolute_register
335.5733,335.5747,0.0013999999999896318,5377.889436157065,bench_add_absolute_register
335.77498,335.77638,0.0013999999999896318,5364.7168958048715,bench_add_absolute_register
335.97664,335.97804,0.0014000000000464752,5388.256930930393,bench_add_absolute_register
336.17832,336.17972,0.0013999999999896318,5374.378513044755,bench_add_absolute_register
336.38,336.3814,0.0013999999999896318,5358.731346165091,bench_add_absolute_register
336.58166,336.58306,0.0013999999999896318,5371.9401009942185,bench_add_absolute_register
336.78334,336.78474,0.0013999999999896318,5376.557984813485,bench_add_absolute_register
336.985,336.9864,0.0013999999999896318,5376.486668787133,bench_add_absolute_register
337.18668,337.18808,0.0013999999999896318,5375.048881345186,bench_add_absolute_register
337.38834,337.38974,0.0013999999999896318,5375.3834380262315,bench_add_absolute_register
337.59002,337.59142,0.0014000000000464752,5380.723143644675,bench_add_absolute_register
337.79168,337.79308,0.0013999999999896318,5371.197129099541,bench_add_absolute_register
337.99334,337.99474,0.0013999999999896318,5383.453080394259,bench_add_absolute_register
338.195,338.1964,0.0013999999999896318,5397.930773870359,bench_add_absolute_register
338.39668,338.39808,0.0013999999999896318,5375.133508309393,bench_add_absolute_register
338.59834,338.59974,0.0013999999999896318,5361.0299643699955,bench_add_absolute_register
338.8,338.8014,0.0013999999999896318,5363.017267038874,bench_add_absolute_register
339.00166,339.00306,0.0013999999999896318,5386.001719120256,bench_add_absolute_register
339.20334,339.20474,0.0013999999999896318,5376.039054198801,bench_add_absolute_register
339.405,339.4064,0.0014000000000464752,5363.527946357574,bench_add_absolute_register
339.60666,339.60806,0.0014000000000464752,5386.474516893229,bench_add_absolute_register
339.80832,339.80972,0.0014000000000464752,5377.402526979495,bench_add_absolute_register
340.00998,340.01138,0.0013999999999896318,5382.614722443186,bench_add_absolute_register
340.21164,340.21304,0.0013999999999896318,5385.393782018043,bench_add_absolute_register
340.4133,340.4147,0.0013999999999896318,5372.511097191916,bench_add_absolute_register
340.61496,340.61638,0.00141999999999598,5455.249140494164,bench_add_absolute_register
340.81662,340.81804,0.00141999999999598,5455.08879235357,bench_add_absolute_register
341.0183,341.0197,0.0013999999999896318,5380.730156278729,bench_add_absolute_register
341.21996,341.22136,0.0013999999999896318,5362.781544638814,bench_add_absolute_register
341.42162,341.42302,0.0013999999999896318,5373.159737746231,bench_add_absolute_register
341.62328,341.62468,0.0013999999999896318,5367.44986423152,bench_add_absolute_register
341.82494,341.82634,0.0013999999999896318,5376.758142324396,bench_add_absolute_register
342.0266,342.028,0.0014000000000464752,5370.012766401553,bench_add_absolute_register
342.22826,342.22966,0.0014000000000464752,5367.118185572145,bench_add_absolute_register
342.42992,342.43132,0.0014000000000464752,5375.5392042923995,bench_add_absolute_register
342.6316,342.633,0.0013999999999896318,5377.891957723571,bench_add_absolute_register
342.83326,342.83468,0.00141999999999598,5454.581633666373,bench_add_absolute_register
343.03494,343.03634,0.0013999999999896318,5385.029995774457,bench_add_absolute_register
343.23662,343.23802,0.0013999999999896318,5382.958855434352,bench_add_absolute_register
343.43828,343.43968,0.0013999999999896318,5377.085797907146,bench_add_absolute_register
343.63996,343.64136,0.0014000000000464752,5359.827552636317,bench_add_absolute_register
343.84162,343.84302,0.0014000000000464752,5385.867236370217,bench_add_absolute_register
344.04328,344.0447,0.00141999999999598,5446.911831376552,bench_add_absolute_register
344.24496,344.24636,0.0013999999999896318,5381.188378633498,bench_add_absolute_register
344.44662,344.44802,0.0013999999999896318,5369.802515448897,bench_add_absolute_register
344.64828,344.64968,0.0013999999999896318,5377.219624312554,bench_add_absolute_register
344.84994,344.85134,0.0013999999999896318,5379.545213614068,bench_add_absolute_register
345.05162,345.05302,0.0013999999999896318,5386.166104540734,bench_add_absolute_register
345.25328,345.25468,0.0013999999999896318,5381.279883396886,bench_add_absolute_register
345.45494,345.45636,0.00141999999999598,5449.567567536533,bench_add_absolute_register
345.65662,345.65802,0.0014000000000464752,5376.924770135308,bench_add_absolute_register
345.85828,345.85968,0.0014000000000464752,5387.259251624286,bench_add_absolute_register
346.05994,346.06136,0.00141999999999598,5463.402557643304,bench_add_absolute_register
346.26162,346.26302,0.0013999999999896318,5367.905995770822,bench_add_absolute_register
346.46328,346.46468,0.0013999999999896318,5376.18896454452,bench_add_absolute_register
346.66496,346.66636,0.0013999999999896318,5376.79273398358,bench_add_absolute_register
346.86662,346.86802,0.0013999999999896318,5370.0506104656615,bench_add_absolute_register
347.06828,347.0697,0.00141999999999598,5473.246639575256,bench_add_absolute_register
347.26996,347.27136,0.0013999999999896318,5374.277874312879,bench_add_absolute_register
347.47162,347.47304,0.0014200000000528235,5454.849987499292,bench_add_absolute_register
347.6733,347.6747,0.0013999999999896318,5383.572550453393,bench_add_absolute_register
347.87498,347.87638,0.0013999999999896318,5370.214525574929,bench_add_absolute_register
348.07664,348.07804,0.0013999999999896318,5384.353543592775,bench_add_absolute_register
348.2783,348.2797,0.0013999999999896318,5383.337354249926,bench_add_absolute_register
348.47996,348.48138,0.00141999999999598,5448.374482787035,bench_add_absolute_register
348.68164,348.68304,0.0013999999999896318,5369.105806997604,bench_add_absolute_register
348.8833,348.8847,0.0013999999999896318,5376.2168716184215,bench_add_absolute_register
349.08498,349.08638,0.0014000000000464752,5377.580197712844,bench_add_absolute_register
349.28664,349.28804,0.0014000000000464752,5362.825812954932,bench_add_absolute_register
349.48832,349.48972,0.0013999999999896318,5364.370965365003,bench_add_absolute_register
349.68998,349.69138,0.0013999999999896318,5386.60821035545,bench_add_absolute_register
349.89166,349.89306,0.0013999999999896318,5373.659860302742,bench_add_absolute_register
350.09332,350.09474,0.00141999999999598,5451.580919310856,bench_add_absolute_register
350.295,350.2964,0.0013999999999896318,5380.243556529881,bench_add_absolute_register
350.49666,350.49806,0.0013999999999896318,5381.8267932613335,bench_add_absolute_register
350.69834,350.69974,0.0014000000000464752,5373.625897521597,bench_add_absolute_register
350.9,350.9014,0.0014000000000464752,5367.001544399839,bench_add_absolute_register
351.10168,351.10308,0.0013999999999896318,5374.933534730372,bench_add_absolute_register
351.30334,351.30474,0.0013999999999896318,5383.786677811293,bench_add_absolute_register
351.50502,351.50642,0.0013999999999896318,5370.935457720378,bench_add_absolute_register
351.70668,351.70808,0.0013999999999896318,5377.638770696028,bench_add_absolute_register
351.90834,351.90974,0.0013999999999896318,5374.731603035118,bench_add_absolute_register
352.11002,352.11142,0.0013999999999896318,5389.079835685206,bench_add_absolute_register
352.31168,352.31308,0.0013999999999896318,5373.876776957878,bench_add_absolute_register
352.51334,352.51474,0.0013999999999896318,5379.192077035853,bench_add_absolute_register
352.71502,352.71642,0.0014000000000464752,5360.34944718186,bench_add_absolute_register
352.91668,352.91808,0.0013999999999896318,5373.911429164489,bench_add_absolute_register
353.11836,353.11976,0.0013999999999896318,5361.761886125169,bench_add_absolute_register
353.32002,353.32224,0.0022200000000225373,8927.9591851821,bench_add_absolute_indexed
353.52252,353.52474,0.0022200000000225373,8945.924402305243,bench_add_absolute_indexed
353.725,353.72722,0.002219999999965694,8951.8284889356,bench_add_absolute_indexed
353.9275,353.92972,0.002219999999965694,8930.219923938042,bench_add_absolute_indexed
354.12998,354.1322,0.0022200000000225373,8936.401708141902,bench_add_absolute_indexed
354.33248,354.3347,0.0022200000000225373,8938.486715869967,bench_add_absolute_indexed
354.53496,354.53718,0.002219999999965694,8944.368343660752,bench_add_absolute_indexed
354.73746,354.73968,0.0022200000000225373,8943.298538306548,bench_add_absolute_indexed
354.93996,354.94218,0.0022200000000225373,8945.778021681934,bench_add_absolute_indexed
355.14246,355.14468,0.002219999999965694,8940.7055637306,bench_add_absolute_indexed
355.34494,355.34716,0.002219999999965694,8937.451839307036,bench_add_absolute_indexed
355.54742,355.54966,0.0022400000000288856,9010.384143446128,bench_add_absolute_indexed
355.74992,355.75214,0.0022200000000225373,8955.048834995985,bench_add_absolute_indexed
355.9524,355.95464,0.002239999999972042,9012.280111089263,bench_add_absolute_indexed
356.1549,356.15712,0.0022200000000225373,8959.283931267182,bench_add_absolute_indexed
356.3574,356.35962,0.0022200000000225373,8941.949326641246,bench_add_absolute_indexed
356.5599,356.56212,0.002219999999965694,8941.274434184414,bench_add_absolute_indexed
356.76238,356.7646,0.002219999999965694,8931.862278707498,bench_add_absolute_indexed
356.96488,356.9671,0.0022200000000225373,8938.711863100154,bench_add_absolute_indexed
357.16738,357.1696,0.0022200000000225373,8933.63080462283,bench_add_absolute_indexed
357.36986,357.37208,0.002219999999965694,8940.154318555135,bench_add_absolute_indexed
357.57236,357.57458,0.0022200000000225373,8949.913852934184,bench_add_absolute_indexed
357.77484,357.77706,0.0022200000000225373,8957.990380098518,bench_add_absolute_indexed
357.97734,357.97956,0.002219999999965694,8942.641522594142,bench_add_absolute_indexed
358.17982,358.18204,0.002219999999965694,8950.411523554209,bench_add_absolute_indexed
358.38232,358.38454,0.0022200000000225373,8930.811388511393,bench_add_absolute_indexed
358.5848,358.58702,0.0022200000000225373,8935.671644378113,bench_add_absolute_indexed
358.78728,358.78952,0.002239999999972042,9028.00216328122,bench_add_absolute_indexed
358.98978,358.992,0.0022200000000225373,8947.922764435227,bench_add_absolute_indexed
359.19226,359.19448,0.0022200000000225373,8938.721958640652,bench_add_absolute_indexed
359.39474,359.39696,0.002219999999965694,8951.186323395455,bench_add_absolute_indexed
359.59722,359.59944,0.0022200000000225373,8936.12821595614,bench_add_absolute_indexed
359.79972,359.80194,0.0022200000000225373,8942.390903923511,bench_add_absolute_indexed
360.0022,360.00442,0.002219999999965694,8923.95727322088,bench_add_absolute_indexed
360.2047,360.20692,0.0022200000000225373,8948.528780691868,bench_add_absolute_indexed
360.40718,360.4094,0.0022200000000225373,8951.105740946752,bench_add_absolute_indexed
360.60966,360.61188,0.002219999999965694,8940.98923993092,bench_add_absolute_indexed
360.81214,360.81436,0.0022200000000225373,8926.83385414907,bench_add_absolute_indexed
361.01462,361.01684,0.0022200000000225373,8931.689797993267,bench_add_absolute_indexed
361.2171,361.21932,0.002219999999965694,8928.170362347057,bench_add_absolute_indexed
361.41958,361.4218,0.0022200000000225373,8946.59984866075,bench_add_absolute_indexed
361.62206,361.6243,0.0022400000000288856,9013.872612387331,bench_add_absolute_indexed
361.82456,361.82678,0.002219999999965694,8938.602348649893,bench_add_absolute_indexed
362.02704,362.02928,0.0022400000000288856,9021.169184825638,bench_add_absolute_indexed
362.22954,362.23176,0.0022200000000225373,8955.371473076682,bench_add_absolute_indexed
362.43204,362.43426,0.0022200000000225373,8936.254750097913,bench_add_absolute_indexed
362.63452,362.63674,0.002219999999965694,8928.947904942943,bench_add_absolute_indexed
362.83702,362.83924,0.0022200000000225373,8942.425106745957,bench_add_absolute_indexed
363.0395,363.04172,0.0022200000000225373,8937.475620864507,bench_add_absolute_indexed
363.24198,363.2442,0.002219999999965694,8938.050884610537,bench_add_absolute_indexed
363.44446,363.4467,0.0022400000000288856,9009.397775049834,bench_add_absolute_indexed
363.64696,363.64918,0.0022200000000225373,8930.21591482467,bench_add_absolute_indexed
363.84944,363.85166,0.002219999999965694,8951.93047342172,bench_add_absolute_indexed
364.05192,364.05414,0.0022200000000225373,8931.929119957145,bench_add_absolute_indexed
364.2544,364.25664,0.0022400000000288856,9020.004486783566,bench_add_absolute_indexed
364.4569,364.45912,0.002219999999965694,8939.581378222045,bench_add_absolute_indexed
364.65938,364.6616,0.0022200000000225373,8941.587512470489,bench_add_absolute_indexed
364.86186,364.8641,0.0022400000000288856,9010.836980424696,bench_add_absolute_indexed
365.06434,365.06658,0.002239999999972042,9027.70656149834,bench_add_absolute_indexed
365.26684,365.26906,0.0022200000000225373,8932.791445495503,bench_add_absolute_indexed
365.46932,365.47154,0.0022200000000225373,8952.422416860683,bench_add_absolute_indexed
365.67182,365.67404,0.002219999999965694,8929.774165011813,bench_add_absolute_indexed
365.8743,365.87652,0.0022200000000225373,8935.809559278889,bench_add_absolute_indexed
366.07678,366.079,0.0022200000000225373,8930.114787168168,bench_add_absolute_indexed
366.27928,366.2815,0.002219999999965694,8938.172808704077,bench_add_absolute_indexed
366.48176,366.48398,0.002219999999965694,8932.0677470889,bench_add_absolute_indexed
366.68424,366.68646,0.0022200000000225373,8949.979562405453,bench_add_absolute_indexed
366.88674,366.88896,0.0022200000000225373,8928.09506514966,bench_add_absolute_indexed
367.08922,367.09144,0.002219999999965694,8930.26703954596,bench_add_absolute_indexed
367.2917,367.29392,0.0022200000000225373,8936.499501671904,bench_add_absolute_indexed
367.49418,367.49642,0.0022400000000288856,9011.47002831581,bench_add_absolute_indexed
367.69666,367.6989,0.002239999999972042,9013.75655073516,bench_add_absolute_indexed
367.89916,367.90138,0.0022200000000225373,8932.743002748757,bench_add_absolute_indexed
368.10164,368.10386,0.0022200000000225373,8926.310949121134,bench_add_absolute_indexed
368.30412,368.30634,0.002219999999965694,8950.751554081131,bench_add_absolute_indexed
368.5066,368.50882,0.0022200000000225373,8927.197558897922,bench_add_absolute_indexed
368.70908,368.7113,0.0022200000000225373,8937.030918989023,bench_add_absolute_indexed
368.91156,368.91378,0.002219999999965694,8936.985898621811,bench_add_absolute_indexed
369.11404,369.11626,0.0022200000000225373,8946.280074401755,bench_add_absolute_indexed
369.31652,369.31874,0.002219999999965694,8940.93535360739,bench_add_absolute_indexed
369.519,369.52122,0.0022200000000225373,8945.332923992008,bench_add_absolute_indexed
369.72148,369.7237,0.0022200000000225373,8936.293111270848,bench_add_absolute_indexed
369.92396,369.92618,0.002219999999965694,8935.019620546518,bench_add_absolute_indexed
370.12644,370.12866,0.0022200000000225373,8930.700197904682,bench_add_absolute_indexed
370.32892,370.33114,0.0022200000000225373,8928.159987649939,bench_add_absolute_indexed
370.53142,370.53364,0.002219999999965694,8942.300942584967,bench_add_absolute_indexed
370.7339,370.73612,0.0022200000000225373,8931.372515015935,bench_add_absolute_indexed
370.93638,370.9386,0.0022200000000225373,8940.477031376142,bench_add_absolute_indexed
371.13888,371.1411,0.0022200000000225373,8946.950840853313,bench_add_absolute_indexed
371.34136,371.34358,0.002219999999965694,8936.13622510178,bench_add_absolute_indexed
371.54386,371.54608,0.0022200000000225373,8942.479137421933,bench_add_absolute_indexed
371.74634,371.74856,0.0022200000000225373,8936.912068261781,bench_add_absolute_indexed
371.94882,371.95106,0.002239999999972042,9023.088086278778,bench_add_absolute_indexed
372.15132,372.15354,0.0022200000000225373,8928.143894389463,bench_add_absolute_indexed
372.3538,372.35602,0.0022200000000225373,8942.010938277243,bench_add_absolute_indexed
372.55628,372.55852,0.002239999999972042,9017.03693426961,bench_add_absolute_indexed
372.75878,372.761,0.0022200000000225373,8933.722837921023,bench_add_absolute_indexed
372.96128,372.9635,0.0022200000000225373,8916.017399263728,bench_add_absolute_indexed
373.16378,373.166,0.0022200000000225373,8936.09176864755,bench_add_absolute_indexed
373.36628,373.3685,0.002219999999965694,8914.143782900454,bench_add_absolute_indexed
373.56878,373.57098,0.002200000000016189,8829.635595968359,bench_add_absolute_symbolic
373.77126,373.77346,0.002200000000016189,8818.148076596546,bench_add_absolute_symbolic
373.97372,373.97592,0.0021999999999593456,8823.642376647165,bench_add_absolute_symbolic
374.17618,374.17838,0.002200000000016189,8815.363030948893,bench_add_absolute_symbolic
374.37866,374.38086,0.0021999999999593456,8820.051294584167,bench_add_absolute_symbolic
374.58112,374.58332,0.002200000000016189,8824.60230036821,bench_add_absolute_symbolic
374.7836,374.7858,0.002200000000016189,8825.139342876266,bench_add_absolute_symbolic
374.98606,374.98826,0.002200000000016189,8816.843014275912,bench_add_absolute_symbolic
375.18852,375.19072,0.002200000000016189,8825.905709594912,bench_add_absolute_symbolic
375.391,375.3932,0.0021999999999593456,8816.737639550835,bench_add_absolute_symbolic
375.59346,375.59566,0.002200000000016189,8825.273499887253,bench_add_absolute_symbolic
375.79594,375.79814,0.002200000000016189,8822.952522964,bench_add_absolute_symbolic
375.9984,376.0006,0.002200000000016189,8805.817924505322,bench_add_absolute_symbolic
376.20088,376.20308,0.002200000000016189,8832.859192109967,bench_add_absolute_symbolic
376.40334,376.40554,0.0021999999999593456,8825.905108658799,bench_add_absolute_symbolic
376.6058,376.608,0.002200000000016189,8819.070849637035,bench_add_absolute_symbolic
376.80826,376.81048,0.002219999999965694,8903.684243418165,bench_add_absolute_symbolic
377.01074,377.01294,0.002200000000016189,8816.646719418735,bench_add_absolute_symbolic
377.2132,377.2154,0.002200000000016189,8810.84667991263,bench_add_absolute_symbolic
377.41566,377.41786,0.002200000000016189,8819.797048408733,bench_add_absolute_symbolic
377.61812,377.62032,0.002200000000016189,8822.260960072697,bench_add_absolute_symbolic
377.82058,377.82278,0.002200000000016189,8820.611424810646,bench_add_absolute_symbolic
378.02304,378.02524,0.002200000000016189,8831.304796107881,bench_add_absolute_symbolic
378.22552,378.22772,0.0021999999999593456,8820.573072713752,bench_add_absolute_symbolic
378.42798,378.43018,0.002200000000016189,8802.638761766118,bench_add_absolute_symbolic
378.63044,378.63264,0.0021999999999593456,8826.479990802187,bench_add_absolute_symbolic
378.83292,378.83512,0.002200000000016189,8831.801591507132,bench_add_absolute_symbolic
379.03538,379.03758,0.002200000000016189,8817.977849461291,bench_add_absolute_symbolic
379.23784,379.24004,0.002200000000016189,8817.263478477851,bench_add_absolute_symbolic
379.4403,379.4425,0.002200000000016189,8818.410574526157,bench_add_absolute_symbolic
379.64278,379.64498,0.0021999999999593456,8806.844926274805,bench_add_absolute_symbolic
379.84524,379.84744,0.002200000000016189,8812.27947778247,bench_add_absolute_symbolic
380.0477,380.0499,0.0021999999999593456,8812.377592385474,bench_add_absolute_symbolic
380.25016,380.25236,0.002200000000016189,8811.270166257334,bench_add_absolute_symbolic
380.4526,380.4548,0.0021999999999593456,8817.298728804324,bench_add_absolute_symbolic
380.65506,380.65726,0.002200000000016189,8816.221510127583,bench_add_absolute_symbolic
380.85752,380.85972,0.0021999999999593456,8816.182571296024,bench_add_absolute_symbolic
381.05998,381.06218,0.002200000000016189,8820.589557353876,bench_add_absolute_symbolic
381.26244,381.26464,0.0021999999999593456,8823.048770256652,bench_add_absolute_symbolic
381.4649,381.4671,0.002200000000016189,8827.956523810004,bench_add_absolute_symbolic
381.66736,381.66956,0.002200000000016189,8823.603368434513,bench_add_absolute_symbolic
381.86982,381.87202,0.002200000000016189,8813.8512382931,bench_add_absolute_symbolic
382.07228,382.07448,0.002200000000016189,8816.112801503084,bench_add_absolute_symbolic
382.27474,382.27694,0.002200000000016189,8811.305412155787,bench_add_absolute_symbolic
382.47718,382.47938,0.002200000000016189,8822.593293221884,bench_add_absolute_symbolic
382.67964,382.68184,0.002200000000016189,8815.590939547748,bench_add_absolute_symbolic
382.8821,382.8843,0.002200000000016189,8824.983490700502,bench_add_absolute_symbolic
383.08456,383.08676,0.002200000000016189,8823.18990311157,bench_add_absolute_symbolic
383.28702,383.28922,0.002200000000016189,8812.879161043482,bench_add_absolute_symbolic
383.48948,383.49168,0.0021999999999593456,8808.909868656461,bench_add_absolute_symbolic
383.69194,383.69416,0.0022200000000225373,8908.559088685119,bench_add_absolute_symbolic
383.8944,383.8966,0.0021999999999593456,8824.49517941309,bench_add_absolute_symbolic
384.09686,384.09906,0.002200000000016189,8808.143991109873,bench_add_absolute_symbolic
384.29934,384.30154,0.002200000000016189,8820.406189256402,bench_add_absolute_symbolic
384.5018,384.504,0.002200000000016189,8823.163206754398,bench_add_absolute_symbolic
384.70426,384.70646,0.002200000000016189,8812.070344640648,bench_add_absolute_symbolic
384.90672,384.90892,0.002200000000016189,8824.17864172391,bench_add_absolute_symbolic
385.1092,385.1114,0.002200000000016189,8816.97775337327,bench_add_absolute_symbolic
385.31166,385.31386,0.0021999999999593456,8806.44872302527,bench_add_absolute_symbolic
385.51414,385.51634,0.002200000000016189,8809.456662341674,bench_add_absolute_symbolic
385.7166,385.7188,0.0021999999999593456,8822.460775094674,bench_add_absolute_symbolic
385.91908,385.92128,0.002200000000016189,8812.971329383618,bench_add_absolute_symbolic
386.12154,386.12374,0.002200000000016189,8820.959348298193,bench_add_absolute_symbolic
386.32402,386.32622,0.0021999999999593456,8820.362663664713,bench_add_absolute_symbolic
386.52648,386.52868,0.002200000000016189,8821.468399903122,bench_add_absolute_symbolic
386.72896,386.73116,0.002200000000016189,8815.608429790189,bench_add_absolute_symbolic
386.93142,386.93362,0.002200000000016189,8825.48471919064,bench_add_absolute_symbolic
387.1339,387.1361,0.002200000000016189,8815.322187796277,bench_add_absolute_symbolic
387.33636,387.33856,0.0021999999999593456,8813.150608748547,bench_add_absolute_symbolic
387.53884,387.54104,0.002200000000016189,8802.032382294836,bench_add_absolute_symbolic
387.7413,387.7435,0.0021999999999593456,8810.84034668002,bench_add_absolute_symbolic
387.94376,387.94596,0.002200000000016189,8818.740090423822,bench_add_absolute_symbolic
388.14624,388.14844,0.002200000000016189,8814.979153751528,bench_add_absolute_symbolic
388.3487,388.3509,0.002200000000016189,8833.333621797234,bench_add_absolute_symbolic
388.55116,388.55336,0.002200000000016189,8813.319508987204,bench_add_absolute_symbolic
388.75364,388.75584,0.0021999999999593456,8809.58124978448,bench_add_absolute_symbolic
388.95612,388.95832,0.002200000000016189,8813.083451309067,bench_add_absolute_symbolic
389.15858,389.16078,0.002200000000016189,8807.958564788054,bench_add_absolute_symbolic
389.36106,389.36326,0.002200000000016189,8822.859716667388,bench_add_absolute_symbolic
389.56352,389.56572,0.002200000000016189,8812.61869805645,bench_add_absolute_symbolic
389.766,389.7682,0.0021999999999593456,8826.028513555286,bench_add_absolute_symbolic
389.96848,389.97068,0.002200000000016189,8810.849706708072,bench_add_absolute_symbolic
390.17094,390.17314,0.002200000000016189,8826.265600577963,bench_add_absolute_symbolic
390.3734,390.3756,0.002200000000016189,8815.928124887807,bench_add_absolute_symbolic
390.57588,390.57808,0.002200000000016189,8812.762592057295,bench_add_absolute_symbolic
390.77834,390.78054,0.0021999999999593456,8818.47933849294,bench_add_absolute_symbolic
390.9808,390.983,0.002200000000016189,8830.312951534275,bench_add_absolute_symbolic
391.18328,391.18548,0.0021999999999593456,8828.791174870774,bench_add_absolute_symbolic
391.38574,391.38794,0.002200000000016189,8820.226816524748,bench_add_absolute_symbolic
391.5882,391.5904,0.002200000000016189,8822.148460960152,bench_add_absolute_symbolic
391.79066,391.79286,0.002200000000016189,8820.32907109223,bench_add_absolute_symbolic
391.99312,391.99534,0.0022200000000225373,8892.149613329437,bench_add_absolute_symbolic
392.1956,392.1978,0.0021999999999593456,8821.390610955763,bench_add_absolute_symbolic
392.39806,392.40026,0.002200000000016189,8830.070123142896,bench_add_absolute_symbolic
392.60052,392.60272,0.0021999999999593456,8825.490618892763,bench_add_absolute_symbolic
392.80298,392.80518,0.002200000000016189,8815.412055767145,bench_add_absolute_symbolic
393.00544,393.00764,0.0021999999999593456,8818.566775714391,bench_add_absolute_symbolic
393.2079,393.2101,0.002200000000016189,8830.012227473635,bench_add_absolute_symbolic
393.41038,393.41258,0.002200000000016189,8835.0882335329,bench_add_absolute_symbolic
393.61284,393.61504,0.002200000000016189,8822.469790531537,bench_add_absolute_symbolic
393.81532,393.8175,0.0021800000000098407,8606.352657122157,bench_add_absolute_absolute
394.01776,394.01996,0.002200000000016189,8697.044523495255,bench_add_absolute_absolute
394.22024,394.22242,0.0021800000000098407,8606.701884458414,bench_add_absolute_absolute
394.4227,394.4249,0.0021999999999593456,8691.454152414024,bench_add_absolute_absolute
394.62516,394.62734,0.0021800000000098407,8607.03653660252,bench_add_absolute_absolute
394.82762,394.82982,0.0021999999999593456,8666.99435265803,bench_add_absolute_absolute
395.03008,395.03228,0.002200000000016189,8669.785843293006,bench_add_absolute_absolute
395.23254,395.23474,0.002200000000016189,8676.53920787483,bench_add_absolute_absolute
395.43502,395.4372,0.0021800000000098407,8607.321225610853,bench_add_absolute_absolute
395.63748,395.63968,0.002200000000016189,8677.15483072388,bench_add_absolute_absolute
395.83994,395.84214,0.0021999999999593456,8685.983661401957,bench_add_absolute_absolute
396.04242,396.04462,0.002200000000016189,8680.881613459547,bench_add_absolute_absolute
396.24488,396.24708,0.0021999999999593456,8689.622902143772,bench_add_absolute_absolute
396.44736,396.44956,0.002200000000016189,8675.173013536003,bench_add_absolute_absolute
396.6498,396.652,0.0021999999999593456,8692.79062824105,bench_add_absolute_absolute
396.85228,396.85448,0.002200000000016189,8679.560208756777,bench_add_absolute_absolute
397.05474,397.05692,0.0021800000000098407,8605.555342550711,bench_add_absolute_absolute
397.2572,397.2594,0.002200000000016189,8688.503257060636,bench_add_absolute_absolute
397.45964,397.46184,0.002200000000016189,8677.879720992365,bench_add_absolute_absolute
397.6621,397.6643,0.002200000000016189,8680.111896308772,bench_add_absolute_absolute
397.86458,397.86678,0.002200000000016189,8681.278824872696,bench_add_absolute_absolute
398.06704,398.06924,0.0021999999999593456,8686.429513451358,bench_add_absolute_absolute
398.2695,398.2717,0.002200000000016189,8681.558081942536,bench_add_absolute_absolute
398.47196,398.47416,0.0021999999999593456,8692.57715979173,bench_add_absolute_absolute
398.67442,398.67662,0.002200000000016189,8657.831666122564,bench_add_absolute_absolute
398.87688,398.87908,0.0021999999999593456,8673.242744820842,bench_add_absolute_absolute
399.07934,399.08154,0.002200000000016189,8689.544322034242,bench_add_absolute_absolute
399.2818,399.284,0.002200000000016189,8665.726007960046,bench_add_absolute_absolute
399.48426,399.48646,0.002200000000016189,8684.054194081715,bench_add_absolute_absolute
399.68672,399.68892,0.002200000000016189,8671.131166697152,bench_add_absolute_absolute
399.88918,399.89138,0.002200000000016189,8678.662488299184,bench_add_absolute_absolute
400.09164,400.09384,0.002200000000016189,8683.218476430206,bench_add_absolute_absolute
400.2941,400.2963,0.0021999999999593456,8684.394401334117,bench_add_absolute_absolute
400.49656,400.49876,0.002200000000016189,8679.75317880061,bench_add_absolute_absolute
400.69904,400.70124,0.0021999999999593456,8682.63314461311,bench_add_absolute_absolute
400.9015,400.9037,0.002200000000016189,8679.259107512504,bench_add_absolute_absolute
401.10396,401.10616,0.002200000000016189,8671.3843653646,bench_add_absolute_absolute
401.3064,401.3086,0.002200000000016189,8663.651249436967,bench_add_absolute_absolute
401.50886,401.51106,0.0021999999999593456,8691.363516091518,bench_add_absolute_absolute
401.71132,401.71352,0.002200000000016189,8691.834178818384,bench_add_absolute_absolute
401.91378,401.91598,0.002200000000016189,8685.234403302706,bench_add_absolute_absolute
402.11624,402.11844,0.002200000000016189,8684.739265657681,bench_add_absolute_absolute
402.3187,402.3209,0.002200000000016189,8680.01719477659,bench_add_absolute_absolute
402.52116,402.52336,0.002200000000016189,8685.216917717014,bench_add_absolute_absolute
402.72362,402.72582,0.002200000000016189,8676.61302915843,bench_add_absolute_absolute
402.92608,402.92828,0.0021999999999593456,8666.42854160251,bench_add_absolute_absolute
403.12854,403.13074,0.002200000000016189,8684.724289990625,bench_add_absolute_absolute
403.331,403.3332,0.0021999999999593456,8678.561816754434,bench_add_absolute_absolute
403.53346,403.53566,0.002200000000016189,8672.249522124826,bench_add_absolute_absolute
403.73592,403.73812,0.0021999999999593456,8700.788367841114,bench_add_absolute_absolute
403.93838,403.94058,0.002200000000016189,8682.291600921366,bench_add_absolute_absolute
404.14086,404.14304,0.0021800000000098407,8601.832813626233,bench_add_absolute_absolute
404.34332,404.34552,0.002200000000016189,8667.94995970298,bench_add_absolute_absolute
404.54576,404.54796,0.002200000000016189,8684.82674013109,bench_add_absolute_absolute
404.74822,404.75042,0.002200000000016189,8692.151946081516,bench_add_absolute_absolute
404.95068,404.95288,0.002200000000016189,8687.895559772647,bench_add_absolute_absolute
405.15314,405.15534,0.002200000000016189,8692.213036184443,bench_add_absolute_absolute
405.3556,405.3578,0.002200000000016189,8678.33051836955,bench_add_absolute_absolute
405.55806,405.56026,0.002200000000016189,8675.621561768221,bench_add_absolute_absolute
405.76054,405.76272,0.0021800000000098407,8600.848382378792,bench_add_absolute_absolute
405.963,405.9652,0.0021999999999593456,8666.79734068232,bench_add_absolute_absolute
406.16546,406.16766,0.002200000000016189,8675.718898948426,bench_add_absolute_absolute
406.36792,406.37012,0.0021999999999593456,8693.158286456084,bench_add_absolute_absolute
406.57038,406.57258,0.002200000000016189,8697.806559566647,bench_add_absolute_absolute
406.77284,406.77504,0.002200000000016189,8683.562665310348,bench_add_absolute_absolute
406.9753,406.9775,0.002200000000016189,8680.389579449171,bench_add_absolute_absolute
407.17778,407.17996,0.0021800000000098407,8607.504563448063,bench_add_absolute_absolute
407.38024,407.38244,0.0021999999999593456,8677.855287516966,bench_add_absolute_absolute
407.5827,407.5849,0.002200000000016189,8684.61323443135,bench_add_absolute_absolute
407.78516,407.78736,0.0021999999999593456,8689.548242676094,bench_add_absolute_absolute
407.98762,407.98982,0.002200000000016189,8676.860653860405,bench_add_absolute_absolute
408.1901,408.1923,0.002200000000016189,8686.859596123384,bench_add_absolute_absolute
408.39256,408.39476,0.002200000000016189,8681.49288004997,bench_add_absolute_absolute
408.59504,408.59724,0.002200000000016189,8687.8911359887,bench_add_absolute_absolute
408.79752,408.79972,0.0021999999999593456,8691.597608686177,bench_add_absolute_absolute
408.99998,409.00218,0.002200000000016189,8687.719642248721,bench_add_absolute_absolute
409.20244,409.20464,0.0021999999999593456,8684.838563030034,bench_add_absolute_absolute
409.40492,409.40712,0.002200000000016189,8691.75430393592,bench_add_absolute_absolute
409.60738,409.60958,0.002200000000016189,8690.43533697551,bench_add_absolute_absolute
409.80984,409.81204,0.002200000000016189,8691.962556977891,bench_add_absolute_absolute
410.01232,410.01452,0.002200000000016189,8694.575959880887,bench_add_absolute_absolute
410.21478,410.21698,0.0021999999999593456,8686.510696844118,bench_add_absolute_absolute
410.41724,410.41944,0.002200000000016189,8681.937176800522,bench_add_absolute_absolute
410.61972,410.62192,0.002200000000016189,8664.045115069359,bench_add_absolute_absolute
410.82218,410.82438,0.002200000000016189,8687.695106558645,bench_add_absolute_absolute
411.02466,411.02686,0.002200000000016189,8674.60427346713,bench_add_absolute_absolute
411.22712,411.22932,0.0021999999999593456,8682.36046268415,bench_add_absolute_absolute
411.42958,411.43178,0.002200000000016189,8685.281751744309,bench_add_absolute_absolute
411.63204,411.63424,0.0021999999999593456,8682.393152107074,bench_add_absolute_absolute
411.83452,411.83672,0.002200000000016189,8679.471779679645,bench_add_absolute_absolute
412.03698,412.03918,0.0021999999999593456,8696.767375633091,bench_add_absolute_absolute
412.23944,412.24164,0.002200000000016189,8700.49314114118,bench_add_absolute_absolute
412.4419,412.4441,0.002200000000016189,8694.638116351345,bench_add_absolute_absolute
412.64436,412.64656,0.002200000000016189,8680.80137303751,bench_add_absolute_absolute
412.84682,412.84902,0.002200000000016189,8691.751232903456,bench_add_absolute_absolute
413.0493,413.0515,0.0021999999999593456,8687.569727020282,bench_add_absolute_absolute
413.25176,413.25396,0.002200000000016189,8679.934968307301,bench_add_absolute_absolute
413.45422,413.45642,0.0021999999999593456,8694.200217560241,bench_add_absolute_absolute
413.65668,413.65888,0.002200000000016189,8688.51954356574,bench_add_absolute_absolute
413.85914,413.86134,0.0021999999999593456,8685.62940491642,bench_add_absolute_absolute
