t_start_s,t_end_s,duration_s,energy_nJ,event_label
9.8476,9.84842,0.0008200000000009311,3510.396657515554,bench_cmp_indirect_auto_register
10.04868,10.0495,0.0008200000000009311,3497.3836224565316,bench_cmp_indirect_auto_register
10.24978,10.2506,0.0008200000000009311,3504.619058225476,bench_cmp_indirect_auto_register
10.45086,10.45168,0.0008199999999991547,3499.0764781797016,bench_cmp_indirect_auto_register
10.65196,10.65278,0.0008199999999991547,3509.3512851708833,bench_cmp_indirect_auto_register
10.85304,10.85386,0.0008199999999991547,3509.5510445498344,bench_cmp_indirect_auto_register
11.05414,11.05494,0.0007999999999999119,3420.1748855407986,bench_cmp_indirect_auto_register
11.25522,11.25604,0.0008200000000009311,3510.0165754596064,bench_cmp_indirect_auto_register
11.45632,11.45712,0.0007999999999999119,3410.751265473168,bench_cmp_indirect_auto_register
11.6574,11.65822,0.0008199999999991547,3499.563885849064,bench_cmp_indirect_auto_register
11.85848,11.8593,0.0008199999999991547,3519.44237947101,bench_cmp_indirect_auto_register
12.05956,12.06038,0.0008200000000009311,3507.220367904928,bench_cmp_indirect_auto_register
12.26066,12.26148,0.0008200000000009311,3499.8722840139685,bench_cmp_indirect_auto_register
12.46174,12.46256,0.0008199999999991547,3508.591996502236,bench_cmp_indirect_auto_register
12.66284,12.66364,0.0007999999999999119,3433.8494762773294,bench_cmp_indirect_auto_register
12.86392,12.86472,0.0007999999999999119,3427.2801922630497,bench_cmp_indirect_auto_register
13.065,13.06582,0.0008200000000009311,3510.3606013619437,bench_cmp_indirect_auto_register
13.2661,13.2669,0.0007999999999999119,3426.728383637468,bench_cmp_indirect_auto_register
13.46718,13.46798,0.0007999999999999119,3425.8484560993375,bench_cmp_indirect_auto_register
13.66826,13.66908,0.0008199999999991547,3508.768426250808,bench_cmp_indirect_auto_register
13.86934,13.87016,0.0008200000000009311,3496.6885671057616,bench_cmp_indirect_auto_register
14.07044,14.07124,0.0007999999999999119,3422.3151113833846,bench_cmp_indirect_auto_register
14.27152,14.27234,0.0008199999999991547,3505.6038293951187,bench_cmp_indirect_auto_register
14.4726,14.47342,0.0008200000000009311,3524.7272905001396,bench_cmp_indirect_auto_register
14.6737,14.6745,0.0007999999999999119,3425.5591453980355,bench_cmp_indirect_auto_register
14.87478,14.8756,0.0008200000000009311,3502.8453823218865,bench_cmp_indirect_auto_register
15.07588,15.07668,0.0007999999999999119,3411.0743692140213,bench_cmp_indirect_auto_register
15.27696,15.27778,0.0008199999999991547,3495.2714620122397,bench_cmp_indirect_auto_register
15.47804,15.47886,0.0008199999999991547,3508.158377368049,bench_cmp_indirect_auto_register
15.67914,15.67994,0.0007999999999999119,3410.1794101293303,bench_cmp_indirect_auto_register
15.88022,15.88102,0.0007999999999999119,3431.469402275499,bench_cmp_indirect_auto_register
16.0813,16.08212,0.0008200000000009311,3507.225289944591,bench_cmp_indirect_auto_register
16.2824,16.2832,0.0008000000000016882,3423.152510083788,bench_cmp_indirect_auto_register
16.48348,16.4843,0.0008200000000009311,3508.518729362986,bench_cmp_indirect_auto_register
16.68456,16.68538,0.0008199999999973784,3513.3666498473467,bench_cmp_indirect_auto_register
16.88566,16.88646,0.0007999999999981355,3409.157632842302,bench_cmp_indirect_auto_register
17.08674,17.08754,0.0008000000000016882,3424.333962618762,bench_cmp_indirect_auto_register
17.28782,17.28864,0.0008200000000009311,3514.419007118926,bench_cmp_indirect_auto_register
17.48892,17.48972,0.0007999999999981355,3419.8726899841586,bench_cmp_indirect_auto_register
17.69,17.69082,0.0008199999999973784,3516.8175632021575,bench_cmp_indirect_auto_register
17.8911,17.8919,0.0007999999999981355,3405.898232004947,bench_cmp_indirect_auto_register
18.09218,18.093,0.0008200000000009311,3509.619953114732,bench_cmp_indirect_auto_register
18.29328,18.2941,0.0008200000000009311,3497.660229917772,bench_cmp_indirect_auto_register
18.49436,18.49518,0.0008200000000009311,3506.1166761482236,bench_cmp_indirect_auto_register
18.69546,18.69626,0.0007999999999981355,3419.1872691655735,bench_cmp_indirect_auto_register
18.89654,18.89736,0.0008199999999973784,3505.913098331691,bench_cmp_indirect_auto_register
19.09762,19.09844,0.0008200000000009311,3508.997992616343,bench_cmp_indirect_auto_register
19.29872,19.29952,0.0008000000000016882,3411.6997476738848,bench_cmp_indirect_auto_register
19.4998,19.50062,0.0008200000000009311,3506.2658833380115,bench_cmp_indirect_auto_register
19.70088,19.7017,0.0008199999999973784,3512.782072637279,bench_cmp_indirect_auto_register
19.90198,19.90278,0.0008000000000016882,3419.4818884204465,bench_cmp_indirect_auto_register
20.10306,20.10388,0.0008200000000009311,3515.1740955226874,bench_cmp_indirect_auto_register
20.30416,20.30496,0.0008000000000016882,3422.897635034974,bench_cmp_indirect_auto_register
20.50524,20.50604,0.0007999999999981355,3424.4252880954323,bench_cmp_indirect_auto_register
20.70632,20.70712,0.0007999999999981355,3424.521656699188,bench_cmp_indirect_auto_register
20.9074,20.90822,0.0008200000000009311,3513.5504417159887,bench_cmp_indirect_auto_register
21.1085,21.1093,0.0008000000000016882,3418.561611331547,bench_cmp_indirect_auto_register
21.30958,21.3104,0.0008200000000009311,3502.1184105466155,bench_cmp_indirect_auto_register
21.51068,21.51148,0.0007999999999981355,3421.411118462218,bench_cmp_indirect_auto_register
21.71176,21.71258,0.0008199999999973784,3503.4485859684037,bench_cmp_indirect_auto_register
21.91286,21.91366,0.0008000000000016882,3424.5868912039064,bench_cmp_indirect_auto_register
22.11394,22.11476,0.0008200000000009311,3496.4131144846465,bench_cmp_indirect_auto_register
22.31504,22.31584,0.0008000000000016882,3430.133573718026,bench_cmp_indirect_auto_register
22.51612,22.51694,0.0008200000000009311,3494.192473594465,bench_cmp_indirect_auto_register
22.71722,22.71804,0.0008199999999973784,3504.080502305241,bench_cmp_indirect_auto_register
22.9183,22.91912,0.0008200000000009311,3495.2333383300675,bench_cmp_indirect_auto_register
23.1194,23.12022,0.0008200000000009311,3507.5141955205604,bench_cmp_indirect_auto_register
23.3205,23.3213,0.0008000000000016882,3430.540338165557,bench_cmp_indirect_auto_register
23.52158,23.5224,0.0008200000000009311,3505.7366406584615,bench_cmp_indirect_auto_register
23.72266,23.72348,0.0008199999999973784,3501.9616968817036,bench_cmp_indirect_auto_register
23.92376,23.92456,0.0007999999999981355,3421.3657956491143,bench_cmp_indirect_auto_register
24.12484,24.12566,0.0008200000000009311,3501.6606701576748,bench_cmp_indirect_auto_register
24.32592,24.32674,0.0008200000000009311,3502.5202436412396,bench_cmp_indirect_auto_register
24.527,24.52782,0.0008199999999973784,3518.8166797049835,bench_cmp_indirect_auto_register
24.7281,24.7289,0.0007999999999981355,3420.81408946913,bench_cmp_indirect_auto_register
24.92918,24.92998,0.0008000000000016882,3416.568115360775,bench_cmp_indirect_auto_register
25.13026,25.13108,0.0008200000000009311,3508.1560211296787,bench_cmp_indirect_auto_register
25.33134,25.33216,0.0008199999999973784,3500.738935533956,bench_cmp_indirect_auto_register
25.53242,25.53324,0.0008200000000009311,3501.878753308299,bench_cmp_indirect_auto_register
25.7335,25.73432,0.0008200000000009311,3504.016920928099,bench_cmp_indirect_auto_register
25.93458,25.9354,0.0008200000000009311,3511.9347879702686,bench_cmp_indirect_auto_register
26.13568,26.13648,0.0007999999999981355,3418.501657425824,bench_cmp_indirect_auto_register
26.33676,26.33756,0.0007999999999981355,3428.189102552379,bench_cmp_indirect_auto_register
26.53784,26.53864,0.0008000000000016882,3423.9803580638163,bench_cmp_indirect_auto_register
26.73892,26.73972,0.0007999999999981355,3414.276698596525,bench_cmp_indirect_auto_register
26.94,26.94082,0.0008199999999973784,3506.2421159705996,bench_cmp_indirect_auto_register
27.1411,27.1419,0.0007999999999981355,3421.814064487469,bench_cmp_indirect_auto_register
27.34218,27.343,0.0008200000000009311,3500.954187478892,bench_cmp_indirect_auto_register
27.54326,27.54408,0.0008200000000009311,3514.6560287143757,bench_cmp_indirect_auto_register
27.74436,27.74516,0.0007999999999981355,3419.002816072947,bench_cmp_indirect_auto_register
27.94544,27.94626,0.0008199999999973784,3512.0764048658807,bench_cmp_indirect_auto_register
28.14654,28.14734,0.0007999999999981355,3421.2545817639825,bench_cmp_indirect_auto_register
28.34762,28.34844,0.0008200000000009311,3512.3574268111643,bench_cmp_indirect_auto_register
28.54872,28.54952,0.0008000000000016882,3417.063266977322,bench_cmp_indirect_auto_register
28.7498,28.75062,0.0008200000000009311,3512.472095903343,bench_cmp_indirect_auto_register
28.9509,28.9517,0.0007999999999981355,3425.8407214575495,bench_cmp_indirect_auto_register
29.15198,29.15278,0.0008000000000016882,3422.5091524494596,bench_cmp_indirect_auto_register
29.35306,29.35388,0.0008200000000009311,3513.3183142208586,bench_cmp_indirect_auto_register
29.55416,29.55498,0.0008200000000009311,3502.783058215215,bench_cmp_indirect_auto_register
29.75524,29.75606,0.0008200000000009311,3504.802444953772,bench_cmp_indirect_auto_register
29.95634,29.95786,0.0015199999999992997,6376.313618381298,bench_cmp_indirect_auto_indexed
30.15814,30.15968,0.0015400000000020952,6457.16988948112,bench_cmp_indirect_auto_indexed
30.35996,30.36148,0.0015199999999992997,6365.565676238987,bench_cmp_indirect_auto_indexed
30.56176,30.56328,0.0015199999999992997,6382.516003210778,bench_cmp_indirect_auto_indexed
30.76356,30.76508,0.0015200000000028524,6371.180638682785,bench_cmp_indirect_auto_indexed
30.96536,30.9669,0.0015399999999985425,6457.320027978539,bench_cmp_indirect_auto_indexed
31.16716,31.1687,0.0015400000000020952,6461.7169601927335,bench_cmp_indirect_auto_indexed
31.36898,31.3705,0.0015199999999992997,6381.987547498823,bench_cmp_indirect_auto_indexed
31.57078,31.5723,0.0015199999999992997,6374.416593459311,bench_cmp_indirect_auto_indexed
31.77256,31.7741,0.0015400000000020952,6457.487647430204,bench_cmp_indirect_auto_indexed
31.97436,31.97588,0.0015199999999992997,6378.217036832843,bench_cmp_indirect_auto_indexed
32.17616,32.17768,0.0015199999999992997,6356.835607436419,bench_cmp_indirect_auto_indexed
32.37796,32.3795,0.0015399999999985425,6457.849610590734,bench_cmp_indirect_auto_indexed
32.57976,32.58128,0.0015199999999992997,6373.871187676657,bench_cmp_indirect_auto_indexed
32.78156,32.7831,0.0015399999999985425,6451.602298760097,bench_cmp_indirect_auto_indexed
32.98338,32.9849,0.0015200000000064051,6380.696506266188,bench_cmp_indirect_auto_indexed
33.18518,33.1867,0.0015199999999992997,6363.1936674906765,bench_cmp_indirect_auto_indexed
33.38698,33.38852,0.0015399999999985425,6455.685431131588,bench_cmp_indirect_auto_indexed
33.58878,33.59032,0.0015399999999985425,6456.6938159925585,bench_cmp_indirect_auto_indexed
33.7906,33.79212,0.0015199999999992997,6360.199986953755,bench_cmp_indirect_auto_indexed
33.9924,33.99392,0.0015199999999992997,6368.235987608155,bench_cmp_indirect_auto_indexed
34.1942,34.19574,0.0015399999999985425,6461.6315625549805,bench_cmp_indirect_auto_indexed
34.39602,34.39754,0.0015199999999992997,6365.041448731,bench_cmp_indirect_auto_indexed
34.59782,34.59934,0.0015199999999992997,6378.72527818839,bench_cmp_indirect_auto_indexed
34.79964,34.80116,0.0015200000000064051,6383.295021977722,bench_cmp_indirect_auto_indexed
35.00144,35.00298,0.0015399999999985425,6456.7960053621955,bench_cmp_indirect_auto_indexed
35.20324,35.20478,0.0015399999999985425,6455.81258460232,bench_cmp_indirect_auto_indexed
35.40506,35.40658,0.0015199999999992997,6368.456208144145,bench_cmp_indirect_auto_indexed
35.60688,35.6084,0.0015200000000064051,6362.258517209877,bench_cmp_indirect_auto_indexed
35.80868,35.81022,0.0015399999999985425,6457.779943005724,bench_cmp_indirect_auto_indexed
36.0105,36.01202,0.0015199999999992997,6378.126079213629,bench_cmp_indirect_auto_indexed
36.2123,36.21384,0.0015399999999985425,6446.652766310809,bench_cmp_indirect_auto_indexed
36.41412,36.41564,0.0015200000000064051,6368.286814567669,bench_cmp_indirect_auto_indexed
36.61592,36.61746,0.0015399999999985425,6460.120873519115,bench_cmp_indirect_auto_indexed
36.81774,36.81926,0.0015199999999992997,6365.636335682842,bench_cmp_indirect_auto_indexed
37.01954,37.02106,0.0015199999999992997,6371.320080940504,bench_cmp_indirect_auto_indexed
37.22134,37.22288,0.001540000000005648,6454.164059856433,bench_cmp_indirect_auto_indexed
37.42316,37.42468,0.0015199999999992997,6378.613831471597,bench_cmp_indirect_auto_indexed
37.62496,37.62648,0.0015199999999992997,6361.431437541121,bench_cmp_indirect_auto_indexed
37.82676,37.82828,0.0015199999999992997,6357.639767226061,bench_cmp_indirect_auto_indexed
38.02856,38.0301,0.0015399999999985425,6447.345507324905,bench_cmp_indirect_auto_indexed
38.23036,38.2319,0.001540000000005648,6454.595853598516,bench_cmp_indirect_auto_indexed
38.43216,38.43368,0.0015199999999992997,6360.468990166893,bench_cmp_indirect_auto_indexed
38.63396,38.63548,0.0015199999999992997,6355.370455418901,bench_cmp_indirect_auto_indexed
38.83576,38.8373,0.0015399999999985425,6448.591309593209,bench_cmp_indirect_auto_indexed
39.03756,39.0391,0.0015399999999985425,6453.269617625776,bench_cmp_indirect_auto_indexed
39.23936,39.2409,0.001540000000005648,6441.730917454819,bench_cmp_indirect_auto_indexed
39.44116,39.4427,0.0015399999999985425,6452.813423232173,bench_cmp_indirect_auto_indexed
39.64296,39.6445,0.0015399999999985425,6456.069345580001,bench_cmp_indirect_auto_indexed
39.84476,39.84628,0.0015199999999992997,6379.0724705879165,bench_cmp_indirect_auto_indexed
40.04656,40.0481,0.0015399999999985425,6459.238743403463,bench_cmp_indirect_auto_indexed
40.24836,40.2499,0.0015399999999985425,6467.689466657157,bench_cmp_indirect_auto_indexed
40.45016,40.4517,0.001540000000005648,6460.325182438825,bench_cmp_indirect_auto_indexed
40.65198,40.6535,0.0015199999999992997,6367.447408844404,bench_cmp_indirect_auto_indexed
40.85378,40.8553,0.0015199999999992997,6375.398063097944,bench_cmp_indirect_auto_indexed
41.05558,41.0571,0.0015199999999992997,6373.952277933021,bench_cmp_indirect_auto_indexed
41.25738,41.2589,0.0015199999999992997,6368.182506409318,bench_cmp_indirect_auto_indexed
41.45918,41.4607,0.0015199999999992997,6380.110033785071,bench_cmp_indirect_auto_indexed
41.66098,41.6625,0.0015199999999992997,6368.865650144155,bench_cmp_indirect_auto_indexed
41.86278,41.86432,0.0015399999999985425,6462.14856299899,bench_cmp_indirect_auto_indexed
42.06458,42.06612,0.0015399999999985425,6466.088565060381,bench_cmp_indirect_auto_indexed
42.2664,42.26792,0.0015199999999992997,6383.191118945259,bench_cmp_indirect_auto_indexed
42.4682,42.46972,0.0015199999999992997,6359.81082450285,bench_cmp_indirect_auto_indexed
42.67,42.67154,0.0015399999999985425,6449.215211899651,bench_cmp_indirect_auto_indexed
42.87182,42.87334,0.0015199999999992997,6382.320877161562,bench_cmp_indirect_auto_indexed
43.07362,43.07514,0.0015199999999992997,6379.237738435036,bench_cmp_indirect_auto_indexed
43.27542,43.27696,0.001540000000005648,6456.747171493023,bench_cmp_indirect_auto_indexed
43.47724,43.47876,0.0015199999999992997,6363.006513562698,bench_cmp_indirect_auto_indexed
43.67904,43.68056,0.0015199999999992997,6373.403393660821,bench_cmp_indirect_auto_indexed
43.88084,43.88238,0.0015399999999985425,6456.639436067174,bench_cmp_indirect_auto_indexed
44.08266,44.08418,0.0015200000000064051,6364.873256561175,bench_cmp_indirect_auto_indexed
44.28446,44.28598,0.0015199999999992997,6391.49502850748,bench_cmp_indirect_auto_indexed
44.48626,44.48778,0.0015199999999992997,6374.925230626893,bench_cmp_indirect_auto_indexed
44.68806,44.68958,0.0015199999999992997,6388.302221891174,bench_cmp_indirect_auto_indexed
44.88986,44.89138,0.0015199999999992997,6375.80896727424,bench_cmp_indirect_auto_indexed
45.09166,45.0932,0.001540000000005648,6466.461131372352,bench_cmp_indirect_auto_indexed
45.29348,45.295,0.0015199999999992997,6376.538402397759,bench_cmp_indirect_auto_indexed
45.49528,45.4968,0.0015199999999992997,6363.394353535877,bench_cmp_indirect_auto_indexed
45.69708,45.69862,0.0015399999999985425,6463.349335820995,bench_cmp_indirect_auto_indexed
45.89888,45.90042,0.0015399999999985425,6455.709650175087,bench_cmp_indirect_auto_indexed
46.1007,46.10222,0.0015199999999992997,6378.732845183905,bench_cmp_indirect_auto_indexed
46.3025,46.30402,0.0015199999999992997,6382.899349552462,bench_cmp_indirect_auto_indexed
46.5043,46.50582,0.0015199999999992997,6389.024425295137,bench_cmp_indirect_auto_indexed
46.7061,46.70764,0.0015399999999985425,6461.923341260934,bench_cmp_indirect_auto_indexed
46.9079,46.90944,0.0015399999999985425,6458.458998234684,bench_cmp_indirect_auto_indexed
47.10972,47.11124,0.0015199999999992997,6363.923046734585,bench_cmp_indirect_auto_indexed
47.31152,47.31304,0.0015199999999992997,6367.639927190322,bench_cmp_indirect_auto_indexed
47.51332,47.51484,0.0015199999999992997,6377.1984400195715,bench_cmp_indirect_auto_indexed
47.71512,47.71664,0.0015199999999992997,6379.50967065713,bench_cmp_indirect_auto_indexed
47.91692,47.91844,0.0015199999999992997,6378.546836783345,bench_cmp_indirect_auto_indexed
48.11872,48.12024,0.0015199999999992997,6370.795485560115,bench_cmp_indirect_auto_indexed
48.3205,48.32204,0.0015399999999985425,6472.914149047078,bench_cmp_indirect_auto_indexed
48.5223,48.52384,0.0015399999999985425,6456.7042933715065,bench_cmp_indirect_auto_indexed
48.72412,48.72564,0.0015199999999992997,6369.624361392466,bench_cmp_indirect_auto_indexed
48.92592,48.92744,0.0015199999999992997,6377.533846531795,bench_cmp_indirect_auto_indexed
49.1277,49.12924,0.001540000000005648,6458.825729811158,bench_cmp_indirect_auto_indexed
49.32952,49.33104,0.0015199999999992997,6374.275865961765,bench_cmp_indirect_auto_indexed
49.53132,49.53284,0.0015199999999992997,6382.716083896103,bench_cmp_indirect_auto_indexed
49.73312,49.73464,0.0015199999999992997,6385.86814515003,bench_cmp_indirect_auto_indexed
49.93492,49.93644,0.0015199999999992997,6367.506384846531,bench_cmp_indirect_auto_indexed
50.13672,50.13824,0.0015200000000064051,6442.775693748734,bench_cmp_indirect_auto_symbolic
50.3385,50.34,0.0015000000000000568,6360.586676747101,bench_cmp_indirect_auto_symbolic
50.54028,50.54178,0.0015000000000000568,6340.914941392526,bench_cmp_indirect_auto_symbolic
50.74206,50.74356,0.0015000000000000568,6344.256438315053,bench_cmp_indirect_auto_symbolic
50.94382,50.94534,0.0015199999999992997,6429.731179957177,bench_cmp_indirect_auto_symbolic
51.1456,51.1471,0.0015000000000000568,6337.55266200753,bench_cmp_indirect_auto_symbolic
51.34738,51.34888,0.0015000000000000568,6344.153699465248,bench_cmp_indirect_auto_symbolic
51.54916,51.55066,0.0015000000000000568,6351.389866322752,bench_cmp_indirect_auto_symbolic
51.75094,51.75244,0.0015000000000000568,6348.68812281651,bench_cmp_indirect_auto_symbolic
51.95272,51.95422,0.0015000000000000568,6350.524812005524,bench_cmp_indirect_auto_symbolic
52.1545,52.156,0.0015000000000000568,6350.354254245909,bench_cmp_indirect_auto_symbolic
52.35628,52.35778,0.0015000000000000568,6353.336195461644,bench_cmp_indirect_auto_symbolic
52.55806,52.55956,0.0015000000000000568,6352.721760049677,bench_cmp_indirect_auto_symbolic
52.75982,52.76134,0.0015199999999992997,6431.355951350817,bench_cmp_indirect_auto_symbolic
52.9616,52.9631,0.0015000000000000568,6349.764554761776,bench_cmp_indirect_auto_symbolic
53.16338,53.16488,0.0015000000000000568,6346.974275075153,bench_cmp_indirect_auto_symbolic
53.36514,53.36664,0.0015000000000000568,6360.08112225669,bench_cmp_indirect_auto_symbolic
53.56692,53.56842,0.0015000000000000568,6358.0875471239615,bench_cmp_indirect_auto_symbolic
53.76868,53.7702,0.0015199999999992997,6442.175754343151,bench_cmp_indirect_auto_symbolic
53.97046,53.97196,0.0015000000000000568,6347.384788096103,bench_cmp_indirect_auto_symbolic
54.17222,54.17374,0.0015199999999992997,6429.727175269967,bench_cmp_indirect_auto_symbolic
54.374,54.3755,0.0015000000000000568,6340.586668811997,bench_cmp_indirect_auto_symbolic
54.57578,54.57728,0.0015000000000000568,6355.255055241664,bench_cmp_indirect_auto_symbolic
54.77754,54.77904,0.0015000000000000568,6355.779655277998,bench_cmp_indirect_auto_symbolic
54.9793,54.98082,0.0015199999999992997,6426.54876224412,bench_cmp_indirect_auto_symbolic
55.18108,55.18258,0.0015000000000000568,6358.615164645208,bench_cmp_indirect_auto_symbolic
55.38286,55.38436,0.0015000000000000568,6349.3439182639395,bench_cmp_indirect_auto_symbolic
55.58462,55.58614,0.0015199999999992997,6431.4508624344335,bench_cmp_indirect_auto_symbolic
55.7864,55.7879,0.0015000000000000568,6353.709981777156,bench_cmp_indirect_auto_symbolic
55.98818,55.98968,0.0015000000000000568,6351.12895630297,bench_cmp_indirect_auto_symbolic
56.18994,56.19144,0.0015000000000000568,6351.254410110584,bench_cmp_indirect_auto_symbolic
56.39172,56.39322,0.0015000000000000568,6351.981782354504,bench_cmp_indirect_auto_symbolic
56.59348,56.595,0.0015199999999992997,6437.300061804004,bench_cmp_indirect_auto_symbolic
56.79526,56.79676,0.0015000000000000568,6347.50869125141,bench_cmp_indirect_auto_symbolic
56.99704,56.99854,0.0015000000000000568,6340.6579801815915,bench_cmp_indirect_auto_symbolic
57.1988,57.20032,0.0015199999999992997,6434.9039690536765,bench_cmp_indirect_auto_symbolic
57.40058,57.40208,0.0015000000000000568,6341.4399744943885,bench_cmp_indirect_auto_symbolic
57.60236,57.60386,0.0015000000000000568,6358.2373876130605,bench_cmp_indirect_auto_symbolic
57.80414,57.80564,0.0015000000000000568,6350.047574378882,bench_cmp_indirect_auto_symbolic
58.00592,58.00742,0.0015000000000000568,6358.505967073125,bench_cmp_indirect_auto_symbolic
58.20768,58.20918,0.0015000000000000568,6337.006245740021,bench_cmp_indirect_auto_symbolic
58.40946,58.41096,0.0015000000000000568,6353.48197072735,bench_cmp_indirect_auto_symbolic
58.61124,58.61274,0.0015000000000000568,6357.654863968869,bench_cmp_indirect_auto_symbolic
58.813,58.8145,0.0015000000000000568,6352.234934456666,bench_cmp_indirect_auto_symbolic
59.01478,59.01628,0.0015000000000000568,6360.153434798143,bench_cmp_indirect_auto_symbolic
59.21656,59.21806,0.0015000000000000568,6361.473100260453,bench_cmp_indirect_auto_symbolic
59.41834,59.41984,0.0015000000000000568,6343.720643781138,bench_cmp_indirect_auto_symbolic
59.62012,59.62162,0.0015000000000000568,6350.52848141616,bench_cmp_indirect_auto_symbolic
59.82188,59.8234,0.0015199999999992997,6434.98167395253,bench_cmp_indirect_auto_symbolic
60.02366,60.02516,0.0015000000000000568,6350.493817590075,bench_cmp_indirect_auto_symbolic
60.22544,60.22694,0.0015000000000000568,6361.819552257963,bench_cmp_indirect_auto_symbolic
60.42722,60.42872,0.0015000000000000568,6352.164312265882,bench_cmp_indirect_auto_symbolic
60.62898,60.6305,0.0015199999999992997,6441.793781702428,bench_cmp_indirect_auto_symbolic
60.83076,60.83226,0.0015000000000000568,6346.668242476957,bench_cmp_indirect_auto_symbolic
61.03254,61.03404,0.0015000000000000568,6342.689911834946,bench_cmp_indirect_auto_symbolic
61.2343,61.2358,0.0015000000000000568,6352.027314714907,bench_cmp_indirect_auto_symbolic
61.43608,61.43758,0.0015000000000000568,6337.864450179194,bench_cmp_indirect_auto_symbolic
61.63786,61.63936,0.0015000000000000568,6355.077070184175,bench_cmp_indirect_auto_symbolic
61.83962,61.84112,0.0015000000000000568,6349.072307348312,bench_cmp_indirect_auto_symbolic
62.04138,62.0429,0.0015200000000064051,6436.397810492956,bench_cmp_indirect_auto_symbolic
62.24316,62.24466,0.0015000000000000568,6347.527261823334,bench_cmp_indirect_auto_symbolic
62.44492,62.44642,0.0015000000000000568,6351.3860898095445,bench_cmp_indirect_auto_symbolic
62.6467,62.6482,0.0015000000000000568,6342.82532148057,bench_cmp_indirect_auto_symbolic
62.84846,62.84996,0.0015000000000000568,6341.591486707579,bench_cmp_indirect_auto_symbolic
63.05022,63.05172,0.0015000000000000568,6339.924698695614,bench_cmp_indirect_auto_symbolic
63.25198,63.2535,0.0015199999999992997,6447.807447981552,bench_cmp_indirect_auto_symbolic
63.45376,63.45526,0.0015000000000000568,6351.5409315009365,bench_cmp_indirect_auto_symbolic
63.65552,63.65702,0.0015000000000000568,6359.739499166721,bench_cmp_indirect_auto_symbolic
63.8573,63.8588,0.0015000000000000568,6354.653974995594,bench_cmp_indirect_auto_symbolic
64.05906,64.06056,0.0014999999999929514,6353.721418387992,bench_cmp_indirect_auto_symbolic
64.26084,64.26234,0.0014999999999929514,6367.44995598486,bench_cmp_indirect_auto_symbolic
64.4626,64.46412,0.0015199999999992997,6446.055984121314,bench_cmp_indirect_auto_symbolic
64.66438,64.66588,0.0015000000000071623,6348.116854235824,bench_cmp_indirect_auto_symbolic
64.86614,64.86764,0.0014999999999929514,6353.47652711687,bench_cmp_indirect_auto_symbolic
65.06792,65.06942,0.0014999999999929514,6351.703978113741,bench_cmp_indirect_auto_symbolic
65.2697,65.2712,0.0014999999999929514,6350.844707310404,bench_cmp_indirect_auto_symbolic
65.47146,65.47298,0.0015200000000135105,6444.718758632358,bench_cmp_indirect_auto_symbolic
65.67324,65.67474,0.0014999999999929514,6345.852902129294,bench_cmp_indirect_auto_symbolic
65.87502,65.87652,0.0014999999999929514,6349.550303973168,bench_cmp_indirect_auto_symbolic
66.07678,66.07828,0.0015000000000071623,6343.22031404099,bench_cmp_indirect_auto_symbolic
66.27856,66.28006,0.0015000000000071623,6348.347761698632,bench_cmp_indirect_auto_symbolic
66.48034,66.48184,0.0015000000000071623,6343.65643377619,bench_cmp_indirect_auto_symbolic
66.6821,66.6836,0.0014999999999929514,6361.1070438919805,bench_cmp_indirect_auto_symbolic
66.88388,66.88538,0.0014999999999929514,6359.274820394735,bench_cmp_indirect_auto_symbolic
67.08566,67.08716,0.0014999999999929514,6364.460443117025,bench_cmp_indirect_auto_symbolic
67.28744,67.28894,0.0014999999999929514,6340.935337327394,bench_cmp_indirect_auto_symbolic
67.48922,67.49072,0.0014999999999929514,6364.041385211175,bench_cmp_indirect_auto_symbolic
67.69098,67.69248,0.0015000000000071623,6348.945060774975,bench_cmp_indirect_auto_symbolic
67.89276,67.89426,0.0015000000000071623,6362.041984714955,bench_cmp_indirect_auto_symbolic
68.09454,68.09604,0.0015000000000071623,6348.795192345878,bench_cmp_indirect_auto_symbolic
68.2963,68.29782,0.0015199999999992997,6433.689235706684,bench_cmp_indirect_auto_symbolic
68.49808,68.49958,0.0014999999999929514,6344.184633314209,bench_cmp_indirect_auto_symbolic
68.69984,68.70136,0.0015199999999992997,6431.463398035752,bench_cmp_indirect_auto_symbolic
68.90162,68.90312,0.0015000000000071623,6360.815693654219,bench_cmp_indirect_auto_symbolic
69.1034,69.1049,0.0015000000000071623,6338.75857110328,bench_cmp_indirect_auto_symbolic
69.30516,69.30668,0.0015199999999992997,6434.0673480153155,bench_cmp_indirect_auto_symbolic
69.50694,69.50846,0.0015199999999992997,6442.882898260507,bench_cmp_indirect_auto_symbolic
69.70872,69.71022,0.0015000000000071623,6354.3291623081295,bench_cmp_indirect_auto_symbolic
69.9105,69.912,0.0015000000000071623,6343.756285526736,bench_cmp_indirect_auto_symbolic
70.11228,70.11378,0.0015000000000071623,6355.1165536348335,bench_cmp_indirect_auto_symbolic
70.31406,70.31558,0.0015199999999992997,6361.68480850472,bench_cmp_indirect_auto_absolute
70.51586,70.51738,0.0015199999999992997,6351.741817776908,bench_cmp_indirect_auto_absolute
70.71764,70.71918,0.001539999999991437,6431.828937457189,bench_cmp_indirect_auto_absolute
70.91944,70.92096,0.0015199999999992997,6377.105647695242,bench_cmp_indirect_auto_absolute
71.12124,71.12276,0.0015199999999992997,6342.742163684924,bench_cmp_indirect_auto_absolute
71.32304,71.32456,0.0015199999999992997,6357.492725362092,bench_cmp_indirect_auto_absolute
71.52484,71.52636,0.0015199999999992997,6338.541437869034,bench_cmp_indirect_auto_absolute
71.72662,71.72816,0.001540000000005648,6440.659109526634,bench_cmp_indirect_auto_absolute
71.92842,71.92994,0.0015199999999992997,6376.360678110973,bench_cmp_indirect_auto_absolute
72.13022,72.13174,0.0015199999999992997,6360.977464352504,bench_cmp_indirect_auto_absolute
72.332,72.33354,0.001540000000005648,6443.864847556908,bench_cmp_indirect_auto_absolute
72.5338,72.53532,0.0015199999999992997,6358.570805748174,bench_cmp_indirect_auto_absolute
72.73558,72.73712,0.001540000000005648,6437.644250714484,bench_cmp_indirect_auto_absolute
72.93738,72.9389,0.0015199999999992997,6352.559160438241,bench_cmp_indirect_auto_absolute
73.13918,73.1407,0.0015199999999992997,6361.405570057139,bench_cmp_indirect_auto_absolute
73.34096,73.3425,0.001540000000005648,6451.495564567015,bench_cmp_indirect_auto_absolute
73.54276,73.54428,0.0015199999999992997,6343.147568401649,bench_cmp_indirect_auto_absolute
73.74456,73.74608,0.0015199999999992997,6364.285266023274,bench_cmp_indirect_auto_absolute
73.94634,73.94786,0.0015199999999992997,6344.305095259602,bench_cmp_indirect_auto_absolute
74.14814,74.14966,0.0015199999999992997,6358.465799127385,bench_cmp_indirect_auto_absolute
74.34992,74.35144,0.0015199999999992997,6358.169554730173,bench_cmp_indirect_auto_absolute
74.55172,74.55324,0.0015199999999992997,6355.874431316456,bench_cmp_indirect_auto_absolute
74.75352,74.75504,0.0015199999999992997,6347.421142269125,bench_cmp_indirect_auto_absolute
74.9553,74.95682,0.0015199999999992997,6368.332058188285,bench_cmp_indirect_auto_absolute
75.15708,75.15862,0.001540000000005648,6444.884273246993,bench_cmp_indirect_auto_absolute
75.35888,75.3604,0.0015199999999992997,6358.5959235176115,bench_cmp_indirect_auto_absolute
75.56066,75.56218,0.0015199999999992997,6345.523046327088,bench_cmp_indirect_auto_absolute
75.76244,75.76398,0.001540000000005648,6436.401335546243,bench_cmp_indirect_auto_absolute
75.96424,75.96576,0.0015199999999992997,6364.8763485218315,bench_cmp_indirect_auto_absolute
76.16604,76.16756,0.0015199999999992997,6370.14183681153,bench_cmp_indirect_auto_absolute
76.36782,76.36934,0.0015199999999992997,6348.430160430721,bench_cmp_indirect_auto_absolute
76.5696,76.57114,0.001540000000005648,6444.649007195471,bench_cmp_indirect_auto_absolute
76.7714,76.77292,0.0015199999999992997,6353.951459747269,bench_cmp_indirect_auto_absolute
76.97318,76.9747,0.0015199999999992997,6353.965164159287,bench_cmp_indirect_auto_absolute
77.17498,77.1765,0.0015199999999992997,6353.16152590951,bench_cmp_indirect_auto_absolute
77.37678,77.3783,0.0015199999999992997,6366.641907949975,bench_cmp_indirect_auto_absolute
77.57856,77.58008,0.0015199999999992997,6340.230884959193,bench_cmp_indirect_auto_absolute
77.78036,77.78188,0.0015199999999992997,6357.226818796936,bench_cmp_indirect_auto_absolute
77.98214,77.98368,0.001540000000005648,6445.4789087414865,bench_cmp_indirect_auto_absolute
78.18394,78.18546,0.0015199999999992997,6366.684837264259,bench_cmp_indirect_auto_absolute
78.38574,78.38726,0.0015199999999992997,6353.968139734763,bench_cmp_indirect_auto_absolute
78.58752,78.58904,0.0015199999999992997,6375.084160824313,bench_cmp_indirect_auto_absolute
78.78932,78.79084,0.0015199999999992997,6361.842663024577,bench_cmp_indirect_auto_absolute
78.9911,78.99262,0.0015199999999992997,6352.529549037084,bench_cmp_indirect_auto_absolute
79.19288,79.1944,0.0015199999999992997,6358.63228700753,bench_cmp_indirect_auto_absolute
79.39468,79.3962,0.0015199999999992997,6353.791370054458,bench_cmp_indirect_auto_absolute
79.59646,79.59798,0.0015200000000135105,6361.915674116975,bench_cmp_indirect_auto_absolute
79.79824,79.79976,0.0015199999999992997,6350.688040253476,bench_cmp_indirect_auto_absolute
80.00002,80.00156,0.001539999999991437,6455.385489352943,bench_cmp_indirect_auto_absolute
80.20182,80.20334,0.0015199999999992997,6359.649053771955,bench_cmp_indirect_auto_absolute
80.4036,80.40514,0.001540000000005648,6440.872158878994,bench_cmp_indirect_auto_absolute
80.6054,80.60692,0.0015199999999992997,6357.222991060575,bench_cmp_indirect_auto_absolute
80.8072,80.80872,0.0015199999999992997,6361.761405129935,bench_cmp_indirect_auto_absolute
81.00898,81.01052,0.001540000000005648,6439.102012688165,bench_cmp_indirect_auto_absolute
81.21078,81.2123,0.0015199999999992997,6363.243944939909,bench_cmp_indirect_auto_absolute
81.41256,81.4141,0.001540000000005648,6440.330585487854,bench_cmp_indirect_auto_absolute
81.61436,81.61588,0.0015199999999992997,6357.2853570777415,bench_cmp_indirect_auto_absolute
81.81614,81.81766,0.0015199999999992997,6358.545338731647,bench_cmp_indirect_auto_absolute
82.01794,82.01946,0.0015199999999992997,6362.125584852092,bench_cmp_indirect_auto_absolute
82.21972,82.22126,0.001540000000005648,6451.96711181212,bench_cmp_indirect_auto_absolute
82.42152,82.42304,0.0015199999999992997,6343.700704162521,bench_cmp_indirect_auto_absolute
82.6233,82.62484,0.001540000000005648,6443.754513771254,bench_cmp_indirect_auto_absolute
82.8251,82.82662,0.0015199999999992997,6364.276176315832,bench_cmp_indirect_auto_absolute
83.0269,83.02842,0.0015199999999992997,6356.5744413033035,bench_cmp_indirect_auto_absolute
83.22868,83.23022,0.001540000000005648,6432.054908969855,bench_cmp_indirect_auto_absolute
83.43048,83.432,0.0015199999999992997,6363.439452831454,bench_cmp_indirect_auto_absolute
83.63228,83.6338,0.0015199999999992997,6373.446146023067,bench_cmp_indirect_auto_absolute
83.83408,83.8356,0.0015199999999992997,6356.0211053094745,bench_cmp_indirect_auto_absolute
84.0359,84.03742,0.0015199999999992997,6357.160122131099,bench_cmp_indirect_auto_absolute
84.2377,84.23922,0.0015199999999992997,6354.009821076473,bench_cmp_indirect_auto_absolute
84.43952,84.44104,0.0015199999999992997,6350.7589232146165,bench_cmp_indirect_auto_absolute
84.64132,84.64284,0.0015200000000135105,6349.534769599053,bench_cmp_indirect_auto_absolute
84.84312,84.84464,0.0015199999999992997,6345.554627475381,bench_cmp_indirect_auto_absolute
85.04494,85.04646,0.0015199999999992997,6357.812532221176,bench_cmp_indirect_auto_absolute
85.24674,85.24826,0.0015199999999992997,6367.216622453937,bench_cmp_indirect_auto_absolute
85.44856,85.45008,0.0015199999999992997,6354.669458230331,bench_cmp_indirect_auto_absolute
85.65036,85.6519,0.001539999999991437,6438.976176978182,bench_cmp_indirect_auto_absolute
85.85218,85.8537,0.0015199999999992997,6359.7006723256545,bench_cmp_indirect_auto_absolute
86.05398,86.0555,0.0015199999999992997,6357.723097313488,bench_cmp_indirect_auto_absolute
86.2558,86.25732,0.0015200000000135105,6362.317558433843,bench_cmp_indirect_auto_absolute
86.4576,86.45912,0.0015199999999992997,6372.722904195141,bench_cmp_indirect_auto_absolute
86.6594,86.66094,0.001539999999991437,6433.364213409053,bench_cmp_indirect_auto_absolute
86.86122,86.86274,0.0015199999999992997,6365.964403373509,bench_cmp_indirect_auto_absolute
87.06302,87.06456,0.001540000000005648,6448.56403584221,bench_cmp_indirect_auto_absolute
87.26484,87.26636,0.0015199999999992997,6355.1166281069545,bench_cmp_indirect_auto_absolute
87.46664,87.46818,0.001540000000005648,6464.046235219786,bench_cmp_indirect_auto_absolute
87.66846,87.66998,0.0015199999999992997,6360.528850925262,bench_cmp_indirect_auto_absolute
87.87026,87.87178,0.0015199999999992997,6378.138326105737,bench_cmp_indirect_auto_absolute
88.07208,88.0736,0.0015199999999992997,6362.690385428089,bench_cmp_indirect_auto_absolute
88.27388,88.27542,0.001539999999991437,6447.39147272006,bench_cmp_indirect_auto_absolute
88.4757,88.47722,0.0015199999999992997,6355.738784183169,bench_cmp_indirect_auto_absolute
88.6775,88.67902,0.0015199999999992997,6350.896176879253,bench_cmp_indirect_auto_absolute
88.8793,88.88082,0.0015199999999992997,6352.549195286366,bench_cmp_indirect_auto_absolute
89.0811,89.08262,0.0015199999999992997,6354.681854133302,bench_cmp_indirect_auto_absolute
89.2829,89.28442,0.0015199999999992997,6350.542106662608,bench_cmp_indirect_auto_absolute
89.48472,89.48624,0.0015199999999992997,6357.7078841597995,bench_cmp_indirect_auto_absolute
89.68652,89.68804,0.0015199999999992997,6337.610641491652,bench_cmp_indirect_auto_absolute
89.88832,89.88984,0.0015200000000135105,6356.644630488701,bench_cmp_indirect_auto_absolute
90.09014,90.09166,0.0015199999999992997,6355.393952687456,bench_cmp_indirect_auto_absolute
90.29194,90.29346,0.0015199999999992997,6350.042512637271,bench_cmp_indirect_auto_absolute
90.49374,90.49442,0.0006800000000026785,2444.133686375051,bench_inc_register
90.6947,90.69538,0.0006800000000026785,2438.1603649933427,bench_inc_register
90.89566,90.89634,0.0006799999999884676,2442.0833098251883,bench_inc_register
91.09662,91.09732,0.0006999999999948159,2525.8582411137345,bench_inc_register
91.2976,91.29828,0.0006800000000026785,2425.202201128041,bench_inc_register
91.49856,91.49924,0.0006800000000026785,2437.011182784479,bench_inc_register
91.6995,91.7002,0.0006999999999948159,2524.7341813343955,bench_inc_register
91.90046,91.90114,0.0006800000000026785,2452.5871197813253,bench_inc_register
92.10142,92.1021,0.0006799999999884676,2441.726573698235,bench_inc_register
92.30238,92.30306,0.0006800000000026785,2452.0032177786093,bench_inc_register
92.50334,92.50402,0.0006800000000026785,2443.822948276223,bench_inc_register
92.7043,92.70498,0.0006800000000026785,2454.1765055693486,bench_inc_register
92.90526,92.90594,0.0006800000000026785,2438.2889806402313,bench_inc_register
93.10622,93.1069,0.0006800000000026785,2450.616911533038,bench_inc_register
93.30718,93.30786,0.0006800000000026785,2440.9863771947757,bench_inc_register
93.50812,93.50882,0.0006999999999948159,2511.786185182851,bench_inc_register
93.70908,93.70976,0.0006800000000026785,2432.8087270368496,bench_inc_register
93.91004,93.91072,0.0006800000000026785,2434.4676965973204,bench_inc_register
94.11098,94.11166,0.0006800000000026785,2445.970496639453,bench_inc_register
94.31194,94.31262,0.0006799999999884676,2445.5005512110097,bench_inc_register
94.5129,94.51358,0.0006800000000026785,2428.2771884546505,bench_inc_register
94.71384,94.71452,0.0006799999999884676,2446.0341082438317,bench_inc_register
94.9148,94.91548,0.0006800000000026785,2442.8597535113877,bench_inc_register
95.11576,95.11644,0.0006800000000026785,2429.947925277784,bench_inc_register
95.31672,95.3174,0.0006800000000026785,2447.428035091638,bench_inc_register
95.51766,95.51836,0.0006999999999948159,2516.2764102921974,bench_inc_register
95.71862,95.71932,0.0006999999999948159,2510.7294996069545,bench_inc_register
95.91958,95.92026,0.0006800000000026785,2439.516054011691,bench_inc_register
96.12054,96.12122,0.0006799999999884676,2429.4258467394,bench_inc_register
96.3215,96.32218,0.0006800000000026785,2430.214991338543,bench_inc_register
96.52244,96.52312,0.0006800000000026785,2446.864400997103,bench_inc_register
96.7234,96.72408,0.0006800000000026785,2442.6995869834295,bench_inc_register
96.92436,96.92504,0.0006800000000026785,2428.250515381117,bench_inc_register
97.1253,97.12598,0.0006800000000026785,2444.2662345374324,bench_inc_register
97.32626,97.32694,0.0006799999999884676,2424.831301860479,bench_inc_register
97.5272,97.5279,0.0007000000000090267,2510.6936833258146,bench_inc_register
97.72816,97.72884,0.0006800000000026785,2450.882033451951,bench_inc_register
97.92912,97.9298,0.0006800000000026785,2452.5681068295085,bench_inc_register
98.13006,98.13076,0.0006999999999948159,2505.105880537418,bench_inc_register
98.33102,98.3317,0.0006800000000026785,2443.8879825298486,bench_inc_register
98.53198,98.53266,0.0006800000000026785,2438.0278028611974,bench_inc_register
98.73294,98.73362,0.0006800000000026785,2438.7311167191747,bench_inc_register
98.9339,98.9346,0.0007000000000090267,2517.5983040036417,bench_inc_register
99.13488,99.13556,0.0006800000000026785,2427.04844801953,bench_inc_register
99.33584,99.33652,0.0006799999999884676,2436.304574321728,bench_inc_register
99.5368,99.53748,0.0006800000000026785,2436.1028405943625,bench_inc_register
99.73776,99.73844,0.0006800000000026785,2445.9132668683974,bench_inc_register
99.93872,99.9394,0.0006800000000026785,2431.301493204834,bench_inc_register
100.13968,100.14036,0.0006800000000026785,2443.119739192884,bench_inc_register
100.34064,100.34132,0.0006800000000026785,2447.5033441689106,bench_inc_register
100.5416,100.54228,0.0006800000000026785,2442.2489572387467,bench_inc_register
100.74256,100.74324,0.0006800000000026785,2437.566183518346,bench_inc_register
100.94352,100.94422,0.0006999999999948159,2536.6355548389583,bench_inc_register
101.14448,101.14518,0.0006999999999948159,2525.0091636364027,bench_inc_register
101.34544,101.34614,0.0007000000000090267,2524.869111400492,bench_inc_register
101.5464,101.54708,0.0006799999999884676,2440.1037976629914,bench_inc_register
101.74736,101.74804,0.0006800000000026785,2442.5391526998096,bench_inc_register
101.9483,101.94898,0.0006800000000026785,2451.8916593002477,bench_inc_register
102.14926,102.14994,0.0006800000000026785,2431.4635410076967,bench_inc_register
102.35022,102.3509,0.0006800000000026785,2449.5084374349453,bench_inc_register
102.55118,102.55186,0.0006800000000026785,2443.063100808398,bench_inc_register
102.75214,102.75282,0.0006800000000026785,2436.5740199680736,bench_inc_register
102.95308,102.95378,0.0006999999999948159,2526.953413598774,bench_inc_register
103.15404,103.15472,0.0006800000000026785,2459.3121511984878,bench_inc_register
103.355,103.35568,0.0006800000000026785,2441.7823134052105,bench_inc_register
103.55596,103.55664,0.0006800000000026785,2442.386706836322,bench_inc_register
103.75692,103.7576,0.0006800000000026785,2429.788885651636,bench_inc_register
103.95788,103.95856,0.0006800000000026785,2437.878702774933,bench_inc_register
104.15884,104.15952,0.0006800000000026785,2427.0455166805127,bench_inc_register
104.35978,104.36048,0.0006999999999948159,2518.2132166639385,bench_inc_register
104.56074,104.56144,0.0007000000000090267,2518.0080486805205,bench_inc_register
104.7617,104.76238,0.0006799999999884676,2446.408902716798,bench_inc_register
104.96266,104.96334,0.0006800000000026785,2446.450397848464,bench_inc_register
105.16362,105.1643,0.0006800000000026785,2448.8201621112594,bench_inc_register
105.36458,105.36526,0.0006800000000026785,2443.2742246502125,bench_inc_register
105.56554,105.56622,0.0006800000000026785,2452.078845828332,bench_inc_register
105.7665,105.76718,0.0006800000000026785,2435.5884757966596,bench_inc_register
105.96746,105.96814,0.0006800000000026785,2438.06152139548,bench_inc_register
106.16842,106.1691,0.0006800000000026785,2443.4584542286593,bench_inc_register
106.36938,106.37006,0.0006799999999884676,2433.8680365611226,bench_inc_register
106.57034,106.57102,0.0006800000000026785,2424.7588217340863,bench_inc_register
106.7713,106.77198,0.0006800000000026785,2439.433266419757,bench_inc_register
106.97226,106.97294,0.0006799999999884676,2450.8944642277543,bench_inc_register
107.17322,107.1739,0.0006800000000026785,2432.135660211836,bench_inc_register
107.37418,107.37486,0.0006800000000026785,2442.203683325353,bench_inc_register
107.57514,107.57582,0.0006799999999884676,2438.5927966349013,bench_inc_register
107.7761,107.77678,0.0006800000000026785,2434.427582203587,bench_inc_register
107.97706,107.97774,0.0006800000000026785,2440.471679449924,bench_inc_register
108.17802,108.1787,0.0006800000000026785,2440.069860320657,bench_inc_register
108.37898,108.37966,0.0006800000000026785,2437.7472838493372,bench_inc_register
108.57994,108.58062,0.0006800000000026785,2436.9324953434552,bench_inc_register
108.7809,108.78158,0.0006800000000026785,2441.504383466387,bench_inc_register
108.98188,108.98256,0.0006800000000026785,2432.284026879018,bench_inc_register
109.18284,109.18352,0.0006800000000026785,2437.94395589408,bench_inc_register
109.3838,109.3845,0.0007000000000090267,2516.330771650621,bench_inc_register
109.58478,109.58546,0.0006800000000026785,2455.4126523555124,bench_inc_register
109.78574,109.78642,0.0006800000000026785,2445.7348999634505,bench_inc_register
109.9867,109.98738,0.0006800000000026785,2438.4531448698526,bench_inc_register
110.18768,110.18836,0.0006800000000026785,2434.109400502757,bench_inc_register
110.38864,110.38932,0.0006800000000026785,2454.8127828286865,bench_inc_register
110.58962,110.59112,0.0015000000000071623,6157.370382018019,bench_inc_indexed
110.7914,110.7929,0.0015000000000071623,6132.022505655915,bench_inc_indexed
110.99318,110.99468,0.0015000000000071623,6145.627391554541,bench_inc_indexed
111.19498,111.19648,0.0014999999999929514,6126.958364591096,bench_inc_indexed
111.39676,111.39826,0.0014999999999929514,6136.627513886283,bench_inc_indexed
111.59856,111.60006,0.0014999999999929514,6146.621718042124,bench_inc_indexed
111.80034,111.80186,0.0015199999999992997,6203.925115983979,bench_inc_indexed
112.00214,112.00364,0.0015000000000071623,6166.0455167582095,bench_inc_indexed
112.20392,112.20544,0.0015199999999992997,6213.41273654025,bench_inc_indexed
112.40572,112.40722,0.0014999999999929514,6126.784733467252,bench_inc_indexed
112.6075,112.609,0.0014999999999929514,6128.948228404721,bench_inc_indexed
112.80928,112.81078,0.0014999999999929514,6131.201260694044,bench_inc_indexed
113.01106,113.01256,0.0014999999999929514,6139.701600158205,bench_inc_indexed
113.21284,113.21436,0.0015199999999992997,6227.494878692092,bench_inc_indexed
113.41462,113.41614,0.0015199999999992997,6231.561582532963,bench_inc_indexed
113.61642,113.61792,0.0014999999999929514,6139.343697549124,bench_inc_indexed
113.8182,113.8197,0.0014999999999929514,6156.227448925283,bench_inc_indexed
114.01998,114.02148,0.0014999999999929514,6152.81205155745,bench_inc_indexed
114.22176,114.22326,0.0014999999999929514,6152.34057881691,bench_inc_indexed
114.42354,114.42504,0.0014999999999929514,6161.666875675722,bench_inc_indexed
114.62532,114.62682,0.0014999999999929514,6154.6415555931535,bench_inc_indexed
114.8271,114.8286,0.0014999999999929514,6148.680890881289,bench_inc_indexed
115.02888,115.0304,0.0015199999999992997,6237.483331930792,bench_inc_indexed
115.23066,115.23218,0.0015199999999992997,6236.570687030458,bench_inc_indexed
115.43246,115.43396,0.0014999999999929514,6152.892857760566,bench_inc_indexed
115.63424,115.63574,0.0014999999999929514,6150.563354573894,bench_inc_indexed
115.83604,115.83754,0.0015000000000071623,6160.9331192743375,bench_inc_indexed
116.03782,116.03932,0.0015000000000071623,6156.730363174508,bench_inc_indexed
116.2396,116.2411,0.0015000000000071623,6149.517544575222,bench_inc_indexed
116.4414,116.4429,0.0014999999999929514,6166.354590067222,bench_inc_indexed
116.64318,116.64468,0.0014999999999929514,6175.240320124391,bench_inc_indexed
116.84496,116.84646,0.0014999999999929514,6145.843411767419,bench_inc_indexed
117.04674,117.04824,0.0015000000000071623,6162.625816679567,bench_inc_indexed
117.24852,117.25002,0.0015000000000071623,6131.48283682,bench_inc_indexed
117.4503,117.4518,0.0015000000000071623,6127.107944369139,bench_inc_indexed
117.65206,117.65358,0.0015199999999992997,6217.684759754437,bench_inc_indexed
117.85384,117.85536,0.0015199999999992997,6231.002677229359,bench_inc_indexed
118.05562,118.05712,0.0014999999999929514,6131.491227977404,bench_inc_indexed
118.2574,118.25892,0.0015199999999992997,6232.0586293894885,bench_inc_indexed
118.45918,118.4607,0.0015199999999992997,6214.638599191758,bench_inc_indexed
118.66096,118.66248,0.0015199999999992997,6217.327141199285,bench_inc_indexed
118.86274,118.86424,0.0014999999999929514,6127.647063665798,bench_inc_indexed
119.06452,119.06602,0.0014999999999929514,6142.931967013133,bench_inc_indexed
119.2663,119.2678,0.0014999999999929514,6130.967386968775,bench_inc_indexed
119.46806,119.46958,0.0015199999999992997,6219.343477858338,bench_inc_indexed
119.66984,119.67134,0.0015000000000071623,6153.068733431651,bench_inc_indexed
119.87162,119.87312,0.0015000000000071623,6149.090025603879,bench_inc_indexed
120.07338,120.0749,0.0015199999999992997,6218.001395461139,bench_inc_indexed
120.27516,120.27668,0.0015199999999992997,6237.099585120831,bench_inc_indexed
120.47694,120.47846,0.0015199999999992997,6222.421322015217,bench_inc_indexed
120.67872,120.68022,0.0015000000000071623,6152.557418710733,bench_inc_indexed
120.8805,120.882,0.0015000000000071623,6139.842080913388,bench_inc_indexed
121.08228,121.08378,0.0015000000000071623,6164.130135468524,bench_inc_indexed
121.28404,121.28556,0.0015199999999992997,6237.286943939219,bench_inc_indexed
121.48582,121.48734,0.0015199999999992997,6231.914823871552,bench_inc_indexed
121.6876,121.68912,0.0015199999999992997,6226.128051053964,bench_inc_indexed
121.88938,121.89088,0.0014999999999929514,6151.3074626847365,bench_inc_indexed
122.09116,122.09266,0.0014999999999929514,6147.202732943582,bench_inc_indexed
122.29294,122.29444,0.0014999999999929514,6147.937327593923,bench_inc_indexed
122.49472,122.49622,0.0014999999999929514,6151.524526037124,bench_inc_indexed
122.6965,122.69802,0.0015199999999992997,6237.962655720266,bench_inc_indexed
122.89828,122.89978,0.0015000000000071623,6164.218010410881,bench_inc_indexed
123.10006,123.10156,0.0015000000000071623,6149.113671884105,bench_inc_indexed
123.30184,123.30334,0.0015000000000071623,6173.647143907613,bench_inc_indexed
123.50362,123.50512,0.0015000000000071623,6157.909664355052,bench_inc_indexed
123.7054,123.7069,0.0015000000000071623,6144.5827782449105,bench_inc_indexed
123.90718,123.90868,0.0015000000000071623,6134.544350236271,bench_inc_indexed
124.10896,124.11046,0.0015000000000071623,6129.357386409247,bench_inc_indexed
124.31074,124.31224,0.0015000000000071623,6140.006352245571,bench_inc_indexed
124.51252,124.51402,0.0015000000000071623,6134.830717958016,bench_inc_indexed
124.7143,124.7158,0.0015000000000071623,6135.740997299313,bench_inc_indexed
124.91608,124.91758,0.0015000000000071623,6139.197507902788,bench_inc_indexed
125.11784,125.11936,0.0015199999999992997,6227.337489832287,bench_inc_indexed
125.31962,125.32114,0.0015199999999992997,6223.363564346663,bench_inc_indexed
125.5214,125.5229,0.0015000000000071623,6117.702890217076,bench_inc_indexed
125.72318,125.72468,0.0015000000000071623,6137.93403378848,bench_inc_indexed
125.92494,125.92646,0.0015199999999992997,6220.612195317304,bench_inc_indexed
126.12672,126.12822,0.0014999999999929514,6142.775993764057,bench_inc_indexed
126.3285,126.33,0.0014999999999929514,6137.642273649962,bench_inc_indexed
126.53026,126.53178,0.0015199999999992997,6231.362717223472,bench_inc_indexed
126.73204,126.73354,0.0015000000000071623,6135.392468451819,bench_inc_indexed
126.93382,126.93532,0.0015000000000071623,6149.460473126676,bench_inc_indexed
127.1356,127.1371,0.0015000000000071623,6136.314026109364,bench_inc_indexed
127.33736,127.33888,0.0015199999999992997,6245.337249708224,bench_inc_indexed
127.53914,127.54066,0.0015199999999992997,6225.369684394883,bench_inc_indexed
127.74094,127.74244,0.0015000000000071623,6132.130948856284,bench_inc_indexed
127.94272,127.94422,0.0015000000000071623,6168.481740199149,bench_inc_indexed
128.1445,128.146,0.0014999999999929514,6160.699860163246,bench_inc_indexed
128.34628,128.34778,0.0014999999999929514,6153.863216720663,bench_inc_indexed
128.54806,128.54956,0.0015000000000213731,6162.735102786304,bench_inc_indexed
128.74984,128.75134,0.0014999999999929514,6144.578801438939,bench_inc_indexed
128.9516,128.95312,0.0015199999999992997,6248.838524328082,bench_inc_indexed
129.15338,129.15488,0.0014999999999929514,6156.63741246631,bench_inc_indexed
129.35516,129.35666,0.0014999999999929514,6156.586245603674,bench_inc_indexed
129.55692,129.55844,0.0015199999999992997,6236.547660079998,bench_inc_indexed
129.7587,129.7602,0.0014999999999929514,6155.1361577283205,bench_inc_indexed
129.96048,129.96198,0.0015000000000213731,6173.8519976807265,bench_inc_indexed
130.16226,130.16376,0.0014999999999929514,6158.689903064958,bench_inc_indexed
130.36402,130.36554,0.0015199999999992997,6223.508357066054,bench_inc_indexed
130.5658,130.5673,0.0014999999999929514,6140.90666637692,bench_inc_indexed
130.76758,130.76906,0.0014799999999866031,6147.174285669184,bench_inc_symbolic
130.96932,130.9708,0.0014799999999866031,6162.139256429887,bench_inc_symbolic
131.17106,131.17254,0.0014799999999866031,6151.711489018181,bench_inc_symbolic
131.3728,131.3743,0.0014999999999929514,6247.92220068023,bench_inc_symbolic
131.57456,131.57604,0.0014800000000150249,6152.650588255124,bench_inc_symbolic
131.77632,131.7778,0.0014800000000150249,6166.3661013056535,bench_inc_symbolic
131.97808,131.97956,0.0014799999999866031,6147.246956768893,bench_inc_symbolic
132.17982,132.1813,0.0014799999999866031,6159.199373739795,bench_inc_symbolic
132.38158,132.38306,0.0014799999999866031,6149.224471244139,bench_inc_symbolic
132.58334,132.58482,0.0014800000000150249,6152.446242112186,bench_inc_symbolic
132.7851,132.78658,0.0014799999999866031,6146.7111855182375,bench_inc_symbolic
132.98686,132.98834,0.0014799999999866031,6164.055811185063,bench_inc_symbolic
133.18862,133.1901,0.0014800000000150249,6147.967744683364,bench_inc_symbolic
133.39038,133.39186,0.0014800000000150249,6167.623940918279,bench_inc_symbolic
133.59214,133.59362,0.0014799999999866031,6154.868849497586,bench_inc_symbolic
133.7939,133.79538,0.0014799999999866031,6177.211678531419,bench_inc_symbolic
133.99566,133.99714,0.0014800000000150249,6155.944760021099,bench_inc_symbolic
134.19742,134.1989,0.0014800000000150249,6156.956511612359,bench_inc_symbolic
134.39918,134.40066,0.0014799999999866031,6163.990097064444,bench_inc_symbolic
134.60094,134.60242,0.0014799999999866031,6174.9562573989915,bench_inc_symbolic
134.8027,134.80418,0.0014800000000150249,6172.251817834194,bench_inc_symbolic
135.00446,135.00594,0.0014800000000150249,6174.8477584373095,bench_inc_symbolic
135.20622,135.2077,0.0014799999999866031,6158.8132474010545,bench_inc_symbolic
135.40798,135.40946,0.0014799999999866031,6144.297886584396,bench_inc_symbolic
135.60976,135.61124,0.0014800000000150249,6159.604457268943,bench_inc_symbolic
135.81152,135.813,0.0014799999999866031,6177.823538836523,bench_inc_symbolic
136.01328,136.01476,0.0014799999999866031,6161.216930429513,bench_inc_symbolic
136.21504,136.21652,0.0014800000000150249,6178.056420821123,bench_inc_symbolic
136.4168,136.41828,0.0014800000000150249,6167.425871889835,bench_inc_symbolic
136.61856,136.62004,0.0014799999999866031,6184.922601040689,bench_inc_symbolic
136.82032,136.8218,0.0014799999999866031,6166.0873190877055,bench_inc_symbolic
137.02208,137.02356,0.0014800000000150249,6158.438716146725,bench_inc_symbolic
137.22384,137.22532,0.0014800000000150249,6155.736995923568,bench_inc_symbolic
137.4256,137.42708,0.0014799999999866031,6160.953449960357,bench_inc_symbolic
137.62736,137.62884,0.0014799999999866031,6174.720320795528,bench_inc_symbolic
137.82912,137.8306,0.0014800000000150249,6156.110502842436,bench_inc_symbolic
138.03088,138.03236,0.0014800000000150249,6157.219926888698,bench_inc_symbolic
138.23264,138.23412,0.0014799999999866031,6161.737353484601,bench_inc_symbolic
138.43438,138.43588,0.0014999999999929514,6251.277406670504,bench_inc_symbolic
138.63614,138.63762,0.0014799999999866031,6148.891556020453,bench_inc_symbolic
138.8379,138.83938,0.0014800000000150249,6151.971872957641,bench_inc_symbolic
139.03966,139.04114,0.0014800000000150249,6145.76266619064,bench_inc_symbolic
139.24142,139.2429,0.0014799999999866031,6140.679642501864,bench_inc_symbolic
139.44318,139.44466,0.0014799999999866031,6158.081600386123,bench_inc_symbolic
139.64494,139.64642,0.0014800000000150249,6148.5543382046435,bench_inc_symbolic
139.84672,139.8482,0.0014799999999866031,6159.072215613849,bench_inc_symbolic
140.04848,140.04996,0.0014799999999866031,6154.8163461860595,bench_inc_symbolic
140.25024,140.25172,0.0014800000000150249,6160.644837719148,bench_inc_symbolic
140.452,140.45348,0.0014800000000150249,6172.8788819784095,bench_inc_symbolic
140.65378,140.65526,0.0014799999999866031,6167.1686265048365,bench_inc_symbolic
140.85554,140.85702,0.0014800000000150249,6160.519528265925,bench_inc_symbolic
141.05732,141.0588,0.0014799999999866031,6156.902220044733,bench_inc_symbolic
141.25908,141.26056,0.0014799999999866031,6170.358369070631,bench_inc_symbolic
141.46084,141.46232,0.0014800000000150249,6168.400133091283,bench_inc_symbolic
141.6626,141.66408,0.0014800000000150249,6175.554781285027,bench_inc_symbolic
141.86436,141.86584,0.0014799999999866031,6167.595260719866,bench_inc_symbolic
142.06612,142.0676,0.0014799999999866031,6161.6513830971035,bench_inc_symbolic
142.26788,142.26936,0.0014800000000150249,6161.960228410207,bench_inc_symbolic
142.46964,142.47112,0.0014800000000150249,6177.915148499375,bench_inc_symbolic
142.6714,142.67288,0.0014799999999866031,6177.799273225499,bench_inc_symbolic
142.87316,142.87464,0.0014799999999866031,6164.5635542825285,bench_inc_symbolic
143.07492,143.0764,0.0014800000000150249,6168.656069849154,bench_inc_symbolic
143.27668,143.27816,0.0014800000000150249,6173.551585586758,bench_inc_symbolic
143.47846,143.47994,0.0014799999999866031,6165.204835070586,bench_inc_symbolic
143.68022,143.6817,0.0014800000000150249,6148.520018968559,bench_inc_symbolic
143.88198,143.88346,0.0014800000000150249,6149.830268759198,bench_inc_symbolic
144.08372,144.0852,0.0014799999999866031,6166.163361575484,bench_inc_symbolic
144.2855,144.28698,0.0014799999999866031,6162.290903682902,bench_inc_symbolic
144.48726,144.48874,0.0014800000000150249,6150.480057177377,bench_inc_symbolic
144.689,144.69048,0.0014800000000150249,6161.41474346472,bench_inc_symbolic
144.89076,144.89224,0.0014799999999866031,6149.395373594036,bench_inc_symbolic
145.09252,145.094,0.0014799999999866031,6150.378445108274,bench_inc_symbolic
145.29428,145.29576,0.0014800000000150249,6150.421579432858,bench_inc_symbolic
145.49602,145.4975,0.0014800000000150249,6158.419083868034,bench_inc_symbolic
145.69778,145.69926,0.0014800000000150249,6158.753698754859,bench_inc_symbolic
145.89954,145.90102,0.0014799999999866031,6157.074710299712,bench_inc_symbolic
146.1013,146.10278,0.0014799999999866031,6162.761026006513,bench_inc_symbolic
146.30306,146.30454,0.0014800000000150249,6164.212925423159,bench_inc_symbolic
146.50482,146.5063,0.0014800000000150249,6149.6485444402115,bench_inc_symbolic
146.70658,146.70806,0.0014799999999866031,6159.820919800622,bench_inc_symbolic
146.90834,146.90982,0.0014799999999866031,6165.768615844823,bench_inc_symbolic
147.1101,147.11158,0.0014800000000150249,6169.89117122079,bench_inc_symbolic
147.31186,147.31334,0.0014800000000150249,6171.782384688307,bench_inc_symbolic
147.51362,147.5151,0.0014799999999866031,6170.346084926602,bench_inc_symbolic
147.71536,147.71686,0.0014999999999929514,6261.269161448991,bench_inc_symbolic
147.91712,147.9186,0.0014799999999866031,6191.852074058677,bench_inc_symbolic
148.11888,148.12036,0.0014800000000150249,6179.220513503858,bench_inc_symbolic
148.32064,148.32212,0.0014800000000150249,6178.142344641235,bench_inc_symbolic
148.5224,148.52388,0.0014799999999866031,6158.080119584051,bench_inc_symbolic
148.72414,148.72562,0.0014799999999866031,6176.921380628095,bench_inc_symbolic
148.9259,148.92738,0.0014799999999866031,6151.515277977291,bench_inc_symbolic
149.12766,149.12914,0.0014800000000150249,6168.184573823988,bench_inc_symbolic
149.3294,149.33088,0.0014800000000150249,6166.295381325199,bench_inc_symbolic
149.53116,149.53264,0.0014799999999866031,6196.93067384892,bench_inc_symbolic
149.73292,149.7344,0.0014799999999866031,6176.372305433879,bench_inc_symbolic
149.93468,149.93616,0.0014800000000150249,6190.642938081164,bench_inc_symbolic
150.13644,150.13792,0.0014800000000150249,6164.745683846168,bench_inc_symbolic
150.33818,150.33966,0.0014800000000150249,6152.889472495729,bench_inc_symbolic
150.53994,150.54142,0.0014799999999866031,6140.16946399671,bench_inc_symbolic
150.7417,150.74318,0.0014799999999866031,6160.803860928133,bench_inc_symbolic
150.94346,150.94496,0.0015000000000213731,6106.481244875083,bench_inc_absolute
151.14522,151.14672,0.0014999999999929514,6115.927766050476,bench_inc_absolute
151.34698,151.34848,0.0014999999999929514,6114.616445236703,bench_inc_absolute
151.54876,151.55026,0.0015000000000213731,6126.511679119322,bench_inc_absolute
151.75054,151.75204,0.0014999999999929514,6126.548121654213,bench_inc_absolute
151.9523,151.9538,0.0014999999999929514,6119.076139262432,bench_inc_absolute
152.15408,152.15558,0.0014999999999929514,6106.318519421935,bench_inc_absolute
152.35586,152.35736,0.0014999999999929514,6116.815381654544,bench_inc_absolute
152.55762,152.55912,0.0015000000000213731,6124.188071204979,bench_inc_absolute
152.7594,152.7609,0.0014999999999929514,6128.854881943261,bench_inc_absolute
152.96116,152.96266,0.0014999999999929514,6111.478512145105,bench_inc_absolute
153.16294,153.16444,0.0015000000000213731,6136.746066709245,bench_inc_absolute
153.3647,153.3662,0.0014999999999929514,6138.980844961025,bench_inc_absolute
153.56648,153.56798,0.0014999999999929514,6134.138097956282,bench_inc_absolute
153.76826,153.76976,0.0014999999999929514,6130.793420570035,bench_inc_absolute
153.97004,153.97154,0.0014999999999929514,6138.056991592127,bench_inc_absolute
154.1718,154.1733,0.0015000000000213731,6143.856369980391,bench_inc_absolute
154.37358,154.37508,0.0014999999999929514,6133.968746261398,bench_inc_absolute
154.57536,154.57686,0.0015000000000213731,6145.735960541434,bench_inc_absolute
154.77714,154.77864,0.0014999999999929514,6122.809685737903,bench_inc_absolute
154.9789,154.9804,0.0014999999999929514,6141.944192319105,bench_inc_absolute
155.18068,155.18218,0.0014999999999929514,6144.222146802967,bench_inc_absolute
155.38244,155.38394,0.0014999999999929514,6134.431185172807,bench_inc_absolute
155.58422,155.58572,0.0015000000000213731,6142.078065402254,bench_inc_absolute
155.78598,155.78748,0.0014999999999929514,6132.383341874118,bench_inc_absolute
155.98776,155.98926,0.0014999999999929514,6147.10999184017,bench_inc_absolute
156.18952,156.19104,0.0015199999999992997,6228.922298176121,bench_inc_absolute
156.3913,156.3928,0.0014999999999929514,6141.9840063601805,bench_inc_absolute
156.59306,156.59456,0.0014999999999929514,6140.979840390126,bench_inc_absolute
156.79484,156.79634,0.0014999999999929514,6114.269373910238,bench_inc_absolute
156.9966,156.9981,0.0014999999999929514,6119.487658115392,bench_inc_absolute
157.19838,157.19988,0.0015000000000213731,6118.5937189448605,bench_inc_absolute
157.40016,157.40166,0.0014999999999929514,6110.480711766469,bench_inc_absolute
157.60192,157.60342,0.0014999999999929514,6115.14076121885,bench_inc_absolute
157.80368,157.80518,0.0014999999999929514,6128.187715045488,bench_inc_absolute
158.00546,158.00696,0.0014999999999929514,6134.455162072343,bench_inc_absolute
158.20722,158.20872,0.0014999999999929514,6115.084714227614,bench_inc_absolute
158.409,158.4105,0.0015000000000213731,6107.431585057968,bench_inc_absolute
158.61078,158.61228,0.0014999999999929514,6122.651072189294,bench_inc_absolute
158.81256,158.81406,0.0015000000000213731,6124.521787365639,bench_inc_absolute
159.01434,159.01584,0.0014999999999929514,6140.359323442631,bench_inc_absolute
159.21612,159.21762,0.0015000000000213731,6122.916354885279,bench_inc_absolute
159.4179,159.4194,0.0014999999999929514,6143.727665738148,bench_inc_absolute
159.61968,159.62118,0.0015000000000213731,6128.784092232567,bench_inc_absolute
159.82146,159.82296,0.0014999999999929514,6136.870514573414,bench_inc_absolute
160.02324,160.02474,0.0015000000000213731,6123.803737661462,bench_inc_absolute
160.22502,160.22652,0.0014999999999929514,6152.32526321857,bench_inc_absolute
160.4268,160.4283,0.0015000000000213731,6129.1796901214875,bench_inc_absolute
160.62856,160.63006,0.0014999999999929514,6135.969315626716,bench_inc_absolute
160.83034,160.83184,0.0014999999999929514,6135.825184145052,bench_inc_absolute
161.03212,161.03362,0.0015000000000213731,6157.577661885034,bench_inc_absolute
161.2339,161.2354,0.0014999999999929514,6147.282463470359,bench_inc_absolute
161.43568,161.43718,0.0015000000000213731,6148.741594603716,bench_inc_absolute
161.63746,161.63896,0.0014999999999929514,6134.4523215372865,bench_inc_absolute
161.83922,161.84074,0.0015199999999992997,6225.951015943815,bench_inc_absolute
162.041,162.0425,0.0014999999999929514,6138.454414873994,bench_inc_absolute
162.24278,162.24428,0.0014999999999929514,6150.1856660171425,bench_inc_absolute
162.44456,162.44606,0.0014999999999929514,6122.766905436168,bench_inc_absolute
162.64632,162.64782,0.0014999999999929514,6144.200540118484,bench_inc_absolute
162.8481,162.8496,0.0015000000000213731,6141.345277518225,bench_inc_absolute
163.04988,163.05138,0.0014999999999929514,6143.463347078495,bench_inc_absolute
163.25164,163.25314,0.0014999999999929514,6141.747278130991,bench_inc_absolute
163.45342,163.45492,0.0014999999999929514,6102.92633992464,bench_inc_absolute
163.6552,163.6567,0.0014999999999929514,6119.036669814291,bench_inc_absolute
163.85698,163.85848,0.0014999999999929514,6117.062102975233,bench_inc_absolute
164.05874,164.06026,0.0015199999999992997,6191.921527495645,bench_inc_absolute
164.26054,164.26204,0.0015000000000213731,6119.991904212237,bench_inc_absolute
164.46232,164.46382,0.0014999999999929514,6126.992311299235,bench_inc_absolute
164.66408,164.66558,0.0014999999999929514,6117.50238106149,bench_inc_absolute
164.86586,164.86736,0.0014999999999929514,6130.230678217857,bench_inc_absolute
165.06764,165.06914,0.0014999999999929514,6103.19761556387,bench_inc_absolute
165.26942,165.27092,0.0014999999999929514,6121.682217316043,bench_inc_absolute
165.4712,165.4727,0.0014999999999929514,6113.418652646208,bench_inc_absolute
165.67298,165.67448,0.0014999999999929514,6115.673445135512,bench_inc_absolute
165.87474,165.87624,0.0014999999999929514,6133.7778018482,bench_inc_absolute
166.07654,166.07804,0.0014999999999929514,6120.042768278746,bench_inc_absolute
166.27832,166.27982,0.0014999999999929514,6126.581099785025,bench_inc_absolute
166.4801,166.4816,0.0014999999999929514,6118.785408297358,bench_inc_absolute
166.68186,166.68336,0.0014999999999929514,6144.343730964928,bench_inc_absolute
166.88364,166.88514,0.0014999999999929514,6142.539852268347,bench_inc_absolute
167.0854,167.0869,0.0015000000000213731,6130.752479744871,bench_inc_absolute
167.28718,167.28868,0.0014999999999929514,6131.531889521338,bench_inc_absolute
167.48896,167.49046,0.0015000000000213731,6142.060519285767,bench_inc_absolute
167.69074,167.69224,0.0014999999999929514,6131.111630209513,bench_inc_absolute
167.89252,167.89402,0.0015000000000213731,6138.045615604161,bench_inc_absolute
168.09428,168.09578,0.0014999999999929514,6135.809626401963,bench_inc_absolute
168.29606,168.29756,0.0014999999999929514,6135.794031401919,bench_inc_absolute
168.49784,168.49934,0.0014999999999929514,6132.444264338436,bench_inc_absolute
168.69962,168.70112,0.0014999999999929514,6129.398709133055,bench_inc_absolute
168.90142,168.90292,0.0014999999999929514,6128.877196432808,bench_inc_absolute
169.1032,169.1047,0.0015000000000213731,6137.704611844621,bench_inc_absolute
169.30498,169.30648,0.0014999999999929514,6148.277115979015,bench_inc_absolute
169.50676,169.50826,0.0014999999999929514,6134.505947090925,bench_inc_absolute
169.70854,169.71004,0.0014999999999929514,6142.4889694609365,bench_inc_absolute
169.91032,169.91182,0.0014999999999929514,6116.312276541009,bench_inc_absolute
170.1121,170.1136,0.0014999999999929514,6111.901039228565,bench_inc_absolute
170.31388,170.31538,0.0014999999999929514,6110.699083625752,bench_inc_absolute
170.51566,170.51716,0.0014999999999929514,6115.716686442872,bench_inc_absolute
170.71744,170.71894,0.0014999999999929514,6121.95817750862,bench_inc_absolute
170.9192,170.9207,0.0015000000000213731,6124.6370012817115,bench_inc_absolute
171.12098,171.12166,0.0006799999999884676,2432.863854294314,bench_rlam_immediate_1_register
171.32194,171.32262,0.0006799999999884676,2446.3216936648814,bench_rlam_immediate_1_register
171.5229,171.52358,0.0006800000000168893,2441.2609800412815,bench_rlam_immediate_1_register
171.72384,171.72452,0.0006800000000168893,2439.9147788696655,bench_rlam_immediate_1_register
171.9248,171.92548,0.0006799999999884676,2429.584828160055,bench_rlam_immediate_1_register
172.12576,172.12644,0.0006799999999884676,2423.900240052007,bench_rlam_immediate_1_register
172.32672,172.3274,0.0006800000000168893,2422.3739351789322,bench_rlam_immediate_1_register
172.52768,172.52836,0.0006799999999884676,2442.2616534439203,bench_rlam_immediate_1_register
172.72864,172.72932,0.0006799999999884676,2431.8495834686887,bench_rlam_immediate_1_register
172.92958,172.93026,0.0006800000000168893,2424.4583887723034,bench_rlam_immediate_1_register
173.13054,173.13122,0.0006800000000168893,2445.760094624214,bench_rlam_immediate_1_register
173.3315,173.33218,0.0006799999999884676,2435.906983401685,bench_rlam_immediate_1_register
173.53246,173.53314,0.0006800000000168893,2426.1684646570843,bench_rlam_immediate_1_register
173.7334,173.7341,0.0007000000000232376,2523.1496431817377,bench_rlam_immediate_1_register
173.93436,173.93504,0.0006799999999884676,2441.4810468058463,bench_rlam_immediate_1_register
174.13532,174.136,0.0006799999999884676,2436.3314173683057,bench_rlam_immediate_1_register
174.33628,174.33696,0.0006800000000168893,2432.404374771317,bench_rlam_immediate_1_register
174.53722,174.53792,0.0007000000000232376,2514.2005901749008,bench_rlam_immediate_1_register
174.73818,174.73886,0.0006799999999884676,2437.7991095730695,bench_rlam_immediate_1_register
174.93914,174.93982,0.0006799999999884676,2444.3045211471463,bench_rlam_immediate_1_register
175.1401,175.14078,0.0006800000000168893,2445.3626783296195,bench_rlam_immediate_1_register
175.34106,175.34174,0.0006799999999884676,2436.948812062075,bench_rlam_immediate_1_register
175.542,175.5427,0.0006999999999948159,2513.4736858093797,bench_rlam_immediate_1_register
175.74296,175.74366,0.0006999999999948159,2519.0240912810036,bench_rlam_immediate_1_register
175.94394,175.94462,0.0006799999999884676,2429.369811394346,bench_rlam_immediate_1_register
176.1449,176.14558,0.0006799999999884676,2440.900760659066,bench_rlam_immediate_1_register
176.34586,176.34654,0.0006800000000168893,2448.1418287121655,bench_rlam_immediate_1_register
176.54682,176.5475,0.0006800000000168893,2426.883899668872,bench_rlam_immediate_1_register
176.74778,176.74846,0.0006799999999884676,2430.1172187115408,bench_rlam_immediate_1_register
176.94872,176.9494,0.0006799999999884676,2429.159188128761,bench_rlam_immediate_1_register
177.14968,177.15036,0.0006800000000168893,2433.1188784639153,bench_rlam_immediate_1_register
177.35064,177.35132,0.0006799999999884676,2445.6072807837286,bench_rlam_immediate_1_register
177.55158,177.55226,0.0006799999999884676,2452.54030679955,bench_rlam_immediate_1_register
177.75254,177.75322,0.0006799999999884676,2431.20736670562,bench_rlam_immediate_1_register
177.9535,177.95418,0.0006800000000168893,2430.2567775086154,bench_rlam_immediate_1_register
178.15444,178.15514,0.0006999999999948159,2511.838858467802,bench_rlam_immediate_1_register
178.3554,178.35608,0.0006799999999884676,2422.97065207039,bench_rlam_immediate_1_register
178.55636,178.55704,0.0006799999999884676,2433.658558825352,bench_rlam_immediate_1_register
178.7573,178.75798,0.0006800000000168893,2435.1209589039763,bench_rlam_immediate_1_register
178.95826,178.95894,0.0006800000000168893,2430.2342744235307,bench_rlam_immediate_1_register
179.1592,179.1599,0.0006999999999948159,2513.8973980031824,bench_rlam_immediate_1_register
179.36016,179.36084,0.0006799999999884676,2446.0932611964367,bench_rlam_immediate_1_register
179.56112,179.5618,0.0006800000000168893,2442.1995087265104,bench_rlam_immediate_1_register
179.76206,179.76276,0.0006999999999948159,2513.5007966177714,bench_rlam_immediate_1_register
179.96302,179.9637,0.0006799999999884676,2435.77418379167,bench_rlam_immediate_1_register
180.16398,180.16466,0.0006799999999884676,2419.80954301274,bench_rlam_immediate_1_register
180.36492,180.3656,0.0006799999999884676,2439.9048694822723,bench_rlam_immediate_1_register
180.56588,180.56656,0.0006800000000168893,2423.901725626968,bench_rlam_immediate_1_register
180.76682,180.7675,0.0006800000000168893,2437.281280353065,bench_rlam_immediate_1_register
180.96776,180.96846,0.0006999999999948159,2513.7130170886044,bench_rlam_immediate_1_register
181.16872,181.1694,0.0006799999999884676,2446.959039617719,bench_rlam_immediate_1_register
181.36968,181.37036,0.0006800000000168893,2446.2808669291935,bench_rlam_immediate_1_register
181.57062,181.5713,0.0006800000000168893,2440.4095393325206,bench_rlam_immediate_1_register
181.77158,181.77226,0.0006799999999884676,2441.0904105351965,bench_rlam_immediate_1_register
181.97252,181.97322,0.0006999999999948159,2518.4167315979857,bench_rlam_immediate_1_register
182.17348,182.17416,0.0006799999999884676,2443.3627817270735,bench_rlam_immediate_1_register
182.37444,182.37512,0.0006800000000168893,2439.9116379860766,bench_rlam_immediate_1_register
182.57538,182.57608,0.0006999999999948159,2516.7985423306795,bench_rlam_immediate_1_register
182.77634,182.77702,0.0006799999999884676,2443.8453488528394,bench_rlam_immediate_1_register
182.9773,182.97798,0.0006799999999884676,2426.0619375354677,bench_rlam_immediate_1_register
183.17826,183.17894,0.0006800000000168893,2436.819509668124,bench_rlam_immediate_1_register
183.3792,183.37988,0.0006800000000168893,2436.487323201639,bench_rlam_immediate_1_register
183.58016,183.58084,0.0006799999999884676,2436.7929272839897,bench_rlam_immediate_1_register
183.7811,183.78178,0.0006799999999884676,2447.7541422917566,bench_rlam_immediate_1_register
183.98206,183.98274,0.0006800000000168893,2432.4180768527285,bench_rlam_immediate_1_register
184.18302,184.1837,0.0006799999999884676,2422.8174052733984,bench_rlam_immediate_1_register
184.38398,184.38466,0.0006799999999884676,2431.5245612030744,bench_rlam_immediate_1_register
184.58492,184.5856,0.0006799999999884676,2448.936442327411,bench_rlam_immediate_1_register
184.78586,184.78656,0.0006999999999948159,2505.9397960750684,bench_rlam_immediate_1_register
184.98682,184.9875,0.0006800000000168893,2437.916491245522,bench_rlam_immediate_1_register
185.18776,185.18844,0.0006800000000168893,2435.207148145501,bench_rlam_immediate_1_register
185.3887,185.3894,0.0006999999999948159,2527.6921805757397,bench_rlam_immediate_1_register
185.58966,185.59034,0.0006799999999884676,2440.18586114825,bench_rlam_immediate_1_register
185.7906,185.79128,0.0006799999999884676,2430.5616062556796,bench_rlam_immediate_1_register
185.99156,185.99224,0.0006800000000168893,2449.932892404989,bench_rlam_immediate_1_register
186.1925,186.19318,0.0006800000000168893,2434.606906088604,bench_rlam_immediate_1_register
186.39344,186.39412,0.0006799999999884676,2439.993221739009,bench_rlam_immediate_1_register
186.59438,186.59508,0.0006999999999948159,2522.632323654164,bench_rlam_immediate_1_register
186.79534,186.79602,0.0006799999999884676,2441.7905439133006,bench_rlam_immediate_1_register
186.9963,186.99698,0.0006800000000168893,2432.2565459374728,bench_rlam_immediate_1_register
187.19724,187.19792,0.0006800000000168893,2451.050321171964,bench_rlam_immediate_1_register
187.3982,187.39888,0.0006799999999884676,2422.484618102336,bench_rlam_immediate_1_register
187.59914,187.59984,0.0006999999999948159,2520.90947700313,bench_rlam_immediate_1_register
187.8001,187.80078,0.0006800000000168893,2457.156577216307,bench_rlam_immediate_1_register
188.00104,188.00172,0.0006800000000168893,2428.8857053691977,bench_rlam_immediate_1_register
188.202,188.20268,0.0006799999999884676,2433.5309140921486,bench_rlam_immediate_1_register
188.40294,188.40362,0.0006799999999884676,2443.9003038754586,bench_rlam_immediate_1_register
188.60388,188.60458,0.0006999999999948159,2502.8241029731153,bench_rlam_immediate_1_register
188.80484,188.80552,0.0006799999999884676,2430.6000326261515,bench_rlam_immediate_1_register
189.00578,189.00646,0.0006800000000168893,2422.2143227900206,bench_rlam_immediate_1_register
189.20672,189.2074,0.0006800000000168893,2435.7243464994654,bench_rlam_immediate_1_register
189.40768,189.40836,0.0006799999999884676,2423.350764398716,bench_rlam_immediate_1_register
189.60862,189.6093,0.0006799999999884676,2446.3264783412687,bench_rlam_immediate_1_register
189.80956,189.81024,0.0006799999999884676,2431.2907969134667,bench_rlam_immediate_1_register
190.01052,190.0112,0.0006799999999884676,2431.9135304043675,bench_rlam_immediate_1_register
190.21146,190.21214,0.0006800000000168893,2440.250588182129,bench_rlam_immediate_1_register
190.4124,190.4131,0.0006999999999948159,2522.851957460114,bench_rlam_immediate_1_register
190.61336,190.61404,0.0006799999999884676,2451.0730313680992,bench_rlam_immediate_1_register
190.81432,190.815,0.0006799999999884676,2437.7564200650795,bench_rlam_immediate_1_register
191.01526,191.01596,0.0006999999999948159,2511.3352364589696,bench_rlam_immediate_1_register
191.21622,191.21704,0.0008200000000044838,2935.5782107661244,bench_rlam_immediate_2_register
191.4173,191.41812,0.0008199999999760621,2942.5541007880306,bench_rlam_immediate_2_register
191.61838,191.6192,0.0008200000000044838,2933.112282785124,bench_rlam_immediate_2_register
191.81948,191.82028,0.0007999999999981355,2848.318123719389,bench_rlam_immediate_2_register
192.02056,192.02136,0.0007999999999981355,2856.9023963032587,bench_rlam_immediate_2_register
192.22164,192.22244,0.0007999999999981355,2878.2916557876533,bench_rlam_immediate_2_register
192.42272,192.42352,0.0007999999999981355,2849.818437821317,bench_rlam_immediate_2_register
192.6238,192.62462,0.0008200000000044838,2929.95227270436,bench_rlam_immediate_2_register
192.82488,192.8257,0.0008200000000044838,2943.900064578403,bench_rlam_immediate_2_register
193.02596,193.02678,0.0008200000000044838,2931.718395576458,bench_rlam_immediate_2_register
193.22706,193.22786,0.0007999999999981355,2849.4707541517264,bench_rlam_immediate_2_register
193.42814,193.42894,0.0007999999999981355,2860.0169531842826,bench_rlam_immediate_2_register
193.6292,193.63002,0.0008200000000044838,2930.730555690319,bench_rlam_immediate_2_register
193.83028,193.8311,0.0008200000000044838,2938.4469590371705,bench_rlam_immediate_2_register
194.03136,194.03218,0.0008200000000044838,2925.982465979442,bench_rlam_immediate_2_register
194.23246,194.23326,0.0007999999999981355,2848.5508006915015,bench_rlam_immediate_2_register
194.43354,194.43434,0.0007999999999981355,2852.985151108945,bench_rlam_immediate_2_register
194.63462,194.63542,0.0007999999999981355,2854.959813397451,bench_rlam_immediate_2_register
194.8357,194.8365,0.0007999999999981355,2855.940698637718,bench_rlam_immediate_2_register
195.03678,195.03758,0.0007999999999981355,2851.589363997895,bench_rlam_immediate_2_register
195.23786,195.23866,0.0007999999999981355,2844.1074350708413,bench_rlam_immediate_2_register
195.43894,195.43974,0.0007999999999981355,2851.9821469584017,bench_rlam_immediate_2_register
195.64002,195.64082,0.0007999999999981355,2855.6378744503522,bench_rlam_immediate_2_register
195.8411,195.8419,0.0007999999999981355,2855.4199333162983,bench_rlam_immediate_2_register
196.04216,196.04298,0.0008200000000044838,2937.3342637162773,bench_rlam_immediate_2_register
196.24324,196.24406,0.0008200000000044838,2917.8517707855176,bench_rlam_immediate_2_register
196.44434,196.44514,0.0007999999999981355,2859.0303193633004,bench_rlam_immediate_2_register
196.64542,196.64622,0.0007999999999981355,2861.9782742993875,bench_rlam_immediate_2_register
196.8465,196.8473,0.0007999999999981355,2866.1598917082542,bench_rlam_immediate_2_register
197.04758,197.04838,0.0007999999999981355,2861.642222838193,bench_rlam_immediate_2_register
197.24866,197.24948,0.0008200000000044838,2935.653466282667,bench_rlam_immediate_2_register
197.44974,197.45056,0.0008200000000044838,2918.471691685587,bench_rlam_immediate_2_register
197.65084,197.65164,0.0007999999999981355,2847.5532936859063,bench_rlam_immediate_2_register
197.85192,197.85272,0.0007999999999981355,2872.234731902827,bench_rlam_immediate_2_register
198.053,198.05382,0.0008200000000044838,2926.469089016464,bench_rlam_immediate_2_register
198.25408,198.2549,0.0008200000000044838,2931.2270856708133,bench_rlam_immediate_2_register
198.45518,198.45598,0.0007999999999981355,2847.8653589108158,bench_rlam_immediate_2_register
198.65626,198.65706,0.0007999999999981355,2850.104325908126,bench_rlam_immediate_2_register
198.85734,198.85814,0.0007999999999981355,2863.513892514138,bench_rlam_immediate_2_register
199.05842,199.05922,0.0007999999999981355,2865.6990430163924,bench_rlam_immediate_2_register
199.25948,199.2603,0.0008200000000044838,2940.88981814668,bench_rlam_immediate_2_register
199.46056,199.46138,0.0008200000000044838,2930.299411551313,bench_rlam_immediate_2_register
199.66164,199.66246,0.0008200000000044838,2935.7301257686013,bench_rlam_immediate_2_register
199.86272,199.86354,0.0008200000000044838,2937.8125141569813,bench_rlam_immediate_2_register
200.06382,200.06462,0.0007999999999981355,2857.1375412839043,bench_rlam_immediate_2_register
200.26488,200.2657,0.0008200000000044838,2941.9168247956954,bench_rlam_immediate_2_register
200.46596,200.46676,0.0007999999999981355,2857.054793270916,bench_rlam_immediate_2_register
200.66704,200.66784,0.0008000000000265572,2854.6009935523402,bench_rlam_immediate_2_register
200.8681,200.86892,0.0008200000000044838,2926.0360542849885,bench_rlam_immediate_2_register
201.06918,201.06998,0.0007999999999981355,2856.5513249499095,bench_rlam_immediate_2_register
201.27026,201.27106,0.0007999999999981355,2845.2417394064037,bench_rlam_immediate_2_register
201.47132,201.47214,0.0008200000000044838,2936.9351291325356,bench_rlam_immediate_2_register
201.6724,201.67322,0.0008199999999760621,2933.1509977577684,bench_rlam_immediate_2_register
201.87348,201.87428,0.0007999999999981355,2863.452748855724,bench_rlam_immediate_2_register
202.07456,202.07536,0.0007999999999981355,2848.2056269399586,bench_rlam_immediate_2_register
202.27564,202.27644,0.0007999999999981355,2858.5135168253396,bench_rlam_immediate_2_register
202.47672,202.47752,0.0007999999999981355,2850.8704481588834,bench_rlam_immediate_2_register
202.67778,202.6786,0.0008199999999760621,2935.1550153442395,bench_rlam_immediate_2_register
202.87886,202.87968,0.0008200000000044838,2940.051052733068,bench_rlam_immediate_2_register
203.07994,203.08076,0.0008200000000044838,2933.4427835630954,bench_rlam_immediate_2_register
203.28102,203.28184,0.0008199999999760621,2945.745843367479,bench_rlam_immediate_2_register
203.4821,203.48292,0.0008200000000044838,2938.3512283807127,bench_rlam_immediate_2_register
203.68318,203.684,0.0008200000000044838,2939.673780950394,bench_rlam_immediate_2_register
203.88426,203.88508,0.0008199999999760621,2926.245783360886,bench_rlam_immediate_2_register
204.08534,204.08614,0.0007999999999981355,2858.36148074805,bench_rlam_immediate_2_register
204.28642,204.28722,0.0007999999999981355,2865.9896482690583,bench_rlam_immediate_2_register
204.4875,204.4883,0.0007999999999981355,2847.9143418221997,bench_rlam_immediate_2_register
204.68856,204.68938,0.0008200000000044838,2939.2371163893527,bench_rlam_immediate_2_register
204.88964,204.89046,0.0008199999999760621,2943.760759565998,bench_rlam_immediate_2_register
205.09072,205.09154,0.0008200000000044838,2928.6094778349498,bench_rlam_immediate_2_register
205.2918,205.2926,0.0007999999999981355,2857.351051641874,bench_rlam_immediate_2_register
205.49288,205.49368,0.0007999999999981355,2845.5261839409177,bench_rlam_immediate_2_register
205.69394,205.69476,0.0008200000000044838,2935.5376446797463,bench_rlam_immediate_2_register
205.89502,205.89584,0.0008200000000044838,2937.5432408652637,bench_rlam_immediate_2_register
206.0961,206.0969,0.0007999999999981355,2861.125818444604,bench_rlam_immediate_2_register
206.29718,206.29798,0.0007999999999981355,2855.91306630136,bench_rlam_immediate_2_register
206.49826,206.49906,0.0007999999999981355,2854.8573539575577,bench_rlam_immediate_2_register
206.69932,206.70014,0.0008200000000044838,2934.0645903892864,bench_rlam_immediate_2_register
206.9004,206.90122,0.0008200000000044838,2935.6614500487535,bench_rlam_immediate_2_register
207.10148,207.10228,0.0007999999999981355,2872.229246408805,bench_rlam_immediate_2_register
207.30254,207.30336,0.0008200000000044838,2939.834115117175,bench_rlam_immediate_2_register
207.50362,207.50442,0.0007999999999981355,2858.9379018938694,bench_rlam_immediate_2_register
207.7047,207.7055,0.0007999999999981355,2861.959484863091,bench_rlam_immediate_2_register
207.90576,207.90658,0.0008200000000044838,2925.9324306856324,bench_rlam_immediate_2_register
208.10684,208.10764,0.0007999999999981355,2851.992440400914,bench_rlam_immediate_2_register
208.30792,208.30872,0.0007999999999981355,2852.9330855195435,bench_rlam_immediate_2_register
208.50898,208.5098,0.0008200000000044838,2942.779492595422,bench_rlam_immediate_2_register
208.71006,208.71086,0.0007999999999981355,2860.8377184661244,bench_rlam_immediate_2_register
208.91114,208.91194,0.0007999999999981355,2854.9221157996476,bench_rlam_immediate_2_register
209.1122,209.11302,0.0008200000000044838,2935.7024561785684,bench_rlam_immediate_2_register
209.31328,209.3141,0.0008200000000044838,2944.1388417261446,bench_rlam_immediate_2_register
209.51436,209.51518,0.0008199999999760621,2946.7456321241752,bench_rlam_immediate_2_register
209.71544,209.71624,0.0007999999999981355,2857.2776890312393,bench_rlam_immediate_2_register
209.91652,209.91732,0.0007999999999981355,2869.342521297804,bench_rlam_immediate_2_register
210.1176,210.1184,0.0007999999999981355,2851.607999750064,bench_rlam_immediate_2_register
210.31868,210.31948,0.0007999999999981355,2866.390754927901,bench_rlam_immediate_2_register
210.51976,210.52056,0.0007999999999981355,2863.313651176114,bench_rlam_immediate_2_register
210.72084,210.72164,0.0007999999999981355,2857.4012825116292,bench_rlam_immediate_2_register
210.9219,210.92272,0.0008200000000044838,2935.2441057771525,bench_rlam_immediate_2_register
211.12298,211.1238,0.0008199999999760621,2928.6427119745285,bench_rlam_immediate_2_register
211.32406,211.325,0.00093999999998573,3284.4300753857488,bench_rlam_immediate_3_register
211.52526,211.5262,0.00093999999998573,3289.0106806940576,bench_rlam_immediate_3_register
211.72648,211.7274,0.0009199999999793818,3228.0999723947107,bench_rlam_immediate_3_register
211.92768,211.9286,0.0009199999999793818,3210.5639552842126,bench_rlam_immediate_3_register
212.12888,212.12982,0.00093999999998573,3284.075441712014,bench_rlam_immediate_3_register
212.33008,212.33102,0.00093999999998573,3298.143299703866,bench_rlam_immediate_3_register
212.5313,212.53222,0.0009200000000078035,3212.8936727874902,bench_rlam_immediate_3_register
212.7325,212.73344,0.0009400000000141517,3292.9722522945863,bench_rlam_immediate_3_register
212.9337,212.93464,0.0009400000000141517,3291.2896108468885,bench_rlam_immediate_3_register
213.1349,213.13584,0.0009400000000141517,3306.49733782006,bench_rlam_immediate_3_register
213.3361,213.33704,0.0009400000000141517,3287.0213455180515,bench_rlam_immediate_3_register
213.53732,213.53824,0.0009200000000078035,3215.9940013975306,bench_rlam_immediate_3_register
213.73852,213.73946,0.0009400000000141517,3297.740700711202,bench_rlam_immediate_3_register
213.93974,213.94066,0.0009200000000078035,3215.4201646622846,bench_rlam_immediate_3_register
214.14094,214.14188,0.00093999999998573,3284.6892997129667,bench_rlam_immediate_3_register
214.34216,214.3431,0.00093999999998573,3287.5365134718604,bench_rlam_immediate_3_register
214.54338,214.5443,0.0009199999999793818,3223.8540145694915,bench_rlam_immediate_3_register
214.74458,214.74552,0.00093999999998573,3291.39209113597,bench_rlam_immediate_3_register
214.94578,214.94672,0.00093999999998573,3303.432310872279,bench_rlam_immediate_3_register
215.147,215.14794,0.0009400000000141517,3281.835718136117,bench_rlam_immediate_3_register
215.3482,215.34914,0.0009400000000141517,3291.476471405679,bench_rlam_immediate_3_register
215.54942,215.55036,0.0009400000000141517,3277.8896694589057,bench_rlam_immediate_3_register
215.75064,215.75156,0.0009200000000078035,3226.6630372310206,bench_rlam_immediate_3_register
215.95184,215.95278,0.00093999999998573,3298.954884469975,bench_rlam_immediate_3_register
216.15306,216.154,0.00093999999998573,3287.869205174379,bench_rlam_immediate_3_register
216.35428,216.35522,0.0009400000000141517,3283.243633397562,bench_rlam_immediate_3_register
216.5555,216.55642,0.0009200000000078035,3224.752375423658,bench_rlam_immediate_3_register
216.7567,216.75764,0.0009400000000141517,3297.153231742368,bench_rlam_immediate_3_register
216.95792,216.95886,0.00093999999998573,3286.3728585169315,bench_rlam_immediate_3_register
217.15912,217.16006,0.00093999999998573,3313.324027647185,bench_rlam_immediate_3_register
217.36034,217.36128,0.00093999999998573,3294.388328155248,bench_rlam_immediate_3_register
217.56156,217.56248,0.0009200000000078035,3201.5892607511346,bench_rlam_immediate_3_register
217.76276,217.7637,0.0009400000000141517,3288.9137487503226,bench_rlam_immediate_3_register
217.96398,217.96492,0.0009400000000141517,3288.835634065679,bench_rlam_immediate_3_register
218.1652,218.16612,0.0009200000000078035,3215.3408043366303,bench_rlam_immediate_3_register
218.3664,218.36734,0.0009400000000141517,3290.366497873142,bench_rlam_immediate_3_register
218.56762,218.56856,0.00093999999998573,3287.236073467482,bench_rlam_immediate_3_register
218.76884,218.76976,0.0009199999999793818,3211.275455461098,bench_rlam_immediate_3_register
218.97004,218.97098,0.00093999999998573,3297.9566417042106,bench_rlam_immediate_3_register
219.17126,219.1722,0.0009400000000141517,3289.730104207356,bench_rlam_immediate_3_register
219.37246,219.3734,0.0009400000000141517,3290.055121816118,bench_rlam_immediate_3_register
219.57366,219.5746,0.0009400000000141517,3289.1889219729073,bench_rlam_immediate_3_register
219.77488,219.7758,0.0009200000000078035,3212.377352204527,bench_rlam_immediate_3_register
219.97608,219.97702,0.0009400000000141517,3296.996336481529,bench_rlam_immediate_3_register
220.17728,220.17822,0.0009400000000141517,3281.0862688855545,bench_rlam_immediate_3_register
220.37848,220.37942,0.0009400000000141517,3284.476515889206,bench_rlam_immediate_3_register
220.5797,220.58062,0.0009200000000078035,3202.2845302955507,bench_rlam_immediate_3_register
220.7809,220.78184,0.00093999999998573,3305.6696899650683,bench_rlam_immediate_3_register
220.9821,220.98304,0.00093999999998573,3277.3486175049466,bench_rlam_immediate_3_register
221.1833,221.18424,0.00093999999998573,3295.014938287344,bench_rlam_immediate_3_register
221.38452,221.38544,0.0009199999999793818,3222.7126578013986,bench_rlam_immediate_3_register
221.58572,221.58664,0.0009199999999793818,3217.3961563169837,bench_rlam_immediate_3_register
221.78692,221.78786,0.00093999999998573,3286.740076669651,bench_rlam_immediate_3_register
221.98814,221.98906,0.0009200000000078035,3207.499405869709,bench_rlam_immediate_3_register
222.18934,222.19028,0.0009400000000141517,3291.489498282556,bench_rlam_immediate_3_register
222.39056,222.3915,0.0009400000000141517,3289.9947814257193,bench_rlam_immediate_3_register
222.59176,222.5927,0.0009400000000141517,3311.0318356753205,bench_rlam_immediate_3_register
222.79298,222.79392,0.0009400000000141517,3296.2108357391676,bench_rlam_immediate_3_register
222.99418,222.99512,0.00093999999998573,3302.4333766194386,bench_rlam_immediate_3_register
223.1954,223.19632,0.0009199999999793818,3213.4111690519685,bench_rlam_immediate_3_register
223.3966,223.39754,0.00093999999998573,3298.5033629851273,bench_rlam_immediate_3_register
223.59782,223.59874,0.0009199999999793818,3221.8309491059495,bench_rlam_immediate_3_register
223.79902,223.79996,0.00093999999998573,3297.2158560868756,bench_rlam_immediate_3_register
224.00024,224.00116,0.0009200000000078035,3211.9968743397335,bench_rlam_immediate_3_register
224.20144,224.20238,0.0009400000000141517,3296.565292457843,bench_rlam_immediate_3_register
224.40264,224.40358,0.0009400000000141517,3298.8162688543075,bench_rlam_immediate_3_register
224.60386,224.6048,0.0009400000000141517,3306.4565063042314,bench_rlam_immediate_3_register
224.80508,224.80602,0.00093999999998573,3287.3660954125094,bench_rlam_immediate_3_register
225.0063,225.00724,0.00093999999998573,3303.430564643658,bench_rlam_immediate_3_register
225.20752,225.20846,0.0009400000000141517,3284.53873289946,bench_rlam_immediate_3_register
225.40874,225.40966,0.0009200000000078035,3210.002821901876,bench_rlam_immediate_3_register
225.60994,225.61088,0.0009400000000141517,3295.8586724098855,bench_rlam_immediate_3_register
225.81116,225.8121,0.00093999999998573,3303.2317296125184,bench_rlam_immediate_3_register
226.01238,226.01332,0.00093999999998573,3269.0390478304403,bench_rlam_immediate_3_register
226.2136,226.21452,0.0009199999999793818,3224.32311709424,bench_rlam_immediate_3_register
226.4148,226.41574,0.00093999999998573,3312.7526868472855,bench_rlam_immediate_3_register
226.61602,226.61696,0.0009400000000141517,3289.424325395139,bench_rlam_immediate_3_register
226.81724,226.81818,0.0009400000000141517,3269.9774927982444,bench_rlam_immediate_3_register
227.01844,227.01938,0.0009400000000141517,3296.3492931389874,bench_rlam_immediate_3_register
227.21964,227.22058,0.0009400000000141517,3285.36334685509,bench_rlam_immediate_3_register
227.42086,227.42178,0.0009200000000078035,3215.147953039075,bench_rlam_immediate_3_register
227.62206,227.623,0.00093999999998573,3288.3792300173686,bench_rlam_immediate_3_register
227.82328,227.8242,0.0009199999999793818,3233.847324653149,bench_rlam_immediate_3_register
228.02448,228.02542,0.00093999999998573,3287.7203239448504,bench_rlam_immediate_3_register
228.2257,228.22662,0.0009200000000078035,3215.998252885045,bench_rlam_immediate_3_register
228.4269,228.42782,0.0009200000000078035,3224.0898884225176,bench_rlam_immediate_3_register
228.6281,228.62904,0.0009400000000141517,3275.674339437816,bench_rlam_immediate_3_register
228.8293,228.83024,0.0009400000000141517,3272.331054377223,bench_rlam_immediate_3_register
229.0305,229.03144,0.0009400000000141517,3291.910712196984,bench_rlam_immediate_3_register
229.2317,229.23264,0.0009400000000141517,3296.2589664945535,bench_rlam_immediate_3_register
229.43292,229.43386,0.0009400000000141517,3297.416765760337,bench_rlam_immediate_3_register
229.63414,229.63506,0.0009200000000078035,3215.160819261273,bench_rlam_immediate_3_register
229.83534,229.83628,0.00093999999998573,3292.142222583033,bench_rlam_immediate_3_register
230.03656,230.0375,0.00093999999998573,3298.1880474238496,bench_rlam_immediate_3_register
230.23778,230.2387,0.0009200000000078035,3214.4353306276566,bench_rlam_immediate_3_register
230.439,230.43992,0.0009200000000078035,3215.2889739109705,bench_rlam_immediate_3_register
230.6402,230.64114,0.0009400000000141517,3297.582806609232,bench_rlam_immediate_3_register
230.84142,230.84234,0.0009200000000078035,3217.228811728527,bench_rlam_immediate_3_register
231.04262,231.04356,0.0009400000000141517,3287.67806296802,bench_rlam_immediate_3_register
231.24382,231.24476,0.0009400000000141517,3296.906845695472,bench_rlam_immediate_3_register
231.44504,231.4461,0.001059999999995398,3644.9252837148747,bench_rlam_immediate_4_register
231.64636,231.64742,0.0010600000000238197,3664.536979141436,bench_rlam_immediate_4_register
231.8477,231.84876,0.001059999999995398,3643.390617781675,bench_rlam_immediate_4_register
232.04904,232.0501,0.001059999999995398,3644.8292247865747,bench_rlam_immediate_4_register
232.25038,232.25144,0.001059999999995398,3643.9416394382843,bench_rlam_immediate_4_register
232.4517,232.45276,0.0010600000000238197,3650.1366902120185,bench_rlam_immediate_4_register
232.65304,232.6541,0.001059999999995398,3648.6750654698913,bench_rlam_immediate_4_register
232.85438,232.85544,0.001059999999995398,3641.013449513606,bench_rlam_immediate_4_register
233.05572,233.05676,0.0010399999999890497,3564.595477610195,bench_rlam_immediate_4_register
233.25704,233.2581,0.0010600000000238197,3635.8551355978875,bench_rlam_immediate_4_register
233.45838,233.45944,0.001059999999995398,3641.030630076946,bench_rlam_immediate_4_register
233.6597,233.66076,0.0010600000000238197,3648.2811533833496,bench_rlam_immediate_4_register
233.86104,233.8621,0.001059999999995398,3641.387450025145,bench_rlam_immediate_4_register
234.06238,234.06344,0.0010600000000238197,3644.2801031223125,bench_rlam_immediate_4_register
234.2637,234.26476,0.001059999999995398,3655.130297398067,bench_rlam_immediate_4_register
234.46504,234.4661,0.0010600000000238197,3645.366940272603,bench_rlam_immediate_4_register
234.66636,234.66742,0.001059999999995398,3650.3719398615094,bench_rlam_immediate_4_register
234.8677,234.86876,0.001059999999995398,3634.247123237995,bench_rlam_immediate_4_register
235.06902,235.07008,0.001059999999995398,3653.540031509191,bench_rlam_immediate_4_register
235.27034,235.2714,0.001059999999995398,3644.578196089867,bench_rlam_immediate_4_register
235.47168,235.47274,0.001059999999995398,3649.43664752789,bench_rlam_immediate_4_register
235.673,235.67406,0.001059999999995398,3640.482509491244,bench_rlam_immediate_4_register
235.87432,235.87538,0.001059999999995398,3648.11285629078,bench_rlam_immediate_4_register
236.07564,236.0767,0.001059999999995398,3637.2827156345634,bench_rlam_immediate_4_register
236.27696,236.27802,0.001059999999995398,3647.6604430754005,bench_rlam_immediate_4_register
236.47828,236.47934,0.001059999999995398,3648.520898977911,bench_rlam_immediate_4_register
236.6796,236.68066,0.001059999999995398,3646.3813693166235,bench_rlam_immediate_4_register
236.88094,236.882,0.001059999999995398,3649.148242523222,bench_rlam_immediate_4_register
237.08226,237.08332,0.001059999999995398,3654.3851927754863,bench_rlam_immediate_4_register
237.2836,237.28466,0.001059999999995398,3647.2198925725743,bench_rlam_immediate_4_register
237.48492,237.48598,0.0010600000000238197,3642.4027174691864,bench_rlam_immediate_4_register
237.68624,237.6873,0.001059999999995398,3659.5017136883566,bench_rlam_immediate_4_register
237.88758,237.88864,0.001059999999995398,3644.423098276749,bench_rlam_immediate_4_register
238.0889,238.08996,0.001059999999995398,3649.9368352685506,bench_rlam_immediate_4_register
238.29024,238.2913,0.001059999999995398,3642.2259988940295,bench_rlam_immediate_4_register
238.49156,238.49262,0.001059999999995398,3649.3490775949213,bench_rlam_immediate_4_register
238.69288,238.69394,0.001059999999995398,3660.28766611491,bench_rlam_immediate_4_register
238.89422,238.89528,0.0010600000000238197,3651.3572070689293,bench_rlam_immediate_4_register
239.09554,239.0966,0.001059999999995398,3633.081684807147,bench_rlam_immediate_4_register
239.29688,239.29792,0.0010400000000174714,3570.3376937400535,bench_rlam_immediate_4_register
239.4982,239.49926,0.001059999999995398,3637.825660395709,bench_rlam_immediate_4_register
239.69952,239.70058,0.001059999999995398,3651.3518052894756,bench_rlam_immediate_4_register
239.90086,239.90192,0.001059999999995398,3643.074445416264,bench_rlam_immediate_4_register
240.10218,240.10324,0.001059999999995398,3643.14674398119,bench_rlam_immediate_4_register
240.3035,240.30456,0.001059999999995398,3637.480696170919,bench_rlam_immediate_4_register
240.50484,240.50588,0.0010399999999890497,3579.981857874615,bench_rlam_immediate_4_register
240.70616,240.70722,0.001059999999995398,3636.854214103535,bench_rlam_immediate_4_register
240.90748,240.90854,0.001059999999995398,3637.679603406738,bench_rlam_immediate_4_register
241.1088,241.10986,0.001059999999995398,3656.0885654570493,bench_rlam_immediate_4_register
241.31012,241.31118,0.001059999999995398,3650.707153111181,bench_rlam_immediate_4_register
241.51146,241.51252,0.001059999999995398,3653.029722613513,bench_rlam_immediate_4_register
241.71278,241.71384,0.001059999999995398,3663.821252968259,bench_rlam_immediate_4_register
241.91412,241.91516,0.0010399999999890497,3571.641142444719,bench_rlam_immediate_4_register
242.11544,242.1165,0.001059999999995398,3643.3095065683115,bench_rlam_immediate_4_register
242.31676,242.31782,0.0010600000000238197,3651.8541398429693,bench_rlam_immediate_4_register
242.51808,242.51914,0.001059999999995398,3650.9595834520537,bench_rlam_immediate_4_register
242.7194,242.72046,0.001059999999995398,3652.549567613417,bench_rlam_immediate_4_register
242.92072,242.92178,0.0010600000000238197,3652.044492866345,bench_rlam_immediate_4_register
243.12204,243.1231,0.001059999999995398,3648.5122912428083,bench_rlam_immediate_4_register
243.32336,243.32442,0.001059999999995398,3655.5389128387146,bench_rlam_immediate_4_register
243.52468,243.52574,0.0010600000000238197,3667.910131713798,bench_rlam_immediate_4_register
243.726,243.72706,0.001059999999995398,3643.5711453524464,bench_rlam_immediate_4_register
243.92732,243.92838,0.001059999999995398,3672.139309321784,bench_rlam_immediate_4_register
244.12864,244.1297,0.0010600000000238197,3654.058289336295,bench_rlam_immediate_4_register
244.32998,244.33104,0.001059999999995398,3654.1274026778024,bench_rlam_immediate_4_register
244.5313,244.53236,0.0010600000000238197,3633.7143812299573,bench_rlam_immediate_4_register
244.73262,244.73368,0.001059999999995398,3636.3148386458197,bench_rlam_immediate_4_register
244.93396,244.935,0.0010399999999890497,3568.7676746856537,bench_rlam_immediate_4_register
245.13528,245.13634,0.001059999999995398,3633.8822240844606,bench_rlam_immediate_4_register
245.3366,245.33766,0.001059999999995398,3660.977645759254,bench_rlam_immediate_4_register
245.53792,245.53898,0.001059999999995398,3662.4353285593165,bench_rlam_immediate_4_register
245.73926,245.74032,0.001059999999995398,3665.777132828461,bench_rlam_immediate_4_register
245.94058,245.94164,0.001059999999995398,3663.3480782359798,bench_rlam_immediate_4_register
246.1419,246.14296,0.001059999999995398,3639.069397457247,bench_rlam_immediate_4_register
246.34322,246.34428,0.001059999999995398,3649.4402889900243,bench_rlam_immediate_4_register
246.54456,246.54562,0.0010600000000238197,3630.4678233276823,bench_rlam_immediate_4_register
246.74588,246.74692,0.0010399999999890497,3576.673879252785,bench_rlam_immediate_4_register
246.9472,246.94824,0.0010399999999890497,3559.5956653828875,bench_rlam_immediate_4_register
247.14852,247.14956,0.0010400000000174714,3571.9712824283074,bench_rlam_immediate_4_register
247.34984,247.3509,0.001059999999995398,3644.2615976417424,bench_rlam_immediate_4_register
247.55116,247.55222,0.001059999999995398,3643.1680060678223,bench_rlam_immediate_4_register
247.75248,247.75354,0.001059999999995398,3654.4706555907155,bench_rlam_immediate_4_register
247.9538,247.95486,0.001059999999995398,3643.878337447935,bench_rlam_immediate_4_register
248.15512,248.15618,0.001059999999995398,3649.717394704137,bench_rlam_immediate_4_register
248.35646,248.35752,0.001059999999995398,3652.209250708958,bench_rlam_immediate_4_register
248.55778,248.55884,0.001059999999995398,3644.186565627963,bench_rlam_immediate_4_register
248.75912,248.76018,0.001059999999995398,3673.631693223316,bench_rlam_immediate_4_register
248.96046,248.96152,0.001059999999995398,3639.4265480089684,bench_rlam_immediate_4_register
249.16178,249.16284,0.001059999999995398,3664.288660500353,bench_rlam_immediate_4_register
249.3631,249.36416,0.001059999999995398,3635.5289723527953,bench_rlam_immediate_4_register
249.56442,249.56548,0.001059999999995398,3650.181652020306,bench_rlam_immediate_4_register
249.76576,249.76682,0.001059999999995398,3661.5307349568484,bench_rlam_immediate_4_register
249.96708,249.96814,0.001059999999995398,3646.873102965226,bench_rlam_immediate_4_register
250.1684,250.16946,0.001059999999995398,3659.70925659944,bench_rlam_immediate_4_register
250.36974,250.3708,0.001059999999995398,3632.6350085263553,bench_rlam_immediate_4_register
250.57106,250.57212,0.0010600000000238197,3660.837190782345,bench_rlam_immediate_4_register
250.77238,250.77344,0.001059999999995398,3644.7631381313945,bench_rlam_immediate_4_register
250.9737,250.97476,0.001059999999995398,3666.5293457679763,bench_rlam_immediate_4_register
251.17502,251.17608,0.0010600000000238197,3649.055764633846,bench_rlam_immediate_4_register
251.37636,251.3774,0.0010399999999890497,3570.626967079556,bench_rlam_immediate_4_register
251.57768,251.57846,0.000780000000020209,2802.1034506012393,bench_jmp_symbolic
251.77872,251.7795,0.000780000000020209,2786.748588628476,bench_jmp_symbolic
251.97976,251.98054,0.0007799999999917873,2809.8147525163786,bench_jmp_symbolic
252.18082,252.1816,0.0007799999999917873,2807.46485102903,bench_jmp_symbolic
252.38186,252.38264,0.000780000000020209,2800.641036670213,bench_jmp_symbolic
252.5829,252.58368,0.0007799999999917873,2795.8898944542475,bench_jmp_symbolic
252.78394,252.78472,0.0007799999999917873,2800.2849337374846,bench_jmp_symbolic
252.985,252.98578,0.0007799999999917873,2793.2874532044875,bench_jmp_symbolic
253.18604,253.18682,0.000780000000020209,2797.129212491421,bench_jmp_symbolic
253.38708,253.38786,0.0007799999999917873,2804.367702892968,bench_jmp_symbolic
253.58812,253.5889,0.0007799999999917873,2803.2849309650887,bench_jmp_symbolic
253.78916,253.78994,0.0007799999999917873,2801.490484234094,bench_jmp_symbolic
253.99022,253.991,0.000780000000020209,2794.9487628246757,bench_jmp_symbolic
254.19126,254.19204,0.0007799999999917873,2799.508359720772,bench_jmp_symbolic
254.3923,254.39308,0.0007799999999917873,2797.8971879607902,bench_jmp_symbolic
254.59334,254.59412,0.0007799999999917873,2805.4922399653788,bench_jmp_symbolic
254.7944,254.79518,0.0007799999999917873,2793.625553576021,bench_jmp_symbolic
254.99544,254.99622,0.0007799999999917873,2808.9763479920384,bench_jmp_symbolic
255.19648,255.19726,0.0007799999999917873,2807.437239643019,bench_jmp_symbolic
255.39754,255.39832,0.000780000000020209,2793.258782553263,bench_jmp_symbolic
255.59858,255.59936,0.0007799999999917873,2807.4027620908323,bench_jmp_symbolic
255.79962,255.8004,0.0007799999999917873,2808.632685305611,bench_jmp_symbolic
256.00068,256.00146,0.000780000000020209,2799.616127821296,bench_jmp_symbolic
256.20172,256.2025,0.0007799999999633656,2806.3214405765516,bench_jmp_symbolic
256.40276,256.40354,0.000780000000020209,2810.320577195047,bench_jmp_symbolic
256.60382,256.6046,0.000780000000020209,2798.58843198606,bench_jmp_symbolic
256.80488,256.80566,0.0007799999999633656,2804.6144124455986,bench_jmp_symbolic
257.00592,257.0067,0.000780000000020209,2808.6821852066323,bench_jmp_symbolic
257.20698,257.20776,0.000780000000020209,2801.524947943193,bench_jmp_symbolic
257.40802,257.4088,0.0007799999999633656,2805.0045411533483,bench_jmp_symbolic
257.60908,257.60986,0.000780000000020209,2805.985813102355,bench_jmp_symbolic
257.81012,257.8109,0.000780000000020209,2819.066657763985,bench_jmp_symbolic
258.01118,258.01196,0.0007799999999633656,2809.23418685743,bench_jmp_symbolic
258.21222,258.213,0.000780000000020209,2810.7090737491853,bench_jmp_symbolic
258.41328,258.41406,0.000780000000020209,2805.911745024018,bench_jmp_symbolic
258.61432,258.6151,0.0007799999999633656,2817.55194752129,bench_jmp_symbolic
258.81538,258.81616,0.000780000000020209,2796.4792028783227,bench_jmp_symbolic
259.01642,259.0172,0.000780000000020209,2815.116031644801,bench_jmp_symbolic
259.21748,259.21826,0.0007799999999633656,2807.988321722581,bench_jmp_symbolic
259.41852,259.4193,0.000780000000020209,2797.257634888345,bench_jmp_symbolic
259.61956,259.62034,0.000780000000020209,2812.5833278407727,bench_jmp_symbolic
259.82062,259.8214,0.0007799999999633656,2812.8576649812294,bench_jmp_symbolic
260.02166,260.02244,0.000780000000020209,2809.527635185235,bench_jmp_symbolic
260.2227,260.22348,0.000780000000020209,2823.063929186307,bench_jmp_symbolic
260.42376,260.42454,0.0007799999999633656,2799.749318375667,bench_jmp_symbolic
260.6248,260.62558,0.000780000000020209,2811.665216075373,bench_jmp_symbolic
260.82586,260.82664,0.000780000000020209,2796.7695217513947,bench_jmp_symbolic
261.0269,261.02768,0.0007799999999633656,2811.3684755311338,bench_jmp_symbolic
261.22796,261.22874,0.000780000000020209,2804.293001616131,bench_jmp_symbolic
261.42902,261.4298,0.000780000000020209,2805.3367045581504,bench_jmp_symbolic
261.63006,261.63084,0.0007799999999633656,2801.1660416140035,bench_jmp_symbolic
261.83112,261.8319,0.000780000000020209,2807.650067917701,bench_jmp_symbolic
262.03216,262.03294,0.000780000000020209,2798.0100317777146,bench_jmp_symbolic
262.23322,262.234,0.0007799999999633656,2801.9416680059758,bench_jmp_symbolic
262.43426,262.43504,0.000780000000020209,2816.24207746589,bench_jmp_symbolic
262.6353,262.63608,0.000780000000020209,2809.4167356296493,bench_jmp_symbolic
262.83636,262.83714,0.0007799999999633656,2805.3211046885663,bench_jmp_symbolic
263.0374,263.03818,0.000780000000020209,2810.674985019968,bench_jmp_symbolic
263.23846,263.23924,0.000780000000020209,2807.149330703272,bench_jmp_symbolic
263.4395,263.44028,0.0007799999999633656,2807.628821911222,bench_jmp_symbolic
263.64056,263.64134,0.000780000000020209,2804.0973866228624,bench_jmp_symbolic
263.84162,263.8424,0.000780000000020209,2798.609933898796,bench_jmp_symbolic
264.04266,264.04344,0.0007799999999633656,2809.6465811597477,bench_jmp_symbolic
264.24372,264.2445,0.000780000000020209,2803.5546770184274,bench_jmp_symbolic
264.44478,264.44556,0.000780000000020209,2795.8440036396864,bench_jmp_symbolic
264.64582,264.6466,0.0007799999999633656,2807.0099720286544,bench_jmp_symbolic
264.84688,264.84766,0.000780000000020209,2816.241423210971,bench_jmp_symbolic
265.04794,265.04872,0.000780000000020209,2811.5062882077177,bench_jmp_symbolic
265.24898,265.24976,0.0007799999999633656,2803.156112639353,bench_jmp_symbolic
265.45004,265.45082,0.000780000000020209,2805.8885341346736,bench_jmp_symbolic
265.65108,265.65186,0.000780000000020209,2795.331641183939,bench_jmp_symbolic
265.85214,265.85292,0.0007799999999633656,2810.4226289780036,bench_jmp_symbolic
266.05318,266.05396,0.000780000000020209,2804.4701228684335,bench_jmp_symbolic
266.25422,266.255,0.000780000000020209,2800.1682391288373,bench_jmp_symbolic
266.45526,266.45604,0.0007799999999633656,2819.9106011088093,bench_jmp_symbolic
266.6563,266.65708,0.000780000000020209,2814.0229895593247,bench_jmp_symbolic
266.85734,266.85812,0.0007799999999633656,2801.163745900814,bench_jmp_symbolic
267.05838,267.05916,0.000780000000020209,2799.6484144425012,bench_jmp_symbolic
267.25942,267.2602,0.000780000000020209,2812.1118131921785,bench_jmp_symbolic
267.46046,267.46124,0.0007799999999633656,2808.5870387514105,bench_jmp_symbolic
267.66152,267.6623,0.000780000000020209,2800.8901468361037,bench_jmp_symbolic
267.86256,267.86334,0.000780000000020209,2802.3861489114784,bench_jmp_symbolic
268.0636,268.06438,0.000780000000020209,2810.8872147980665,bench_jmp_symbolic
268.26464,268.26542,0.000780000000020209,2810.204525092396,bench_jmp_symbolic
268.4657,268.46648,0.0007799999999633656,2809.4137970686265,bench_jmp_symbolic
268.66674,268.66752,0.000780000000020209,2817.1165707308414,bench_jmp_symbolic
268.86778,268.86856,0.000780000000020209,2803.5348654619997,bench_jmp_symbolic
269.06884,269.06962,0.0007799999999633656,2800.9072596573346,bench_jmp_symbolic
269.26988,269.27066,0.000780000000020209,2804.7674243190604,bench_jmp_symbolic
269.47092,269.4717,0.000780000000020209,2815.8216924294948,bench_jmp_symbolic
269.67198,269.67276,0.0007799999999633656,2815.089141803043,bench_jmp_symbolic
269.87302,269.8738,0.000780000000020209,2816.3309605637614,bench_jmp_symbolic
270.07408,270.07486,0.000780000000020209,2802.3470473358598,bench_jmp_symbolic
270.27512,270.2759,0.0007799999999633656,2812.748504665098,bench_jmp_symbolic
270.47618,270.47696,0.000780000000020209,2810.5883068228327,bench_jmp_symbolic
270.67722,270.678,0.000780000000020209,2809.0955923224146,bench_jmp_symbolic
270.87828,270.87906,0.0007799999999633656,2812.1875923557645,bench_jmp_symbolic
271.07932,271.0801,0.000780000000020209,2808.9995589894097,bench_jmp_symbolic
271.28036,271.28114,0.000780000000020209,2809.444952372313,bench_jmp_symbolic
271.48142,271.4822,0.0007799999999633656,2798.2281077195003,bench_jmp_symbolic
271.68246,271.68324,0.000780000000020209,2800.9234928401056,bench_jge_symbolic
271.88352,271.8843,0.000780000000020209,2811.991947321952,bench_jge_symbolic
272.08456,272.08534,0.0007799999999633656,2811.452795151532,bench_jge_symbolic
272.2856,272.28638,0.000780000000020209,2808.2940798114905,bench_jge_symbolic
272.48664,272.48742,0.0007799999999633656,2811.0224542526475,bench_jge_symbolic
272.68768,272.68846,0.000780000000020209,2823.627062680598,bench_jge_symbolic
272.88872,272.8895,0.000780000000020209,2816.6620341035928,bench_jge_symbolic
273.08978,273.09056,0.0007799999999633656,2801.1691801692664,bench_jge_symbolic
273.29082,273.2916,0.000780000000020209,2805.759094267691,bench_jge_symbolic
273.49186,273.49264,0.000780000000020209,2815.3271857531076,bench_jge_symbolic
273.6929,273.69368,0.0007799999999633656,2812.1359272484574,bench_jge_symbolic
273.89394,273.89472,0.000780000000020209,2809.235188258951,bench_jge_symbolic
274.095,274.09576,0.0007599999999570173,2741.6863337311243,bench_jge_symbolic
274.29604,274.29682,0.000780000000020209,2798.91476507671,bench_jge_symbolic
274.49708,274.49786,0.000780000000020209,2813.2687370202543,bench_jge_symbolic
274.69812,274.6989,0.0007799999999633656,2818.357772045245,bench_jge_symbolic
274.89916,274.89994,0.000780000000020209,2807.172907129882,bench_jge_symbolic
275.1002,275.10098,0.000780000000020209,2801.634257277824,bench_jge_symbolic
275.30124,275.30202,0.000780000000020209,2821.2999343681645,bench_jge_symbolic
275.5023,275.50308,0.000780000000020209,2813.543428277814,bench_jge_symbolic
275.70334,275.70412,0.0007799999999633656,2808.228134958892,bench_jge_symbolic
275.90438,275.90516,0.000780000000020209,2816.5913141136693,bench_jge_symbolic
276.10544,276.10622,0.000780000000020209,2801.207620731894,bench_jge_symbolic
276.30648,276.30726,0.0007799999999633656,2800.3659191041697,bench_jge_symbolic
276.50752,276.5083,0.000780000000020209,2812.934571486543,bench_jge_symbolic
276.70858,276.70936,0.000780000000020209,2808.524547225721,bench_jge_symbolic
276.90962,276.9104,0.0007799999999633656,2815.789484739468,bench_jge_symbolic
277.11068,277.11146,0.000780000000020209,2801.4316340745418,bench_jge_symbolic
277.31172,277.3125,0.000780000000020209,2804.3780872501507,bench_jge_symbolic
277.51276,277.51354,0.0007799999999633656,2800.0484615125847,bench_jge_symbolic
277.71382,277.7146,0.000780000000020209,2791.101001279184,bench_jge_symbolic
277.91486,277.91564,0.000780000000020209,2818.3049499870026,bench_jge_symbolic
278.1159,278.11668,0.0007799999999633656,2807.0088590996916,bench_jge_symbolic
278.31696,278.31774,0.000780000000020209,2809.6170235282016,bench_jge_symbolic
278.51802,278.51878,0.0007600000000138607,2743.534639069571,bench_jge_symbolic
278.71906,278.71984,0.0007799999999633656,2811.0093761732824,bench_jge_symbolic
278.92012,278.92088,0.0007600000000138607,2733.394205625221,bench_jge_symbolic
279.12116,279.12194,0.000780000000020209,2811.550528361005,bench_jge_symbolic
279.3222,279.32298,0.0007799999999633656,2823.1176965467034,bench_jge_symbolic
279.52326,279.52404,0.000780000000020209,2812.967943105659,bench_jge_symbolic
279.7243,279.72508,0.0007799999999633656,2814.174406074396,bench_jge_symbolic
279.92536,279.92614,0.0007799999999633656,2801.9706414602115,bench_jge_symbolic
280.12642,280.1272,0.000780000000020209,2806.527605356659,bench_jge_symbolic
280.32746,280.32824,0.000780000000020209,2812.883043743729,bench_jge_symbolic
280.52852,280.5293,0.0007799999999633656,2804.425055956362,bench_jge_symbolic
280.72956,280.73034,0.000780000000020209,2828.7281585729284,bench_jge_symbolic
280.93062,280.9314,0.000780000000020209,2802.1331504829755,bench_jge_symbolic
281.13166,281.13244,0.0007799999999633656,2822.9111338524635,bench_jge_symbolic
281.33272,281.3335,0.000780000000020209,2809.598406387363,bench_jge_symbolic
281.53376,281.53454,0.000780000000020209,2802.458677992577,bench_jge_symbolic
281.73482,281.73558,0.0007600000000138607,2734.31907179752,bench_jge_symbolic
281.93586,281.93664,0.000780000000020209,2820.9916735856523,bench_jge_symbolic
282.13692,282.13768,0.0007600000000138607,2736.034917238648,bench_jge_symbolic
282.33796,282.33874,0.0007799999999633656,2819.3924248698795,bench_jge_symbolic
282.539,282.53978,0.000780000000020209,2810.0611433283298,bench_jge_symbolic
282.74004,282.74082,0.0007799999999633656,2815.8046769382145,bench_jge_symbolic
282.94108,282.94186,0.000780000000020209,2816.1687474529704,bench_jge_symbolic
283.14212,283.1429,0.000780000000020209,2820.6493147546366,bench_jge_symbolic
283.34318,283.34396,0.0007799999999633656,2811.249149822228,bench_jge_symbolic
283.54422,283.545,0.000780000000020209,2809.505616391572,bench_jge_symbolic
283.74526,283.74604,0.000780000000020209,2804.844444701318,bench_jge_symbolic
283.94632,283.9471,0.0007799999999633656,2818.7690697193502,bench_jge_symbolic
284.14736,284.14814,0.000780000000020209,2806.1730508570204,bench_jge_symbolic
284.3484,284.34918,0.0007799999999633656,2819.5049821757143,bench_jge_symbolic
284.54944,284.55022,0.000780000000020209,2820.670881848756,bench_jge_symbolic
284.7505,284.75126,0.0007600000000138607,2744.684517441652,bench_jge_symbolic
284.95154,284.95232,0.0007799999999633656,2807.091474382022,bench_jge_symbolic
285.15258,285.15336,0.000780000000020209,2817.271452007411,bench_jge_symbolic
285.35364,285.35442,0.000780000000020209,2810.348526189872,bench_jge_symbolic
285.55468,285.55546,0.0007799999999633656,2812.431212371674,bench_jge_symbolic
285.75574,285.75652,0.000780000000020209,2813.7175320483284,bench_jge_symbolic
285.95678,285.95756,0.000780000000020209,2822.33658022133,bench_jge_symbolic
286.15784,286.15862,0.0007799999999633656,2806.586390218896,bench_jge_symbolic
286.35888,286.35966,0.000780000000020209,2809.825341756262,bench_jge_symbolic
286.55992,286.5607,0.000780000000020209,2822.723321233809,bench_jge_symbolic
286.76098,286.76176,0.0007799999999633656,2814.4089736486194,bench_jge_symbolic
286.96204,286.96282,0.000780000000020209,2812.5691135246584,bench_jge_symbolic
287.16308,287.16386,0.000780000000020209,2822.4036936560656,bench_jge_symbolic
287.36412,287.3649,0.0007799999999633656,2809.5884922451123,bench_jge_symbolic
287.56518,287.56596,0.000780000000020209,2818.329886142488,bench_jge_symbolic
287.76622,287.767,0.000780000000020209,2829.600032503427,bench_jge_symbolic
287.96728,287.96804,0.0007599999999570173,2753.8430782253404,bench_jge_symbolic
288.16832,288.1691,0.000780000000020209,2804.1019989957936,bench_jge_symbolic
288.36936,288.37014,0.000780000000020209,2820.4125702333113,bench_jge_symbolic
288.57042,288.5712,0.0007799999999633656,2799.3560045489207,bench_jge_symbolic
288.77148,288.77226,0.000780000000020209,2801.126809870099,bench_jge_symbolic
288.97252,288.9733,0.000780000000020209,2821.0869292631905,bench_jge_symbolic
289.17358,289.17436,0.0007799999999633656,2811.6127800695717,bench_jge_symbolic
289.37464,289.37542,0.000780000000020209,2819.970806670529,bench_jge_symbolic
289.57568,289.57646,0.000780000000020209,2822.9626408703207,bench_jge_symbolic
289.77674,289.77752,0.0007799999999633656,2816.4373220381376,bench_jge_symbolic
289.9778,289.97858,0.000780000000020209,2800.171880592392,bench_jge_symbolic
290.17886,290.17964,0.000780000000020209,2813.486175227219,bench_jge_symbolic
290.37992,290.38068,0.0007599999999570173,2740.094312293093,bench_jge_symbolic
290.58096,290.58174,0.000780000000020209,2818.639166729628,bench_jge_symbolic
290.78202,290.7828,0.000780000000020209,2815.6982595886097,bench_jge_symbolic
290.98306,290.98384,0.0007799999999633656,2814.8399105625303,bench_jge_symbolic
291.18412,291.18488,0.0007600000000138607,2735.101510818343,bench_jge_symbolic
291.38516,291.38594,0.000780000000020209,2820.400775023168,bench_jge_symbolic
291.5862,291.58698,0.0007799999999633656,2815.5886706395077,bench_jge_symbolic
