t_start_s,t_end_s,duration_s,energy_nJ,event_label
9.84682,9.84808,0.001260000000000261,4616.728378460993,bench_cmp_immediate_register
10.04834,10.04962,0.0012800000000012801,4688.132440210528,bench_cmp_immediate_register
10.24988,10.25116,0.0012800000000012801,4691.359528811121,bench_cmp_immediate_register
10.45142,10.4527,0.0012799999999995038,4684.688842387643,bench_cmp_immediate_register
10.65296,10.65422,0.001260000000000261,4603.81561191829,bench_cmp_immediate_register
10.85448,10.85576,0.0012799999999995038,4689.721481406815,bench_cmp_immediate_register
11.05602,11.0573,0.0012799999999995038,4692.651566581657,bench_cmp_immediate_register
11.25756,11.25884,0.0012799999999995038,4699.073669033285,bench_cmp_immediate_register
11.4591,11.46038,0.0012800000000012801,4683.8289802012605,bench_cmp_immediate_register
11.66064,11.66192,0.0012799999999995038,4703.676749484128,bench_cmp_immediate_register
11.86218,11.86346,0.0012799999999995038,4691.54737889555,bench_cmp_immediate_register
12.06372,12.065,0.0012799999999995038,4691.207888534192,bench_cmp_immediate_register
12.26526,12.26654,0.0012800000000012801,4694.226346914826,bench_cmp_immediate_register
12.46682,12.46808,0.001260000000000261,4603.518380318688,bench_cmp_immediate_register
12.66836,12.66964,0.0012799999999995038,4694.077596066599,bench_cmp_immediate_register
12.8699,12.87118,0.0012800000000012801,4676.626201258256,bench_cmp_immediate_register
13.07144,13.07272,0.0012799999999995038,4693.336535708633,bench_cmp_immediate_register
13.27298,13.27426,0.0012799999999995038,4697.507659436872,bench_cmp_immediate_register
13.47452,13.4758,0.0012799999999995038,4697.859485166072,bench_cmp_immediate_register
13.67608,13.67734,0.0012599999999984846,4612.909061828192,bench_cmp_immediate_register
13.87762,13.8789,0.0012799999999995038,4680.655386762524,bench_cmp_immediate_register
14.07916,14.08044,0.0012799999999995038,4686.688703948524,bench_cmp_immediate_register
14.2807,14.28198,0.0012800000000012801,4685.181037062053,bench_cmp_immediate_register
14.48224,14.48352,0.0012800000000012801,4691.1720349502975,bench_cmp_immediate_register
14.68378,14.68506,0.0012799999999995038,4698.76567832908,bench_cmp_immediate_register
14.88532,14.8866,0.0012799999999995038,4700.889755038419,bench_cmp_immediate_register
15.08686,15.08814,0.0012799999999995038,4690.620056351696,bench_cmp_immediate_register
15.2884,15.28968,0.0012800000000012801,4703.778678090578,bench_cmp_immediate_register
15.48994,15.49122,0.0012799999999995038,4689.961201509061,bench_cmp_immediate_register
15.69148,15.69276,0.0012799999999995038,4657.677963839717,bench_cmp_immediate_register
15.89302,15.8943,0.0012799999999995038,4691.161762455394,bench_cmp_immediate_register
16.09454,16.09582,0.0012800000000012801,4701.235613325457,bench_cmp_immediate_register
16.29608,16.29736,0.0012800000000012801,4670.96946901154,bench_cmp_immediate_register
16.49762,16.49888,0.0012599999999984846,4611.207307310249,bench_cmp_immediate_register
16.69914,16.70042,0.0012800000000012801,4703.940835320235,bench_cmp_immediate_register
16.90068,16.90196,0.0012799999999977274,4694.010431403817,bench_cmp_immediate_register
17.10222,17.1035,0.0012800000000012801,4671.794227329433,bench_cmp_immediate_register
17.30376,17.30502,0.0012599999999984846,4610.936474049325,bench_cmp_immediate_register
17.5053,17.50656,0.0012600000000020373,4608.709532775754,bench_cmp_immediate_register
17.70684,17.70812,0.0012800000000012801,4698.789457329935,bench_cmp_immediate_register
17.90838,17.90964,0.0012599999999984846,4625.750200351407,bench_cmp_immediate_register
18.10992,18.11118,0.0012600000000020373,4603.02099120677,bench_cmp_immediate_register
18.31146,18.31272,0.0012599999999984846,4617.22022853203,bench_cmp_immediate_register
18.513,18.51426,0.0012599999999984846,4604.800168884249,bench_cmp_immediate_register
18.71452,18.7158,0.0012800000000012801,4707.989129242062,bench_cmp_immediate_register
18.91606,18.91734,0.0012799999999977274,4695.071438318353,bench_cmp_immediate_register
19.1176,19.11888,0.0012800000000012801,4696.666067470837,bench_cmp_immediate_register
19.31914,19.3204,0.0012599999999984846,4597.725078923211,bench_cmp_immediate_register
19.52066,19.52194,0.0012800000000012801,4683.835627516022,bench_cmp_immediate_register
19.7222,19.72348,0.0012799999999977274,4678.171577388981,bench_cmp_immediate_register
19.92372,19.925,0.0012800000000012801,4690.155936410078,bench_cmp_immediate_register
20.12526,20.12654,0.0012799999999977274,4700.017042914804,bench_cmp_immediate_register
20.3268,20.32806,0.0012600000000020373,4598.450849306449,bench_cmp_immediate_register
20.52832,20.5296,0.0012799999999977274,4696.565656914075,bench_cmp_immediate_register
20.72986,20.73114,0.0012800000000012801,4695.720486348434,bench_cmp_immediate_register
20.9314,20.93268,0.0012800000000012801,4689.723886553796,bench_cmp_immediate_register
21.13294,21.13422,0.0012799999999977274,4675.499526774846,bench_cmp_immediate_register
21.33448,21.33574,0.0012600000000020373,4613.227108501016,bench_cmp_immediate_register
21.536,21.53728,0.0012799999999977274,4693.676787419442,bench_cmp_immediate_register
21.73754,21.73882,0.0012800000000012801,4691.365645272056,bench_cmp_immediate_register
21.93908,21.94036,0.0012799999999977274,4689.42638252919,bench_cmp_immediate_register
22.14062,22.1419,0.0012800000000012801,4703.342653816546,bench_cmp_immediate_register
22.34216,22.34344,0.0012800000000012801,4696.487335026954,bench_cmp_immediate_register
22.5437,22.54496,0.0012599999999984846,4611.250143492118,bench_cmp_immediate_register
22.74524,22.74652,0.0012800000000012801,4688.06711724514,bench_cmp_immediate_register
22.94678,22.94806,0.0012800000000012801,4692.352057904633,bench_cmp_immediate_register
23.14832,23.1496,0.0012800000000012801,4691.493916330871,bench_cmp_immediate_register
23.34986,23.35114,0.0012800000000012801,4678.741595712625,bench_cmp_immediate_register
23.5514,23.55268,0.0012799999999977274,4673.533691084586,bench_cmp_immediate_register
23.75294,23.75422,0.0012800000000012801,4684.76464273945,bench_cmp_immediate_register
23.95448,23.95576,0.0012800000000012801,4704.244928439031,bench_cmp_immediate_register
24.15602,24.1573,0.0012799999999977274,4669.534582635507,bench_cmp_immediate_register
24.35756,24.35884,0.0012800000000012801,4695.00160776564,bench_cmp_immediate_register
24.5591,24.56038,0.0012799999999977274,4697.445861520768,bench_cmp_immediate_register
24.76064,24.76192,0.0012800000000012801,4696.196352602765,bench_cmp_immediate_register
24.9622,24.96346,0.0012600000000020373,4606.582135900944,bench_cmp_immediate_register
25.16374,25.16502,0.0012799999999977274,4697.382727163465,bench_cmp_immediate_register
25.36528,25.36656,0.0012800000000012801,4699.116225825381,bench_cmp_immediate_register
25.56682,25.56808,0.0012599999999984846,4593.552739819136,bench_cmp_immediate_register
25.76834,25.76962,0.0012800000000012801,4687.630177946785,bench_cmp_immediate_register
25.96988,25.97116,0.0012800000000012801,4719.332372774036,bench_cmp_immediate_register
26.17142,26.1727,0.0012799999999977274,4687.7151983701315,bench_cmp_immediate_register
26.37296,26.37422,0.0012600000000020373,4587.811070967566,bench_cmp_immediate_register
26.5745,26.57576,0.0012599999999984846,4617.90012893619,bench_cmp_immediate_register
26.77602,26.7773,0.0012800000000012801,4686.523412825129,bench_cmp_immediate_register
26.97756,26.97884,0.0012800000000012801,4697.477850136004,bench_cmp_immediate_register
27.1791,27.18038,0.0012800000000012801,4704.753789125204,bench_cmp_immediate_register
27.38064,27.3819,0.0012600000000020373,4626.251081943669,bench_cmp_immediate_register
27.58216,27.58344,0.0012800000000012801,4675.337639642926,bench_cmp_immediate_register
27.7837,27.78498,0.0012800000000012801,4690.598736056378,bench_cmp_immediate_register
27.98524,27.98652,0.0012799999999977274,4698.338857843066,bench_cmp_immediate_register
28.18676,28.18804,0.0012800000000012801,4690.107083884169,bench_cmp_immediate_register
28.3883,28.38956,0.0012599999999984846,4614.557027810587,bench_cmp_immediate_register
28.58982,28.5911,0.0012800000000012801,4693.564116028291,bench_cmp_immediate_register
28.79136,28.79264,0.0012799999999977274,4687.123354515525,bench_cmp_immediate_register
28.99288,28.99416,0.0012800000000012801,4701.521145184777,bench_cmp_immediate_register
29.19442,29.1957,0.0012799999999977274,4687.963025635415,bench_cmp_immediate_register
29.39594,29.39722,0.0012800000000012801,4705.104585741891,bench_cmp_immediate_register
29.59748,29.59876,0.0012799999999977274,4680.735974098181,bench_cmp_immediate_register
29.79902,29.8003,0.0012800000000012801,4672.646783297552,bench_cmp_immediate_register
30.00054,30.00252,0.0019799999999996487,7682.098690418578,bench_cmp_immediate_indexed
30.20278,30.20476,0.0019799999999996487,7684.759702531764,bench_cmp_immediate_indexed
30.405,30.40698,0.0019799999999996487,7681.849347425746,bench_cmp_immediate_indexed
30.60724,30.6092,0.001960000000000406,7617.916949094431,bench_cmp_immediate_indexed
30.80946,30.81144,0.0019799999999996487,7689.4546393289,bench_cmp_immediate_indexed
31.0117,31.01366,0.001960000000000406,7608.71982900541,bench_cmp_immediate_indexed
31.21392,31.2159,0.0019799999999996487,7695.977389810413,bench_cmp_immediate_indexed
31.41616,31.41812,0.001959999999996853,7611.054868890059,bench_cmp_immediate_indexed
31.6184,31.62036,0.001960000000000406,7621.944190469941,bench_cmp_immediate_indexed
31.82062,31.8226,0.0019799999999996487,7667.060992678365,bench_cmp_immediate_indexed
32.02286,32.02482,0.001959999999996853,7605.585702682724,bench_cmp_immediate_indexed
32.2251,32.22706,0.0019600000000039586,7607.503640481512,bench_cmp_immediate_indexed
32.42734,32.4293,0.001959999999996853,7612.8278812268545,bench_cmp_immediate_indexed
32.62956,32.63154,0.0019800000000032014,7675.941349020451,bench_cmp_immediate_indexed
32.8318,32.83376,0.001959999999996853,7596.178436639064,bench_cmp_immediate_indexed
33.03402,33.036,0.0019800000000032014,7690.253851482607,bench_cmp_immediate_indexed
33.23626,33.23824,0.001979999999996096,7690.626662208884,bench_cmp_immediate_indexed
33.43848,33.44046,0.0019800000000032014,7672.370234516583,bench_cmp_immediate_indexed
33.64072,33.64268,0.001959999999996853,7615.716725109076,bench_cmp_immediate_indexed
33.84294,33.84492,0.0019800000000032014,7688.585901645348,bench_cmp_immediate_indexed
34.04518,34.04716,0.001979999999996096,7687.215397584287,bench_cmp_immediate_indexed
34.24744,34.2494,0.0019600000000039586,7597.0846042193025,bench_cmp_immediate_indexed
34.44968,34.45164,0.001959999999996853,7611.682943521694,bench_cmp_immediate_indexed
34.6519,34.65388,0.0019800000000032014,7682.869676513654,bench_cmp_immediate_indexed
34.85414,34.85612,0.001979999999996096,7684.3509101151085,bench_cmp_immediate_indexed
35.05638,35.05834,0.0019600000000039586,7601.359284033028,bench_cmp_immediate_indexed
35.2586,35.26058,0.001979999999996096,7680.870539027153,bench_cmp_immediate_indexed
35.46084,35.46282,0.0019800000000032014,7694.201774442835,bench_cmp_immediate_indexed
35.66308,35.66504,0.001959999999996853,7617.420626325443,bench_cmp_immediate_indexed
35.8653,35.86728,0.0019800000000032014,7672.563474639093,bench_cmp_immediate_indexed
36.06754,36.0695,0.001959999999996853,7597.658897272081,bench_cmp_immediate_indexed
36.26976,36.27174,0.0019800000000032014,7680.3531078745855,bench_cmp_immediate_indexed
36.47198,36.47396,0.001979999999996096,7686.982364377626,bench_cmp_immediate_indexed
36.67422,36.67618,0.0019600000000039586,7598.519925975001,bench_cmp_immediate_indexed
36.87644,36.87842,0.001979999999996096,7687.262962556388,bench_cmp_immediate_indexed
37.07868,37.08066,0.0019800000000032014,7690.706374136117,bench_cmp_immediate_indexed
37.2809,37.28288,0.001979999999996096,7680.849931187565,bench_cmp_immediate_indexed
37.48314,37.48512,0.0019800000000032014,7677.556255379314,bench_cmp_immediate_indexed
37.68538,37.68734,0.001959999999996853,7604.668405825692,bench_cmp_immediate_indexed
37.8876,37.88958,0.0019800000000032014,7681.790126965266,bench_cmp_immediate_indexed
38.08984,38.09182,0.001979999999996096,7675.206970873835,bench_cmp_immediate_indexed
38.29208,38.29406,0.0019800000000032014,7681.932502904512,bench_cmp_immediate_indexed
38.49432,38.49628,0.001959999999996853,7603.220939623926,bench_cmp_immediate_indexed
38.69654,38.69852,0.0019800000000032014,7688.239375142151,bench_cmp_immediate_indexed
38.89878,38.90076,0.001979999999996096,7679.414623401067,bench_cmp_immediate_indexed
39.10102,39.10298,0.0019600000000039586,7585.5748937617,bench_cmp_immediate_indexed
39.30324,39.30522,0.001979999999996096,7688.9978977688115,bench_cmp_immediate_indexed
39.50548,39.50746,0.0019800000000032014,7678.436809231687,bench_cmp_immediate_indexed
39.70772,39.7097,0.001979999999996096,7678.9051899526885,bench_cmp_immediate_indexed
39.90994,39.91192,0.0019800000000032014,7681.169004657033,bench_cmp_immediate_indexed
40.11218,40.11414,0.001959999999996853,7612.89937653199,bench_cmp_immediate_indexed
40.3144,40.31638,0.0019800000000032014,7663.760967564574,bench_cmp_immediate_indexed
40.51664,40.5186,0.001959999999996853,7610.8131254895725,bench_cmp_immediate_indexed
40.71888,40.72084,0.0019600000000039586,7590.935742498606,bench_cmp_immediate_indexed
40.92112,40.92308,0.001959999999996853,7578.839343028788,bench_cmp_immediate_indexed
41.12336,41.12532,0.0019600000000039586,7622.074866682963,bench_cmp_immediate_indexed
41.3256,41.32756,0.001959999999996853,7579.396227362412,bench_cmp_immediate_indexed
41.52784,41.5298,0.0019600000000039586,7612.290747945336,bench_cmp_immediate_indexed
41.73006,41.73204,0.001979999999996096,7650.503511524824,bench_cmp_immediate_indexed
41.9323,41.93426,0.0019600000000039586,7604.714920760502,bench_cmp_immediate_indexed
42.13452,42.1365,0.001979999999996096,7670.538164659306,bench_cmp_immediate_indexed
42.33676,42.33874,0.0019800000000032014,7669.667112653119,bench_cmp_immediate_indexed
42.539,42.54096,0.001959999999996853,7626.547967070755,bench_cmp_immediate_indexed
42.74124,42.7432,0.0019600000000039586,7587.064153064324,bench_cmp_immediate_indexed
42.94346,42.94544,0.001979999999996096,7689.727435338938,bench_cmp_immediate_indexed
43.1457,43.14768,0.0019800000000032014,7662.868411293684,bench_cmp_immediate_indexed
43.34794,43.34992,0.001979999999996096,7648.068636174786,bench_cmp_immediate_indexed
43.55018,43.55216,0.0019800000000032014,7692.5679249819605,bench_cmp_immediate_indexed
43.75242,43.7544,0.001979999999996096,7652.99992168641,bench_cmp_immediate_indexed
43.95466,43.95664,0.0019800000000032014,7688.201279393038,bench_cmp_immediate_indexed
44.1569,44.15888,0.0019800000000032014,7684.061860211802,bench_cmp_immediate_indexed
44.35914,44.36112,0.0019800000000032014,7672.926760292456,bench_cmp_immediate_indexed
44.5614,44.56336,0.0019600000000039586,7603.14055720017,bench_cmp_immediate_indexed
44.76362,44.7656,0.001979999999996096,7689.753721918085,bench_cmp_immediate_indexed
44.96588,44.96784,0.0019600000000039586,7598.126302489264,bench_cmp_immediate_indexed
45.16812,45.17008,0.001959999999996853,7598.831614001293,bench_cmp_immediate_indexed
45.37034,45.37232,0.0019800000000032014,7680.053329107187,bench_cmp_immediate_indexed
45.57258,45.57456,0.001979999999996096,7675.564377553289,bench_cmp_immediate_indexed
45.77482,45.7768,0.0019800000000032014,7661.0154193019725,bench_cmp_immediate_indexed
45.97706,45.97904,0.001979999999996096,7665.388432781615,bench_cmp_immediate_indexed
46.1793,46.18128,0.0019800000000032014,7687.647240249301,bench_cmp_immediate_indexed
46.38154,46.38352,0.001979999999996096,7684.686742707126,bench_cmp_immediate_indexed
46.58378,46.58576,0.0019800000000032014,7658.414875636064,bench_cmp_immediate_indexed
46.78602,46.788,0.001979999999996096,7666.503877829479,bench_cmp_immediate_indexed
46.98826,46.99022,0.0019600000000039586,7591.440512349501,bench_cmp_immediate_indexed
47.1905,47.19246,0.001959999999996853,7600.360335769772,bench_cmp_immediate_indexed
47.39274,47.3947,0.001959999999996853,7584.345610799712,bench_cmp_immediate_indexed
47.59496,47.59694,0.001979999999996096,7676.7414598568985,bench_cmp_immediate_indexed
47.7972,47.79918,0.0019800000000032014,7663.792113321372,bench_cmp_immediate_indexed
47.99944,48.00142,0.0019800000000032014,7678.032263659771,bench_cmp_immediate_indexed
48.2017,48.20366,0.001959999999996853,7578.0036160597965,bench_cmp_immediate_indexed
48.40394,48.4059,0.0019600000000039586,7605.284473408443,bench_cmp_immediate_indexed
48.60618,48.60816,0.001979999999996096,7667.696615664852,bench_cmp_immediate_indexed
48.80842,48.8104,0.0019800000000032014,7649.854463537569,bench_cmp_immediate_indexed
49.01066,49.01262,0.001959999999996853,7592.099292657249,bench_cmp_immediate_indexed
49.21288,49.21486,0.0019800000000032014,7665.786126175772,bench_cmp_immediate_indexed
49.41512,49.4171,0.001979999999996096,7686.424618571912,bench_cmp_immediate_indexed
49.61736,49.61934,0.0019800000000032014,7661.786922266788,bench_cmp_immediate_indexed
49.8196,49.82158,0.001979999999996096,7670.886977559704,bench_cmp_immediate_indexed
50.02184,50.02382,0.0019800000000032014,7683.478784760498,bench_cmp_immediate_indexed
50.2241,50.22604,0.0019399999999976103,7535.2563289827185,bench_cmp_immediate_symbolic
50.4263,50.42826,0.0019600000000039586,7646.650362309926,bench_cmp_immediate_symbolic
50.62852,50.63048,0.001959999999996853,7610.394645004438,bench_cmp_immediate_symbolic
50.83074,50.8327,0.0019600000000039586,7632.094041925803,bench_cmp_immediate_symbolic
51.03296,51.03492,0.001959999999996853,7622.21565934475,bench_cmp_immediate_symbolic
51.23518,51.23712,0.0019399999999976103,7554.898965162747,bench_cmp_immediate_symbolic
51.4374,51.43934,0.0019400000000047157,7543.874033746313,bench_cmp_immediate_symbolic
51.63962,51.64156,0.0019399999999976103,7556.035523293177,bench_cmp_immediate_symbolic
51.84184,51.84378,0.0019400000000047157,7537.619764935256,bench_cmp_immediate_symbolic
52.04406,52.046,0.0019399999999976103,7560.38181017087,bench_cmp_immediate_symbolic
52.24628,52.24824,0.0019600000000039586,7626.894214205455,bench_cmp_immediate_symbolic
52.4485,52.45046,0.001959999999996853,7633.160075625982,bench_cmp_immediate_symbolic
52.65072,52.65268,0.001959999999996853,7617.514876170877,bench_cmp_immediate_symbolic
52.85294,52.8549,0.0019600000000039586,7615.0151412171,bench_cmp_immediate_symbolic
53.05518,53.05712,0.0019399999999976103,7531.731983172022,bench_cmp_immediate_symbolic
53.2574,53.25936,0.0019600000000039586,7635.157012862478,bench_cmp_immediate_symbolic
53.45962,53.46158,0.001959999999996853,7642.530146972751,bench_cmp_immediate_symbolic
53.66184,53.6638,0.0019600000000039586,7622.312353939129,bench_cmp_immediate_symbolic
53.86408,53.86602,0.0019399999999976103,7565.931971174751,bench_cmp_immediate_symbolic
54.0663,54.06824,0.0019400000000047157,7527.1676620647095,bench_cmp_immediate_symbolic
54.26852,54.27046,0.0019399999999976103,7550.703955338012,bench_cmp_immediate_symbolic
54.47074,54.47268,0.0019399999999976103,7545.557734547271,bench_cmp_immediate_symbolic
54.67296,54.67492,0.001959999999996853,7624.662944568076,bench_cmp_immediate_symbolic
54.87518,54.87714,0.001959999999996853,7634.284961955496,bench_cmp_immediate_symbolic
55.07742,55.07936,0.0019400000000047157,7542.346252613361,bench_cmp_immediate_symbolic
55.27964,55.28158,0.0019399999999976103,7547.470694398261,bench_cmp_immediate_symbolic
55.48186,55.4838,0.0019400000000047157,7529.163046292978,bench_cmp_immediate_symbolic
55.68408,55.68602,0.0019399999999976103,7551.82268329822,bench_cmp_immediate_symbolic
55.8863,55.88826,0.0019600000000039586,7601.084322684657,bench_cmp_immediate_symbolic
56.08852,56.09048,0.001959999999996853,7636.815174469508,bench_cmp_immediate_symbolic
56.29074,56.29268,0.0019399999999976103,7536.81818022345,bench_cmp_immediate_symbolic
56.49296,56.4949,0.0019400000000047157,7536.692200248196,bench_cmp_immediate_symbolic
56.69518,56.69712,0.0019399999999976103,7565.808887583085,bench_cmp_immediate_symbolic
56.8974,56.89934,0.0019400000000047157,7538.791352436156,bench_cmp_immediate_symbolic
57.09962,57.10158,0.001959999999996853,7635.144956862925,bench_cmp_immediate_symbolic
57.30184,57.3038,0.0019600000000039586,7607.0944499382995,bench_cmp_immediate_symbolic
57.50406,57.50602,0.001959999999996853,7646.172493683211,bench_cmp_immediate_symbolic
57.70628,57.70824,0.0019600000000039586,7618.1657845307545,bench_cmp_immediate_symbolic
57.9085,57.91044,0.0019400000000047157,7547.902199459456,bench_cmp_immediate_symbolic
58.1107,58.11266,0.001959999999996853,7646.57107180538,bench_cmp_immediate_symbolic
58.31292,58.31488,0.0019600000000039586,7612.196416609965,bench_cmp_immediate_symbolic
58.51516,58.5171,0.0019399999999976103,7546.0654380636715,bench_cmp_immediate_symbolic
58.71738,58.71932,0.0019400000000047157,7521.455022525264,bench_cmp_immediate_symbolic
58.9196,58.92154,0.0019399999999976103,7542.193178077615,bench_cmp_immediate_symbolic
59.1218,59.12376,0.001959999999996853,7610.886613825639,bench_cmp_immediate_symbolic
59.32402,59.32596,0.0019400000000047157,7541.056547798578,bench_cmp_immediate_symbolic
59.52624,59.52818,0.0019399999999976103,7553.277909745648,bench_cmp_immediate_symbolic
59.72844,59.7304,0.0019600000000039586,7625.033152304453,bench_cmp_immediate_symbolic
59.93066,59.93262,0.001959999999996853,7637.5336479271,bench_cmp_immediate_symbolic
60.13288,60.13484,0.001959999999996853,7611.899133759109,bench_cmp_immediate_symbolic
60.3351,60.33706,0.0019600000000039586,7627.4432894006895,bench_cmp_immediate_symbolic
60.53732,60.53926,0.0019399999999976103,7525.666241989859,bench_cmp_immediate_symbolic
60.73954,60.74148,0.0019400000000047157,7560.436264630458,bench_cmp_immediate_symbolic
60.94176,60.94372,0.001959999999996853,7612.52684051731,bench_cmp_immediate_symbolic
61.14398,61.14594,0.0019600000000039586,7622.5707889688765,bench_cmp_immediate_symbolic
61.3462,61.34816,0.001959999999996853,7625.160389567678,bench_cmp_immediate_symbolic
61.54842,61.55038,0.001959999999996853,7605.9110741940685,bench_cmp_immediate_symbolic
61.75064,61.7526,0.0019600000000039586,7626.978913338467,bench_cmp_immediate_symbolic
61.95286,61.95482,0.001959999999996853,7596.525289105187,bench_cmp_immediate_symbolic
62.15508,62.15702,0.0019400000000047157,7567.665306869294,bench_cmp_immediate_symbolic
62.35728,62.35924,0.001959999999996853,7625.828827718321,bench_cmp_immediate_symbolic
62.5595,62.56146,0.001959999999996853,7623.287523153128,bench_cmp_immediate_symbolic
62.76172,62.76366,0.0019400000000047157,7546.632424947764,bench_cmp_immediate_symbolic
62.96392,62.96588,0.001959999999996853,7619.1289466674425,bench_cmp_immediate_symbolic
63.16614,63.16808,0.0019400000000047157,7550.517255458758,bench_cmp_immediate_symbolic
63.36834,63.3703,0.001959999999996853,7615.0217908302175,bench_cmp_immediate_symbolic
63.57056,63.5725,0.0019399999999976103,7557.851322917162,bench_cmp_immediate_symbolic
63.77278,63.77472,0.0019400000000047157,7536.697769555881,bench_cmp_immediate_symbolic
63.97498,63.97694,0.001959999999996853,7629.191288711683,bench_cmp_immediate_symbolic
64.1772,64.17914,0.0019400000000047157,7549.524747319683,bench_cmp_immediate_symbolic
64.37942,64.38136,0.0019400000000047157,7550.825851522953,bench_cmp_immediate_symbolic
64.58164,64.58358,0.0019400000000047157,7543.437492588091,bench_cmp_immediate_symbolic
64.78386,64.7858,0.0019399999999905049,7536.799712068771,bench_cmp_immediate_symbolic
64.98608,64.98802,0.0019400000000047157,7547.876941989547,bench_cmp_immediate_symbolic
65.18828,65.19024,0.001959999999996853,7624.036618493839,bench_cmp_immediate_symbolic
65.3905,65.39246,0.001959999999996853,7634.482292910641,bench_cmp_immediate_symbolic
65.59272,65.59466,0.0019400000000047157,7539.557293076318,bench_cmp_immediate_symbolic
65.79494,65.7969,0.001959999999996853,7622.901911370253,bench_cmp_immediate_symbolic
65.99716,65.9991,0.0019400000000047157,7548.0196043118995,bench_cmp_immediate_symbolic
66.19938,66.20132,0.0019399999999905049,7552.911043129359,bench_cmp_immediate_symbolic
66.4016,66.40354,0.0019400000000047157,7543.015950377062,bench_cmp_immediate_symbolic
66.60382,66.60576,0.0019400000000047157,7525.372495893875,bench_cmp_immediate_symbolic
66.80602,66.80798,0.001959999999996853,7625.304609523447,bench_cmp_immediate_symbolic
67.00824,67.01018,0.0019400000000047157,7536.9615107961345,bench_cmp_immediate_symbolic
67.21044,67.2124,0.001959999999996853,7612.717123687685,bench_cmp_immediate_symbolic
67.41266,67.4146,0.0019399999999905049,7537.625632210877,bench_cmp_immediate_symbolic
67.61486,67.61682,0.001960000000011064,7626.480052758344,bench_cmp_immediate_symbolic
67.81708,67.81904,0.001959999999996853,7627.278005224878,bench_cmp_immediate_symbolic
68.0193,68.02126,0.001959999999996853,7633.836355512979,bench_cmp_immediate_symbolic
68.22152,68.22348,0.001959999999996853,7615.701206948605,bench_cmp_immediate_symbolic
68.42374,68.42568,0.0019400000000047157,7550.340425241958,bench_cmp_immediate_symbolic
68.62596,68.6279,0.0019399999999905049,7553.631393199184,bench_cmp_immediate_symbolic
68.82818,68.83012,0.0019399999999905049,7552.655560391858,bench_cmp_immediate_symbolic
69.03038,69.03234,0.001960000000011064,7617.51448972931,bench_cmp_immediate_symbolic
69.2326,69.23456,0.001959999999996853,7616.643353817246,bench_cmp_immediate_symbolic
69.43482,69.43678,0.001959999999996853,7622.664002688855,bench_cmp_immediate_symbolic
69.63704,69.639,0.001959999999996853,7628.894057112634,bench_cmp_immediate_symbolic
69.83926,69.84122,0.001960000000011064,7643.007137856225,bench_cmp_immediate_symbolic
70.04148,70.04344,0.001959999999996853,7623.783904113412,bench_cmp_immediate_symbolic
70.2437,70.24566,0.001959999999996853,7638.269518487298,bench_cmp_immediate_symbolic
70.44592,70.4479,0.0019800000000032014,7640.914097440141,bench_cmp_immediate_absolute
70.64816,70.65012,0.001959999999996853,7555.597084560702,bench_cmp_immediate_absolute
70.85038,70.85236,0.0019800000000032014,7664.900023967085,bench_cmp_immediate_absolute
71.05262,71.0546,0.0019799999999889906,7666.27043946832,bench_cmp_immediate_absolute
71.25486,71.25682,0.001960000000011064,7574.296479623853,bench_cmp_immediate_absolute
71.4571,71.45906,0.001959999999996853,7574.811601068323,bench_cmp_immediate_absolute
71.65932,71.66128,0.001960000000011064,7570.926570378324,bench_cmp_immediate_absolute
71.86156,71.86352,0.001959999999996853,7570.703523222123,bench_cmp_immediate_absolute
72.06378,72.06576,0.0019800000000032014,7647.0899116399705,bench_cmp_immediate_absolute
72.26602,72.268,0.0019800000000032014,7664.463224368362,bench_cmp_immediate_absolute
72.46828,72.47024,0.001960000000011064,7572.656371675229,bench_cmp_immediate_absolute
72.6705,72.67248,0.0019799999999889906,7671.409947753308,bench_cmp_immediate_absolute
72.87274,72.8747,0.001960000000011064,7577.94100097231,bench_cmp_immediate_absolute
73.07496,73.07694,0.0019799999999889906,7674.458494830242,bench_cmp_immediate_absolute
73.2772,73.27918,0.0019800000000032014,7647.682202528736,bench_cmp_immediate_absolute
73.47944,73.4814,0.001959999999996853,7579.683228384722,bench_cmp_immediate_absolute
73.68166,73.68364,0.0019800000000032014,7653.3566787989,bench_cmp_immediate_absolute
73.8839,73.88586,0.001959999999996853,7583.627826523341,bench_cmp_immediate_absolute
74.08612,74.0881,0.0019800000000032014,7658.563794117557,bench_cmp_immediate_absolute
74.28836,74.29032,0.001959999999996853,7575.45447208698,bench_cmp_immediate_absolute
74.4906,74.49256,0.001959999999996853,7594.166391051887,bench_cmp_immediate_absolute
74.69282,74.6948,0.0019800000000032014,7657.258801640694,bench_cmp_immediate_absolute
74.89506,74.89702,0.001959999999996853,7583.7461696821365,bench_cmp_immediate_absolute
75.09728,75.09924,0.001959999999996853,7588.9809569225035,bench_cmp_immediate_absolute
75.29952,75.30148,0.001959999999996853,7570.240790942727,bench_cmp_immediate_absolute
75.50174,75.50372,0.0019800000000032014,7647.490904213487,bench_cmp_immediate_absolute
75.70398,75.70594,0.001959999999996853,7571.0023590237815,bench_cmp_immediate_absolute
75.9062,75.90818,0.0019800000000032014,7657.252626972496,bench_cmp_immediate_absolute
76.10844,76.1104,0.001959999999996853,7582.711959245,bench_cmp_immediate_absolute
76.31066,76.31264,0.0019800000000032014,7651.465991524956,bench_cmp_immediate_absolute
76.51288,76.51486,0.0019800000000032014,7667.297448510468,bench_cmp_immediate_absolute
76.71512,76.71708,0.001959999999996853,7575.889218121745,bench_cmp_immediate_absolute
76.91734,76.9193,0.001960000000011064,7586.403586946086,bench_cmp_immediate_absolute
77.11956,77.12154,0.0019799999999889906,7661.850503601011,bench_cmp_immediate_absolute
77.3218,77.32376,0.001959999999996853,7584.487244009724,bench_cmp_immediate_absolute
77.52402,77.526,0.0019800000000032014,7649.42581533953,bench_cmp_immediate_absolute
77.72624,77.72822,0.0019799999999889906,7658.030297562939,bench_cmp_immediate_absolute
77.92848,77.93044,0.001960000000011064,7581.860288091126,bench_cmp_immediate_absolute
78.1307,78.13266,0.001959999999996853,7561.499853604369,bench_cmp_immediate_absolute
78.33292,78.33488,0.001959999999996853,7581.590304604108,bench_cmp_immediate_absolute
78.53512,78.5371,0.0019799999999889906,7659.900491081497,bench_cmp_immediate_absolute
78.73734,78.73932,0.0019800000000032014,7664.387559064155,bench_cmp_immediate_absolute
78.93956,78.94154,0.0019800000000032014,7659.751833429115,bench_cmp_immediate_absolute
79.1418,79.14376,0.001959999999996853,7565.382800517662,bench_cmp_immediate_absolute
79.34402,79.34598,0.001959999999996853,7591.664309136165,bench_cmp_immediate_absolute
79.54624,79.54822,0.0019800000000032014,7649.320305803544,bench_cmp_immediate_absolute
79.74848,79.75044,0.001959999999996853,7578.220600250923,bench_cmp_immediate_absolute
79.9507,79.95266,0.001959999999996853,7587.955095794105,bench_cmp_immediate_absolute
80.15292,80.1549,0.0019800000000032014,7648.47919811978,bench_cmp_immediate_absolute
80.35516,80.35712,0.001959999999996853,7587.154298077798,bench_cmp_immediate_absolute
80.55738,80.55934,0.001960000000011064,7588.621261573311,bench_cmp_immediate_absolute
80.7596,80.76158,0.0019799999999889906,7649.198183746385,bench_cmp_immediate_absolute
80.96184,80.9638,0.001960000000011064,7564.821648454854,bench_cmp_immediate_absolute
81.16406,81.16604,0.0019799999999889906,7635.949228380205,bench_cmp_immediate_absolute
81.3663,81.36826,0.001960000000011064,7583.130355968251,bench_cmp_immediate_absolute
81.56852,81.57048,0.001959999999996853,7582.293665023099,bench_cmp_immediate_absolute
81.77074,81.77272,0.0019800000000032014,7654.998847294583,bench_cmp_immediate_absolute
81.97298,81.97494,0.001959999999996853,7581.335420241141,bench_cmp_immediate_absolute
82.1752,82.17716,0.001959999999996853,7580.963384811587,bench_cmp_immediate_absolute
82.37742,82.3794,0.0019800000000032014,7647.934514111207,bench_cmp_immediate_absolute
82.57966,82.58162,0.001959999999996853,7583.295977661086,bench_cmp_immediate_absolute
82.78188,82.78384,0.001959999999996853,7581.833454302124,bench_cmp_immediate_absolute
82.9841,82.98606,0.001959999999996853,7600.751891720349,bench_cmp_immediate_absolute
83.18632,83.18828,0.001960000000011064,7569.546315396877,bench_cmp_immediate_absolute
83.38854,83.3905,0.001959999999996853,7579.966983743274,bench_cmp_immediate_absolute
83.59076,83.59272,0.001959999999996853,7587.477355250761,bench_cmp_immediate_absolute
83.79296,83.79494,0.0019800000000032014,7661.006019931002,bench_cmp_immediate_absolute
83.9952,83.99716,0.001959999999996853,7580.482950422853,bench_cmp_immediate_absolute
84.19742,84.19938,0.001960000000011064,7579.591614238631,bench_cmp_immediate_absolute
84.39964,84.40162,0.0019799999999889906,7652.4463248928605,bench_cmp_immediate_absolute
84.60186,84.60384,0.0019800000000032014,7640.189323585925,bench_cmp_immediate_absolute
84.8041,84.80606,0.001959999999996853,7580.213593304923,bench_cmp_immediate_absolute
85.00632,85.0083,0.0019800000000032014,7641.525201044483,bench_cmp_immediate_absolute
85.20854,85.21052,0.0019800000000032014,7677.1009341007275,bench_cmp_immediate_absolute
85.41078,85.41274,0.001959999999996853,7565.541469944202,bench_cmp_immediate_absolute
85.613,85.61496,0.001959999999996853,7577.240145753356,bench_cmp_immediate_absolute
85.81522,85.8172,0.0019800000000032014,7654.252510997031,bench_cmp_immediate_absolute
86.01744,86.01942,0.0019800000000032014,7654.166056323761,bench_cmp_immediate_absolute
86.21968,86.22164,0.001959999999996853,7583.996360178714,bench_cmp_immediate_absolute
86.4219,86.42388,0.0019800000000032014,7656.777543030169,bench_cmp_immediate_absolute
86.62414,86.6261,0.001959999999996853,7592.5807421912195,bench_cmp_immediate_absolute
86.82636,86.82832,0.001960000000011064,7573.1303752847925,bench_cmp_immediate_absolute
87.02858,87.03056,0.0019799999999889906,7666.691585865364,bench_cmp_immediate_absolute
87.2308,87.23278,0.0019800000000032014,7669.969988066841,bench_cmp_immediate_absolute
87.43304,87.435,0.001959999999996853,7581.693283268666,bench_cmp_immediate_absolute
87.63526,87.63722,0.001959999999996853,7581.8825838959365,bench_cmp_immediate_absolute
87.83748,87.83944,0.001959999999996853,7592.119469761477,bench_cmp_immediate_absolute
88.0397,88.04166,0.001959999999996853,7571.612596500254,bench_cmp_immediate_absolute
88.24192,88.24388,0.001960000000011064,7562.3932155295215,bench_cmp_immediate_absolute
88.44414,88.44612,0.0019799999999889906,7652.275748506593,bench_cmp_immediate_absolute
88.64638,88.64834,0.001960000000011064,7577.4791138699175,bench_cmp_immediate_absolute
88.8486,88.85056,0.001959999999996853,7586.095279533606,bench_cmp_immediate_absolute
89.05082,89.0528,0.0019800000000032014,7647.798254632537,bench_cmp_immediate_absolute
89.25304,89.25502,0.0019800000000032014,7660.169866880408,bench_cmp_immediate_absolute
89.45528,89.45724,0.001959999999996853,7587.170605534936,bench_cmp_immediate_absolute
89.6575,89.65946,0.001959999999996853,7592.145563091476,bench_cmp_immediate_absolute
89.85972,89.8617,0.0019800000000032014,7661.15859152241,bench_cmp_immediate_absolute
90.06196,90.06392,0.001959999999996853,7578.525501291287,bench_cmp_immediate_absolute
90.26418,90.26616,0.0019800000000032014,7654.4272550507785,bench_cmp_immediate_absolute
90.46642,90.46838,0.001959999999996853,7573.730112041316,bench_cmp_immediate_absolute
90.66864,90.67004,0.0014000000000038426,5472.915489242303,bench_cmp_indexed_register
90.8703,90.8717,0.0014000000000038426,5467.387961704866,bench_cmp_indexed_register
91.07196,91.07336,0.0013999999999896318,5462.436617776318,bench_cmp_indexed_register
91.27362,91.27502,0.0014000000000038426,5473.7471416753915,bench_cmp_indexed_register
91.4753,91.4767,0.0013999999999896318,5468.580813571049,bench_cmp_indexed_register
91.67696,91.67836,0.0014000000000038426,5465.928865612611,bench_cmp_indexed_register
91.87862,91.88004,0.00141999999999598,5538.943405248123,bench_cmp_indexed_register
92.0803,92.0817,0.0014000000000038426,5478.158562926094,bench_cmp_indexed_register
92.28196,92.28336,0.0014000000000038426,5468.015605599002,bench_cmp_indexed_register
92.48362,92.48502,0.0014000000000038426,5469.8683647575135,bench_cmp_indexed_register
92.68528,92.6867,0.00141999999999598,5537.879462335794,bench_cmp_indexed_register
92.88696,92.88836,0.0014000000000038426,5475.074900328242,bench_cmp_indexed_register
93.08862,93.09002,0.0013999999999896318,5458.888036622551,bench_cmp_indexed_register
93.29028,93.29168,0.0014000000000038426,5465.848227047873,bench_cmp_indexed_register
93.49194,93.49336,0.00141999999999598,5545.722881782696,bench_cmp_indexed_register
93.69362,93.69502,0.0014000000000038426,5459.283215475506,bench_cmp_indexed_register
93.89528,93.89668,0.0014000000000038426,5479.316725410777,bench_cmp_indexed_register
94.09694,94.09836,0.00141999999999598,5544.232600351771,bench_cmp_indexed_register
94.29862,94.30002,0.0014000000000038426,5456.85746242882,bench_cmp_indexed_register
94.5003,94.5017,0.0014000000000038426,5460.916219760894,bench_cmp_indexed_register
94.70198,94.70338,0.0013999999999896318,5461.634083143368,bench_cmp_indexed_register
94.90366,94.90506,0.0014000000000038426,5452.7972848302525,bench_cmp_indexed_register
95.10532,95.10674,0.00141999999999598,5545.475035888246,bench_cmp_indexed_register
95.307,95.3084,0.0014000000000038426,5462.303720428707,bench_cmp_indexed_register
95.50866,95.51008,0.00141999999999598,5553.414358273995,bench_cmp_indexed_register
95.71034,95.71174,0.0014000000000038426,5464.792870930998,bench_cmp_indexed_register
95.912,95.91342,0.00141999999999598,5532.96322001265,bench_cmp_indexed_register
96.11368,96.11508,0.0014000000000038426,5453.453524984322,bench_cmp_indexed_register
96.31536,96.31676,0.0014000000000038426,5452.509229086594,bench_cmp_indexed_register
96.51702,96.51844,0.00141999999999598,5553.678884154629,bench_cmp_indexed_register
96.7187,96.7201,0.0014000000000038426,5459.993197598628,bench_cmp_indexed_register
96.92036,96.92178,0.00141999999999598,5540.970498679055,bench_cmp_indexed_register
97.12204,97.12344,0.0014000000000038426,5478.456788711323,bench_cmp_indexed_register
97.3237,97.32512,0.00141999999999598,5533.699141798275,bench_cmp_indexed_register
97.52538,97.52678,0.0014000000000038426,5458.678633455987,bench_cmp_indexed_register
97.72704,97.72846,0.00141999999999598,5534.620014933676,bench_cmp_indexed_register
97.92872,97.93012,0.0014000000000038426,5454.283608139025,bench_cmp_indexed_register
98.1304,98.1318,0.0014000000000038426,5464.368341506757,bench_cmp_indexed_register
98.33206,98.33348,0.00141999999999598,5548.7500387094715,bench_cmp_indexed_register
98.53372,98.53514,0.00141999999999598,5551.970701182701,bench_cmp_indexed_register
98.73538,98.7368,0.00141999999999598,5546.020395105343,bench_cmp_indexed_register
98.93704,98.93844,0.0014000000000038426,5477.499854766955,bench_cmp_indexed_register
99.1387,99.14012,0.00141999999999598,5530.853848889663,bench_cmp_indexed_register
99.34036,99.34176,0.0013999999999896318,5463.879401753417,bench_cmp_indexed_register
99.54202,99.54344,0.0014200000000101909,5545.294431546259,bench_cmp_indexed_register
99.7437,99.7451,0.0013999999999896318,5462.782252537657,bench_cmp_indexed_register
99.94536,99.94676,0.0014000000000038426,5459.8820815035015,bench_cmp_indexed_register
100.14702,100.14844,0.00141999999999598,5556.855553280359,bench_cmp_indexed_register
100.34868,100.3501,0.00141999999999598,5552.405687032768,bench_cmp_indexed_register
100.55036,100.55176,0.0014000000000038426,5478.046257064267,bench_cmp_indexed_register
100.75202,100.75344,0.00141999999999598,5542.595954595504,bench_cmp_indexed_register
100.9537,100.9551,0.0014000000000038426,5457.085073009777,bench_cmp_indexed_register
101.15536,101.15678,0.00141999999999598,5535.513006600389,bench_cmp_indexed_register
101.35704,101.35844,0.0014000000000038426,5470.675677076235,bench_cmp_indexed_register
101.5587,101.5601,0.0014000000000038426,5453.172761495485,bench_cmp_indexed_register
101.76036,101.76176,0.0013999999999896318,5467.106348326883,bench_cmp_indexed_register
101.96202,101.96342,0.0014000000000038426,5468.908357449539,bench_cmp_indexed_register
102.16368,102.16508,0.0014000000000038426,5463.291788489235,bench_cmp_indexed_register
102.36534,102.36676,0.00141999999999598,5555.366501194985,bench_cmp_indexed_register
102.56702,102.56842,0.0014000000000038426,5465.423008443037,bench_cmp_indexed_register
102.76868,102.7701,0.00141999999999598,5548.614896816125,bench_cmp_indexed_register
102.97036,102.97176,0.0014000000000038426,5464.702921469463,bench_cmp_indexed_register
103.17202,103.17342,0.0013999999999896318,5456.953658679973,bench_cmp_indexed_register
103.37368,103.3751,0.0014200000000101909,5541.000720155495,bench_cmp_indexed_register
103.57536,103.57676,0.0013999999999896318,5457.005910533312,bench_cmp_indexed_register
103.77702,103.77844,0.0014200000000101909,5542.993727182487,bench_cmp_indexed_register
103.9787,103.9801,0.0013999999999896318,5454.173558350346,bench_cmp_indexed_register
104.18036,104.18176,0.0014000000000038426,5463.590049201987,bench_cmp_indexed_register
104.38202,104.38342,0.0014000000000038426,5470.696424615218,bench_cmp_indexed_register
104.58368,104.5851,0.00141999999999598,5545.944315364959,bench_cmp_indexed_register
104.78534,104.78674,0.0013999999999896318,5462.871950543482,bench_cmp_indexed_register
104.987,104.98842,0.0014200000000101909,5546.538676176038,bench_cmp_indexed_register
105.18868,105.19008,0.0013999999999896318,5461.978088091292,bench_cmp_indexed_register
105.39034,105.39176,0.0014200000000101909,5548.442697659276,bench_cmp_indexed_register
105.59202,105.59342,0.0013999999999896318,5462.812730070135,bench_cmp_indexed_register
105.79368,105.79508,0.0014000000000038426,5468.570315295327,bench_cmp_indexed_register
105.99534,105.99676,0.00141999999999598,5542.8247898661775,bench_cmp_indexed_register
106.19702,106.19842,0.0014000000000038426,5461.553749644402,bench_cmp_indexed_register
106.39868,106.40008,0.0014000000000038426,5471.250016723006,bench_cmp_indexed_register
106.60034,106.60174,0.0014000000000038426,5465.982179171571,bench_cmp_indexed_register
106.802,106.80342,0.00141999999999598,5534.362529852972,bench_cmp_indexed_register
107.00368,107.00508,0.0014000000000038426,5473.358905887989,bench_cmp_indexed_register
107.20534,107.20674,0.0013999999999896318,5461.506904060389,bench_cmp_indexed_register
107.407,107.4084,0.0014000000000038426,5457.634162173573,bench_cmp_indexed_register
107.60868,107.61008,0.0013999999999896318,5454.988242085223,bench_cmp_indexed_register
107.81034,107.81174,0.0014000000000038426,5476.836494651365,bench_cmp_indexed_register
108.01202,108.01342,0.0013999999999896318,5468.821453354785,bench_cmp_indexed_register
108.2137,108.2151,0.0014000000000038426,5455.888058072206,bench_cmp_indexed_register
108.41536,108.41678,0.00141999999999598,5539.139898010959,bench_cmp_indexed_register
108.61704,108.61844,0.0014000000000038426,5460.652722990936,bench_cmp_indexed_register
108.8187,108.8201,0.0013999999999896318,5461.223870473898,bench_cmp_indexed_register
109.02038,109.02178,0.0014000000000038426,5475.149389836293,bench_cmp_indexed_register
109.22206,109.22346,0.0014000000000038426,5461.658914588799,bench_cmp_indexed_register
109.42372,109.42514,0.00141999999999598,5547.371720878513,bench_cmp_indexed_register
109.6254,109.6268,0.0014000000000038426,5459.029241480575,bench_cmp_indexed_register
109.82706,109.82848,0.00141999999999598,5555.71315575576,bench_cmp_indexed_register
110.02874,110.03014,0.0014000000000038426,5473.048561268248,bench_cmp_indexed_register
110.2304,110.23182,0.00141999999999598,5541.403570661454,bench_cmp_indexed_register
110.43208,110.43348,0.0014000000000038426,5466.419560849259,bench_cmp_indexed_register
110.63374,110.63514,0.0014000000000038426,5473.040365628203,bench_cmp_indexed_register
110.83542,110.83754,0.0021200000000050068,8228.939678539758,bench_cmp_indexed_indexed
111.0378,111.03992,0.002119999999990796,8219.726914502955,bench_cmp_indexed_indexed
111.2402,111.24232,0.0021200000000050068,8217.486417870903,bench_cmp_indexed_indexed
111.44258,111.4447,0.002119999999990796,8219.808577521742,bench_cmp_indexed_indexed
111.64498,111.6471,0.002119999999990796,8223.731464204577,bench_cmp_indexed_indexed
111.84736,111.84948,0.0021200000000050068,8226.309148615119,bench_cmp_indexed_indexed
112.04976,112.05188,0.002119999999990796,8207.824400123041,bench_cmp_indexed_indexed
112.25216,112.25428,0.002119999999990796,8224.758319519806,bench_cmp_indexed_indexed
112.45454,112.45668,0.002140000000011355,8290.399268780777,bench_cmp_indexed_indexed
112.65694,112.65906,0.002119999999990796,8236.033162064643,bench_cmp_indexed_indexed
112.85934,112.86146,0.002119999999990796,8206.087746620064,bench_cmp_indexed_indexed
113.06172,113.06384,0.0021200000000050068,8216.290820877806,bench_cmp_indexed_indexed
113.26412,113.26624,0.002119999999990796,8222.094848714452,bench_cmp_indexed_indexed
113.4665,113.46864,0.002139999999997144,8299.310437859076,bench_cmp_indexed_indexed
113.6689,113.67102,0.0021200000000050068,8220.427015351825,bench_cmp_indexed_indexed
113.87128,113.8734,0.0021200000000050068,8218.430599683154,bench_cmp_indexed_indexed
114.07368,114.0758,0.0021200000000050068,8221.982556880712,bench_cmp_indexed_indexed
114.27606,114.27818,0.0021200000000050068,8222.908710612825,bench_cmp_indexed_indexed
114.47846,114.48058,0.0021200000000050068,8243.851542958435,bench_cmp_indexed_indexed
114.68084,114.68298,0.002139999999997144,8319.286871688666,bench_cmp_indexed_indexed
114.88324,114.88536,0.0021200000000050068,8214.357872514272,bench_cmp_indexed_indexed
115.08562,115.08774,0.002119999999990796,8211.938373240484,bench_cmp_indexed_indexed
115.28802,115.29014,0.002119999999990796,8201.193558015791,bench_cmp_indexed_indexed
115.4904,115.49254,0.002140000000011355,8287.591179879037,bench_cmp_indexed_indexed
115.6928,115.69492,0.002119999999990796,8227.202319502578,bench_cmp_indexed_indexed
115.8952,115.89732,0.002119999999990796,8220.470719933615,bench_cmp_indexed_indexed
116.09758,116.0997,0.0021200000000050068,8226.771478096805,bench_cmp_indexed_indexed
116.29996,116.30208,0.0021200000000050068,8231.927712933135,bench_cmp_indexed_indexed
116.50234,116.50446,0.002119999999990796,8226.960147693862,bench_cmp_indexed_indexed
116.70474,116.70686,0.0021200000000050068,8215.7619041576,bench_cmp_indexed_indexed
116.90712,116.90926,0.002139999999997144,8296.089915080582,bench_cmp_indexed_indexed
117.10952,117.11164,0.002119999999990796,8230.465799532085,bench_cmp_indexed_indexed
117.31192,117.31404,0.0021200000000050068,8201.39778779976,bench_cmp_indexed_indexed
117.5143,117.51642,0.002119999999990796,8225.042563824712,bench_cmp_indexed_indexed
117.71668,117.7188,0.0021200000000050068,8226.835811530837,bench_cmp_indexed_indexed
117.91908,117.9212,0.0021200000000050068,8219.54932065998,bench_cmp_indexed_indexed
118.12146,118.12358,0.0021200000000050068,8218.997120876964,bench_cmp_indexed_indexed
118.32384,118.32598,0.002139999999997144,8307.451829301468,bench_cmp_indexed_indexed
118.52624,118.52836,0.0021200000000050068,8230.84798410587,bench_cmp_indexed_indexed
118.72862,118.73074,0.002119999999990796,8227.970646656979,bench_cmp_indexed_indexed
118.931,118.93312,0.0021200000000050068,8227.704446782904,bench_cmp_indexed_indexed
119.13338,119.1355,0.002119999999990796,8212.91360534757,bench_cmp_indexed_indexed
119.33576,119.3379,0.002140000000011355,8308.873444375227,bench_cmp_indexed_indexed
119.53816,119.54028,0.002119999999990796,8218.586631082058,bench_cmp_indexed_indexed
119.74054,119.74266,0.0021200000000050068,8209.22929795691,bench_cmp_indexed_indexed
119.94292,119.94504,0.0021200000000050068,8226.458155569135,bench_cmp_indexed_indexed
120.14532,120.14744,0.0021200000000050068,8223.274988141715,bench_cmp_indexed_indexed
120.3477,120.34982,0.002119999999990796,8230.647577400774,bench_cmp_indexed_indexed
120.5501,120.55222,0.0021200000000050068,8226.688145679373,bench_cmp_indexed_indexed
120.75248,120.7546,0.002119999999990796,8216.44151113923,bench_cmp_indexed_indexed
120.95486,120.957,0.002139999999997144,8299.312405277733,bench_cmp_indexed_indexed
121.15726,121.15938,0.0021200000000050068,8226.52775330706,bench_cmp_indexed_indexed
121.35964,121.36176,0.0021200000000050068,8223.346599863471,bench_cmp_indexed_indexed
121.56204,121.56416,0.0021200000000050068,8220.179821384665,bench_cmp_indexed_indexed
121.76442,121.76654,0.0021200000000050068,8235.46298781408,bench_cmp_indexed_indexed
121.96682,121.96894,0.0021200000000050068,8224.786415249897,bench_cmp_indexed_indexed
122.16922,122.17134,0.0021200000000050068,8229.312584755675,bench_cmp_indexed_indexed
122.3716,122.37374,0.002139999999997144,8301.258848502945,bench_cmp_indexed_indexed
122.574,122.57612,0.0021200000000050068,8218.988617901585,bench_cmp_indexed_indexed
122.77638,122.7785,0.002119999999990796,8234.60496725556,bench_cmp_indexed_indexed
122.97876,122.9809,0.002140000000011355,8301.472198263291,bench_cmp_indexed_indexed
123.18116,123.18328,0.002119999999990796,8222.115708011965,bench_cmp_indexed_indexed
123.38354,123.38566,0.0021200000000050068,8239.264553432879,bench_cmp_indexed_indexed
123.58592,123.58804,0.0021200000000050068,8222.841504048993,bench_cmp_indexed_indexed
123.7883,123.79044,0.002139999999997144,8292.182977298278,bench_cmp_indexed_indexed
123.9907,123.99282,0.002119999999990796,8220.3203974851,bench_cmp_indexed_indexed
124.19308,124.1952,0.0021200000000050068,8223.8554815033,bench_cmp_indexed_indexed
124.39544,124.39758,0.002140000000011355,8288.357332395019,bench_cmp_indexed_indexed
124.59784,124.59996,0.002119999999990796,8225.770110692989,bench_cmp_indexed_indexed
124.8002,124.80234,0.002139999999997144,8306.536586010638,bench_cmp_indexed_indexed
125.0026,125.00472,0.0021200000000050068,8228.463009017976,bench_cmp_indexed_indexed
125.20496,125.2071,0.002139999999997144,8306.227340352314,bench_cmp_indexed_indexed
125.40736,125.40948,0.0021200000000050068,8231.162205359062,bench_cmp_indexed_indexed
125.60974,125.61186,0.002119999999990796,8218.932833952393,bench_cmp_indexed_indexed
125.81212,125.81424,0.0021200000000050068,8226.318003165232,bench_cmp_indexed_indexed
126.0145,126.01662,0.0021200000000050068,8226.744551231457,bench_cmp_indexed_indexed
126.21688,126.219,0.002119999999990796,8227.886019704089,bench_cmp_indexed_indexed
126.41926,126.42138,0.0021200000000050068,8228.531079387956,bench_cmp_indexed_indexed
126.62164,126.62376,0.0021200000000050068,8224.521749672736,bench_cmp_indexed_indexed
126.82402,126.82616,0.002139999999997144,8314.195545377914,bench_cmp_indexed_indexed
127.02642,127.02854,0.0021200000000050068,8215.493087209788,bench_cmp_indexed_indexed
127.22882,127.23094,0.0021200000000050068,8211.52591847086,bench_cmp_indexed_indexed
127.4312,127.43332,0.002119999999990796,8219.582680574944,bench_cmp_indexed_indexed
127.63358,127.63572,0.002140000000011355,8308.853153184842,bench_cmp_indexed_indexed
127.83598,127.8381,0.002119999999990796,8211.118681318909,bench_cmp_indexed_indexed
128.03836,128.0405,0.002139999999997144,8289.610741177048,bench_cmp_indexed_indexed
128.24076,128.24288,0.0021200000000192176,8239.794501646411,bench_cmp_indexed_indexed
128.44314,128.44526,0.002119999999990796,8237.854861619735,bench_cmp_indexed_indexed
128.64554,128.64766,0.002119999999990796,8232.544534801667,bench_cmp_indexed_indexed
128.84792,128.85004,0.0021200000000192176,8209.455253167684,bench_cmp_indexed_indexed
129.05032,129.05244,0.002119999999990796,8226.162714383932,bench_cmp_indexed_indexed
129.2527,129.25484,0.002139999999997144,8306.300055688544,bench_cmp_indexed_indexed
129.4551,129.45722,0.0021200000000192176,8223.538831882928,bench_cmp_indexed_indexed
129.6575,129.65962,0.002119999999990796,8208.661647478664,bench_cmp_indexed_indexed
129.8599,129.86202,0.002119999999990796,8216.304094490528,bench_cmp_indexed_indexed
130.0623,130.06442,0.0021200000000192176,8211.975831151127,bench_cmp_indexed_indexed
130.26468,130.2668,0.002119999999990796,8228.542699909589,bench_cmp_indexed_indexed
130.46708,130.4692,0.002119999999990796,8233.075179120988,bench_cmp_indexed_indexed
130.66948,130.6716,0.0021200000000192176,8221.430436318811,bench_cmp_indexed_indexed
130.87186,130.87398,0.002119999999990796,8235.931361524988,bench_cmp_indexed_indexed
131.07426,131.07636,0.0020999999999844476,8327.14062643347,bench_cmp_indexed_symbolic
131.27664,131.27874,0.0021000000000128694,8318.659812264987,bench_cmp_indexed_symbolic
131.479,131.4811,0.0020999999999844476,8320.307684998674,bench_cmp_indexed_symbolic
131.68138,131.68348,0.0021000000000128694,8306.27293331224,bench_cmp_indexed_symbolic
131.88374,131.88584,0.0021000000000128694,8318.177666567717,bench_cmp_indexed_symbolic
132.0861,132.0882,0.0021000000000128694,8314.581955835567,bench_cmp_indexed_symbolic
132.28846,132.29056,0.0021000000000128694,8318.656836688759,bench_cmp_indexed_symbolic
132.49082,132.49292,0.0020999999999844476,8320.969603890506,bench_cmp_indexed_symbolic
132.69318,132.69528,0.0020999999999844476,8303.239638852316,bench_cmp_indexed_symbolic
132.89556,132.89766,0.0021000000000128694,8323.947712831008,bench_cmp_indexed_symbolic
133.09792,133.10002,0.0021000000000128694,8311.923542113705,bench_cmp_indexed_symbolic
133.30028,133.30238,0.0021000000000128694,8310.78964756509,bench_cmp_indexed_symbolic
133.50266,133.50476,0.0021000000000128694,8307.017143867875,bench_cmp_indexed_symbolic
133.70502,133.70712,0.0021000000000128694,8304.40509138333,bench_cmp_indexed_symbolic
133.90738,133.90948,0.0021000000000128694,8326.764362915772,bench_cmp_indexed_symbolic
134.10974,134.11184,0.0021000000000128694,8305.479022727934,bench_cmp_indexed_symbolic
134.31212,134.31422,0.0021000000000128694,8314.061211475115,bench_cmp_indexed_symbolic
134.51448,134.51658,0.0021000000000128694,8301.39508010566,bench_cmp_indexed_symbolic
134.71684,134.71894,0.0021000000000128694,8315.856298483912,bench_cmp_indexed_symbolic
134.9192,134.9213,0.0021000000000128694,8303.11763105642,bench_cmp_indexed_symbolic
135.12158,135.12368,0.0021000000000128694,8312.079454824838,bench_cmp_indexed_symbolic
135.32394,135.32604,0.0021000000000128694,8320.597829350321,bench_cmp_indexed_symbolic
135.52632,135.52842,0.0021000000000128694,8318.416709131685,bench_cmp_indexed_symbolic
135.72868,135.73078,0.0021000000000128694,8315.20447978367,bench_cmp_indexed_symbolic
135.93106,135.93316,0.0020999999999844476,8301.64951731602,bench_cmp_indexed_symbolic
136.13342,136.13552,0.0021000000000128694,8296.903180942432,bench_cmp_indexed_symbolic
136.33578,136.33788,0.0021000000000128694,8303.630175121252,bench_cmp_indexed_symbolic
136.53816,136.54026,0.0020999999999844476,8302.64342476849,bench_cmp_indexed_symbolic
136.74052,136.74262,0.0020999999999844476,8319.538813021993,bench_cmp_indexed_symbolic
136.9429,136.945,0.0020999999999844476,8318.03080153714,bench_cmp_indexed_symbolic
137.14526,137.14736,0.0020999999999844476,8298.240830127865,bench_cmp_indexed_symbolic
137.34762,137.34972,0.0020999999999844476,8316.566497025231,bench_cmp_indexed_symbolic
137.55,137.5521,0.0020999999999844476,8305.813334816903,bench_cmp_indexed_symbolic
137.75236,137.75446,0.0020999999999844476,8302.68504091688,bench_cmp_indexed_symbolic
137.95472,137.95682,0.0020999999999844476,8300.97259947276,bench_cmp_indexed_symbolic
138.15708,138.15918,0.0020999999999844476,8312.074812066303,bench_cmp_indexed_symbolic
138.35946,138.36154,0.0020799999999780994,8226.830456318567,bench_cmp_indexed_symbolic
138.56182,138.56392,0.0020999999999844476,8318.226518975567,bench_cmp_indexed_symbolic
138.76418,138.76628,0.0020999999999844476,8303.854565536873,bench_cmp_indexed_symbolic
138.96656,138.96866,0.0021000000000128694,8308.06829040651,bench_cmp_indexed_symbolic
139.16892,139.17102,0.0020999999999844476,8307.159230979263,bench_cmp_indexed_symbolic
139.37128,139.37338,0.0020999999999844476,8319.419464031169,bench_cmp_indexed_symbolic
139.57366,139.57576,0.0021000000000128694,8313.345941768488,bench_cmp_indexed_symbolic
139.77602,139.77812,0.0021000000000128694,8318.214956725053,bench_cmp_indexed_symbolic
139.97838,139.98048,0.0021000000000128694,8283.570362307957,bench_cmp_indexed_symbolic
140.18076,140.18286,0.0021000000000128694,8304.98291184709,bench_cmp_indexed_symbolic
140.38312,140.38522,0.0021000000000128694,8323.592860305587,bench_cmp_indexed_symbolic
140.5855,140.5876,0.0021000000000128694,8321.322589233412,bench_cmp_indexed_symbolic
140.78786,140.78996,0.0021000000000128694,8284.755810218245,bench_cmp_indexed_symbolic
140.99024,140.99234,0.0021000000000128694,8316.171127421621,bench_cmp_indexed_symbolic
141.1926,141.1947,0.0021000000000128694,8311.75869801497,bench_cmp_indexed_symbolic
141.39498,141.39708,0.0020999999999844476,8308.830000398291,bench_cmp_indexed_symbolic
141.59734,141.59944,0.0020999999999844476,8297.835569766345,bench_cmp_indexed_symbolic
141.79972,141.80182,0.0020999999999844476,8292.944063370194,bench_cmp_indexed_symbolic
142.00208,142.00418,0.0020999999999844476,8307.811175409573,bench_cmp_indexed_symbolic
142.20444,142.20654,0.0020999999999844476,8310.039201689317,bench_cmp_indexed_symbolic
142.40682,142.40892,0.0020999999999844476,8309.80776802758,bench_cmp_indexed_symbolic
142.60918,142.61128,0.0020999999999844476,8319.478426064601,bench_cmp_indexed_symbolic
142.81154,142.81364,0.0020999999999844476,8294.777809578212,bench_cmp_indexed_symbolic
143.0139,143.016,0.0020999999999844476,8304.880745646513,bench_cmp_indexed_symbolic
143.21626,143.21836,0.0020999999999844476,8308.266135801585,bench_cmp_indexed_symbolic
143.41862,143.42072,0.0020999999999844476,8301.019356522951,bench_cmp_indexed_symbolic
143.62098,143.62308,0.0020999999999844476,8295.554462758671,bench_cmp_indexed_symbolic
143.82334,143.82544,0.0020999999999844476,8300.033528296,bench_cmp_indexed_symbolic
144.0257,144.0278,0.0021000000000128694,8318.176476802246,bench_cmp_indexed_symbolic
144.22808,144.23018,0.0020999999999844476,8298.220806694058,bench_cmp_indexed_symbolic
144.43044,144.43254,0.0020999999999844476,8287.079217781904,bench_cmp_indexed_symbolic
144.6328,144.6349,0.0020999999999844476,8308.351314564094,bench_cmp_indexed_symbolic
144.83518,144.83728,0.0020999999999844476,8311.608191516052,bench_cmp_indexed_symbolic
145.03754,145.03964,0.0020999999999844476,8305.01895391567,bench_cmp_indexed_symbolic
145.2399,145.242,0.0020999999999844476,8285.82956915085,bench_cmp_indexed_symbolic
145.44226,145.44436,0.0020999999999844476,8300.080588025532,bench_cmp_indexed_symbolic
145.64462,145.64672,0.0020999999999844476,8319.023135057263,bench_cmp_indexed_symbolic
145.847,145.84908,0.0020799999999780994,8234.72560374432,bench_cmp_indexed_symbolic
146.04936,146.05146,0.0020999999999844476,8279.279493665163,bench_cmp_indexed_symbolic
146.25172,146.25382,0.0020999999999844476,8306.794073369618,bench_cmp_indexed_symbolic
146.45408,146.45618,0.0020999999999844476,8321.35329016816,bench_cmp_indexed_symbolic
146.65644,146.65854,0.0020999999999844476,8317.030249101925,bench_cmp_indexed_symbolic
146.85882,146.86092,0.0020999999999844476,8288.129051151196,bench_cmp_indexed_symbolic
147.06118,147.06328,0.0020999999999844476,8296.570302855802,bench_cmp_indexed_symbolic
147.26354,147.26564,0.0020999999999844476,8321.85619970091,bench_cmp_indexed_symbolic
147.46592,147.46802,0.0020999999999844476,8310.52879330848,bench_cmp_indexed_symbolic
147.66828,147.67038,0.0020999999999844476,8309.49601710765,bench_cmp_indexed_symbolic
147.87064,147.87274,0.0020999999999844476,8312.538638646329,bench_cmp_indexed_symbolic
148.073,148.0751,0.0020999999999844476,8303.85601141783,bench_cmp_indexed_symbolic
148.27538,148.27748,0.0020999999999844476,8306.343536758308,bench_cmp_indexed_symbolic
148.47774,148.47984,0.0020999999999844476,8301.619267956885,bench_cmp_indexed_symbolic
148.6801,148.6822,0.0020999999999844476,8303.694566647913,bench_cmp_indexed_symbolic
148.88248,148.88458,0.0021000000000128694,8312.914720790317,bench_cmp_indexed_symbolic
149.08486,149.08694,0.002080000000006521,8228.106712950363,bench_cmp_indexed_symbolic
149.28722,149.28932,0.0021000000000128694,8299.936256423372,bench_cmp_indexed_symbolic
149.48958,149.49168,0.0021000000000128694,8297.940408864108,bench_cmp_indexed_symbolic
149.69194,149.69404,0.0021000000000128694,8312.312383259514,bench_cmp_indexed_symbolic
149.89432,149.89642,0.0021000000000128694,8305.624583789724,bench_cmp_indexed_symbolic
150.09668,150.09878,0.0021000000000128694,8320.589736156116,bench_cmp_indexed_symbolic
150.29904,150.30114,0.0021000000000128694,8320.522951015408,bench_cmp_indexed_symbolic
150.5014,150.5035,0.0021000000000128694,8309.124796703667,bench_cmp_indexed_symbolic
150.70378,150.70588,0.0021000000000128694,8286.040779257619,bench_cmp_indexed_symbolic
150.90614,150.90824,0.0021000000000128694,8299.934295989246,bench_cmp_indexed_symbolic
151.10852,151.1106,0.002080000000006521,8222.566978101439,bench_cmp_indexed_symbolic
151.31088,151.313,0.002119999999990796,8292.987756394805,bench_cmp_indexed_absolute
151.51328,151.5154,0.002119999999990796,8280.448792462521,bench_cmp_indexed_absolute
151.71566,151.71778,0.002119999999990796,8308.188347105634,bench_cmp_indexed_absolute
151.91804,151.92016,0.0021200000000192176,8300.192346873004,bench_cmp_indexed_absolute
152.12042,152.12254,0.002119999999990796,8306.347802246808,bench_cmp_indexed_absolute
152.32282,152.32494,0.002119999999990796,8271.638695114016,bench_cmp_indexed_absolute
152.5252,152.52732,0.002119999999990796,8275.577053387307,bench_cmp_indexed_absolute
152.72758,152.7297,0.0021200000000192176,8282.097277772958,bench_cmp_indexed_absolute
152.92996,152.93208,0.0021200000000192176,8299.097856584965,bench_cmp_indexed_absolute
153.13234,153.13446,0.002119999999990796,8282.33706295615,bench_cmp_indexed_absolute
153.33472,153.33684,0.002119999999990796,8274.212484211594,bench_cmp_indexed_absolute
153.5371,153.53922,0.002119999999990796,8299.977860839295,bench_cmp_indexed_absolute
153.7395,153.74162,0.0021200000000192176,8297.477408854917,bench_cmp_indexed_absolute
153.94188,153.944,0.002119999999990796,8297.693040185062,bench_cmp_indexed_absolute
154.14426,154.14638,0.002119999999990796,8286.741268784745,bench_cmp_indexed_absolute
154.34664,154.34876,0.002119999999990796,8269.604346678945,bench_cmp_indexed_absolute
154.54902,154.55114,0.002119999999990796,8296.67409179308,bench_cmp_indexed_absolute
154.7514,154.75352,0.0021200000000192176,8289.28380048202,bench_cmp_indexed_absolute
154.95378,154.9559,0.0021200000000192176,8283.80280182244,bench_cmp_indexed_absolute
155.15616,155.15828,0.002119999999990796,8283.46840102268,bench_cmp_indexed_absolute
155.35854,155.36066,0.002119999999990796,8285.453752576723,bench_cmp_indexed_absolute
155.56092,155.56304,0.002119999999990796,8262.565114961999,bench_cmp_indexed_absolute
155.7633,155.7654,0.0021000000000128694,8193.25239170052,bench_cmp_indexed_absolute
155.96568,155.96778,0.0021000000000128694,8191.7594001214065,bench_cmp_indexed_absolute
156.16804,156.17016,0.0021200000000192176,8301.21872488663,bench_cmp_indexed_absolute
156.37042,156.37254,0.002119999999990796,8298.247228341486,bench_cmp_indexed_absolute
156.5728,156.57492,0.002119999999990796,8290.167199411699,bench_cmp_indexed_absolute
156.77518,156.7773,0.002119999999990796,8290.304429791406,bench_cmp_indexed_absolute
156.97756,156.97968,0.002119999999990796,8289.730856154785,bench_cmp_indexed_absolute
157.17994,157.18206,0.0021200000000192176,8291.491018686836,bench_cmp_indexed_absolute
157.38232,157.38444,0.0021200000000192176,8288.245280351233,bench_cmp_indexed_absolute
157.5847,157.58682,0.002119999999990796,8281.976557302924,bench_cmp_indexed_absolute
157.7871,157.7892,0.0020999999999844476,8218.584475043792,bench_cmp_indexed_absolute
157.98948,157.99158,0.0021000000000128694,8205.459450888693,bench_cmp_indexed_absolute
158.19186,158.19398,0.0021200000000192176,8283.655964846517,bench_cmp_indexed_absolute
158.39424,158.39636,0.002119999999990796,8285.79372257135,bench_cmp_indexed_absolute
158.59662,158.59874,0.002119999999990796,8273.58146660117,bench_cmp_indexed_absolute
158.799,158.80112,0.002119999999990796,8285.257180650553,bench_cmp_indexed_absolute
159.00138,159.0035,0.002119999999990796,8294.061992742809,bench_cmp_indexed_absolute
159.20376,159.20588,0.0021200000000192176,8299.182271661484,bench_cmp_indexed_absolute
159.40614,159.40826,0.0021200000000192176,8279.330497685914,bench_cmp_indexed_absolute
159.60852,159.61064,0.002119999999990796,8299.723209311558,bench_cmp_indexed_absolute
159.8109,159.81302,0.002119999999990796,8293.90203343789,bench_cmp_indexed_absolute
160.01328,160.0154,0.002119999999990796,8301.426605282812,bench_cmp_indexed_absolute
160.21566,160.21778,0.002119999999990796,8284.10945828799,bench_cmp_indexed_absolute
160.41804,160.42016,0.0021200000000192176,8280.529747792907,bench_cmp_indexed_absolute
160.62042,160.62254,0.002119999999990796,8291.192515719418,bench_cmp_indexed_absolute
160.8228,160.82492,0.002119999999990796,8296.468912124217,bench_cmp_indexed_absolute
161.02518,161.0273,0.002119999999990796,8282.82808881244,bench_cmp_indexed_absolute
161.22756,161.22968,0.002119999999990796,8263.230251572342,bench_cmp_indexed_absolute
161.42994,161.43206,0.0021200000000192176,8289.884741031736,bench_cmp_indexed_absolute
161.6323,161.63442,0.0021200000000192176,8296.976005737202,bench_cmp_indexed_absolute
161.83468,161.8368,0.0021200000000192176,8277.496853921219,bench_cmp_indexed_absolute
162.03706,162.03918,0.002119999999990796,8272.320027427524,bench_cmp_indexed_absolute
162.23944,162.24156,0.002119999999990796,8277.568719312505,bench_cmp_indexed_absolute
162.44182,162.44394,0.002119999999990796,8304.556067996717,bench_cmp_indexed_absolute
162.6442,162.64632,0.002119999999990796,8296.94614276009,bench_cmp_indexed_absolute
162.8466,162.84872,0.002119999999990796,8281.179089065956,bench_cmp_indexed_absolute
163.04898,163.0511,0.002119999999990796,8300.155610741565,bench_cmp_indexed_absolute
163.25138,163.2535,0.002119999999990796,8286.244799342658,bench_cmp_indexed_absolute
163.45376,163.45588,0.0021200000000192176,8283.109706904515,bench_cmp_indexed_absolute
163.65614,163.65826,0.0021200000000192176,8294.039322141853,bench_cmp_indexed_absolute
163.85852,163.86064,0.002119999999990796,8273.202099336217,bench_cmp_indexed_absolute
164.0609,164.06302,0.002119999999990796,8282.759389802914,bench_cmp_indexed_absolute
164.2633,164.2654,0.0021000000000128694,8201.769236527061,bench_cmp_indexed_absolute
164.46568,164.4678,0.0021200000000192176,8283.295121586258,bench_cmp_indexed_absolute
164.66806,164.67018,0.002119999999990796,8283.608858439587,bench_cmp_indexed_absolute
164.87046,164.87258,0.002119999999990796,8290.939470714038,bench_cmp_indexed_absolute
165.07284,165.07496,0.002119999999990796,8282.825811725208,bench_cmp_indexed_absolute
165.27522,165.27734,0.0021200000000192176,8287.63090547517,bench_cmp_indexed_absolute
165.4776,165.47972,0.002119999999990796,8285.808423499393,bench_cmp_indexed_absolute
165.67998,165.6821,0.002119999999990796,8291.990291291695,bench_cmp_indexed_absolute
165.88236,165.88448,0.002119999999990796,8297.033135276773,bench_cmp_indexed_absolute
166.08474,166.08686,0.002119999999990796,8298.326409382465,bench_cmp_indexed_absolute
166.28712,166.28924,0.0021200000000192176,8269.458618093217,bench_cmp_indexed_absolute
166.4895,166.49162,0.0021200000000192176,8276.384724381965,bench_cmp_indexed_absolute
166.69188,166.69398,0.0021000000000128694,8194.928800272424,bench_cmp_indexed_absolute
166.89426,166.89636,0.0020999999999844476,8219.479871852396,bench_cmp_indexed_absolute
167.09662,167.09874,0.002119999999990796,8278.86444978581,bench_cmp_indexed_absolute
167.299,167.30112,0.002119999999990796,8272.563717290694,bench_cmp_indexed_absolute
167.50136,167.50348,0.002119999999990796,8299.378883054738,bench_cmp_indexed_absolute
167.70374,167.70586,0.002119999999990796,8293.685172646752,bench_cmp_indexed_absolute
167.90612,167.90824,0.0021200000000192176,8290.317128489623,bench_cmp_indexed_absolute
168.10848,168.1106,0.0021200000000192176,8282.884503793986,bench_cmp_indexed_absolute
168.31086,168.31298,0.0021200000000192176,8279.447511382232,bench_cmp_indexed_absolute
168.51324,168.51534,0.0021000000000128694,8212.6051816676,bench_cmp_indexed_absolute
168.7156,168.71772,0.0021200000000192176,8291.223915371538,bench_cmp_indexed_absolute
168.91798,168.9201,0.002119999999990796,8277.470630093057,bench_cmp_indexed_absolute
169.12036,169.12246,0.0020999999999844476,8219.660627593375,bench_cmp_indexed_absolute
169.32272,169.32484,0.002119999999990796,8289.613097404555,bench_cmp_indexed_absolute
169.5251,169.52722,0.002119999999990796,8286.649247126838,bench_cmp_indexed_absolute
169.72746,169.72958,0.002119999999990796,8294.429664927968,bench_cmp_indexed_absolute
169.92984,169.93196,0.002119999999990796,8301.619621885777,bench_cmp_indexed_absolute
170.13222,170.13434,0.0021200000000192176,8305.78244298873,bench_cmp_indexed_absolute
170.33458,170.3367,0.0021200000000192176,8286.509148390523,bench_cmp_indexed_absolute
170.53696,170.53908,0.0021200000000192176,8293.862610665597,bench_cmp_indexed_absolute
170.73934,170.74146,0.002119999999990796,8290.238412993902,bench_cmp_indexed_absolute
170.9417,170.94382,0.002119999999990796,8293.418544309066,bench_cmp_indexed_absolute
171.14408,171.1462,0.002119999999990796,8297.653750013314,bench_cmp_indexed_absolute
171.34646,171.34858,0.002119999999990796,8280.024535449722,bench_cmp_indexed_absolute
171.54884,171.55024,0.0013999999999896318,5467.519408513138,bench_cmp_symbolic_register
171.7505,171.7519,0.0014000000000180535,5478.165501335528,bench_cmp_symbolic_register
171.95216,171.95356,0.0014000000000180535,5484.973946657575,bench_cmp_symbolic_register
172.15382,172.15522,0.0014000000000180535,5457.282788193089,bench_cmp_symbolic_register
172.35548,172.35688,0.0013999999999896318,5456.329123076647,bench_cmp_symbolic_register
172.55714,172.55854,0.0013999999999896318,5468.12145501058,bench_cmp_symbolic_register
172.7588,172.7602,0.0013999999999896318,5479.614697352359,bench_cmp_symbolic_register
172.96046,172.96186,0.0013999999999896318,5487.432675390827,bench_cmp_symbolic_register
173.16214,173.16354,0.0014000000000180535,5477.501906060308,bench_cmp_symbolic_register
173.3638,173.3652,0.0013999999999896318,5497.372117783718,bench_cmp_symbolic_register
173.56546,173.56686,0.0013999999999896318,5485.943739727617,bench_cmp_symbolic_register
173.76714,173.76854,0.0013999999999896318,5457.2289157233145,bench_cmp_symbolic_register
173.9688,173.9702,0.0014000000000180535,5477.476250452724,bench_cmp_symbolic_register
174.17046,174.17186,0.0014000000000180535,5462.07094572445,bench_cmp_symbolic_register
174.37212,174.37352,0.0014000000000180535,5478.498106894047,bench_cmp_symbolic_register
174.57378,174.57518,0.0013999999999896318,5473.102366045131,bench_cmp_symbolic_register
174.77544,174.77686,0.00141999999999598,5558.499181626186,bench_cmp_symbolic_register
174.97712,174.97852,0.0013999999999896318,5477.284109175171,bench_cmp_symbolic_register
175.1788,175.1802,0.0014000000000180535,5475.846957486126,bench_cmp_symbolic_register
175.38046,175.38186,0.0013999999999896318,5473.048104864301,bench_cmp_symbolic_register
175.58214,175.58354,0.0013999999999896318,5476.801195138146,bench_cmp_symbolic_register
175.7838,175.7852,0.0013999999999896318,5472.119681026636,bench_cmp_symbolic_register
175.98546,175.98686,0.0014000000000180535,5477.950959539667,bench_cmp_symbolic_register
176.18712,176.18852,0.0014000000000180535,5473.7867555375105,bench_cmp_symbolic_register
176.38878,176.39018,0.0013999999999896318,5478.584286717166,bench_cmp_symbolic_register
176.59044,176.59186,0.00141999999999598,5553.8614792604385,bench_cmp_symbolic_register
176.79212,176.79352,0.0013999999999896318,5469.102400776033,bench_cmp_symbolic_register
176.99378,176.99518,0.0014000000000180535,5476.010821368391,bench_cmp_symbolic_register
177.19544,177.19686,0.00141999999999598,5564.787881435227,bench_cmp_symbolic_register
177.39712,177.39852,0.0013999999999896318,5480.273498647537,bench_cmp_symbolic_register
177.59878,177.60018,0.0013999999999896318,5491.117630111714,bench_cmp_symbolic_register
177.80046,177.80186,0.0014000000000180535,5481.861694788137,bench_cmp_symbolic_register
178.00212,178.00352,0.0014000000000180535,5474.3613699246625,bench_cmp_symbolic_register
178.20378,178.20518,0.0014000000000180535,5477.270754126862,bench_cmp_symbolic_register
178.40544,178.40684,0.0013999999999896318,5476.6116058057805,bench_cmp_symbolic_register
178.60712,178.60852,0.0013999999999896318,5473.741493142942,bench_cmp_symbolic_register
178.80878,178.81018,0.0013999999999896318,5474.855820602823,bench_cmp_symbolic_register
179.01044,179.01184,0.0014000000000180535,5470.323348492636,bench_cmp_symbolic_register
179.2121,179.21352,0.00141999999999598,5547.2392029909815,bench_cmp_symbolic_register
179.41376,179.41518,0.00141999999999598,5555.963916689069,bench_cmp_symbolic_register
179.61544,179.61684,0.0013999999999896318,5474.683709865997,bench_cmp_symbolic_register
179.8171,179.8185,0.0013999999999896318,5465.3706773691065,bench_cmp_symbolic_register
180.01876,180.02016,0.0014000000000180535,5484.784278162298,bench_cmp_symbolic_register
180.22044,180.22184,0.0013999999999896318,5484.652745032984,bench_cmp_symbolic_register
180.4221,180.42352,0.00141999999999598,5554.644539937708,bench_cmp_symbolic_register
180.62378,180.6252,0.00141999999999598,5552.027174252292,bench_cmp_symbolic_register
180.82546,180.82686,0.0014000000000180535,5487.472694441268,bench_cmp_symbolic_register
181.02714,181.02854,0.0013999999999896318,5480.885019017967,bench_cmp_symbolic_register
181.22882,181.23022,0.0013999999999896318,5481.871021867005,bench_cmp_symbolic_register
181.43048,181.43188,0.0014000000000180535,5471.67404096552,bench_cmp_symbolic_register
181.63216,181.63356,0.0013999999999896318,5471.356250306538,bench_cmp_symbolic_register
181.83382,181.83524,0.00141999999999598,5551.736224426358,bench_cmp_symbolic_register
182.0355,182.0369,0.0013999999999896318,5485.524693459456,bench_cmp_symbolic_register
182.23718,182.23858,0.0014000000000180535,5479.969754888145,bench_cmp_symbolic_register
182.43886,182.44026,0.0013999999999896318,5481.072035576122,bench_cmp_symbolic_register
182.64052,182.64192,0.0013999999999896318,5468.679240395824,bench_cmp_symbolic_register
182.84218,182.8436,0.00141999999999598,5547.344456406626,bench_cmp_symbolic_register
183.04384,183.04526,0.0014200000000244017,5571.702988916629,bench_cmp_symbolic_register
183.2455,183.2469,0.0014000000000180535,5484.747518858035,bench_cmp_symbolic_register
183.44718,183.44858,0.0013999999999896318,5471.888477873245,bench_cmp_symbolic_register
183.64882,183.65024,0.00141999999999598,5555.559017214325,bench_cmp_symbolic_register
183.8505,183.8519,0.0013999999999896318,5468.166510065208,bench_cmp_symbolic_register
184.05216,184.05356,0.0014000000000180535,5473.327781147034,bench_cmp_symbolic_register
184.25384,184.25524,0.0013999999999896318,5467.2966221883435,bench_cmp_symbolic_register
184.4555,184.4569,0.0013999999999896318,5477.351238911139,bench_cmp_symbolic_register
184.65718,184.65858,0.0013999999999896318,5479.391924992709,bench_cmp_symbolic_register
184.85884,184.86026,0.0014200000000244017,5570.288887347285,bench_cmp_symbolic_register
185.06052,185.06192,0.0013999999999896318,5465.8024012646065,bench_cmp_symbolic_register
185.26218,185.26358,0.0013999999999896318,5486.728330102682,bench_cmp_symbolic_register
185.46384,185.46524,0.0013999999999896318,5482.625067191821,bench_cmp_symbolic_register
185.66552,185.66692,0.0014000000000180535,5470.458450800089,bench_cmp_symbolic_register
185.86718,185.8686,0.00141999999999598,5554.730172720515,bench_cmp_symbolic_register
186.06886,186.07026,0.0013999999999896318,5471.377414610894,bench_cmp_symbolic_register
186.27052,186.27192,0.0013999999999896318,5483.519688672654,bench_cmp_symbolic_register
186.4722,186.4736,0.0014000000000180535,5481.847086995111,bench_cmp_symbolic_register
186.67386,186.67528,0.00141999999999598,5549.945177030591,bench_cmp_symbolic_register
186.87554,186.87694,0.0013999999999896318,5473.275547807671,bench_cmp_symbolic_register
187.07722,187.07862,0.0013999999999896318,5472.485597667945,bench_cmp_symbolic_register
187.27888,187.28028,0.0014000000000180535,5468.4580164768495,bench_cmp_symbolic_register
187.48054,187.48196,0.00141999999999598,5552.799669080223,bench_cmp_symbolic_register
187.68222,187.68362,0.0013999999999896318,5466.447279283921,bench_cmp_symbolic_register
187.8839,187.8853,0.0013999999999896318,5482.549522960434,bench_cmp_symbolic_register
188.08556,188.08696,0.0014000000000180535,5467.311232425107,bench_cmp_symbolic_register
188.28724,188.28864,0.0013999999999896318,5482.030871750351,bench_cmp_symbolic_register
188.48892,188.49032,0.0013999999999896318,5474.42452745129,bench_cmp_symbolic_register
188.69058,188.69198,0.0013999999999896318,5490.995915562245,bench_cmp_symbolic_register
188.89226,188.89366,0.0014000000000180535,5482.531483357652,bench_cmp_symbolic_register
189.09394,189.09534,0.0013999999999896318,5483.633787330126,bench_cmp_symbolic_register
189.29562,189.29702,0.0013999999999896318,5474.498271898346,bench_cmp_symbolic_register
189.49728,189.49868,0.0014000000000180535,5474.510281419792,bench_cmp_symbolic_register
189.69896,189.70036,0.0013999999999896318,5472.264359665193,bench_cmp_symbolic_register
189.90062,189.90202,0.0013999999999896318,5467.822195455134,bench_cmp_symbolic_register
190.1023,190.1037,0.0013999999999896318,5475.024434228228,bench_cmp_symbolic_register
190.30398,190.30538,0.0014000000000180535,5475.188219060574,bench_cmp_symbolic_register
190.50566,190.50706,0.0013999999999896318,5471.2952579903185,bench_cmp_symbolic_register
190.70732,190.70872,0.0013999999999896318,5474.541173272335,bench_cmp_symbolic_register
190.909,190.9104,0.0014000000000180535,5464.522754847374,bench_cmp_symbolic_register
191.11068,191.11208,0.0013999999999896318,5468.176384415291,bench_cmp_symbolic_register
191.31234,191.31376,0.00141999999999598,5566.075106600082,bench_cmp_symbolic_register
191.51402,191.51542,0.0014000000000180535,5477.869107926831,bench_cmp_symbolic_register
191.7157,191.7178,0.0021000000000128694,8289.061947776941,bench_cmp_symbolic_indexed
191.91806,191.92016,0.0021000000000128694,8285.122076101768,bench_cmp_symbolic_indexed
192.12044,192.12254,0.0020999999999844476,8268.948863198975,bench_cmp_symbolic_indexed
192.3228,192.3249,0.0021000000000128694,8269.487069972172,bench_cmp_symbolic_indexed
192.52518,192.52728,0.0020999999999844476,8287.56846946819,bench_cmp_symbolic_indexed
192.72754,192.72964,0.0020999999999844476,8286.972236756723,bench_cmp_symbolic_indexed
192.92992,192.93202,0.0020999999999844476,8295.279135862544,bench_cmp_symbolic_indexed
193.13228,193.13438,0.0020999999999844476,8272.169451165253,bench_cmp_symbolic_indexed
193.33464,193.33674,0.0020999999999844476,8290.07138026321,bench_cmp_symbolic_indexed
193.53702,193.53912,0.0020999999999844476,8272.08159485029,bench_cmp_symbolic_indexed
193.73938,193.74148,0.0020999999999844476,8298.022095047907,bench_cmp_symbolic_indexed
193.94176,193.94386,0.0021000000000128694,8289.87281774926,bench_cmp_symbolic_indexed
194.14414,194.14624,0.0021000000000128694,8278.26359314499,bench_cmp_symbolic_indexed
194.34652,194.34862,0.0021000000000128694,8286.638343758063,bench_cmp_symbolic_indexed
194.54888,194.55098,0.0021000000000128694,8290.371540985952,bench_cmp_symbolic_indexed
194.75126,194.75336,0.0020999999999844476,8296.760162276814,bench_cmp_symbolic_indexed
194.95364,194.95574,0.0020999999999844476,8282.489003553339,bench_cmp_symbolic_indexed
195.15602,195.15812,0.0020999999999844476,8284.111041511116,bench_cmp_symbolic_indexed
195.3584,195.3605,0.0021000000000128694,8290.452463604257,bench_cmp_symbolic_indexed
195.56076,195.56286,0.0021000000000128694,8282.269430402053,bench_cmp_symbolic_indexed
195.76314,195.76524,0.0021000000000128694,8286.835816741514,bench_cmp_symbolic_indexed
195.96552,195.96762,0.0021000000000128694,8276.039594835107,bench_cmp_symbolic_indexed
196.1679,196.17,0.0020999999999844476,8291.042486610955,bench_cmp_symbolic_indexed
196.37026,196.37236,0.0020999999999844476,8270.449130733792,bench_cmp_symbolic_indexed
196.57262,196.57472,0.0021000000000128694,8277.452960661507,bench_cmp_symbolic_indexed
196.77498,196.77708,0.0021000000000128694,8275.590697354197,bench_cmp_symbolic_indexed
196.97736,196.97944,0.002080000000006521,8209.395245673544,bench_cmp_symbolic_indexed
197.17972,197.18182,0.0020999999999844476,8276.058225831835,bench_cmp_symbolic_indexed
197.38208,197.38418,0.0020999999999844476,8283.46822404616,bench_cmp_symbolic_indexed
197.58446,197.58656,0.0020999999999844476,8302.419679176877,bench_cmp_symbolic_indexed
197.78682,197.78892,0.0020999999999844476,8278.166861210104,bench_cmp_symbolic_indexed
197.9892,197.9913,0.0020999999999844476,8278.541162080415,bench_cmp_symbolic_indexed
198.19154,198.19364,0.0020999999999844476,8291.683643994642,bench_cmp_symbolic_indexed
198.3939,198.396,0.0020999999999844476,8277.41347712778,bench_cmp_symbolic_indexed
198.59626,198.59834,0.002080000000006521,8185.073058147348,bench_cmp_symbolic_indexed
198.7986,198.8007,0.0021000000000128694,8271.376257814782,bench_cmp_symbolic_indexed
199.00096,199.00306,0.0021000000000128694,8270.647462974879,bench_cmp_symbolic_indexed
199.20332,199.20542,0.0021000000000128694,8279.499579275418,bench_cmp_symbolic_indexed
199.4057,199.4078,0.0021000000000128694,8276.233146949564,bench_cmp_symbolic_indexed
199.60806,199.61016,0.0021000000000128694,8280.363446154372,bench_cmp_symbolic_indexed
199.81042,199.81252,0.0021000000000128694,8290.185891143836,bench_cmp_symbolic_indexed
200.01278,200.01488,0.0021000000000128694,8277.782374112929,bench_cmp_symbolic_indexed
200.21514,200.21724,0.0021000000000128694,8278.129431471814,bench_cmp_symbolic_indexed
200.4175,200.4196,0.0021000000000128694,8266.648352198947,bench_cmp_symbolic_indexed
200.61986,200.62196,0.0021000000000128694,8281.63207979714,bench_cmp_symbolic_indexed
200.82222,200.82432,0.0021000000000128694,8305.02836038946,bench_cmp_symbolic_indexed
201.02458,201.02668,0.0021000000000128694,8288.417221100432,bench_cmp_symbolic_indexed
201.22696,201.22906,0.0021000000000128694,8264.084705203337,bench_cmp_symbolic_indexed
201.42932,201.43142,0.0021000000000128694,8264.577081479369,bench_cmp_symbolic_indexed
201.63168,201.63378,0.0021000000000128694,8285.533981449842,bench_cmp_symbolic_indexed
201.83404,201.83614,0.0021000000000128694,8279.864438861676,bench_cmp_symbolic_indexed
202.0364,202.0385,0.0021000000000128694,8253.777730331145,bench_cmp_symbolic_indexed
202.23876,202.24086,0.0020999999999844476,8275.06543130526,bench_cmp_symbolic_indexed
202.44112,202.44322,0.0020999999999844476,8281.870051223908,bench_cmp_symbolic_indexed
202.64348,202.64558,0.0020999999999844476,8287.463127569885,bench_cmp_symbolic_indexed
202.84584,202.84794,0.0020999999999844476,8294.843961421322,bench_cmp_symbolic_indexed
203.0482,203.0503,0.0020999999999844476,8288.90052617669,bench_cmp_symbolic_indexed
203.25056,203.25266,0.0020999999999844476,8272.24144240129,bench_cmp_symbolic_indexed
203.45292,203.45502,0.0020999999999844476,8285.606028450295,bench_cmp_symbolic_indexed
203.65528,203.65738,0.0020999999999844476,8279.845034638183,bench_cmp_symbolic_indexed
203.85764,203.85974,0.0020999999999844476,8276.259065543445,bench_cmp_symbolic_indexed
204.06,204.0621,0.0020999999999844476,8274.73570120827,bench_cmp_symbolic_indexed
204.26236,204.26446,0.0021000000000128694,8277.232474698443,bench_cmp_symbolic_indexed
204.46472,204.46682,0.0021000000000128694,8283.799723773594,bench_cmp_symbolic_indexed
204.66708,204.66918,0.0021000000000128694,8298.931331426356,bench_cmp_symbolic_indexed
204.86944,204.87154,0.0021000000000128694,8283.999392348584,bench_cmp_symbolic_indexed
205.0718,205.0739,0.0021000000000128694,8295.122669127517,bench_cmp_symbolic_indexed
205.27416,205.27626,0.0021000000000128694,8280.00499406576,bench_cmp_symbolic_indexed
205.47654,205.47862,0.002080000000006521,8189.066136282986,bench_cmp_symbolic_indexed
205.6789,205.681,0.0021000000000128694,8272.782792388663,bench_cmp_symbolic_indexed
205.88126,205.88336,0.0021000000000128694,8279.881775430753,bench_cmp_symbolic_indexed
206.08362,206.08572,0.0021000000000128694,8278.67031568248,bench_cmp_symbolic_indexed
206.28598,206.28808,0.0021000000000128694,8280.448452621977,bench_cmp_symbolic_indexed
206.48834,206.49044,0.0021000000000128694,8276.323946244787,bench_cmp_symbolic_indexed
206.6907,206.6928,0.0021000000000128694,8265.63043525123,bench_cmp_symbolic_indexed
206.89308,206.89516,0.002080000000006521,8194.144214530399,bench_cmp_symbolic_indexed
207.09544,207.09754,0.0021000000000128694,8290.70945741194,bench_cmp_symbolic_indexed
207.2978,207.2999,0.0021000000000128694,8266.129475138123,bench_cmp_symbolic_indexed
207.50018,207.50228,0.0021000000000128694,8254.342656632818,bench_cmp_symbolic_indexed
207.70254,207.70464,0.0021000000000128694,8279.462941042013,bench_cmp_symbolic_indexed
207.90492,207.90702,0.0020999999999844476,8300.909306792182,bench_cmp_symbolic_indexed
208.10728,208.10938,0.0020999999999844476,8264.315472853104,bench_cmp_symbolic_indexed
208.30964,208.31174,0.0020999999999844476,8271.271116037817,bench_cmp_symbolic_indexed
208.51202,208.5141,0.002080000000006521,8202.872229764544,bench_cmp_symbolic_indexed
208.71438,208.71648,0.0020999999999844476,8285.158001755863,bench_cmp_symbolic_indexed
208.91674,208.91884,0.0020999999999844476,8269.185121108221,bench_cmp_symbolic_indexed
209.1191,209.1212,0.0020999999999844476,8268.0495106004,bench_cmp_symbolic_indexed
209.32148,209.32358,0.0020999999999844476,8285.839846294413,bench_cmp_symbolic_indexed
209.52384,209.52594,0.0020999999999844476,8281.184374292578,bench_cmp_symbolic_indexed
209.7262,209.7283,0.0020999999999844476,8265.870180848446,bench_cmp_symbolic_indexed
209.92858,209.93068,0.0020999999999844476,8253.916595067309,bench_cmp_symbolic_indexed
210.13094,210.13304,0.0020999999999844476,8290.868492266505,bench_cmp_symbolic_indexed
210.3333,210.3354,0.0020999999999844476,8273.507622007148,bench_cmp_symbolic_indexed
210.53568,210.53778,0.0020999999999844476,8273.649588162627,bench_cmp_symbolic_indexed
210.73804,210.74014,0.0020999999999844476,8257.080945120235,bench_cmp_symbolic_indexed
210.9404,210.9425,0.0020999999999844476,8281.382119685757,bench_cmp_symbolic_indexed
211.14274,211.14484,0.0020999999999844476,8292.927956146228,bench_cmp_symbolic_indexed
211.3451,211.3472,0.0020999999999844476,8261.95461203636,bench_cmp_symbolic_indexed
211.54746,211.54956,0.0021000000000128694,8275.870177944997,bench_cmp_symbolic_indexed
211.74982,211.7519,0.002080000000006521,8203.266377121721,bench_cmp_symbolic_indexed
211.95218,211.95424,0.002060000000000173,8014.124832116827,bench_cmp_symbolic_symbolic
212.1545,212.15658,0.0020799999999780994,8079.558596856594,bench_cmp_symbolic_symbolic
212.35686,212.35892,0.002060000000000173,8005.056693215156,bench_cmp_symbolic_symbolic
212.5592,212.56128,0.002080000000006521,8101.40729651445,bench_cmp_symbolic_symbolic
212.76154,212.76362,0.002080000000006521,8089.926731797626,bench_cmp_symbolic_symbolic
212.96388,212.96596,0.002080000000006521,8071.335249143246,bench_cmp_symbolic_symbolic
213.16624,213.1683,0.002060000000000173,8014.310621659853,bench_cmp_symbolic_symbolic
213.36858,213.37064,0.002060000000000173,8021.393981759753,bench_cmp_symbolic_symbolic
213.57092,213.57298,0.002060000000000173,7989.117382097666,bench_cmp_symbolic_symbolic
213.77326,213.77534,0.002080000000006521,8086.782684578744,bench_cmp_symbolic_symbolic
213.9756,213.97768,0.002080000000006521,8108.030760222803,bench_cmp_symbolic_symbolic
214.17794,214.18002,0.002080000000006521,8087.78600304204,bench_cmp_symbolic_symbolic
214.3803,214.38236,0.002060000000000173,7989.06357260372,bench_cmp_symbolic_symbolic
214.58264,214.58472,0.002080000000006521,8087.529544745861,bench_cmp_symbolic_symbolic
214.78498,214.78706,0.002080000000006521,8093.607162617855,bench_cmp_symbolic_symbolic
214.98732,214.9894,0.0020799999999780994,8070.560409598148,bench_cmp_symbolic_symbolic
215.18966,215.19174,0.002080000000006521,8095.9316902098535,bench_cmp_symbolic_symbolic
215.39202,215.39408,0.002060000000000173,8023.061556741722,bench_cmp_symbolic_symbolic
215.59436,215.59644,0.002080000000006521,8086.861111251086,bench_cmp_symbolic_symbolic
215.7967,215.79878,0.002080000000006521,8067.902249779113,bench_cmp_symbolic_symbolic
215.99906,216.00114,0.002080000000006521,8089.447780542236,bench_cmp_symbolic_symbolic
216.20142,216.20348,0.002060000000000173,8013.33041395726,bench_cmp_symbolic_symbolic
216.40376,216.40584,0.002080000000006521,8086.104365089915,bench_cmp_symbolic_symbolic
216.60612,216.60818,0.002060000000000173,7999.132953117207,bench_cmp_symbolic_symbolic
216.80846,216.81052,0.002060000000000173,8011.965593324794,bench_cmp_symbolic_symbolic
217.0108,217.01288,0.002080000000006521,8102.829456355117,bench_cmp_symbolic_symbolic
217.21314,217.21522,0.0020799999999780994,8080.807081335602,bench_cmp_symbolic_symbolic
217.41548,217.41756,0.002080000000006521,8082.249823515794,bench_cmp_symbolic_symbolic
217.61782,217.6199,0.002080000000006521,8092.187303145907,bench_cmp_symbolic_symbolic
217.82016,217.82224,0.002080000000006521,8092.0628831064805,bench_cmp_symbolic_symbolic
218.0225,218.02458,0.0020799999999780994,8072.665806305222,bench_cmp_symbolic_symbolic
218.22484,218.22692,0.002080000000006521,8094.517546732088,bench_cmp_symbolic_symbolic
218.42718,218.42926,0.002080000000006521,8095.617378157155,bench_cmp_symbolic_symbolic
218.62952,218.6316,0.0020799999999780994,8077.755276956398,bench_cmp_symbolic_symbolic
218.83186,218.83394,0.002080000000006521,8093.342501692618,bench_cmp_symbolic_symbolic
219.0342,219.03628,0.002080000000006521,8092.530977471914,bench_cmp_symbolic_symbolic
219.23656,219.23864,0.002080000000006521,8092.257520210854,bench_cmp_symbolic_symbolic
219.4389,219.44098,0.002080000000006521,8072.060770382682,bench_cmp_symbolic_symbolic
219.64126,219.64332,0.002060000000000173,8022.533538756655,bench_cmp_symbolic_symbolic
219.8436,219.84568,0.0020799999999780994,8102.718265639096,bench_cmp_symbolic_symbolic
220.04596,220.04802,0.002060000000000173,7989.998618137827,bench_cmp_symbolic_symbolic
220.2483,220.25038,0.002080000000006521,8079.660616373667,bench_cmp_symbolic_symbolic
220.45064,220.45272,0.002080000000006521,8093.62968432694,bench_cmp_symbolic_symbolic
220.65298,220.65506,0.0020799999999780994,8112.531357821339,bench_cmp_symbolic_symbolic
220.85534,220.85742,0.0020799999999780994,8079.7199158966905,bench_cmp_symbolic_symbolic
221.05768,221.05976,0.002080000000006521,8092.319357698147,bench_cmp_symbolic_symbolic
221.26004,221.26212,0.002080000000006521,8106.080899038712,bench_cmp_symbolic_symbolic
221.46238,221.46446,0.002080000000006521,8093.389566083817,bench_cmp_symbolic_symbolic
221.66472,221.6668,0.002080000000006521,8088.514960865033,bench_cmp_symbolic_symbolic
221.86708,221.86914,0.002060000000000173,8023.659321482887,bench_cmp_symbolic_symbolic
222.06942,222.0715,0.0020799999999780994,8078.5413341646245,bench_cmp_symbolic_symbolic
222.27176,222.27384,0.002080000000006521,8094.030071540878,bench_cmp_symbolic_symbolic
222.4741,222.47618,0.002080000000006521,8106.30848401138,bench_cmp_symbolic_symbolic
222.67646,222.67854,0.002080000000006521,8093.179629677214,bench_cmp_symbolic_symbolic
222.8788,222.88088,0.0020799999999780994,8093.566968947534,bench_cmp_symbolic_symbolic
223.08116,223.08324,0.0020799999999780994,8090.312476181242,bench_cmp_symbolic_symbolic
223.2835,223.28558,0.002080000000006521,8094.339198457235,bench_cmp_symbolic_symbolic
223.48586,223.48792,0.002060000000000173,8017.843626439937,bench_cmp_symbolic_symbolic
223.6882,223.69028,0.002080000000006521,8096.154292607664,bench_cmp_symbolic_symbolic
223.89056,223.89264,0.002080000000006521,8096.281909409464,bench_cmp_symbolic_symbolic
224.09292,224.09498,0.002060000000000173,8016.707091594358,bench_cmp_symbolic_symbolic
224.29526,224.29734,0.0020799999999780994,8067.258614956402,bench_cmp_symbolic_symbolic
224.4976,224.49968,0.002080000000006521,8094.605701067696,bench_cmp_symbolic_symbolic
224.69996,224.70204,0.002080000000006521,8102.704950165992,bench_cmp_symbolic_symbolic
224.90232,224.9044,0.002080000000006521,8093.686411183598,bench_cmp_symbolic_symbolic
225.10466,225.10674,0.002080000000006521,8082.315572563623,bench_cmp_symbolic_symbolic
225.30702,225.3091,0.002080000000006521,8096.968114869953,bench_cmp_symbolic_symbolic
225.50936,225.51144,0.002080000000006521,8110.779246810042,bench_cmp_symbolic_symbolic
225.71172,225.7138,0.0020799999999780994,8094.380749300604,bench_cmp_symbolic_symbolic
225.91406,225.91614,0.002080000000006521,8102.123066806518,bench_cmp_symbolic_symbolic
226.11642,226.11848,0.002060000000000173,8013.696796259595,bench_cmp_symbolic_symbolic
226.31876,226.32084,0.002080000000006521,8110.347776699689,bench_cmp_symbolic_symbolic
226.5211,226.52318,0.002080000000006521,8073.43331634068,bench_cmp_symbolic_symbolic
226.72346,226.72554,0.002080000000006521,8096.46256969677,bench_cmp_symbolic_symbolic
226.92582,226.9279,0.002080000000006521,8090.37101923572,bench_cmp_symbolic_symbolic
227.12818,227.13026,0.002080000000006521,8082.5939122865275,bench_cmp_symbolic_symbolic
227.33054,227.33262,0.0020799999999780994,8102.465604808018,bench_cmp_symbolic_symbolic
227.5329,227.53496,0.002060000000000173,8027.81462902051,bench_cmp_symbolic_symbolic
227.73524,227.73732,0.002080000000006521,8094.461811731733,bench_cmp_symbolic_symbolic
227.9376,227.93968,0.002080000000006521,8091.031445678808,bench_cmp_symbolic_symbolic
228.13996,228.14202,0.002060000000000173,8023.646962828359,bench_cmp_symbolic_symbolic
228.3423,228.34438,0.002080000000006521,8098.2097890495415,bench_cmp_symbolic_symbolic
228.54464,228.54672,0.002080000000006521,8103.481200552512,bench_cmp_symbolic_symbolic
228.747,228.74908,0.0020799999999780994,8095.156154506687,bench_cmp_symbolic_symbolic
228.94936,228.95144,0.0020799999999780994,8087.226753034115,bench_cmp_symbolic_symbolic
229.15172,229.15378,0.002060000000000173,8006.404512557136,bench_cmp_symbolic_symbolic
229.35406,229.35614,0.002080000000006521,8098.780624592801,bench_cmp_symbolic_symbolic
229.55642,229.5585,0.002080000000006521,8075.077096025635,bench_cmp_symbolic_symbolic
229.75878,229.76084,0.002060000000000173,8028.949098661262,bench_cmp_symbolic_symbolic
229.96112,229.9632,0.002080000000006521,8099.782145610543,bench_cmp_symbolic_symbolic
230.16348,230.16554,0.002060000000000173,8039.218550551686,bench_cmp_symbolic_symbolic
230.36582,230.3679,0.0020799999999780994,8098.915093488699,bench_cmp_symbolic_symbolic
230.56816,230.57024,0.002080000000006521,8090.541414008228,bench_cmp_symbolic_symbolic
230.77052,230.7726,0.002080000000006521,8111.984699521134,bench_cmp_symbolic_symbolic
230.97286,230.97494,0.002080000000006521,8122.199345408784,bench_cmp_symbolic_symbolic
231.17522,231.1773,0.002080000000006521,8088.731672641424,bench_cmp_symbolic_symbolic
231.37756,231.37964,0.002080000000006521,8088.506627857895,bench_cmp_symbolic_symbolic
231.57992,231.58198,0.002060000000000173,8045.60745601018,bench_cmp_symbolic_symbolic
231.78226,231.78434,0.0020799999999780994,8109.004544006308,bench_cmp_symbolic_symbolic
231.9846,231.98668,0.002080000000006521,8098.10484529291,bench_cmp_symbolic_symbolic
232.18696,232.18906,0.0021000000000128694,8182.671414739697,bench_cmp_symbolic_absolute
232.38932,232.39142,0.0021000000000128694,8182.319840468903,bench_cmp_symbolic_absolute
232.59168,232.59378,0.0021000000000128694,8183.989471340936,bench_cmp_symbolic_absolute
232.79404,232.79614,0.0021000000000128694,8182.586696981452,bench_cmp_symbolic_absolute
232.9964,232.9985,0.0021000000000128694,8171.5558656089015,bench_cmp_symbolic_absolute
233.19876,233.20084,0.002080000000006521,8100.555497248812,bench_cmp_symbolic_absolute
233.40112,233.40322,0.0021000000000128694,8177.966722340479,bench_cmp_symbolic_absolute
233.60348,233.60558,0.0021000000000128694,8176.472999674733,bench_cmp_symbolic_absolute
233.80586,233.80794,0.002080000000006521,8076.796024132307,bench_cmp_symbolic_absolute
234.00822,234.01032,0.0021000000000128694,8173.486373905865,bench_cmp_symbolic_absolute
234.21058,234.21268,0.0021000000000128694,8194.651464053552,bench_cmp_symbolic_absolute
234.41296,234.41504,0.002080000000006521,8111.885515999043,bench_cmp_symbolic_absolute
234.61532,234.6174,0.002080000000006521,8092.48880718654,bench_cmp_symbolic_absolute
234.81768,234.81976,0.002080000000006521,8104.256945689483,bench_cmp_symbolic_absolute
235.02004,235.02212,0.002080000000006521,8117.879731607535,bench_cmp_symbolic_absolute
235.2224,235.22448,0.002080000000006521,8109.516582945067,bench_cmp_symbolic_absolute
235.42474,235.42684,0.0020999999999844476,8154.073622944313,bench_cmp_symbolic_absolute
235.6271,235.6292,0.0020999999999844476,8191.589552376163,bench_cmp_symbolic_absolute
235.82946,235.83156,0.0020999999999844476,8187.749276339023,bench_cmp_symbolic_absolute
236.03182,236.03392,0.0020999999999844476,8192.88109422706,bench_cmp_symbolic_absolute
236.23418,236.23628,0.0020999999999844476,8172.589330870004,bench_cmp_symbolic_absolute
236.43654,236.43862,0.0020799999999780994,8118.242307013334,bench_cmp_symbolic_absolute
236.63888,236.64098,0.0021000000000128694,8197.007735776306,bench_cmp_symbolic_absolute
236.84124,236.84334,0.0021000000000128694,8188.388487375507,bench_cmp_symbolic_absolute
237.0436,237.04568,0.002080000000006521,8107.288898926632,bench_cmp_symbolic_absolute
237.24596,237.24804,0.002080000000006521,8112.4725565581675,bench_cmp_symbolic_absolute
237.44832,237.4504,0.002080000000006521,8116.602774270352,bench_cmp_symbolic_absolute
237.65066,237.65276,0.0021000000000128694,8201.419713495521,bench_cmp_symbolic_absolute
237.85302,237.85512,0.0021000000000128694,8192.35236389403,bench_cmp_symbolic_absolute
238.05538,238.05748,0.0020999999999844476,8190.908448241843,bench_cmp_symbolic_absolute
238.25774,238.25984,0.0020999999999844476,8211.19772263972,bench_cmp_symbolic_absolute
238.4601,238.4622,0.0020999999999844476,8195.509943113999,bench_cmp_symbolic_absolute
238.66246,238.66456,0.0020999999999844476,8159.334920283555,bench_cmp_symbolic_absolute
238.86482,238.86692,0.0020999999999844476,8193.510649662894,bench_cmp_symbolic_absolute
239.06718,239.06928,0.0020999999999844476,8207.293583483968,bench_cmp_symbolic_absolute
239.26954,239.27164,0.0020999999999844476,8179.799620930494,bench_cmp_symbolic_absolute
239.4719,239.474,0.0020999999999844476,8179.625885033935,bench_cmp_symbolic_absolute
239.67426,239.67636,0.0020999999999844476,8186.837274054256,bench_cmp_symbolic_absolute
239.87662,239.87872,0.0020999999999844476,8199.884274447824,bench_cmp_symbolic_absolute
240.07898,240.08108,0.0020999999999844476,8176.24488373738,bench_cmp_symbolic_absolute
240.28134,240.28344,0.0021000000000128694,8181.259091992152,bench_cmp_symbolic_absolute
240.4837,240.4858,0.0021000000000128694,8200.425377631442,bench_cmp_symbolic_absolute
240.68606,240.68816,0.0021000000000128694,8178.4375594519015,bench_cmp_symbolic_absolute
240.88842,240.89052,0.0021000000000128694,8202.412440492097,bench_cmp_symbolic_absolute
241.09078,241.09288,0.0021000000000128694,8187.15113220284,bench_cmp_symbolic_absolute
241.29314,241.29522,0.002080000000006521,8095.469097634651,bench_cmp_symbolic_absolute
241.4955,241.49758,0.002080000000006521,8110.778075670613,bench_cmp_symbolic_absolute
241.69786,241.69994,0.002080000000006521,8109.475532573991,bench_cmp_symbolic_absolute
241.90022,241.90232,0.0021000000000128694,8198.846634529426,bench_cmp_symbolic_absolute
242.10258,242.10468,0.0021000000000128694,8201.578678615548,bench_cmp_symbolic_absolute
242.30494,242.30704,0.0021000000000128694,8188.87457023992,bench_cmp_symbolic_absolute
242.5073,242.5094,0.0021000000000128694,8192.252041824995,bench_cmp_symbolic_absolute
242.70968,242.71178,0.0021000000000128694,8193.566021562134,bench_cmp_symbolic_absolute
242.91204,242.91414,0.0021000000000128694,8207.122359942621,bench_cmp_symbolic_absolute
243.1144,243.1165,0.0021000000000128694,8184.459973177792,bench_cmp_symbolic_absolute
243.31676,243.31886,0.0021000000000128694,8197.853718938899,bench_cmp_symbolic_absolute
243.51912,243.52122,0.0021000000000128694,8182.2668132917015,bench_cmp_symbolic_absolute
243.7215,243.72358,0.002080000000006521,8109.005363684899,bench_cmp_symbolic_absolute
243.92386,243.92594,0.002080000000006521,8115.945048657599,bench_cmp_symbolic_absolute
244.12622,244.12832,0.0021000000000128694,8159.789061226989,bench_cmp_symbolic_absolute
244.32858,244.33068,0.0021000000000128694,8188.027560300508,bench_cmp_symbolic_absolute
244.53094,244.53304,0.0021000000000128694,8193.814961758459,bench_cmp_symbolic_absolute
244.7333,244.7354,0.0020999999999844476,8190.262028882978,bench_cmp_symbolic_absolute
244.93566,244.93776,0.0020999999999844476,8175.439983540107,bench_cmp_symbolic_absolute
245.13804,245.14014,0.0021000000000128694,8187.374868482699,bench_cmp_symbolic_absolute
245.3404,245.3425,0.0021000000000128694,8185.116879230994,bench_cmp_symbolic_absolute
245.54278,245.54486,0.002080000000006521,8115.962063919645,bench_cmp_symbolic_absolute
245.74514,245.74724,0.0021000000000128694,8193.01430373916,bench_cmp_symbolic_absolute
245.9475,245.9496,0.0021000000000128694,8211.517010402149,bench_cmp_symbolic_absolute
246.14986,246.15196,0.0021000000000128694,8179.991440900487,bench_cmp_symbolic_absolute
246.35222,246.35432,0.0021000000000128694,8177.868067340491,bench_cmp_symbolic_absolute
246.5546,246.5567,0.0021000000000128694,8190.817593182698,bench_cmp_symbolic_absolute
246.75696,246.75906,0.0021000000000128694,8187.830844015064,bench_cmp_symbolic_absolute
246.95934,246.96144,0.0021000000000128694,8196.069186138851,bench_cmp_symbolic_absolute
247.1617,247.1638,0.0021000000000128694,8189.0105829158765,bench_cmp_symbolic_absolute
247.36406,247.36616,0.0021000000000128694,8193.608778582151,bench_cmp_symbolic_absolute
247.56644,247.56852,0.002080000000006521,8113.697043180374,bench_cmp_symbolic_absolute
247.7688,247.7709,0.0021000000000128694,8205.389161644796,bench_cmp_symbolic_absolute
247.97116,247.97326,0.0021000000000128694,8201.042395136175,bench_cmp_symbolic_absolute
248.17352,248.17562,0.0021000000000128694,8215.996958366713,bench_cmp_symbolic_absolute
248.3759,248.37798,0.002080000000006521,8096.342799280408,bench_cmp_symbolic_absolute
248.57826,248.58036,0.0021000000000128694,8209.062668080624,bench_cmp_symbolic_absolute
248.78062,248.78272,0.0021000000000128694,8185.938526928163,bench_cmp_symbolic_absolute
248.98298,248.98508,0.0021000000000128694,8189.710436905972,bench_cmp_symbolic_absolute
249.18536,249.18744,0.002080000000006521,8122.020240430872,bench_cmp_symbolic_absolute
249.38772,249.3898,0.002080000000006521,8128.717127281004,bench_cmp_symbolic_absolute
249.59008,249.59218,0.0021000000000128694,8175.251912377397,bench_cmp_symbolic_absolute
249.79244,249.79454,0.0021000000000128694,8192.10271123208,bench_cmp_symbolic_absolute
249.9948,249.9969,0.0021000000000128694,8214.719563307963,bench_cmp_symbolic_absolute
250.19718,250.19926,0.002080000000006521,8116.841667821789,bench_cmp_symbolic_absolute
250.39954,250.40162,0.002080000000006521,8090.973785173023,bench_cmp_symbolic_absolute
250.6019,250.60398,0.002080000000006521,8108.154814716125,bench_cmp_symbolic_absolute
250.80426,250.80636,0.0021000000000128694,8197.627977983819,bench_cmp_symbolic_absolute
251.00662,251.00872,0.0021000000000128694,8194.770258903158,bench_cmp_symbolic_absolute
251.20898,251.21108,0.0021000000000128694,8187.110540508961,bench_cmp_symbolic_absolute
251.41136,251.41346,0.0020999999999844476,8194.816929691648,bench_cmp_symbolic_absolute
251.61372,251.61582,0.0021000000000128694,8204.183806714529,bench_cmp_symbolic_absolute
251.81608,251.81818,0.0021000000000128694,8203.877033718,bench_cmp_symbolic_absolute
252.01844,252.02054,0.0021000000000128694,8166.8291753673775,bench_cmp_symbolic_absolute
252.2208,252.2229,0.0021000000000128694,8197.841513951484,bench_cmp_symbolic_absolute
252.42318,252.42458,0.0013999999999896318,5415.112553124292,bench_cmp_absolute_register
252.62484,252.62624,0.0013999999999896318,5413.539076647932,bench_cmp_absolute_register
252.82652,252.82792,0.0014000000000180535,5418.432660008727,bench_cmp_absolute_register
253.02818,253.02958,0.0014000000000180535,5422.259618133847,bench_cmp_absolute_register
253.22984,253.23126,0.00141999999999598,5488.975704633851,bench_cmp_absolute_register
253.43152,253.43292,0.0013999999999896318,5414.453458466096,bench_cmp_absolute_register
253.63318,253.63458,0.0013999999999896318,5416.193632365022,bench_cmp_absolute_register
253.83484,253.83624,0.0013999999999896318,5420.604520432554,bench_cmp_absolute_register
254.03652,254.03792,0.0014000000000180535,5421.338784581158,bench_cmp_absolute_register
254.23818,254.23958,0.0013999999999896318,5418.500259945136,bench_cmp_absolute_register
254.43984,254.44124,0.0013999999999896318,5401.96289769843,bench_cmp_absolute_register
254.6415,254.6429,0.0013999999999896318,5412.452190607366,bench_cmp_absolute_register
254.84316,254.84456,0.0013999999999896318,5399.111737450828,bench_cmp_absolute_register
255.04482,255.04624,0.0014200000000244017,5497.418004185353,bench_cmp_absolute_register
255.2465,255.2479,0.0013999999999896318,5420.020245907409,bench_cmp_absolute_register
255.44816,255.44956,0.0013999999999896318,5423.601956533785,bench_cmp_absolute_register
255.64982,255.65124,0.00141999999999598,5494.376379047665,bench_cmp_absolute_register
255.8515,255.8529,0.0014000000000180535,5426.473754996857,bench_cmp_absolute_register
256.05316,256.05456,0.0013999999999896318,5417.493293025826,bench_cmp_absolute_register
256.25482,256.25622,0.0013999999999896318,5429.954819811795,bench_cmp_absolute_register
256.4565,256.4579,0.0013999999999896318,5418.800166767102,bench_cmp_absolute_register
256.65818,256.65958,0.0013999999999896318,5425.903338427539,bench_cmp_absolute_register
256.85986,256.86126,0.0013999999999896318,5416.525269341903,bench_cmp_absolute_register
257.06154,257.06294,0.0014000000000464752,5419.610308200945,bench_cmp_absolute_register
257.26322,257.26462,0.0013999999999896318,5411.595527510957,bench_cmp_absolute_register
257.4649,257.4663,0.0013999999999896318,5406.947270929481,bench_cmp_absolute_register
257.66658,257.66798,0.0013999999999896318,5418.695323126942,bench_cmp_absolute_register
257.86826,257.86966,0.0013999999999896318,5400.460520712663,bench_cmp_absolute_register
258.06992,258.07132,0.0013999999999896318,5412.164968386253,bench_cmp_absolute_register
258.2716,258.273,0.0014000000000464752,5409.435620714019,bench_cmp_absolute_register
258.47326,258.47466,0.0013999999999896318,5418.198395022294,bench_cmp_absolute_register
258.67494,258.67634,0.0013999999999896318,5400.46167090512,bench_cmp_absolute_register
258.87662,258.87802,0.0013999999999896318,5407.403151002018,bench_cmp_absolute_register
259.07828,259.07968,0.0013999999999896318,5417.355736674519,bench_cmp_absolute_register
259.27996,259.28136,0.0013999999999896318,5409.900553011969,bench_cmp_absolute_register
259.48164,259.48304,0.0013999999999896318,5427.865814365215,bench_cmp_absolute_register
259.68332,259.68472,0.0014000000000464752,5418.81580622948,bench_cmp_absolute_register
259.885,259.8864,0.0013999999999896318,5416.894277988068,bench_cmp_absolute_register
260.08666,260.08808,0.00141999999999598,5496.330920129658,bench_cmp_absolute_register
260.28834,260.28976,0.00141999999999598,5498.1343005641775,bench_cmp_absolute_register
260.49002,260.49142,0.0013999999999896318,5420.650520786506,bench_cmp_absolute_register
260.6917,260.6931,0.0013999999999896318,5419.19719189886,bench_cmp_absolute_register
260.89338,260.89478,0.0014000000000464752,5413.481218458521,bench_cmp_absolute_register
261.09506,261.09646,0.0013999999999896318,5406.826469076936,bench_cmp_absolute_register
261.29674,261.29814,0.0013999999999896318,5424.42791392799,bench_cmp_absolute_register
261.49842,261.49982,0.0013999999999896318,5407.912358599823,bench_cmp_absolute_register
261.7001,261.7015,0.0013999999999896318,5424.986537497763,bench_cmp_absolute_register
261.90178,261.90318,0.0014000000000464752,5414.40440593387,bench_cmp_absolute_register
262.10346,262.10486,0.0013999999999896318,5409.101622610219,bench_cmp_absolute_register
262.30514,262.30654,0.0013999999999896318,5420.346937570002,bench_cmp_absolute_register
262.50682,262.50822,0.0013999999999896318,5409.286525059366,bench_cmp_absolute_register
262.7085,262.7099,0.0013999999999896318,5412.150535226722,bench_cmp_absolute_register
262.91018,262.91158,0.0013999999999896318,5410.126862066218,bench_cmp_absolute_register
263.11186,263.11326,0.0014000000000464752,5424.4768900745385,bench_cmp_absolute_register
263.31354,263.31494,0.0013999999999896318,5412.825918719647,bench_cmp_absolute_register
263.51522,263.51662,0.0013999999999896318,5413.818010088098,bench_cmp_absolute_register
263.7169,263.7183,0.0013999999999896318,5419.6267877267155,bench_cmp_absolute_register
263.91856,263.91998,0.00141999999999598,5488.007161748054,bench_cmp_absolute_register
264.12024,264.12164,0.0013999999999896318,5405.344050325426,bench_cmp_absolute_register
264.32192,264.32332,0.0014000000000464752,5398.845588972933,bench_cmp_absolute_register
264.5236,264.525,0.0013999999999896318,5406.379136225702,bench_cmp_absolute_register
264.72528,264.7267,0.00141999999999598,5504.251804653973,bench_cmp_absolute_register
264.92698,264.92838,0.0013999999999896318,5411.627639508442,bench_cmp_absolute_register
265.12866,265.13006,0.0013999999999896318,5429.629015220288,bench_cmp_absolute_register
265.33032,265.33172,0.0014000000000464752,5426.279292624173,bench_cmp_absolute_register
265.532,265.5334,0.0013999999999896318,5422.877003401302,bench_cmp_absolute_register
265.73368,265.73508,0.0013999999999896318,5412.447284869372,bench_cmp_absolute_register
265.93536,265.93676,0.0013999999999896318,5401.596459524806,bench_cmp_absolute_register
266.13702,266.13844,0.00141999999999598,5481.490557997823,bench_cmp_absolute_register
266.3387,266.3401,0.0013999999999896318,5413.896392516137,bench_cmp_absolute_register
266.54038,266.54178,0.0013999999999896318,5405.516903793884,bench_cmp_absolute_register
266.74204,266.74344,0.0014000000000464752,5411.847487743507,bench_cmp_absolute_register
266.94372,266.94512,0.0013999999999896318,5429.465349265737,bench_cmp_absolute_register
267.1454,267.1468,0.0013999999999896318,5424.217095093456,bench_cmp_absolute_register
267.34706,267.34848,0.00141999999999598,5499.68439618738,bench_cmp_absolute_register
267.54874,267.55014,0.0013999999999896318,5403.412915726688,bench_cmp_absolute_register
267.75042,267.75182,0.0013999999999896318,5404.270770914317,bench_cmp_absolute_register
267.95208,267.9535,0.00141999999999598,5491.087194499935,bench_cmp_absolute_register
268.15376,268.15516,0.0014000000000464752,5426.868961839877,bench_cmp_absolute_register
268.35544,268.35684,0.0013999999999896318,5419.638997374183,bench_cmp_absolute_register
268.5571,268.5585,0.0013999999999896318,5428.855293396448,bench_cmp_absolute_register
268.75878,268.76018,0.0013999999999896318,5422.532367480718,bench_cmp_absolute_register
268.96046,268.96186,0.0013999999999896318,5419.031453743866,bench_cmp_absolute_register
269.16214,269.16354,0.0013999999999896318,5400.9471134706555,bench_cmp_absolute_register
269.36382,269.36522,0.0014000000000464752,5400.134553385484,bench_cmp_absolute_register
269.5655,269.5669,0.0013999999999896318,5416.301290934512,bench_cmp_absolute_register
269.76718,269.76858,0.0013999999999896318,5404.988464394214,bench_cmp_absolute_register
269.96884,269.97024,0.0013999999999896318,5421.174315230255,bench_cmp_absolute_register
270.17052,270.17192,0.0013999999999896318,5397.625951987174,bench_cmp_absolute_register
270.37218,270.3736,0.00141999999999598,5507.265005711079,bench_cmp_absolute_register
270.57386,270.57526,0.0013999999999896318,5421.539454203112,bench_cmp_absolute_register
270.77554,270.77694,0.0014000000000464752,5421.804341205792,bench_cmp_absolute_register
270.97722,270.97862,0.0013999999999896318,5415.741577711189,bench_cmp_absolute_register
271.1789,271.1803,0.0013999999999896318,5407.322125934871,bench_cmp_absolute_register
271.38058,271.38198,0.0013999999999896318,5404.371689034379,bench_cmp_absolute_register
271.58226,271.58366,0.0013999999999896318,5401.516305237201,bench_cmp_absolute_register
271.78394,271.78534,0.0014000000000464752,5410.515363517269,bench_cmp_absolute_register
271.98562,271.98702,0.0013999999999896318,5413.017072682895,bench_cmp_absolute_register
272.1873,272.1887,0.0013999999999896318,5417.742081882024,bench_cmp_absolute_register
272.38898,272.39038,0.0013999999999896318,5425.067234279721,bench_cmp_absolute_register
272.59066,272.59276,0.0020999999999844476,8258.38653596782,bench_cmp_absolute_indexed
272.79304,272.79514,0.0020999999999844476,8256.087801356409,bench_cmp_absolute_indexed
272.99542,272.99752,0.0020999999999844476,8233.057525868131,bench_cmp_absolute_indexed
273.1978,273.1999,0.002100000000041291,8252.614452669166,bench_cmp_absolute_indexed
273.40018,273.40228,0.002100000000041291,8253.394398069755,bench_cmp_absolute_indexed
273.60254,273.60464,0.002100000000041291,8259.290014558312,bench_cmp_absolute_indexed
273.80492,273.80702,0.002100000000041291,8244.04249915633,bench_cmp_absolute_indexed
274.0073,274.0094,0.002100000000041291,8257.564352989666,bench_cmp_absolute_indexed
274.20968,274.21178,0.0020999999999844476,8267.844216838696,bench_cmp_absolute_indexed
274.41206,274.41416,0.0020999999999844476,8261.121930491165,bench_cmp_absolute_indexed
274.61442,274.61652,0.0020999999999844476,8245.47436082383,bench_cmp_absolute_indexed
274.8168,274.8189,0.0020999999999844476,8256.539502117303,bench_cmp_absolute_indexed
275.01916,275.02126,0.0020999999999844476,8252.907821382774,bench_cmp_absolute_indexed
275.22154,275.22364,0.0020999999999844476,8259.485205573135,bench_cmp_absolute_indexed
275.42392,275.426,0.0020799999999780994,8167.559797790263,bench_cmp_absolute_indexed
275.62628,275.62838,0.0020999999999844476,8257.55845283447,bench_cmp_absolute_indexed
275.82866,275.83076,0.0020999999999844476,8254.415776984766,bench_cmp_absolute_indexed
276.03104,276.03314,0.0020999999999844476,8284.212718652076,bench_cmp_absolute_indexed
276.2334,276.2355,0.0020999999999844476,8234.37402018216,bench_cmp_absolute_indexed
276.43578,276.43788,0.0020999999999844476,8259.866340010261,bench_cmp_absolute_indexed
276.63816,276.64026,0.0020999999999844476,8265.903463982435,bench_cmp_absolute_indexed
276.84052,276.84262,0.0020999999999844476,8260.834603498923,bench_cmp_absolute_indexed
277.0429,277.045,0.002100000000041291,8265.271424482607,bench_cmp_absolute_indexed
277.24528,277.24738,0.002100000000041291,8252.233811820428,bench_cmp_absolute_indexed
277.44766,277.44976,0.002100000000041291,8254.252169445079,bench_cmp_absolute_indexed
277.65004,277.65214,0.0020999999999844476,8252.490055692871,bench_cmp_absolute_indexed
277.85242,277.85452,0.0020999999999844476,8264.802624413622,bench_cmp_absolute_indexed
278.0548,278.0569,0.0020999999999844476,8254.493772922875,bench_cmp_absolute_indexed
278.25718,278.25928,0.0020999999999844476,8245.284319794302,bench_cmp_absolute_indexed
278.45956,278.46166,0.0020999999999844476,8264.090162634786,bench_cmp_absolute_indexed
278.66194,278.66404,0.0020999999999844476,8253.439618212558,bench_cmp_absolute_indexed
278.86432,278.86642,0.0020999999999844476,8276.561628959282,bench_cmp_absolute_indexed
279.0667,279.0688,0.0020999999999844476,8262.109472343833,bench_cmp_absolute_indexed
279.2691,279.2712,0.002100000000041291,8256.66671170002,bench_cmp_absolute_indexed
279.47148,279.47358,0.002100000000041291,8262.269511050805,bench_cmp_absolute_indexed
279.67386,279.67596,0.0020999999999844476,8264.602543729725,bench_cmp_absolute_indexed
279.87622,279.87832,0.0020999999999844476,8249.045759379258,bench_cmp_absolute_indexed
280.0786,280.0807,0.0020999999999844476,8249.414795952387,bench_cmp_absolute_indexed
280.28098,280.28308,0.0020999999999844476,8273.975741988183,bench_cmp_absolute_indexed
280.48334,280.48544,0.0020999999999844476,8265.143856342795,bench_cmp_absolute_indexed
280.68572,280.68782,0.0020999999999844476,8232.07683389262,bench_cmp_absolute_indexed
280.88808,280.89018,0.0020999999999844476,8251.368743308572,bench_cmp_absolute_indexed
281.09046,281.09256,0.0020999999999844476,8262.506765250442,bench_cmp_absolute_indexed
281.29282,281.29492,0.0020999999999844476,8264.677752678268,bench_cmp_absolute_indexed
281.49518,281.49728,0.0020999999999844476,8234.869209054506,bench_cmp_absolute_indexed
281.69754,281.69964,0.0020999999999844476,8265.686752214182,bench_cmp_absolute_indexed
281.8999,281.902,0.0020999999999844476,8272.79983780866,bench_cmp_absolute_indexed
282.10226,282.10436,0.0020999999999844476,8273.478182901106,bench_cmp_absolute_indexed
282.30462,282.30672,0.0020999999999844476,8249.95255091858,bench_cmp_absolute_indexed
282.507,282.5091,0.0020999999999844476,8265.374600828429,bench_cmp_absolute_indexed
282.70936,282.71146,0.0020999999999844476,8260.038588135938,bench_cmp_absolute_indexed
282.91172,282.91382,0.0020999999999844476,8268.77709937765,bench_cmp_absolute_indexed
283.11408,283.11618,0.0020999999999844476,8267.163718059115,bench_cmp_absolute_indexed
283.31644,283.31854,0.0020999999999844476,8263.561334398539,bench_cmp_absolute_indexed
283.5188,283.5209,0.0020999999999844476,8249.425901970264,bench_cmp_absolute_indexed
283.72116,283.72326,0.0020999999999844476,8261.492419929302,bench_cmp_absolute_indexed
283.92354,283.92564,0.0020999999999844476,8259.864554214872,bench_cmp_absolute_indexed
284.1259,284.128,0.0020999999999844476,8261.485593332678,bench_cmp_absolute_indexed
284.32828,284.33036,0.0020799999999780994,8173.495251597661,bench_cmp_absolute_indexed
284.53064,284.53274,0.0020999999999844476,8264.154004804059,bench_cmp_absolute_indexed
284.733,284.7351,0.0020999999999844476,8263.712460112567,bench_cmp_absolute_indexed
284.93538,284.93748,0.0020999999999844476,8252.796670360696,bench_cmp_absolute_indexed
285.13774,285.13984,0.0020999999999844476,8245.332124584223,bench_cmp_absolute_indexed
285.3401,285.3422,0.0020999999999844476,8265.997746430749,bench_cmp_absolute_indexed
285.54246,285.54456,0.0020999999999844476,8262.910707789124,bench_cmp_absolute_indexed
285.74482,285.74692,0.0020999999999844476,8275.065012214327,bench_cmp_absolute_indexed
285.94718,285.94928,0.0020999999999844476,8274.10700724956,bench_cmp_absolute_indexed
286.14956,286.15164,0.0020799999999780994,8188.494290138416,bench_cmp_absolute_indexed
286.35192,286.354,0.0020799999999780994,8178.059714761282,bench_cmp_absolute_indexed
286.55428,286.55638,0.0020999999999844476,8252.333654031301,bench_cmp_absolute_indexed
286.75664,286.75874,0.0020999999999844476,8251.369520959259,bench_cmp_absolute_indexed
286.959,286.9611,0.0020999999999844476,8258.722289405274,bench_cmp_absolute_indexed
287.16136,287.16346,0.0020999999999844476,8263.38370324949,bench_cmp_absolute_indexed
287.36374,287.36584,0.0020999999999844476,8255.279227098072,bench_cmp_absolute_indexed
287.5661,287.5682,0.0020999999999844476,8256.84540898695,bench_cmp_absolute_indexed
287.76846,287.77056,0.0020999999999844476,8263.309616533821,bench_cmp_absolute_indexed
287.97082,287.97292,0.0020999999999844476,8259.27414459515,bench_cmp_absolute_indexed
288.17318,288.17528,0.0020999999999844476,8276.12502494506,bench_cmp_absolute_indexed
288.37554,288.37764,0.0020999999999844476,8239.404838471428,bench_cmp_absolute_indexed
288.5779,288.58,0.0020999999999844476,8255.094070858428,bench_cmp_absolute_indexed
288.78026,288.78236,0.0020999999999844476,8277.25367847599,bench_cmp_absolute_indexed
288.98262,288.98472,0.0020999999999844476,8276.451383655716,bench_cmp_absolute_indexed
289.18498,289.18708,0.0020999999999844476,8244.290817466994,bench_cmp_absolute_indexed
289.38734,289.38944,0.0020999999999844476,8270.443412416787,bench_cmp_absolute_indexed
289.5897,289.5918,0.0020999999999844476,8282.389175090731,bench_cmp_absolute_indexed
289.79208,289.79418,0.0020999999999844476,8268.017503369196,bench_cmp_absolute_indexed
289.99444,289.99654,0.0020999999999844476,8243.443495534357,bench_cmp_absolute_indexed
290.19682,290.19892,0.0020999999999844476,8279.26089980825,bench_cmp_absolute_indexed
290.39918,290.40128,0.0020999999999844476,8273.021248111809,bench_cmp_absolute_indexed
290.60154,290.60364,0.0020999999999844476,8261.970253598534,bench_cmp_absolute_indexed
290.8039,290.806,0.0020999999999844476,8246.19557702696,bench_cmp_absolute_indexed
291.00626,291.00836,0.0020999999999844476,8275.834694445606,bench_cmp_absolute_indexed
291.20862,291.21072,0.0020999999999844476,8271.026723029925,bench_cmp_absolute_indexed
291.411,291.4131,0.0020999999999844476,8274.850826647986,bench_cmp_absolute_indexed
291.61336,291.61546,0.0020999999999844476,8254.988440254161,bench_cmp_absolute_indexed
291.81572,291.81782,0.0020999999999844476,8268.982053210488,bench_cmp_absolute_indexed
292.0181,292.0202,0.0020999999999844476,8267.222386721285,bench_cmp_absolute_indexed
292.22046,292.22256,0.0020999999999844476,8274.303926095674,bench_cmp_absolute_indexed
292.42282,292.42492,0.0020999999999844476,8267.157857708975,bench_cmp_absolute_indexed
292.6252,292.6273,0.0020999999999844476,8276.614146247892,bench_cmp_absolute_indexed
292.82756,292.82964,0.0020799999999780994,8158.076167949151,bench_cmp_absolute_symbolic
293.0299,293.03198,0.0020799999999780994,8169.161388568166,bench_cmp_absolute_symbolic
293.23226,293.23432,0.0020600000000285945,8080.661380777767,bench_cmp_absolute_symbolic
293.4346,293.43668,0.002080000000034943,8158.93700360243,bench_cmp_absolute_symbolic
293.63694,293.63902,0.002080000000034943,8154.303729673411,bench_cmp_absolute_symbolic
293.83928,293.84136,0.002080000000034943,8162.178050401489,bench_cmp_absolute_symbolic
294.04162,294.0437,0.0020799999999780994,8166.544046156744,bench_cmp_absolute_symbolic
294.24398,294.24606,0.0020799999999780994,8168.9471401291,bench_cmp_absolute_symbolic
294.44632,294.4484,0.0020799999999780994,8160.331158343772,bench_cmp_absolute_symbolic
294.64868,294.65076,0.0020799999999780994,8160.198174792885,bench_cmp_absolute_symbolic
294.85102,294.8531,0.0020799999999780994,8168.240217403252,bench_cmp_absolute_symbolic
295.05338,295.05544,0.002059999999971751,8094.809786304801,bench_cmp_absolute_symbolic
295.25572,295.2578,0.0020799999999780994,8166.0172435539525,bench_cmp_absolute_symbolic
295.45808,295.46014,0.0020600000000285945,8099.032342548469,bench_cmp_absolute_symbolic
295.66042,295.6625,0.002080000000034943,8161.780885557178,bench_cmp_absolute_symbolic
295.86276,295.86484,0.002080000000034943,8171.342569544104,bench_cmp_absolute_symbolic
296.06512,296.0672,0.002080000000034943,8161.944544548348,bench_cmp_absolute_symbolic
296.26746,296.26954,0.0020799999999780994,8180.001489721301,bench_cmp_absolute_symbolic
296.46982,296.4719,0.0020799999999780994,8163.410741743382,bench_cmp_absolute_symbolic
296.67216,296.67424,0.0020799999999780994,8168.393780850642,bench_cmp_absolute_symbolic
296.87452,296.8766,0.0020799999999780994,8160.6995546281805,bench_cmp_absolute_symbolic
297.07686,297.07894,0.0020799999999780994,8169.788685538301,bench_cmp_absolute_symbolic
297.2792,297.28128,0.0020799999999780994,8168.696854182008,bench_cmp_absolute_symbolic
297.48154,297.48362,0.0020799999999780994,8167.666830040546,bench_cmp_absolute_symbolic
297.68388,297.68596,0.002080000000034943,8175.00893971839,bench_cmp_absolute_symbolic
297.88624,297.8883,0.0020600000000285945,8090.364309146993,bench_cmp_absolute_symbolic
298.08858,298.09066,0.002080000000034943,8171.190964199345,bench_cmp_absolute_symbolic
298.29092,298.293,0.0020799999999780994,8161.592455483763,bench_cmp_absolute_symbolic
298.49328,298.49536,0.0020799999999780994,8171.008638937361,bench_cmp_absolute_symbolic
298.69564,298.6977,0.002059999999971751,8095.465586402203,bench_cmp_absolute_symbolic
298.89798,298.90006,0.0020799999999780994,8177.983942348693,bench_cmp_absolute_symbolic
299.10032,299.1024,0.0020799999999780994,8179.5736867064,bench_cmp_absolute_symbolic
299.30268,299.30474,0.002059999999971751,8089.809990372915,bench_cmp_absolute_symbolic
299.50502,299.5071,0.0020799999999780994,8169.910595670667,bench_cmp_absolute_symbolic
299.70738,299.70944,0.002059999999971751,8082.021379268576,bench_cmp_absolute_symbolic
299.90972,299.9118,0.002080000000034943,8175.5387435225875,bench_cmp_absolute_symbolic
300.11206,300.11414,0.002080000000034943,8169.047669651712,bench_cmp_absolute_symbolic
300.3144,300.31648,0.002080000000034943,8172.804233759903,bench_cmp_absolute_symbolic
300.51674,300.51882,0.0020799999999780994,8166.524618768526,bench_cmp_absolute_symbolic
300.7191,300.72116,0.002059999999971751,8089.281138844506,bench_cmp_absolute_symbolic
300.92144,300.9235,0.002059999999971751,8084.447709726064,bench_cmp_absolute_symbolic
301.12378,301.12586,0.0020799999999780994,8181.33791433869,bench_cmp_absolute_symbolic
301.32612,301.3282,0.0020799999999780994,8172.140223822319,bench_cmp_absolute_symbolic
301.52846,301.53054,0.0020799999999780994,8175.9756988967465,bench_cmp_absolute_symbolic
301.73082,301.7329,0.0020799999999780994,8170.022177427912,bench_cmp_absolute_symbolic
301.93316,301.93524,0.002080000000034943,8178.996592896418,bench_cmp_absolute_symbolic
302.13552,302.13758,0.0020600000000285945,8070.850283954561,bench_cmp_absolute_symbolic
302.33786,302.33994,0.002080000000034943,8170.289872353714,bench_cmp_absolute_symbolic
302.5402,302.54228,0.0020799999999780994,8181.539410631088,bench_cmp_absolute_symbolic
302.74256,302.74462,0.002059999999971751,8086.674082906615,bench_cmp_absolute_symbolic
302.9449,302.94698,0.0020799999999780994,8151.011038481688,bench_cmp_absolute_symbolic
303.14724,303.14932,0.0020799999999780994,8161.496918091088,bench_cmp_absolute_symbolic
303.3496,303.35166,0.002059999999971751,8107.669651397019,bench_cmp_absolute_symbolic
303.55194,303.55402,0.0020799999999780994,8181.023807180916,bench_cmp_absolute_symbolic
303.75428,303.75636,0.0020799999999780994,8149.964404205704,bench_cmp_absolute_symbolic
303.95662,303.9587,0.002080000000034943,8192.255636815484,bench_cmp_absolute_symbolic
304.15896,304.16104,0.002080000000034943,8179.465085411835,bench_cmp_absolute_symbolic
304.3613,304.36338,0.0020799999999780994,8171.823476345349,bench_cmp_absolute_symbolic
304.56364,304.56572,0.0020799999999780994,8183.820617757516,bench_cmp_absolute_symbolic
304.766,304.76806,0.002059999999971751,8090.231283446962,bench_cmp_absolute_symbolic
304.96834,304.97042,0.0020799999999780994,8174.524633125344,bench_cmp_absolute_symbolic
305.17068,305.17276,0.0020799999999780994,8161.028139205213,bench_cmp_absolute_symbolic
305.37302,305.3751,0.0020799999999780994,8174.17525212002,bench_cmp_absolute_symbolic
305.57536,305.57744,0.002080000000034943,8167.229229726029,bench_cmp_absolute_symbolic
305.7777,305.77978,0.002080000000034943,8188.642717572046,bench_cmp_absolute_symbolic
305.98004,305.98212,0.002080000000034943,8189.301611993257,bench_cmp_absolute_symbolic
306.18238,306.18446,0.0020799999999780994,8159.681092858318,bench_cmp_absolute_symbolic
306.38472,306.3868,0.0020799999999780994,8175.095147364796,bench_cmp_absolute_symbolic
306.58706,306.58914,0.0020799999999780994,8166.889494665721,bench_cmp_absolute_symbolic
306.7894,306.79148,0.0020799999999780994,8178.868167946575,bench_cmp_absolute_symbolic
306.99174,306.99382,0.002080000000034943,8172.752093665802,bench_cmp_absolute_symbolic
307.19408,307.19616,0.002080000000034943,8174.501764727724,bench_cmp_absolute_symbolic
307.39642,307.3985,0.002080000000034943,8183.8685741193485,bench_cmp_absolute_symbolic
307.59876,307.60084,0.0020799999999780994,8177.455193269826,bench_cmp_absolute_symbolic
307.8011,307.80318,0.0020799999999780994,8151.900656429427,bench_cmp_absolute_symbolic
308.00344,308.00552,0.0020799999999780994,8191.9121299006765,bench_cmp_absolute_symbolic
308.20578,308.20786,0.0020799999999780994,8180.871233256186,bench_cmp_absolute_symbolic
308.40812,308.4102,0.0020799999999780994,8172.448119065588,bench_cmp_absolute_symbolic
308.61048,308.61254,0.0020600000000285945,8096.537268832405,bench_cmp_absolute_symbolic
308.81282,308.8149,0.002080000000034943,8170.699132744764,bench_cmp_absolute_symbolic
309.01516,309.01724,0.002080000000034943,8174.94096714488,bench_cmp_absolute_symbolic
309.21752,309.2196,0.002080000000034943,8155.633085548651,bench_cmp_absolute_symbolic
309.41986,309.42194,0.0020799999999780994,8167.566517275536,bench_cmp_absolute_symbolic
309.62222,309.62428,0.002059999999971751,8106.7162075760225,bench_cmp_absolute_symbolic
309.82456,309.82664,0.0020799999999780994,8159.526376893033,bench_cmp_absolute_symbolic
310.0269,310.02898,0.0020799999999780994,8163.28135310532,bench_cmp_absolute_symbolic
310.22926,310.23134,0.0020799999999780994,8179.318108508194,bench_cmp_absolute_symbolic
310.4316,310.43368,0.0020799999999780994,8190.005035053579,bench_cmp_absolute_symbolic
310.63394,310.63602,0.0020799999999780994,8162.369620901792,bench_cmp_absolute_symbolic
310.83628,310.83836,0.002080000000034943,8163.643689033013,bench_cmp_absolute_symbolic
311.03864,311.0407,0.0020600000000285945,8108.849136739419,bench_cmp_absolute_symbolic
311.24098,311.24304,0.0020600000000285945,8096.587029401268,bench_cmp_absolute_symbolic
311.44332,311.4454,0.0020799999999780994,8149.620680969389,bench_cmp_absolute_symbolic
311.64566,311.64774,0.0020799999999780994,8174.313991240763,bench_cmp_absolute_symbolic
311.848,311.85008,0.0020799999999780994,8179.620969951948,bench_cmp_absolute_symbolic
312.05034,312.05242,0.0020799999999780994,8165.444871318432,bench_cmp_absolute_symbolic
312.25268,312.25476,0.0020799999999780994,8169.363615950984,bench_cmp_absolute_symbolic
312.45502,312.4571,0.002080000000034943,8181.989328144884,bench_cmp_absolute_symbolic
312.65736,312.65944,0.002080000000034943,8167.2620867860405,bench_cmp_absolute_symbolic
312.8597,312.86178,0.002080000000034943,8174.194689050837,bench_cmp_absolute_symbolic
313.06204,313.06414,0.0020999999999844476,8152.145219429928,bench_cmp_absolute_absolute
313.2644,313.2665,0.0020999999999844476,8139.486967049109,bench_cmp_absolute_absolute
313.46676,313.46886,0.0020999999999844476,8159.625800263163,bench_cmp_absolute_absolute
313.66912,313.67122,0.0020999999999844476,8138.407347654465,bench_cmp_absolute_absolute
313.87148,313.87358,0.0020999999999844476,8152.118085348174,bench_cmp_absolute_absolute
314.07384,314.07594,0.0020999999999844476,8162.07816351345,bench_cmp_absolute_absolute
314.2762,314.2783,0.0020999999999844476,8122.8664796155235,bench_cmp_absolute_absolute
314.47858,314.48066,0.0020799999999780994,8042.508414845775,bench_cmp_absolute_absolute
314.68094,314.68302,0.0020799999999780994,8071.1869149499635,bench_cmp_absolute_absolute
314.8833,314.8854,0.0020999999999844476,8156.703435752091,bench_cmp_absolute_absolute
315.08566,315.08776,0.0020999999999844476,8137.9448388967,bench_cmp_absolute_absolute
315.28804,315.29012,0.0020799999999780994,8052.265506609101,bench_cmp_absolute_absolute
315.4904,315.4925,0.0020999999999844476,8139.329808693115,bench_cmp_absolute_absolute
315.69276,315.69486,0.0020999999999844476,8155.6510691745325,bench_cmp_absolute_absolute
315.89514,315.89722,0.0020799999999780994,8062.053564844451,bench_cmp_absolute_absolute
316.0975,316.0996,0.0020999999999844476,8145.380569552215,bench_cmp_absolute_absolute
316.29986,316.30196,0.0020999999999844476,8129.554879777017,bench_cmp_absolute_absolute
316.50224,316.50432,0.002080000000034943,8066.731691502462,bench_cmp_absolute_absolute
316.7046,316.7067,0.0020999999999844476,8139.879184240193,bench_cmp_absolute_absolute
316.90696,316.90906,0.0020999999999844476,8128.412044538158,bench_cmp_absolute_absolute
317.10934,317.11142,0.002080000000034943,8062.2890779289,bench_cmp_absolute_absolute
317.3117,317.3138,0.002100000000041291,8139.204117633304,bench_cmp_absolute_absolute
317.51408,317.51618,0.002100000000041291,8144.490162542764,bench_cmp_absolute_absolute
317.71644,317.71854,0.002100000000041291,8138.295475091714,bench_cmp_absolute_absolute
317.91882,317.92092,0.002100000000041291,8121.562460603703,bench_cmp_absolute_absolute
318.12118,318.12328,0.002100000000041291,8134.426397899881,bench_cmp_absolute_absolute
318.32356,318.32564,0.002080000000034943,8069.0191827247045,bench_cmp_absolute_absolute
318.52592,318.52802,0.002100000000041291,8131.748784962281,bench_cmp_absolute_absolute
318.72828,318.73038,0.002100000000041291,8143.804299347494,bench_cmp_absolute_absolute
318.93064,318.93274,0.002100000000041291,8136.828071599818,bench_cmp_absolute_absolute
319.13302,319.1351,0.002080000000034943,8059.8555902497055,bench_cmp_absolute_absolute
319.33538,319.33746,0.002080000000034943,8080.082428782335,bench_cmp_absolute_absolute
319.53774,319.53982,0.002080000000034943,8052.1410472198495,bench_cmp_absolute_absolute
319.7401,319.7422,0.002100000000041291,8148.967391045033,bench_cmp_absolute_absolute
319.94246,319.94456,0.002100000000041291,8142.925256562117,bench_cmp_absolute_absolute
320.14482,320.14692,0.002100000000041291,8137.126846865147,bench_cmp_absolute_absolute
320.34718,320.34928,0.002100000000041291,8135.973073242946,bench_cmp_absolute_absolute
320.54954,320.55164,0.002100000000041291,8147.669586052767,bench_cmp_absolute_absolute
320.7519,320.754,0.002100000000041291,8126.658003476403,bench_cmp_absolute_absolute
320.95426,320.95636,0.002100000000041291,8133.361642413482,bench_cmp_absolute_absolute
321.15662,321.15872,0.002100000000041291,8137.434695547331,bench_cmp_absolute_absolute
321.35898,321.36108,0.002100000000041291,8134.185972321236,bench_cmp_absolute_absolute
321.56134,321.56342,0.002080000000034943,8074.097177155487,bench_cmp_absolute_absolute
321.76368,321.76578,0.0020999999999844476,8145.765690062709,bench_cmp_absolute_absolute
321.96604,321.96814,0.0020999999999844476,8127.864499040466,bench_cmp_absolute_absolute
322.1684,322.17048,0.0020799999999780994,8075.656064229791,bench_cmp_absolute_absolute
322.37074,322.37284,0.0020999999999844476,8150.177323195756,bench_cmp_absolute_absolute
322.5731,322.5752,0.0020999999999844476,8121.8125391134645,bench_cmp_absolute_absolute
322.77546,322.77756,0.0020999999999844476,8143.7653721589795,bench_cmp_absolute_absolute
322.97782,322.97992,0.0020999999999844476,8144.6177861052065,bench_cmp_absolute_absolute
323.18018,323.18228,0.0020999999999844476,8135.087299100194,bench_cmp_absolute_absolute
323.38254,323.38464,0.0020999999999844476,8117.606819080163,bench_cmp_absolute_absolute
323.5849,323.587,0.0020999999999844476,8140.2940907860375,bench_cmp_absolute_absolute
323.78726,323.78936,0.0020999999999844476,8152.247390182906,bench_cmp_absolute_absolute
323.98962,323.99172,0.0020999999999844476,8151.404675970299,bench_cmp_absolute_absolute
324.19198,324.19408,0.0020999999999844476,8114.595848543609,bench_cmp_absolute_absolute
324.39434,324.39644,0.0020999999999844476,8127.640832627297,bench_cmp_absolute_absolute
324.5967,324.5988,0.0020999999999844476,8146.719564623983,bench_cmp_absolute_absolute
324.79908,324.80116,0.0020799999999780994,8054.381664757234,bench_cmp_absolute_absolute
325.00144,325.00354,0.0020999999999844476,8149.146872976942,bench_cmp_absolute_absolute
325.2038,325.2059,0.0020999999999844476,8137.542924321275,bench_cmp_absolute_absolute
325.40616,325.40826,0.0020999999999844476,8142.440335299478,bench_cmp_absolute_absolute
325.60852,325.61062,0.0020999999999844476,8125.618523858809,bench_cmp_absolute_absolute
325.81088,325.81298,0.0020999999999844476,8131.635398542718,bench_cmp_absolute_absolute
326.01324,326.01534,0.0020999999999844476,8143.479088262431,bench_cmp_absolute_absolute
326.2156,326.2177,0.0020999999999844476,8139.144028478289,bench_cmp_absolute_absolute
326.41796,326.42006,0.0020999999999844476,8117.052181565028,bench_cmp_absolute_absolute
326.62032,326.62242,0.0020999999999844476,8125.807421689158,bench_cmp_absolute_absolute
326.82268,326.82478,0.0020999999999844476,8134.958292300814,bench_cmp_absolute_absolute
327.02504,327.02714,0.0020999999999844476,8143.593226499797,bench_cmp_absolute_absolute
327.2274,327.2295,0.0020999999999844476,8114.218311326567,bench_cmp_absolute_absolute
327.42976,327.43186,0.0020999999999844476,8119.548165651161,bench_cmp_absolute_absolute
327.63212,327.63422,0.002100000000041291,8135.87513069965,bench_cmp_absolute_absolute
327.8345,327.83658,0.002080000000034943,8061.521179183375,bench_cmp_absolute_absolute
328.03686,328.03894,0.002080000000034943,8047.117372180826,bench_cmp_absolute_absolute
328.23922,328.2413,0.002080000000034943,8050.3706123221855,bench_cmp_absolute_absolute
328.44158,328.44366,0.002080000000034943,8052.640275704882,bench_cmp_absolute_absolute
328.64394,328.64602,0.002080000000034943,8057.721147923928,bench_cmp_absolute_absolute
328.8463,328.84838,0.002080000000034943,8052.70553580657,bench_cmp_absolute_absolute
329.04864,329.05074,0.002100000000041291,8127.778594084627,bench_cmp_absolute_absolute
329.251,329.2531,0.002100000000041291,8132.840381167474,bench_cmp_absolute_absolute
329.45336,329.45544,0.002080000000034943,8061.046698272664,bench_cmp_absolute_absolute
329.65572,329.6578,0.002080000000034943,8070.942850460079,bench_cmp_absolute_absolute
329.85806,329.86016,0.0020999999999844476,8123.888866906984,bench_cmp_absolute_absolute
330.06042,330.06252,0.0020999999999844476,8130.6254653503365,bench_cmp_absolute_absolute
330.26278,330.26488,0.0020999999999844476,8140.4381873365255,bench_cmp_absolute_absolute
330.46514,330.46722,0.0020799999999780994,8059.1098334668895,bench_cmp_absolute_absolute
330.6675,330.66958,0.0020799999999780994,8036.2309095483915,bench_cmp_absolute_absolute
330.86984,330.87194,0.0020999999999844476,8140.507498691495,bench_cmp_absolute_absolute
331.0722,331.0743,0.0020999999999844476,8143.415052852129,bench_cmp_absolute_absolute
331.27456,331.27666,0.0020999999999844476,8149.503013055055,bench_cmp_absolute_absolute
331.47692,331.479,0.0020799999999780994,8045.068294653866,bench_cmp_absolute_absolute
331.67926,331.68136,0.0020999999999844476,8145.447797086862,bench_cmp_absolute_absolute
331.88164,331.88372,0.0020799999999780994,8071.045998865688,bench_cmp_absolute_absolute
332.084,332.0861,0.0020999999999844476,8142.134952298522,bench_cmp_absolute_absolute
332.28636,332.28844,0.0020799999999780994,8040.606237399097,bench_cmp_absolute_absolute
332.48872,332.4908,0.0020799999999780994,8046.458884989614,bench_cmp_absolute_absolute
332.69108,332.69316,0.0020799999999780994,8060.738518751267,bench_cmp_absolute_absolute
332.89344,332.89552,0.0020799999999780994,8052.215315317266,bench_cmp_absolute_absolute
333.0958,333.09788,0.0020799999999780994,8064.770095433944,bench_cmp_absolute_absolute
333.29816,333.29898,0.0008199999999760621,3463.4352241579213,bench_cmp_indirect_register
333.49924,333.50006,0.0008200000000329055,3471.8469019502763,bench_cmp_indirect_register
333.70032,333.70114,0.0008200000000329055,3469.844698114242,bench_cmp_indirect_register
333.9014,333.90222,0.0008199999999760621,3462.0427525525024,bench_cmp_indirect_register
334.10248,334.10328,0.0007999999999697138,3396.3018794172845,bench_cmp_indirect_register
334.30354,334.30436,0.0008199999999760621,3459.3883807684133,bench_cmp_indirect_register
334.50462,334.50544,0.0008200000000329055,3473.8206073161373,bench_cmp_indirect_register
334.7057,334.70652,0.0008200000000329055,3472.1549042949946,bench_cmp_indirect_register
334.90678,334.9076,0.0008199999999760621,3459.443184447864,bench_cmp_indirect_register
335.10788,335.10868,0.0007999999999697138,3391.9562444666744,bench_cmp_indirect_register
335.30896,335.30976,0.0007999999999697138,3386.1164235150404,bench_cmp_indirect_register
335.51004,335.51084,0.0007999999999697138,3394.7819889203956,bench_cmp_indirect_register
335.71112,335.71192,0.0008000000000265572,3387.0702517410446,bench_cmp_indirect_register
335.9122,335.913,0.0008000000000265572,3395.4888816151997,bench_cmp_indirect_register
336.11328,336.11408,0.0008000000000265572,3381.0144058597416,bench_cmp_indirect_register
336.31434,336.31516,0.0008199999999760621,3456.7528636116645,bench_cmp_indirect_register
336.51542,336.51624,0.0008199999999760621,3472.947562010804,bench_cmp_indirect_register
336.7165,336.71732,0.0008199999999760621,3476.6151987884014,bench_cmp_indirect_register
336.91758,336.9184,0.0008200000000329055,3470.00781926406,bench_cmp_indirect_register
337.11866,337.11948,0.0008200000000329055,3475.5988560128603,bench_cmp_indirect_register
337.31976,337.32056,0.0008000000000265572,3378.4449613806014,bench_cmp_indirect_register
337.52084,337.52166,0.0008199999999760621,3471.528598939352,bench_cmp_indirect_register
337.72194,337.72274,0.0007999999999697138,3395.0481003779596,bench_cmp_indirect_register
337.92302,337.92384,0.0008199999999760621,3461.0501536087518,bench_cmp_indirect_register
338.1241,338.12492,0.0008199999999760621,3481.6826506423326,bench_cmp_indirect_register
338.32518,338.326,0.0008200000000329055,3474.6585322103724,bench_cmp_indirect_register
338.52626,338.52708,0.0008200000000329055,3466.7608329562604,bench_cmp_indirect_register
338.72736,338.72816,0.0008000000000265572,3369.061313679141,bench_cmp_indirect_register
338.92844,338.92924,0.0007999999999697138,3381.642396435785,bench_cmp_indirect_register
339.1295,339.13032,0.0008199999999760621,3451.8475922686794,bench_cmp_indirect_register
339.33058,339.3314,0.0008199999999760621,3451.193910921679,bench_cmp_indirect_register
339.53166,339.53248,0.0008200000000329055,3485.2389061364124,bench_cmp_indirect_register
339.73274,339.73356,0.0008200000000329055,3484.654692142044,bench_cmp_indirect_register
339.93382,339.93464,0.0008199999999760621,3467.119824969901,bench_cmp_indirect_register
340.1349,340.13572,0.0008199999999760621,3470.8838769179133,bench_cmp_indirect_register
340.33598,340.3368,0.0008199999999760621,3480.831594104249,bench_cmp_indirect_register
340.53706,340.53788,0.0008199999999760621,3473.551990364425,bench_cmp_indirect_register
340.73814,340.73896,0.0008200000000329055,3468.6842282739167,bench_cmp_indirect_register
340.93922,340.94004,0.0008200000000329055,3461.8857178319045,bench_cmp_indirect_register
341.1403,341.14112,0.0008199999999760621,3474.7157710547963,bench_cmp_indirect_register
341.34138,341.3422,0.0008199999999760621,3476.4302288104695,bench_cmp_indirect_register
341.54246,341.54328,0.0008199999999760621,3465.457185999241,bench_cmp_indirect_register
341.74354,341.74436,0.0008199999999760621,3470.8653668762304,bench_cmp_indirect_register
341.94462,341.94544,0.0008200000000329055,3466.517455083704,bench_cmp_indirect_register
342.1457,342.14652,0.0008200000000329055,3460.3600671043296,bench_cmp_indirect_register
342.34678,342.34758,0.0007999999999697138,3387.8973777053443,bench_cmp_indirect_register
342.54784,342.54866,0.0008199999999760621,3463.6522269725974,bench_cmp_indirect_register
342.74892,342.74972,0.0008000000000265572,3371.63335654815,bench_cmp_indirect_register
342.95,342.9508,0.0008000000000265572,3373.659057656506,bench_cmp_indirect_register
343.15108,343.1519,0.0008200000000329055,3456.59517231396,bench_cmp_indirect_register
343.35216,343.35298,0.0008199999999760621,3469.2189608610333,bench_cmp_indirect_register
343.55324,343.55406,0.0008199999999760621,3477.0867413775313,bench_cmp_indirect_register
343.75432,343.75514,0.0008199999999760621,3470.325716667804,bench_cmp_indirect_register
343.9554,343.95622,0.0008199999999760621,3472.1052273095715,bench_cmp_indirect_register
344.15648,344.1573,0.0008200000000329055,3470.7754060154675,bench_cmp_indirect_register
344.35758,344.35838,0.0008000000000265572,3385.573201923161,bench_cmp_indirect_register
344.55866,344.55946,0.0008000000000265572,3382.6817154131254,bench_cmp_indirect_register
344.75974,344.76054,0.0007999999999697138,3377.5623700253113,bench_cmp_indirect_register
344.96082,344.96164,0.0008199999999760621,3464.4971786903247,bench_cmp_indirect_register
345.1619,345.16272,0.0008199999999760621,3464.2675331693695,bench_cmp_indirect_register
345.36298,345.3638,0.0008200000000329055,3469.351856174772,bench_cmp_indirect_register
345.56406,345.56488,0.0008200000000329055,3453.1276162262247,bench_cmp_indirect_register
345.76514,345.76596,0.0008200000000329055,3461.5929752122065,bench_cmp_indirect_register
345.96622,345.96704,0.0008199999999760621,3468.486675890969,bench_cmp_indirect_register
346.1673,346.16812,0.0008199999999760621,3466.9484243663323,bench_cmp_indirect_register
346.3684,346.3692,0.0007999999999697138,3376.181144136525,bench_cmp_indirect_register
346.56948,346.5703,0.0008199999999760621,3465.673392536017,bench_cmp_indirect_register
346.77056,346.77138,0.0008200000000329055,3456.1003932269846,bench_cmp_indirect_register
346.97164,346.97246,0.0008200000000329055,3464.3713945072172,bench_cmp_indirect_register
347.17274,347.17356,0.0008200000000329055,3460.6450145573885,bench_cmp_indirect_register
347.37382,347.37464,0.0008199999999760621,3460.4540093745145,bench_cmp_indirect_register
347.57492,347.57572,0.0007999999999697138,3389.217606620729,bench_cmp_indirect_register
347.776,347.7768,0.0007999999999697138,3375.0940718333077,bench_cmp_indirect_register
347.97708,347.9779,0.0008199999999760621,3462.499771166163,bench_cmp_indirect_register
348.17816,348.17898,0.0008200000000329055,3463.822514891227,bench_cmp_indirect_register
348.37924,348.38006,0.0008200000000329055,3465.4552351206635,bench_cmp_indirect_register
348.58034,348.58114,0.0008000000000265572,3380.9060185412022,bench_cmp_indirect_register
348.78142,348.78222,0.0007999999999697138,3388.8671080246622,bench_cmp_indirect_register
348.9825,348.9833,0.0007999999999697138,3363.9939780000127,bench_cmp_indirect_register
349.18358,349.18438,0.0007999999999697138,3381.276661404348,bench_cmp_indirect_register
349.38466,349.38546,0.0008000000000265572,3370.0662666171547,bench_cmp_indirect_register
349.58574,349.58654,0.0008000000000265572,3384.4162618008254,bench_cmp_indirect_register
349.78682,349.78764,0.0008200000000329055,3470.1622139182286,bench_cmp_indirect_register
349.9879,349.98872,0.0008199999999760621,3466.77308892315,bench_cmp_indirect_register
350.18898,350.1898,0.0008199999999760621,3468.18871320466,bench_cmp_indirect_register
350.39006,350.39088,0.0008199999999760621,3463.93933043688,bench_cmp_indirect_register
350.59116,350.59196,0.0007999999999697138,3377.2213429772496,bench_cmp_indirect_register
350.79224,350.79306,0.0008200000000329055,3459.239388023475,bench_cmp_indirect_register
350.99334,350.99414,0.0008000000000265572,3386.0875620718875,bench_cmp_indirect_register
351.19442,351.19524,0.0008200000000329055,3462.873734671665,bench_cmp_indirect_register
351.3955,351.39632,0.0008199999999760621,3465.2597502744165,bench_cmp_indirect_register
351.5966,351.5974,0.0007999999999697138,3376.549752301913,bench_cmp_indirect_register
351.79768,351.7985,0.0008199999999760621,3468.5982855886828,bench_cmp_indirect_register
351.99876,351.99958,0.0008199999999760621,3459.5652482390688,bench_cmp_indirect_register
352.19984,352.20066,0.0008200000000329055,3458.2751338812363,bench_cmp_indirect_register
352.40092,352.40174,0.0008200000000329055,3462.192956497033,bench_cmp_indirect_register
352.602,352.60282,0.0008200000000329055,3464.798177731875,bench_cmp_indirect_register
352.80308,352.8039,0.0008199999999760621,3470.836901007344,bench_cmp_indirect_register
353.00416,353.00498,0.0008199999999760621,3458.4363409221714,bench_cmp_indirect_register
353.20524,353.20606,0.0008199999999760621,3464.0495897164965,bench_cmp_indirect_register
353.40632,353.40784,0.0015200000000277214,6308.562671878589,bench_cmp_indirect_indexed
353.60812,353.60964,0.0015200000000277214,6299.81825139482,bench_cmp_indirect_indexed
353.8099,353.81144,0.0015399999999772263,6396.274594494356,bench_cmp_indirect_indexed
354.0117,354.01324,0.0015399999999772263,6379.3017714301595,bench_cmp_indirect_indexed
354.2135,354.21504,0.0015399999999772263,6391.826821396115,bench_cmp_indirect_indexed
354.4153,354.41682,0.001519999999970878,6317.220395312736,bench_cmp_indirect_indexed
354.6171,354.61862,0.0015200000000277214,6308.964300082608,bench_cmp_indirect_indexed
354.8189,354.82042,0.0015200000000277214,6315.356791133023,bench_cmp_indirect_indexed
355.0207,355.02222,0.0015200000000277214,6311.118709969644,bench_cmp_indirect_indexed
355.2225,355.22402,0.001519999999970878,6292.415652305071,bench_cmp_indirect_indexed
355.4243,355.42582,0.001519999999970878,6311.573670124961,bench_cmp_indirect_indexed
355.6261,355.62762,0.001519999999970878,6300.044394909982,bench_cmp_indirect_indexed
355.8279,355.82942,0.0015200000000277214,6307.181613635818,bench_cmp_indirect_indexed
356.0297,356.03122,0.0015200000000277214,6301.392647551114,bench_cmp_indirect_indexed
356.2315,356.23302,0.0015200000000277214,6306.974985752659,bench_cmp_indirect_indexed
356.43328,356.43482,0.0015399999999772263,6384.324985459977,bench_cmp_indirect_indexed
356.63508,356.63662,0.0015399999999772263,6390.318223183245,bench_cmp_indirect_indexed
356.83688,356.8384,0.001519999999970878,6305.744391744228,bench_cmp_indirect_indexed
357.03868,357.0402,0.0015200000000277214,6301.67371604987,bench_cmp_indirect_indexed
357.24048,357.242,0.0015200000000277214,6298.29084978509,bench_cmp_indirect_indexed
357.44226,357.4438,0.0015400000000340697,6388.041847530091,bench_cmp_indirect_indexed
357.64406,357.64558,0.001519999999970878,6304.4279207187765,bench_cmp_indirect_indexed
357.84584,357.84738,0.0015399999999772263,6375.2757524093395,bench_cmp_indirect_indexed
358.04764,358.04918,0.0015399999999772263,6381.318662223279,bench_cmp_indirect_indexed
358.24944,358.25096,0.0015200000000277214,6308.334400066718,bench_cmp_indirect_indexed
358.45124,358.45276,0.0015200000000277214,6289.677149732371,bench_cmp_indirect_indexed
358.65302,358.65456,0.0015399999999772263,6394.8451121293165,bench_cmp_indirect_indexed
358.85482,358.85636,0.0015399999999772263,6375.788026396063,bench_cmp_indirect_indexed
359.05662,359.05814,0.001519999999970878,6287.47918165408,bench_cmp_indirect_indexed
359.25842,359.25994,0.001519999999970878,6296.945675153851,bench_cmp_indirect_indexed
359.46022,359.46174,0.0015200000000277214,6299.09996886025,bench_cmp_indirect_indexed
359.66202,359.66354,0.0015200000000277214,6303.853071408503,bench_cmp_indirect_indexed
359.8638,359.86534,0.0015399999999772263,6367.856594637885,bench_cmp_indirect_indexed
360.0656,360.06714,0.0015399999999772263,6379.6048051679645,bench_cmp_indirect_indexed
360.2674,360.26894,0.0015399999999772263,6398.761365469875,bench_cmp_indirect_indexed
360.4692,360.47074,0.0015399999999772263,6374.20113654833,bench_cmp_indirect_indexed
360.671,360.67254,0.0015400000000340697,6377.953891785259,bench_cmp_indirect_indexed
360.8728,360.87434,0.0015400000000340697,6378.490114725149,bench_cmp_indirect_indexed
361.0746,361.07614,0.0015400000000340697,6392.109566509452,bench_cmp_indirect_indexed
361.2764,361.27794,0.0015399999999772263,6377.549548537644,bench_cmp_indirect_indexed
361.4782,361.47974,0.0015399999999772263,6366.6779314174,bench_cmp_indirect_indexed
361.68,361.68154,0.0015399999999772263,6381.928650568195,bench_cmp_indirect_indexed
361.8818,361.88334,0.0015399999999772263,6376.359071490345,bench_cmp_indirect_indexed
362.0836,362.08512,0.0015200000000277214,6291.774604581606,bench_cmp_indirect_indexed
362.2854,362.28692,0.0015200000000277214,6302.10788000665,bench_cmp_indirect_indexed
362.4872,362.48872,0.0015200000000277214,6310.83609081877,bench_cmp_indirect_indexed
362.689,362.69052,0.001519999999970878,6315.967147116071,bench_cmp_indirect_indexed
362.8908,362.89232,0.001519999999970878,6303.175971722116,bench_cmp_indirect_indexed
363.0926,363.09414,0.0015399999999772263,6397.920525537877,bench_cmp_indirect_indexed
363.2944,363.29594,0.0015399999999772263,6401.708680112457,bench_cmp_indirect_indexed
363.4962,363.49772,0.0015200000000277214,6309.001552989346,bench_cmp_indirect_indexed
363.698,363.69952,0.0015200000000277214,6296.581779720982,bench_cmp_indirect_indexed
363.8998,363.90132,0.001519999999970878,6290.918392938727,bench_cmp_indirect_indexed
364.1016,364.10312,0.001519999999970878,6305.0622398665255,bench_cmp_indirect_indexed
364.3034,364.30492,0.001519999999970878,6295.453961817337,bench_cmp_indirect_indexed
364.5052,364.50672,0.001519999999970878,6301.030367493001,bench_cmp_indirect_indexed
364.70698,364.70852,0.0015400000000340697,6384.02312542627,bench_cmp_indirect_indexed
364.90878,364.91032,0.0015400000000340697,6392.791271352684,bench_cmp_indirect_indexed
365.11058,365.11212,0.0015399999999772263,6371.964323240235,bench_cmp_indirect_indexed
365.31238,365.3139,0.001519999999970878,6291.525717704006,bench_cmp_indirect_indexed
365.51418,365.5157,0.001519999999970878,6301.157171716276,bench_cmp_indirect_indexed
365.71598,365.71752,0.0015399999999772263,6380.687937973653,bench_cmp_indirect_indexed
365.9178,365.91932,0.0015200000000277214,6291.999942736267,bench_cmp_indirect_indexed
366.1196,366.12112,0.0015200000000277214,6311.115701799417,bench_cmp_indirect_indexed
366.32138,366.32292,0.0015400000000340697,6378.514440875233,bench_cmp_indirect_indexed
366.52318,366.52472,0.0015399999999772263,6390.274171622219,bench_cmp_indirect_indexed
366.72498,366.72652,0.0015399999999772263,6379.885040127415,bench_cmp_indirect_indexed
366.92678,366.9283,0.001519999999970878,6301.486254546732,bench_cmp_indirect_indexed
367.12858,367.1301,0.0015200000000277214,6299.423100540357,bench_cmp_indirect_indexed
367.33038,367.3319,0.0015200000000277214,6308.129713986704,bench_cmp_indirect_indexed
367.53216,367.5337,0.0015400000000340697,6390.7763782447555,bench_cmp_indirect_indexed
367.73396,367.73548,0.001519999999970878,6311.094756116842,bench_cmp_indirect_indexed
367.93574,367.93728,0.0015399999999772263,6394.196962841958,bench_cmp_indirect_indexed
368.13754,368.13908,0.0015399999999772263,6390.205235126565,bench_cmp_indirect_indexed
368.33934,368.34086,0.0015200000000277214,6287.084175387679,bench_cmp_indirect_indexed
368.54114,368.54266,0.0015200000000277214,6302.262037178356,bench_cmp_indirect_indexed
368.74294,368.74446,0.0015200000000277214,6288.4228584563925,bench_cmp_indirect_indexed
368.94474,368.94626,0.001519999999970878,6309.343399359199,bench_cmp_indirect_indexed
369.14652,369.14806,0.0015399999999772263,6395.790632717057,bench_cmp_indirect_indexed
369.34832,369.34986,0.0015399999999772263,6386.211854312263,bench_cmp_indirect_indexed
369.55012,369.55166,0.0015400000000340697,6379.86373170616,bench_cmp_indirect_indexed
369.75194,369.75346,0.0015200000000277214,6292.4371754041895,bench_cmp_indirect_indexed
369.95374,369.95526,0.0015200000000277214,6302.763675454953,bench_cmp_indirect_indexed
370.15554,370.15706,0.0015200000000277214,6297.219372469703,bench_cmp_indirect_indexed
370.35734,370.35886,0.001519999999970878,6308.815162504822,bench_cmp_indirect_indexed
370.55914,370.56066,0.001519999999970878,6308.3049374342445,bench_cmp_indirect_indexed
370.76092,370.76246,0.0015399999999772263,6388.716408891312,bench_cmp_indirect_indexed
370.9627,370.96424,0.0015400000000340697,6379.100964547305,bench_cmp_indirect_indexed
371.1645,371.16602,0.0015200000000277214,6308.9849568206,bench_cmp_indirect_indexed
371.36628,371.36782,0.0015399999999772263,6404.06100535691,bench_cmp_indirect_indexed
371.56808,371.5696,0.001519999999970878,6299.475966835399,bench_cmp_indirect_indexed
371.76986,371.77138,0.0015200000000277214,6300.796992260558,bench_cmp_indirect_indexed
371.97166,371.97318,0.0015200000000277214,6305.498764970297,bench_cmp_indirect_indexed
372.17344,372.17496,0.001519999999970878,6311.67990143301,bench_cmp_indirect_indexed
372.37522,372.37676,0.0015399999999772263,6385.999531384688,bench_cmp_indirect_indexed
372.57702,372.57854,0.001519999999970878,6306.262006859341,bench_cmp_indirect_indexed
372.7788,372.78034,0.0015400000000340697,6377.310990499199,bench_cmp_indirect_indexed
372.9806,372.98212,0.0015200000000277214,6298.3605825591785,bench_cmp_indirect_indexed
373.18238,373.1839,0.001519999999970878,6305.103753570604,bench_cmp_indirect_indexed
373.38416,373.3857,0.0015399999999772263,6388.243548477273,bench_cmp_indirect_indexed
373.58596,373.58746,0.0015000000000213731,6330.189826057609,bench_cmp_indirect_symbolic
373.78772,373.78924,0.0015200000000277214,6419.3126886352675,bench_cmp_indirect_symbolic
373.9895,373.991,0.0014999999999645297,6342.051517998062,bench_cmp_indirect_symbolic
374.19126,374.19276,0.0015000000000213731,6348.559982237732,bench_cmp_indirect_symbolic
374.39304,374.39454,0.0015000000000213731,6340.341516860124,bench_cmp_indirect_symbolic
374.5948,374.59632,0.001519999999970878,6429.405300754875,bench_cmp_indirect_symbolic
374.79658,374.79808,0.0015000000000213731,6336.205420177738,bench_cmp_indirect_symbolic
374.99836,374.99986,0.0015000000000213731,6340.154148728268,bench_cmp_indirect_symbolic
375.20012,375.20162,0.0014999999999645297,6336.960345356724,bench_cmp_indirect_symbolic
375.40188,375.4034,0.001519999999970878,6417.216686408457,bench_cmp_indirect_symbolic
375.60366,375.60516,0.0015000000000213731,6336.454749196476,bench_cmp_indirect_symbolic
375.80542,375.80694,0.001519999999970878,6428.507803814727,bench_cmp_indirect_symbolic
376.0072,376.0087,0.0014999999999645297,6342.390505447872,bench_cmp_indirect_symbolic
376.20896,376.21046,0.0015000000000213731,6335.31420966016,bench_cmp_indirect_symbolic
376.41072,376.41224,0.001519999999970878,6424.782369165677,bench_cmp_indirect_symbolic
376.6125,376.614,0.0014999999999645297,6342.106126096705,bench_cmp_indirect_symbolic
376.81426,376.81576,0.0015000000000213731,6343.397344548053,bench_cmp_indirect_symbolic
377.01602,377.01752,0.0014999999999645297,6336.923003980781,bench_cmp_indirect_symbolic
377.21778,377.2193,0.001519999999970878,6426.739697221458,bench_cmp_indirect_symbolic
377.41956,377.42106,0.0015000000000213731,6339.393360629868,bench_cmp_indirect_symbolic
377.62132,377.62282,0.0014999999999645297,6344.780498034516,bench_cmp_indirect_symbolic
377.82308,377.8246,0.001519999999970878,6424.021236475468,bench_cmp_indirect_symbolic
378.02486,378.02636,0.0015000000000213731,6350.45204320396,bench_cmp_indirect_symbolic
378.22662,378.22812,0.0014999999999645297,6326.225516238021,bench_cmp_indirect_symbolic
378.4284,378.4299,0.0014999999999645297,6347.148753553446,bench_cmp_indirect_symbolic
378.63016,378.63166,0.0015000000000213731,6341.329282237637,bench_cmp_indirect_symbolic
378.83194,378.83344,0.0015000000000213731,6352.161397315522,bench_cmp_indirect_symbolic
379.0337,379.0352,0.0014999999999645297,6336.27857998068,bench_cmp_indirect_symbolic
379.23548,379.23698,0.0015000000000213731,6348.243188201581,bench_cmp_indirect_symbolic
379.43724,379.43876,0.0015200000000277214,6429.780204895851,bench_cmp_indirect_symbolic
379.63902,379.64052,0.0014999999999645297,6342.781623677754,bench_cmp_indirect_symbolic
379.84078,379.84228,0.0015000000000213731,6334.936763246819,bench_cmp_indirect_symbolic
380.04256,380.04406,0.0015000000000213731,6342.4100215514945,bench_cmp_indirect_symbolic
380.24432,380.24584,0.001519999999970878,6429.097633688995,bench_cmp_indirect_symbolic
380.4461,380.44762,0.001519999999970878,6416.014716836944,bench_cmp_indirect_symbolic
380.64788,380.6494,0.0015200000000277214,6409.816448693306,bench_cmp_indirect_symbolic
380.84966,380.85116,0.0015000000000213731,6344.637000090204,bench_cmp_indirect_symbolic
381.05144,381.05294,0.0014999999999645297,6341.924434378784,bench_cmp_indirect_symbolic
381.2532,381.2547,0.0015000000000213731,6345.709045506558,bench_cmp_indirect_symbolic
381.45498,381.45648,0.0015000000000213731,6335.687874905598,bench_cmp_indirect_symbolic
381.65674,381.65824,0.0014999999999645297,6364.751346260752,bench_cmp_indirect_symbolic
381.85852,381.86002,0.0015000000000213731,6343.7758713004505,bench_cmp_indirect_symbolic
382.06028,382.06178,0.0015000000000213731,6358.040575963648,bench_cmp_indirect_symbolic
382.26206,382.26356,0.0014999999999645297,6353.391217848186,bench_cmp_indirect_symbolic
382.46382,382.46532,0.0015000000000213731,6347.509827553387,bench_cmp_indirect_symbolic
382.66558,382.66708,0.0015000000000213731,6353.056305181032,bench_cmp_indirect_symbolic
382.86736,382.86886,0.0014999999999645297,6346.135157942818,bench_cmp_indirect_symbolic
383.06912,383.07064,0.0015200000000277214,6424.277429585818,bench_cmp_indirect_symbolic
383.2709,383.2724,0.0015000000000213731,6352.176638411516,bench_cmp_indirect_symbolic
383.47268,383.4742,0.001519999999970878,6436.09738430625,bench_cmp_indirect_symbolic
383.67448,383.67598,0.0014999999999645297,6335.728792326062,bench_cmp_indirect_symbolic
383.87626,383.87776,0.0015000000000213731,6356.9725724841755,bench_cmp_indirect_symbolic
384.07804,384.07954,0.0015000000000213731,6349.704568363569,bench_cmp_indirect_symbolic
384.27982,384.28132,0.0015000000000213731,6358.702336525509,bench_cmp_indirect_symbolic
384.4816,384.4831,0.0014999999999645297,6349.900010826861,bench_cmp_indirect_symbolic
384.68338,384.68488,0.0015000000000213731,6348.1590012969045,bench_cmp_indirect_symbolic
384.88516,384.88666,0.0015000000000213731,6340.658953504089,bench_cmp_indirect_symbolic
385.08694,385.08844,0.0014999999999645297,6336.388131456558,bench_cmp_indirect_symbolic
385.28872,385.29022,0.0014999999999645297,6353.832930177942,bench_cmp_indirect_symbolic
385.49048,385.492,0.0015200000000277214,6427.757507306741,bench_cmp_indirect_symbolic
385.69226,385.69378,0.0015200000000277214,6430.285172651384,bench_cmp_indirect_symbolic
385.89404,385.89554,0.0014999999999645297,6343.59200935767,bench_cmp_indirect_symbolic
386.09582,386.09732,0.0015000000000213731,6359.583409589865,bench_cmp_indirect_symbolic
386.2976,386.2991,0.0015000000000213731,6360.34589269655,bench_cmp_indirect_symbolic
386.49938,386.50088,0.0015000000000213731,6348.613547251395,bench_cmp_indirect_symbolic
386.70116,386.70266,0.0014999999999645297,6349.321524467361,bench_cmp_indirect_symbolic
386.90292,386.90444,0.0015200000000277214,6438.272623459035,bench_cmp_indirect_symbolic
387.1047,387.10622,0.0015200000000277214,6417.039660852779,bench_cmp_indirect_symbolic
387.30648,387.308,0.001519999999970878,6435.251682872292,bench_cmp_indirect_symbolic
387.50826,387.50978,0.001519999999970878,6416.044616949272,bench_cmp_indirect_symbolic
387.71004,387.71156,0.0015200000000277214,6435.842025210723,bench_cmp_indirect_symbolic
387.91182,387.91332,0.0015000000000213731,6342.163481838118,bench_cmp_indirect_symbolic
388.1136,388.1151,0.0014999999999645297,6327.764815498118,bench_cmp_indirect_symbolic
388.31538,388.31688,0.0015000000000213731,6325.840302832633,bench_cmp_indirect_symbolic
388.51716,388.51866,0.0015000000000213731,6329.55893883017,bench_cmp_indirect_symbolic
388.71894,388.72044,0.0015000000000213731,6335.657518447431,bench_cmp_indirect_symbolic
388.92072,388.92222,0.0014999999999645297,6352.218594253981,bench_cmp_indirect_symbolic
389.1225,389.124,0.0015000000000213731,6340.827406475475,bench_cmp_indirect_symbolic
389.32428,389.32578,0.0015000000000213731,6334.06854243441,bench_cmp_indirect_symbolic
389.52606,389.52756,0.0015000000000213731,6354.780257768742,bench_cmp_indirect_symbolic
389.72784,389.72934,0.0014999999999645297,6350.723537471087,bench_cmp_indirect_symbolic
389.92962,389.93112,0.0015000000000213731,6352.130454122574,bench_cmp_indirect_symbolic
390.1314,390.1329,0.0015000000000213731,6343.957702720159,bench_cmp_indirect_symbolic
390.33318,390.33468,0.0014999999999645297,6351.079810259903,bench_cmp_indirect_symbolic
390.53494,390.53646,0.001519999999970878,6425.925609528034,bench_cmp_indirect_symbolic
390.73672,390.73822,0.0015000000000213731,6345.018451194001,bench_cmp_indirect_symbolic
390.9385,390.94,0.0015000000000213731,6331.417360434535,bench_cmp_indirect_symbolic
391.14028,391.14178,0.0014999999999645297,6360.446303002697,bench_cmp_indirect_symbolic
391.34206,391.34356,0.0015000000000213731,6351.978262048497,bench_cmp_indirect_symbolic
391.54384,391.54534,0.0015000000000213731,6336.2819516094505,bench_cmp_indirect_symbolic
391.74562,391.74712,0.0015000000000213731,6335.892914882704,bench_cmp_indirect_symbolic
391.9474,391.9489,0.0014999999999645297,6345.111490075511,bench_cmp_indirect_symbolic
392.14918,392.15068,0.0015000000000213731,6354.478136726644,bench_cmp_indirect_symbolic
392.35096,392.35248,0.0015200000000277214,6434.477199916594,bench_cmp_indirect_symbolic
392.55274,392.55426,0.0015200000000277214,6434.588492963677,bench_cmp_indirect_symbolic
392.75452,392.75604,0.001519999999970878,6409.166422549281,bench_cmp_indirect_symbolic
392.95632,392.95782,0.0015000000000213731,6336.001665423197,bench_cmp_indirect_symbolic
393.1581,393.1596,0.0015000000000213731,6352.265216499762,bench_cmp_indirect_symbolic
393.35988,393.36138,0.0015000000000213731,6348.914723001498,bench_cmp_indirect_symbolic
393.56166,393.56318,0.001519999999970878,6434.791823728403,bench_cmp_indirect_symbolic
393.76346,393.76496,0.0014999999999645297,6222.324305997076,bench_cmp_indirect_absolute
393.96524,393.96674,0.0015000000000213731,6207.971116617113,bench_cmp_indirect_absolute
394.16702,394.16852,0.0015000000000213731,6210.986278108537,bench_cmp_indirect_absolute
394.3688,394.3703,0.0014999999999645297,6208.148738223079,bench_cmp_indirect_absolute
394.57058,394.57208,0.0015000000000213731,6206.155680208331,bench_cmp_indirect_absolute
394.77236,394.77386,0.0015000000000213731,6218.95108380768,bench_cmp_indirect_absolute
394.97414,394.97564,0.0015000000000213731,6205.079779117635,bench_cmp_indirect_absolute
395.17592,395.17742,0.0014999999999645297,6214.415035061947,bench_cmp_indirect_absolute
395.3777,395.3792,0.0015000000000213731,6222.675251864092,bench_cmp_indirect_absolute
395.57946,395.58098,0.0015200000000277214,6307.671307700953,bench_cmp_indirect_absolute
395.78124,395.78274,0.0014999999999645297,6206.04970011783,bench_cmp_indirect_absolute
395.98302,395.98452,0.0014999999999645297,6208.579297961145,bench_cmp_indirect_absolute
396.1848,396.1863,0.0015000000000213731,6205.859351993794,bench_cmp_indirect_absolute
396.38658,396.38808,0.0015000000000213731,6214.051428341941,bench_cmp_indirect_absolute
396.58836,396.58986,0.0014999999999645297,6217.005643841404,bench_cmp_indirect_absolute
396.79014,396.79164,0.0014999999999645297,6203.88408642186,bench_cmp_indirect_absolute
396.99192,396.99342,0.0015000000000213731,6214.996455329563,bench_cmp_indirect_absolute
397.1937,397.1952,0.0015000000000213731,6201.642779723536,bench_cmp_indirect_absolute
397.39546,397.39696,0.0014999999999645297,6206.131419017711,bench_cmp_indirect_absolute
397.59724,397.59874,0.0015000000000213731,6211.0689655857595,bench_cmp_indirect_absolute
397.79902,397.80052,0.0015000000000213731,6218.227404260398,bench_cmp_indirect_absolute
398.0008,398.0023,0.0014999999999645297,6211.495986057789,bench_cmp_indirect_absolute
398.20256,398.20408,0.001519999999970878,6276.0850134004595,bench_cmp_indirect_absolute
398.40434,398.40584,0.0015000000000213731,6199.499811136327,bench_cmp_indirect_absolute
398.60612,398.60762,0.0015000000000213731,6208.165208898631,bench_cmp_indirect_absolute
398.8079,398.8094,0.0014999999999645297,6208.822908659666,bench_cmp_indirect_absolute
399.00968,399.01118,0.0015000000000213731,6209.970442669659,bench_cmp_indirect_absolute
399.21146,399.21296,0.0015000000000213731,6213.616351689016,bench_cmp_indirect_absolute
399.41324,399.41476,0.0015200000000277214,6302.527901831871,bench_cmp_indirect_absolute
399.61502,399.61652,0.0014999999999645297,6223.618248328277,bench_cmp_indirect_absolute
399.8168,399.8183,0.0015000000000213731,6211.500279694493,bench_cmp_indirect_absolute
400.01858,400.02008,0.0015000000000213731,6214.187657551213,bench_cmp_indirect_absolute
400.22034,400.22186,0.001519999999970878,6292.732544119907,bench_cmp_indirect_absolute
400.42212,400.42362,0.0015000000000213731,6207.678048030437,bench_cmp_indirect_absolute
400.62388,400.6254,0.0015200000000277214,6288.25183969621,bench_cmp_indirect_absolute
400.82566,400.82716,0.0014999999999645297,6198.310502655486,bench_cmp_indirect_absolute
401.02742,401.02892,0.0015000000000213731,6203.082739464229,bench_cmp_indirect_absolute
401.2292,401.2307,0.0015000000000213731,6213.084790014515,bench_cmp_indirect_absolute
401.43096,401.43246,0.0014999999999645297,6205.3827381093515,bench_cmp_indirect_absolute
401.63272,401.63424,0.001519999999970878,6297.971554910896,bench_cmp_indirect_absolute
401.8345,401.836,0.0015000000000213731,6194.783747286447,bench_cmp_indirect_absolute
402.03628,402.03778,0.0015000000000213731,6220.906442117985,bench_cmp_indirect_absolute
402.23804,402.23954,0.0014999999999645297,6202.7535492923935,bench_cmp_indirect_absolute
402.43982,402.44134,0.0015200000000277214,6294.620339877157,bench_cmp_indirect_absolute
402.6416,402.6431,0.0015000000000213731,6200.076900513445,bench_cmp_indirect_absolute
402.84338,402.84488,0.0014999999999645297,6219.57089271489,bench_cmp_indirect_absolute
403.04516,403.04666,0.0014999999999645297,6219.06610656228,bench_cmp_indirect_absolute
403.24692,403.24842,0.0015000000000213731,6200.891388667757,bench_cmp_indirect_absolute
403.4487,403.4502,0.0015000000000213731,6199.507303625908,bench_cmp_indirect_absolute
403.65046,403.65198,0.001519999999970878,6293.396204587972,bench_cmp_indirect_absolute
403.85224,403.85374,0.0015000000000213731,6207.630075606725,bench_cmp_indirect_absolute
404.05402,404.05552,0.0015000000000213731,6208.348856393936,bench_cmp_indirect_absolute
404.2558,404.2573,0.0014999999999645297,6204.644590468469,bench_cmp_indirect_absolute
404.45758,404.45908,0.0014999999999645297,6208.095871694892,bench_cmp_indirect_absolute
404.65936,404.66086,0.0015000000000213731,6208.072304817244,bench_cmp_indirect_absolute
404.86112,404.86262,0.0014999999999645297,6218.791073042504,bench_cmp_indirect_absolute
405.0629,405.0644,0.0014999999999645297,6209.503570421705,bench_cmp_indirect_absolute
405.26468,405.26618,0.0015000000000213731,6225.65454812379,bench_cmp_indirect_absolute
405.46646,405.46796,0.0015000000000213731,6208.9399249265025,bench_cmp_indirect_absolute
405.66824,405.66974,0.0014999999999645297,6213.347455336351,bench_cmp_indirect_absolute
405.87002,405.87152,0.0014999999999645297,6212.27554962498,bench_cmp_indirect_absolute
406.07178,406.07328,0.0015000000000213731,6221.190490845822,bench_cmp_indirect_absolute
406.27356,406.27506,0.0015000000000213731,6212.573736063695,bench_cmp_indirect_absolute
406.47534,406.47684,0.0014999999999645297,6223.0376758062985,bench_cmp_indirect_absolute
406.6771,406.6786,0.0015000000000213731,6218.010112736448,bench_cmp_indirect_absolute
406.87888,406.88038,0.0015000000000213731,6223.262758080602,bench_cmp_indirect_absolute
407.08064,407.08214,0.0014999999999645297,6213.498473950325,bench_cmp_indirect_absolute
407.28242,407.28392,0.0015000000000213731,6196.028259668801,bench_cmp_indirect_absolute
407.4842,407.4857,0.0015000000000213731,6227.659923113501,bench_cmp_indirect_absolute
407.68598,407.68748,0.0015000000000213731,6202.858132401164,bench_cmp_indirect_absolute
407.88776,407.88926,0.0014999999999645297,6220.391844253345,bench_cmp_indirect_absolute
408.08952,408.09102,0.0015000000000213731,6219.588541515808,bench_cmp_indirect_absolute
408.2913,408.2928,0.0015000000000213731,6212.609377777353,bench_cmp_indirect_absolute
408.49308,408.49458,0.0014999999999645297,6212.272364498078,bench_cmp_indirect_absolute
408.69486,408.69636,0.0015000000000213731,6212.018174205094,bench_cmp_indirect_absolute
408.89664,408.89814,0.0015000000000213731,6215.80398184767,bench_cmp_indirect_absolute
409.0984,409.0999,0.0014999999999645297,6215.359391493423,bench_cmp_indirect_absolute
409.30018,409.30168,0.0014999999999645297,6224.132650382436,bench_cmp_indirect_absolute
409.50196,409.50346,0.0015000000000213731,6211.882634176103,bench_cmp_indirect_absolute
409.70374,409.70524,0.0015000000000213731,6206.599720841151,bench_cmp_indirect_absolute
409.9055,409.90702,0.001519999999970878,6300.393654839932,bench_cmp_indirect_absolute
410.10728,410.10878,0.0015000000000213731,6210.778588520878,bench_cmp_indirect_absolute
410.30906,410.31056,0.0015000000000213731,6220.568404621565,bench_cmp_indirect_absolute
410.51082,410.51234,0.001519999999970878,6308.1461422783605,bench_cmp_indirect_absolute
410.7126,410.7141,0.0014999999999645297,6214.484288216109,bench_cmp_indirect_absolute
410.91438,410.91588,0.0015000000000213731,6224.812013186974,bench_cmp_indirect_absolute
411.11616,411.11766,0.0015000000000213731,6227.828036151143,bench_cmp_indirect_absolute
411.31792,411.31942,0.0014999999999645297,6203.726664970475,bench_cmp_indirect_absolute
411.5197,411.5212,0.0015000000000213731,6229.835543871359,bench_cmp_indirect_absolute
411.72148,411.72298,0.0015000000000213731,6217.729919676385,bench_cmp_indirect_absolute
411.92324,411.92476,0.001519999999970878,6301.731685986502,bench_cmp_indirect_absolute
412.12502,412.12654,0.001519999999970878,6297.180708379067,bench_cmp_indirect_absolute
412.32682,412.32832,0.0015000000000213731,6223.127241335518,bench_cmp_indirect_absolute
412.5286,412.5301,0.0015000000000213731,6223.420850091069,bench_cmp_indirect_absolute
412.73036,412.73188,0.001519999999970878,6302.52576886553,bench_cmp_indirect_absolute
412.93214,412.93364,0.0015000000000213731,6211.0548746724635,bench_cmp_indirect_absolute
413.13392,413.13542,0.0015000000000213731,6213.994566439058,bench_cmp_indirect_absolute
413.3357,413.33722,0.0015200000000277214,6300.6563113280745,bench_cmp_indirect_absolute
413.53748,413.53898,0.0014999999999645297,6225.716564654617,bench_cmp_indirect_absolute
413.73928,413.74078,0.0014999999999645297,6226.410488450594,bench_cmp_indirect_absolute
