t_start_s,t_end_s,duration_s,energy_nJ,event_label
9.84626,9.84708,0.0008200000000009311,3432.3978796639335,bench_add_indirect_register
10.04734,10.04814,0.0007999999999999119,3346.830066293094,bench_add_indirect_register
10.2484,10.24922,0.0008199999999991547,3443.481489081063,bench_add_indirect_register
10.44948,10.45028,0.0007999999999999119,3350.817724130569,bench_add_indirect_register
10.65054,10.65136,0.0008200000000009311,3434.308734726375,bench_add_indirect_register
10.85162,10.85244,0.0008199999999991547,3430.4820233920736,bench_add_indirect_register
11.05268,11.0535,0.0008199999999991547,3446.6791665145333,bench_add_indirect_register
11.25376,11.25456,0.0007999999999999119,3366.333981975472,bench_add_indirect_register
11.45484,11.45564,0.0007999999999999119,3354.8666397105194,bench_add_indirect_register
11.6559,11.65672,0.0008199999999991547,3423.962434750267,bench_add_indirect_register
11.85698,11.8578,0.0008199999999991547,3441.8988879733665,bench_add_indirect_register
12.05806,12.05886,0.0007999999999999119,3357.3142858217197,bench_add_indirect_register
12.25912,12.25994,0.0008200000000009311,3439.880008813072,bench_add_indirect_register
12.4602,12.46102,0.0008199999999991547,3435.9226934576386,bench_add_indirect_register
12.66128,12.66208,0.0007999999999999119,3351.467065512729,bench_add_indirect_register
12.86234,12.86316,0.0008200000000009311,3430.3673636206927,bench_add_indirect_register
13.06342,13.06424,0.0008199999999991547,3419.2041354217636,bench_add_indirect_register
13.2645,13.26532,0.0008199999999991547,3440.4873801358426,bench_add_indirect_register
13.46558,13.4664,0.0008200000000009311,3416.921896863822,bench_add_indirect_register
13.66666,13.66748,0.0008199999999991547,3442.7241142803605,bench_add_indirect_register
13.86774,13.86856,0.0008200000000009311,3434.2483663969974,bench_add_indirect_register
14.06882,14.06962,0.0007999999999999119,3340.2935275804234,bench_add_indirect_register
14.26988,14.2707,0.0008199999999991547,3436.411619182788,bench_add_indirect_register
14.47096,14.47178,0.0008200000000009311,3430.121429268362,bench_add_indirect_register
14.67204,14.67284,0.0007999999999999119,3354.8448327925057,bench_add_indirect_register
14.87312,14.87392,0.0007999999999999119,3342.7666174243354,bench_add_indirect_register
15.07418,15.075,0.0008199999999991547,3424.5657548273048,bench_add_indirect_register
15.27526,15.27606,0.0007999999999999119,3351.5849011014775,bench_add_indirect_register
15.47632,15.47714,0.0008200000000009311,3440.357469957433,bench_add_indirect_register
15.6774,15.67822,0.0008199999999991547,3439.9088052996944,bench_add_indirect_register
15.87848,15.87928,0.0007999999999999119,3354.2132703583943,bench_add_indirect_register
16.07956,16.08036,0.0007999999999981355,3352.4156780835397,bench_add_indirect_register
16.28064,16.28144,0.0008000000000016882,3339.3154619330935,bench_add_indirect_register
16.4817,16.48252,0.0008200000000009311,3433.5445938669423,bench_add_indirect_register
16.68278,16.68358,0.0007999999999981355,3340.3536770415567,bench_add_indirect_register
16.88384,16.88466,0.0008200000000009311,3435.9549265394226,bench_add_indirect_register
17.08492,17.08574,0.0008200000000009311,3449.7488243544567,bench_add_indirect_register
17.286,17.28682,0.0008199999999973784,3427.7778584401035,bench_add_indirect_register
17.48708,17.4879,0.0008200000000009311,3434.6451703498306,bench_add_indirect_register
17.68816,17.68896,0.0008000000000016882,3332.5750241125816,bench_add_indirect_register
17.88924,17.89004,0.0007999999999981355,3347.7109298030587,bench_add_indirect_register
18.0903,18.09112,0.0008200000000009311,3436.5809010379885,bench_add_indirect_register
18.29138,18.2922,0.0008200000000009311,3436.4249417596893,bench_add_indirect_register
18.49246,18.49326,0.0007999999999981355,3348.2218487109685,bench_add_indirect_register
18.69352,18.69434,0.0008200000000009311,3423.3986027577084,bench_add_indirect_register
18.8946,18.8954,0.0007999999999981355,3353.9687376392453,bench_add_indirect_register
19.09566,19.09648,0.0008200000000009311,3442.490296442172,bench_add_indirect_register
19.29674,19.29756,0.0008200000000009311,3440.6554978379786,bench_add_indirect_register
19.49782,19.49864,0.0008200000000009311,3431.816482920376,bench_add_indirect_register
19.6989,19.69972,0.0008200000000009311,3431.8855917120695,bench_add_indirect_register
19.89998,19.9008,0.0008200000000009311,3433.540412228603,bench_add_indirect_register
20.10106,20.10188,0.0008200000000009311,3443.5666073150396,bench_add_indirect_register
20.30214,20.30296,0.0008199999999973784,3425.2295642981676,bench_add_indirect_register
20.50322,20.50404,0.0008200000000009311,3427.8075536751035,bench_add_indirect_register
20.7043,20.70512,0.0008200000000009311,3441.8529178986105,bench_add_indirect_register
20.90538,20.90618,0.0007999999999981355,3343.3046983475956,bench_add_indirect_register
21.10646,21.10726,0.0008000000000016882,3339.4445572117334,bench_add_indirect_register
21.30752,21.30834,0.0008200000000009311,3413.541563790367,bench_add_indirect_register
21.5086,21.5094,0.0007999999999981355,3352.743838905811,bench_add_indirect_register
21.70966,21.71048,0.0008200000000009311,3439.102005217492,bench_add_indirect_register
21.91074,21.91156,0.0008200000000009311,3429.756192494382,bench_add_indirect_register
22.11182,22.11262,0.0007999999999981355,3362.797843284535,bench_add_indirect_register
22.31288,22.3137,0.0008200000000009311,3421.675390567767,bench_add_indirect_register
22.51396,22.51476,0.0007999999999981355,3342.9342554805253,bench_add_indirect_register
22.71502,22.71582,0.0008000000000016882,3347.064051784039,bench_add_indirect_register
22.91608,22.9169,0.0008199999999973784,3424.014607433402,bench_add_indirect_register
23.11716,23.11796,0.0008000000000016882,3335.41591186768,bench_add_indirect_register
23.31822,23.31904,0.0008200000000009311,3427.518787797714,bench_add_indirect_register
23.5193,23.52012,0.0008199999999973784,3437.724728126282,bench_add_indirect_register
23.72038,23.72118,0.0008000000000016882,3344.5915253902413,bench_add_indirect_register
23.92144,23.92226,0.0008200000000009311,3439.30093106268,bench_add_indirect_register
24.12252,24.12334,0.0008199999999973784,3422.7988216917006,bench_add_indirect_register
24.3236,24.3244,0.0008000000000016882,3339.101467288569,bench_add_indirect_register
24.52466,24.52548,0.0008200000000009311,3435.612469915331,bench_add_indirect_register
24.72574,24.72656,0.0008200000000009311,3438.12885228936,bench_add_indirect_register
24.92682,24.92764,0.0008200000000009311,3419.6158219168387,bench_add_indirect_register
25.1279,25.1287,0.0007999999999981355,3348.6247761096597,bench_add_indirect_register
25.32896,25.32978,0.0008200000000009311,3438.3500879669787,bench_add_indirect_register
25.53004,25.53084,0.0008000000000016882,3341.235634877817,bench_add_indirect_register
25.73112,25.73192,0.0007999999999981355,3346.7595092874562,bench_add_indirect_register
25.93218,25.933,0.0008200000000009311,3436.081297699512,bench_add_indirect_register
26.13326,26.13406,0.0008000000000016882,3350.5006274277307,bench_add_indirect_register
26.33432,26.33514,0.0008199999999973784,3431.809586461771,bench_add_indirect_register
26.5354,26.53622,0.0008200000000009311,3425.7085481697113,bench_add_indirect_register
26.73648,26.7373,0.0008200000000009311,3433.0820152574606,bench_add_indirect_register
26.93756,26.93836,0.0007999999999981355,3339.7776540290324,bench_add_indirect_register
27.13862,27.13944,0.0008200000000009311,3423.829982061099,bench_add_indirect_register
27.3397,27.34052,0.0008200000000009311,3415.7565236128758,bench_add_indirect_register
27.54078,27.54158,0.0007999999999981355,3337.7996971750968,bench_add_indirect_register
27.74186,27.74266,0.0008000000000016882,3349.7747732396406,bench_add_indirect_register
27.94294,27.94374,0.0007999999999981355,3343.79197563203,bench_add_indirect_register
28.14402,28.14482,0.0007999999999981355,3342.6821557724766,bench_add_indirect_register
28.3451,28.34592,0.0008200000000009311,3432.3557745704716,bench_add_indirect_register
28.54618,28.547,0.0008200000000009311,3438.191986646946,bench_add_indirect_register
28.74728,28.74808,0.0008000000000016882,3345.5336792464414,bench_add_indirect_register
28.94836,28.94916,0.0007999999999981355,3346.013245165047,bench_add_indirect_register
29.14944,29.15024,0.0008000000000016882,3345.681303187814,bench_add_indirect_register
29.35052,29.35134,0.0008200000000009311,3430.5953467304134,bench_add_indirect_register
29.5516,29.55242,0.0008200000000009311,3424.3292640933764,bench_add_indirect_register
29.75268,29.7535,0.0008199999999973784,3434.9483298027285,bench_add_indirect_register
29.95376,29.95542,0.001660000000001105,6867.76090413781,bench_add_indirect_indexed
30.15568,30.15734,0.001660000000001105,6893.870378848916,bench_add_indirect_indexed
30.3576,30.35924,0.0016399999999983095,6797.040975645675,bench_add_indirect_indexed
30.55952,30.56116,0.0016400000000018622,6784.494197934922,bench_add_indirect_indexed
30.76144,30.7631,0.001660000000001105,6882.261154246304,bench_add_indirect_indexed
30.96336,30.96502,0.0016599999999975523,6870.153564949731,bench_add_indirect_indexed
31.16528,31.16694,0.001660000000001105,6881.5931631297235,bench_add_indirect_indexed
31.3672,31.36886,0.001660000000001105,6879.203189169154,bench_add_indirect_indexed
31.56912,31.57076,0.0016399999999983095,6800.981480621004,bench_add_indirect_indexed
31.77102,31.77268,0.001660000000001105,6882.984233093427,bench_add_indirect_indexed
31.97296,31.9746,0.0016399999999983095,6783.130052492529,bench_add_indirect_indexed
32.17486,32.17652,0.0016599999999939996,6879.261382830328,bench_add_indirect_indexed
32.37678,32.37844,0.001660000000001105,6875.162054789111,bench_add_indirect_indexed
32.5787,32.58036,0.001660000000001105,6886.8015846282315,bench_add_indirect_indexed
32.78062,32.78228,0.001660000000001105,6883.139866408896,bench_add_indirect_indexed
32.98254,32.9842,0.001660000000001105,6877.8818426692005,bench_add_indirect_indexed
33.18446,33.18612,0.001660000000001105,6866.9343693225255,bench_add_indirect_indexed
33.38638,33.38804,0.0016599999999939996,6864.339038704964,bench_add_indirect_indexed
33.5883,33.58994,0.0016400000000018622,6782.085136517906,bench_add_indirect_indexed
33.7902,33.79186,0.001660000000001105,6883.301660422887,bench_add_indirect_indexed
33.99212,33.99378,0.001660000000001105,6889.155888934261,bench_add_indirect_indexed
34.19404,34.1957,0.001660000000001105,6872.536358428092,bench_add_indirect_indexed
34.39596,34.3976,0.0016399999999947568,6786.464727461957,bench_add_indirect_indexed
34.59786,34.59952,0.001660000000001105,6872.097495947199,bench_add_indirect_indexed
34.79978,34.80144,0.001660000000001105,6887.451536026604,bench_add_indirect_indexed
35.0017,35.00336,0.001660000000001105,6889.9745028514535,bench_add_indirect_indexed
35.20362,35.20526,0.0016400000000018622,6784.496507615141,bench_add_indirect_indexed
35.40554,35.40718,0.0016399999999947568,6780.493142992563,bench_add_indirect_indexed
35.60744,35.6091,0.001660000000001105,6885.091462177081,bench_add_indirect_indexed
35.80936,35.81102,0.001660000000001105,6870.808717799012,bench_add_indirect_indexed
36.01126,36.01292,0.001660000000001105,6872.001984161267,bench_add_indirect_indexed
36.21318,36.21484,0.001660000000001105,6865.085754548414,bench_add_indirect_indexed
36.4151,36.41674,0.0016399999999947568,6795.963463351692,bench_add_indirect_indexed
36.617,36.61866,0.001660000000001105,6868.026098240775,bench_add_indirect_indexed
36.81892,36.82056,0.0016400000000018622,6801.856397658759,bench_add_indirect_indexed
37.02082,37.02248,0.001660000000001105,6867.385311056569,bench_add_indirect_indexed
37.22274,37.2244,0.001660000000001105,6859.658560719733,bench_add_indirect_indexed
37.42466,37.42632,0.0016599999999939996,6877.037999195533,bench_add_indirect_indexed
37.62658,37.62824,0.001660000000001105,6869.924725038137,bench_add_indirect_indexed
37.8285,37.83014,0.0016400000000018622,6788.835353225777,bench_add_indirect_indexed
38.03042,38.03206,0.0016400000000018622,6792.663144886954,bench_add_indirect_indexed
38.23232,38.23398,0.001660000000001105,6864.878791389435,bench_add_indirect_indexed
38.43424,38.4359,0.0016599999999939996,6871.019862566998,bench_add_indirect_indexed
38.63616,38.6378,0.0016400000000018622,6792.81623103497,bench_add_indirect_indexed
38.83808,38.83972,0.0016400000000018622,6790.9176834006,bench_add_indirect_indexed
39.03998,39.04164,0.001660000000001105,6878.181272191293,bench_add_indirect_indexed
39.2419,39.24356,0.001660000000001105,6880.53949736531,bench_add_indirect_indexed
39.44382,39.44548,0.001660000000001105,6879.678824920978,bench_add_indirect_indexed
39.64574,39.64738,0.0016399999999947568,6792.784309923587,bench_add_indirect_indexed
39.84764,39.8493,0.001660000000001105,6876.362995248873,bench_add_indirect_indexed
40.04956,40.05122,0.001660000000001105,6865.852768537419,bench_add_indirect_indexed
40.25148,40.25312,0.0016400000000018622,6786.905475899622,bench_add_indirect_indexed
40.45338,40.45504,0.0016599999999939996,6878.76677603765,bench_add_indirect_indexed
40.6553,40.65694,0.0016400000000018622,6793.527933776717,bench_add_indirect_indexed
40.8572,40.85884,0.0016400000000018622,6790.896835744542,bench_add_indirect_indexed
41.0591,41.06076,0.001660000000001105,6856.803386476513,bench_add_indirect_indexed
41.26102,41.26268,0.001660000000001105,6869.248501029595,bench_add_indirect_indexed
41.46294,41.46458,0.0016399999999947568,6784.666818544987,bench_add_indirect_indexed
41.66484,41.6665,0.001660000000001105,6874.264916409733,bench_add_indirect_indexed
41.86676,41.8684,0.0016400000000018622,6785.208368681232,bench_add_indirect_indexed
42.06866,42.07032,0.001660000000001105,6881.714174528435,bench_add_indirect_indexed
42.27056,42.27222,0.0016599999999939996,6876.300792184966,bench_add_indirect_indexed
42.47248,42.47412,0.0016400000000018622,6794.310207486402,bench_add_indirect_indexed
42.67438,42.67604,0.001660000000001105,6873.374027204899,bench_add_indirect_indexed
42.8763,42.87794,0.0016400000000018622,6779.804164551652,bench_add_indirect_indexed
43.0782,43.07986,0.0016599999999939996,6866.9356312352475,bench_add_indirect_indexed
43.28012,43.28178,0.001660000000001105,6861.684340988121,bench_add_indirect_indexed
43.48204,43.48368,0.0016400000000018622,6785.390493467575,bench_add_indirect_indexed
43.68396,43.6856,0.0016400000000018622,6782.689266845768,bench_add_indirect_indexed
43.88586,43.88752,0.001660000000001105,6886.7385061501245,bench_add_indirect_indexed
44.08778,44.08944,0.001660000000001105,6879.7610653605925,bench_add_indirect_indexed
44.2897,44.29134,0.0016399999999947568,6785.277370341781,bench_add_indirect_indexed
44.4916,44.49326,0.001660000000001105,6868.39811038648,bench_add_indirect_indexed
44.69352,44.69518,0.001660000000001105,6873.151706536359,bench_add_indirect_indexed
44.89542,44.89708,0.001660000000001105,6872.409638022157,bench_add_indirect_indexed
45.09734,45.099,0.0016599999999939996,6879.306295861652,bench_add_indirect_indexed
45.29926,45.3009,0.0016400000000018622,6788.090313792319,bench_add_indirect_indexed
45.50116,45.50282,0.001660000000001105,6880.954015073365,bench_add_indirect_indexed
45.70308,45.70474,0.001660000000001105,6873.118891384725,bench_add_indirect_indexed
45.905,45.90666,0.001660000000001105,6866.522356872556,bench_add_indirect_indexed
46.10692,46.10858,0.001660000000001105,6858.122637499858,bench_add_indirect_indexed
46.30884,46.3105,0.001660000000001105,6878.3429591033055,bench_add_indirect_indexed
46.51076,46.5124,0.0016400000000018622,6799.393054105877,bench_add_indirect_indexed
46.71266,46.71432,0.001660000000001105,6880.470379260017,bench_add_indirect_indexed
46.91458,46.91622,0.0016400000000018622,6789.550641558791,bench_add_indirect_indexed
47.11648,47.11814,0.0016599999999939996,6855.633277420897,bench_add_indirect_indexed
47.3184,47.32004,0.0016400000000018622,6791.9002473430355,bench_add_indirect_indexed
47.5203,47.52196,0.001660000000001105,6882.528299470185,bench_add_indirect_indexed
47.72222,47.72386,0.0016400000000018622,6776.6430089327605,bench_add_indirect_indexed
47.92412,47.92578,0.001660000000001105,6867.936095227646,bench_add_indirect_indexed
48.12604,48.1277,0.0016599999999939996,6871.8825978908,bench_add_indirect_indexed
48.32796,48.3296,0.0016400000000018622,6785.215283751349,bench_add_indirect_indexed
48.52986,48.53152,0.001660000000001105,6872.502430346826,bench_add_indirect_indexed
48.73178,48.73342,0.0016400000000018622,6785.793756142261,bench_add_indirect_indexed
48.93368,48.93534,0.0016599999999939996,6863.0459671585895,bench_add_indirect_indexed
49.1356,49.13724,0.0016400000000018622,6784.457974143567,bench_add_indirect_indexed
49.3375,49.33916,0.001660000000001105,6869.221157399285,bench_add_indirect_indexed
49.53942,49.54108,0.001660000000001105,6879.161349502281,bench_add_indirect_indexed
49.74134,49.743,0.001660000000001105,6858.163480651186,bench_add_indirect_indexed
49.94328,49.94492,0.0016400000000018622,6786.01955995705,bench_add_indirect_indexed
50.1452,50.14682,0.001619999999995514,6785.920057426711,bench_add_indirect_symbolic
50.34708,50.34872,0.0016400000000018622,6882.360600874185,bench_add_indirect_symbolic
50.54898,50.5506,0.0016200000000026193,6789.745884026746,bench_add_indirect_symbolic
50.75088,50.7525,0.001619999999995514,6793.905766662209,bench_add_indirect_symbolic
50.95276,50.9544,0.0016400000000018622,6882.137623623178,bench_add_indirect_symbolic
51.15466,51.15628,0.0016200000000026193,6779.906507592378,bench_add_indirect_symbolic
51.35656,51.35818,0.001619999999995514,6785.4562122187,bench_add_indirect_symbolic
51.55844,51.56008,0.0016400000000018622,6878.907582730496,bench_add_indirect_symbolic
51.76034,51.76196,0.0016200000000026193,6787.609513860309,bench_add_indirect_symbolic
51.96224,51.96386,0.001619999999995514,6792.063349839407,bench_add_indirect_symbolic
52.16414,52.16576,0.001619999999995514,6802.7564696780855,bench_add_indirect_symbolic
52.36604,52.36766,0.0016200000000026193,6796.141513634235,bench_add_indirect_symbolic
52.56792,52.56956,0.0016400000000018622,6882.137423388806,bench_add_indirect_symbolic
52.76982,52.77144,0.001619999999995514,6802.390697393073,bench_add_indirect_symbolic
52.9717,52.97334,0.0016400000000018622,6865.9550137895,bench_add_indirect_symbolic
53.1736,53.17522,0.0016200000000026193,6797.677455480643,bench_add_indirect_symbolic
53.3755,53.37712,0.001619999999995514,6791.523634437207,bench_add_indirect_symbolic
53.57738,53.57902,0.0016400000000018622,6875.42292755874,bench_add_indirect_symbolic
53.77928,53.78092,0.0016400000000018622,6869.947058156341,bench_add_indirect_symbolic
53.98118,53.9828,0.001619999999995514,6796.352444197738,bench_add_indirect_symbolic
54.18308,54.1847,0.0016200000000026193,6784.884631644421,bench_add_indirect_symbolic
54.38496,54.3866,0.0016400000000018622,6875.819400891632,bench_add_indirect_symbolic
54.58686,54.58848,0.001619999999995514,6778.604299742466,bench_add_indirect_symbolic
54.78876,54.79038,0.001619999999995514,6801.796965282126,bench_add_indirect_symbolic
54.99064,54.99228,0.0016400000000018622,6864.10671566447,bench_add_indirect_symbolic
55.19254,55.19418,0.0016400000000018622,6879.4084293844035,bench_add_indirect_symbolic
55.39444,55.39606,0.001619999999995514,6779.676931891763,bench_add_indirect_symbolic
55.59634,55.59796,0.0016200000000026193,6789.9886705088875,bench_add_indirect_symbolic
55.79824,55.79986,0.0016200000000026193,6786.15931888285,bench_add_indirect_symbolic
56.00012,56.00176,0.0016399999999947568,6873.49964396629,bench_add_indirect_symbolic
56.20202,56.20364,0.0016200000000026193,6792.218890051984,bench_add_indirect_symbolic
56.4039,56.40554,0.0016400000000018622,6875.873585239213,bench_add_indirect_symbolic
56.6058,56.60742,0.001619999999995514,6789.658451433945,bench_add_indirect_symbolic
56.8077,56.80932,0.0016200000000026193,6788.393356848159,bench_add_indirect_symbolic
57.00958,57.01122,0.0016400000000018622,6877.368330032448,bench_add_indirect_symbolic
57.21148,57.2131,0.001619999999995514,6793.991625290781,bench_add_indirect_symbolic
57.41336,57.415,0.0016400000000018622,6879.2750733050725,bench_add_indirect_symbolic
57.61526,57.61688,0.0016200000000026193,6787.217017274079,bench_add_indirect_symbolic
57.81714,57.81878,0.0016399999999947568,6858.397233278054,bench_add_indirect_symbolic
58.01904,58.02066,0.0016200000000026193,6785.652274277175,bench_add_indirect_symbolic
58.22092,58.22256,0.0016400000000018622,6865.996052518664,bench_add_indirect_symbolic
58.4228,58.42444,0.0016399999999947568,6865.239255107839,bench_add_indirect_symbolic
58.6247,58.62632,0.0016200000000026193,6778.691406372455,bench_add_indirect_symbolic
58.82658,58.82822,0.0016400000000018622,6879.507065758048,bench_add_indirect_symbolic
59.02848,59.0301,0.001619999999995514,6782.214469257377,bench_add_indirect_symbolic
59.23036,59.232,0.0016400000000018622,6876.978906810257,bench_add_indirect_symbolic
59.43224,59.43388,0.0016400000000018622,6873.864368543663,bench_add_indirect_symbolic
59.63414,59.63576,0.001619999999995514,6786.236404422326,bench_add_indirect_symbolic
59.83602,59.83766,0.0016400000000018622,6865.70080463627,bench_add_indirect_symbolic
60.03792,60.03954,0.0016200000000026193,6798.4520038696255,bench_add_indirect_symbolic
60.2398,60.24144,0.0016399999999947568,6873.9169323598335,bench_add_indirect_symbolic
60.4417,60.44332,0.0016200000000026193,6794.908875610401,bench_add_indirect_symbolic
60.6436,60.64522,0.0016200000000026193,6780.38487211958,bench_add_indirect_symbolic
60.8455,60.84712,0.001619999999995514,6786.936167608823,bench_add_indirect_symbolic
61.04738,61.04902,0.0016400000000018622,6881.043463952814,bench_add_indirect_symbolic
61.24928,61.25092,0.0016400000000018622,6878.119907349487,bench_add_indirect_symbolic
61.45118,61.4528,0.0016200000000026193,6797.494860376979,bench_add_indirect_symbolic
61.65308,61.6547,0.001619999999995514,6793.351885843788,bench_add_indirect_symbolic
61.85498,61.85662,0.0016400000000018622,6876.027523547367,bench_add_indirect_symbolic
62.05688,62.05852,0.0016400000000018622,6873.049829163164,bench_add_indirect_symbolic
62.25878,62.26042,0.0016400000000018622,6877.055712983607,bench_add_indirect_symbolic
62.46068,62.46232,0.0016399999999947568,6889.3474666180755,bench_add_indirect_symbolic
62.66258,62.66422,0.0016400000000018622,6875.848886565022,bench_add_indirect_symbolic
62.86448,62.86612,0.0016400000000018622,6863.741562709758,bench_add_indirect_symbolic
63.06638,63.06802,0.0016399999999947568,6878.871927015912,bench_add_indirect_symbolic
63.26828,63.2699,0.0016200000000026193,6788.914031360204,bench_add_indirect_symbolic
63.47018,63.4718,0.0016200000000026193,6785.773574386087,bench_add_indirect_symbolic
63.67208,63.6737,0.001619999999995514,6807.3050724153745,bench_add_indirect_symbolic
63.87398,63.8756,0.001619999999995514,6793.861235472854,bench_add_indirect_symbolic
64.07586,64.0775,0.0016399999999947568,6880.783797219635,bench_add_indirect_symbolic
64.27776,64.2794,0.0016399999999947568,6876.384559996619,bench_add_indirect_symbolic
64.47966,64.4813,0.0016400000000089676,6861.108806953282,bench_add_indirect_symbolic
64.68156,64.6832,0.0016399999999947568,6867.866530060984,bench_add_indirect_symbolic
64.88346,64.8851,0.0016399999999947568,6872.647535033804,bench_add_indirect_symbolic
65.08536,65.087,0.0016400000000089676,6867.598812133537,bench_add_indirect_symbolic
65.28726,65.28888,0.0016200000000026193,6774.556627507959,bench_add_indirect_symbolic
65.48916,65.49078,0.0016200000000026193,6770.431394699658,bench_add_indirect_symbolic
65.69106,65.69268,0.0016200000000026193,6799.548291611667,bench_add_indirect_symbolic
65.89296,65.89458,0.0016200000000026193,6785.302865330713,bench_add_indirect_symbolic
66.09486,66.09648,0.0016200000000026193,6793.49965882686,bench_add_indirect_symbolic
66.29674,66.29838,0.0016399999999947568,6865.240694001684,bench_add_indirect_symbolic
66.49864,66.50028,0.0016400000000089676,6874.256064221764,bench_add_indirect_symbolic
66.70054,66.70216,0.0016200000000026193,6792.817548859659,bench_add_indirect_symbolic
66.90244,66.90406,0.0016200000000026193,6788.587924103759,bench_add_indirect_symbolic
67.10432,67.10596,0.0016399999999947568,6864.69120902562,bench_add_indirect_symbolic
67.30622,67.30786,0.0016400000000089676,6866.80243354294,bench_add_indirect_symbolic
67.50812,67.50974,0.0016199999999884085,6792.153776574918,bench_add_indirect_symbolic
67.71002,67.71164,0.0016200000000026193,6786.589245322512,bench_add_indirect_symbolic
67.9119,67.91354,0.0016399999999947568,6874.790908745885,bench_add_indirect_symbolic
68.1138,68.11544,0.0016400000000089676,6877.587796226403,bench_add_indirect_symbolic
68.3157,68.31734,0.0016399999999947568,6866.550063691584,bench_add_indirect_symbolic
68.5176,68.51924,0.0016399999999947568,6871.935315407911,bench_add_indirect_symbolic
68.7195,68.72114,0.0016400000000089676,6863.725576587377,bench_add_indirect_symbolic
68.9214,68.92304,0.0016399999999947568,6870.264038421492,bench_add_indirect_symbolic
69.1233,69.12492,0.0016200000000026193,6799.329849902414,bench_add_indirect_symbolic
69.32518,69.32682,0.0016399999999947568,6870.948751434683,bench_add_indirect_symbolic
69.52708,69.5287,0.0016200000000026193,6778.646693576058,bench_add_indirect_symbolic
69.72896,69.7306,0.0016399999999947568,6879.481771007011,bench_add_indirect_symbolic
69.93086,69.93248,0.0016200000000026193,6788.532980728772,bench_add_indirect_symbolic
70.13276,70.13438,0.0016199999999884085,6787.330573376362,bench_add_indirect_symbolic
70.33464,70.3363,0.001660000000001105,6893.208692786039,bench_add_indirect_absolute
70.53656,70.5382,0.0016400000000089676,6794.1201525178185,bench_add_indirect_absolute
70.73848,70.74012,0.0016400000000089676,6803.986062332604,bench_add_indirect_absolute
70.9404,70.94204,0.0016400000000089676,6804.854790717304,bench_add_indirect_absolute
71.1423,71.14394,0.0016399999999947568,6807.851511962419,bench_add_indirect_absolute
71.34422,71.34586,0.0016399999999947568,6820.223424562032,bench_add_indirect_absolute
71.54612,71.54778,0.001660000000001105,6891.235145744956,bench_add_indirect_absolute
71.74804,71.74968,0.0016399999999947568,6826.038132399968,bench_add_indirect_absolute
71.94994,71.9516,0.001660000000001105,6891.6306318760835,bench_add_indirect_absolute
72.15186,72.1535,0.0016399999999947568,6800.588732563402,bench_add_indirect_absolute
72.35376,72.35542,0.001660000000001105,6897.560600196529,bench_add_indirect_absolute
72.55568,72.55732,0.0016400000000089676,6803.560899608456,bench_add_indirect_absolute
72.7576,72.75924,0.0016400000000089676,6808.836124874395,bench_add_indirect_absolute
72.9595,72.96116,0.001660000000001105,6901.079714302759,bench_add_indirect_absolute
73.16142,73.16308,0.0016599999999868942,6893.130852786635,bench_add_indirect_absolute
73.36334,73.36498,0.0016400000000089676,6808.41483179475,bench_add_indirect_absolute
73.56526,73.5669,0.0016400000000089676,6810.630420260023,bench_add_indirect_absolute
73.76718,73.76882,0.0016400000000089676,6807.65069559161,bench_add_indirect_absolute
73.96908,73.97074,0.001660000000001105,6884.353673089365,bench_add_indirect_absolute
74.171,74.17266,0.0016599999999868942,6886.155540068612,bench_add_indirect_absolute
74.37292,74.37458,0.001660000000001105,6887.413375084147,bench_add_indirect_absolute
74.57484,74.5765,0.001660000000001105,6885.30988991724,bench_add_indirect_absolute
74.77676,74.7784,0.0016400000000089676,6805.548449084584,bench_add_indirect_absolute
74.97868,74.98032,0.0016400000000089676,6801.015669517331,bench_add_indirect_absolute
75.1806,75.18224,0.0016399999999947568,6817.331244216127,bench_add_indirect_absolute
75.38252,75.38416,0.0016399999999947568,6813.2341420055745,bench_add_indirect_absolute
75.58444,75.58608,0.0016399999999947568,6810.352718435813,bench_add_indirect_absolute
75.78636,75.78802,0.001660000000001105,6883.201915774717,bench_add_indirect_absolute
75.98828,75.98994,0.001660000000001105,6888.883225623408,bench_add_indirect_absolute
76.19022,76.19186,0.0016400000000089676,6807.917789593041,bench_add_indirect_absolute
76.39214,76.39378,0.0016400000000089676,6802.211659997901,bench_add_indirect_absolute
76.59406,76.5957,0.0016399999999947568,6798.53095205142,bench_add_indirect_absolute
76.79598,76.79764,0.001660000000001105,6895.6112396016315,bench_add_indirect_absolute
76.9979,76.99956,0.001660000000001105,6893.026190814039,bench_add_indirect_absolute
77.19982,77.20146,0.0016399999999947568,6809.638058744411,bench_add_indirect_absolute
77.40174,77.40338,0.0016399999999947568,6809.929646529813,bench_add_indirect_absolute
77.60366,77.6053,0.0016399999999947568,6814.09441398107,bench_add_indirect_absolute
77.80558,77.80722,0.0016399999999947568,6801.846986614348,bench_add_indirect_absolute
78.0075,78.00914,0.0016400000000089676,6802.961416579788,bench_add_indirect_absolute
78.20942,78.21106,0.0016400000000089676,6792.810726947371,bench_add_indirect_absolute
78.41134,78.41298,0.0016400000000089676,6807.045247443432,bench_add_indirect_absolute
78.61326,78.6149,0.0016400000000089676,6801.816015541464,bench_add_indirect_absolute
78.81518,78.81682,0.0016400000000089676,6818.911791815933,bench_add_indirect_absolute
79.0171,79.01874,0.0016399999999947568,6793.68772541739,bench_add_indirect_absolute
79.21902,79.22066,0.0016399999999947568,6818.868378155415,bench_add_indirect_absolute
79.42092,79.42258,0.001660000000001105,6889.2898177771185,bench_add_indirect_absolute
79.62284,79.62448,0.0016400000000089676,6810.902212783764,bench_add_indirect_absolute
79.82474,79.8264,0.001660000000001105,6889.077243398711,bench_add_indirect_absolute
80.02666,80.0283,0.0016399999999947568,6812.473111764118,bench_add_indirect_absolute
80.22858,80.23022,0.0016400000000089676,6803.744779936754,bench_add_indirect_absolute
80.43048,80.43214,0.001660000000001105,6885.913340378832,bench_add_indirect_absolute
80.6324,80.63406,0.001660000000001105,6882.839677860255,bench_add_indirect_absolute
80.83432,80.83596,0.0016399999999947568,6796.802724689303,bench_add_indirect_absolute
81.03622,81.03788,0.001660000000001105,6893.980349418842,bench_add_indirect_absolute
81.23814,81.23978,0.0016399999999947568,6809.178139061567,bench_add_indirect_absolute
81.44006,81.4417,0.0016399999999947568,6809.628284514156,bench_add_indirect_absolute
81.64198,81.64362,0.0016399999999947568,6804.339522473934,bench_add_indirect_absolute
81.84388,81.84554,0.001660000000001105,6889.676237483407,bench_add_indirect_absolute
82.0458,82.04744,0.0016399999999947568,6803.935845360652,bench_add_indirect_absolute
82.24772,82.24936,0.0016399999999947568,6800.357457228858,bench_add_indirect_absolute
82.44964,82.45128,0.0016399999999947568,6803.406919330743,bench_add_indirect_absolute
82.65154,82.6532,0.001660000000001105,6894.804653715568,bench_add_indirect_absolute
82.85346,82.85512,0.001660000000001105,6882.317764689564,bench_add_indirect_absolute
83.05538,83.05704,0.001660000000001105,6879.201745618818,bench_add_indirect_absolute
83.2573,83.25896,0.001660000000001105,6881.973301065242,bench_add_indirect_absolute
83.45922,83.46088,0.001660000000001105,6885.181353431408,bench_add_indirect_absolute
83.66114,83.6628,0.001660000000001105,6900.5659176076015,bench_add_indirect_absolute
83.86306,83.86472,0.001660000000001105,6892.442931425485,bench_add_indirect_absolute
84.06498,84.06662,0.0016399999999947568,6797.21071382649,bench_add_indirect_absolute
84.2669,84.26854,0.0016399999999947568,6803.490226135043,bench_add_indirect_absolute
84.4688,84.47046,0.001660000000001105,6883.205063645571,bench_add_indirect_absolute
84.67072,84.67238,0.001660000000001105,6882.381103937306,bench_add_indirect_absolute
84.87264,84.8743,0.001660000000001105,6899.052788507103,bench_add_indirect_absolute
85.07458,85.07622,0.0016400000000089676,6800.683178044199,bench_add_indirect_absolute
85.27648,85.27814,0.0016599999999868942,6892.528864500814,bench_add_indirect_absolute
85.4784,85.48006,0.001660000000001105,6889.60339874477,bench_add_indirect_absolute
85.68032,85.68196,0.0016400000000089676,6811.3527400791245,bench_add_indirect_absolute
85.88224,85.88388,0.0016400000000089676,6801.870344244568,bench_add_indirect_absolute
86.08416,86.0858,0.0016400000000089676,6804.920886679939,bench_add_indirect_absolute
86.28606,86.2877,0.0016399999999947568,6802.992885910239,bench_add_indirect_absolute
86.48798,86.48962,0.0016400000000089676,6815.811516754545,bench_add_indirect_absolute
86.68988,86.69154,0.001660000000001105,6885.396158326949,bench_add_indirect_absolute
86.8918,86.89344,0.0016399999999947568,6810.853993497729,bench_add_indirect_absolute
87.0937,87.09536,0.001660000000001105,6877.295104791077,bench_add_indirect_absolute
87.29562,87.29726,0.0016399999999947568,6804.44282011759,bench_add_indirect_absolute
87.49752,87.49918,0.001660000000001105,6878.8826419086645,bench_add_indirect_absolute
87.69944,87.7011,0.001660000000001105,6886.95754390632,bench_add_indirect_absolute
87.90136,87.90302,0.001660000000001105,6880.259788599742,bench_add_indirect_absolute
88.10328,88.10492,0.0016400000000089676,6810.944532081618,bench_add_indirect_absolute
88.3052,88.30684,0.0016399999999947568,6796.788312472948,bench_add_indirect_absolute
88.5071,88.50876,0.001660000000001105,6883.3788624078925,bench_add_indirect_absolute
88.70902,88.71066,0.0016400000000089676,6807.155655733649,bench_add_indirect_absolute
88.91094,88.91258,0.0016400000000089676,6805.956126227769,bench_add_indirect_absolute
89.11284,89.1145,0.001660000000001105,6869.815820832479,bench_add_indirect_absolute
89.31476,89.31642,0.0016599999999868942,6901.441607569704,bench_add_indirect_absolute
89.51668,89.51832,0.0016400000000089676,6796.306991054488,bench_add_indirect_absolute
89.71858,89.72024,0.001660000000001105,6880.689598624184,bench_add_indirect_absolute
89.9205,89.92216,0.001660000000001105,6882.172524933143,bench_add_indirect_absolute
90.12242,90.12408,0.001660000000001105,6892.841984521897,bench_add_indirect_absolute
90.32434,90.32598,0.0016399999999947568,6806.0013185967455,bench_add_indirect_absolute
90.52626,90.52706,0.0008000000000123464,3359.6969908614738,bench_add_indirect_auto_register
90.72734,90.72814,0.0007999999999981355,3365.849582470822,bench_add_indirect_auto_register
90.92842,90.92922,0.0007999999999981355,3366.5942680014728,bench_add_indirect_auto_register
91.12948,91.1303,0.0008200000000044838,3443.330377358734,bench_add_indirect_auto_register
91.33056,91.33138,0.000819999999990273,3453.3557062562672,bench_add_indirect_auto_register
91.53166,91.53246,0.0007999999999981355,3354.9291314481243,bench_add_indirect_auto_register
91.73272,91.73354,0.0008200000000044838,3434.3172470296204,bench_add_indirect_auto_register
91.9338,91.93462,0.000819999999990273,3434.763648507096,bench_add_indirect_auto_register
92.13488,92.13568,0.0007999999999981355,3357.725860542395,bench_add_indirect_auto_register
92.33596,92.33676,0.0007999999999981355,3354.3635019949315,bench_add_indirect_auto_register
92.53702,92.53784,0.0008200000000044838,3432.954200561831,bench_add_indirect_auto_register
92.7381,92.73892,0.000819999999990273,3449.882012750884,bench_add_indirect_auto_register
92.93918,92.93998,0.0008000000000123464,3361.8041780361177,bench_add_indirect_auto_register
93.14024,93.14106,0.000819999999990273,3437.5683776629644,bench_add_indirect_auto_register
93.3413,93.34212,0.000819999999990273,3429.8300509869114,bench_add_indirect_auto_register
93.54238,93.54318,0.0008000000000123464,3350.7745247847656,bench_add_indirect_auto_register
93.74344,93.74426,0.000819999999990273,3430.0563390896396,bench_add_indirect_auto_register
93.9445,93.94532,0.000819999999990273,3436.2777974047253,bench_add_indirect_auto_register
94.14558,94.14638,0.0007999999999981355,3352.22728084006,bench_add_indirect_auto_register
94.34664,94.34746,0.0008200000000044838,3436.6661356946065,bench_add_indirect_auto_register
94.54772,94.54852,0.0007999999999981355,3360.7336925262357,bench_add_indirect_auto_register
94.74878,94.7496,0.0008200000000044838,3432.4379684593137,bench_add_indirect_auto_register
94.94986,94.95066,0.0007999999999981355,3361.5175727679903,bench_add_indirect_auto_register
95.15092,95.15174,0.0008200000000044838,3441.6740015338783,bench_add_indirect_auto_register
95.352,95.3528,0.0007999999999981355,3354.5576408428237,bench_add_indirect_auto_register
95.55306,95.55388,0.0008200000000044838,3447.2439531426426,bench_add_indirect_auto_register
95.75412,95.75494,0.0008200000000044838,3441.33236913031,bench_add_indirect_auto_register
95.9552,95.95602,0.000819999999990273,3447.7578196268055,bench_add_indirect_auto_register
96.15626,96.15708,0.000819999999990273,3450.2630168167684,bench_add_indirect_auto_register
96.35734,96.35814,0.0008000000000123464,3368.532313085803,bench_add_indirect_auto_register
96.5584,96.55922,0.000819999999990273,3435.0758743989923,bench_add_indirect_auto_register
96.75948,96.7603,0.0008200000000044838,3440.6727412904634,bench_add_indirect_auto_register
96.96054,96.96136,0.0008200000000044838,3433.7240969948734,bench_add_indirect_auto_register
97.16162,97.16242,0.0007999999999981355,3352.619432836522,bench_add_indirect_auto_register
97.36268,97.3635,0.0008200000000044838,3445.5167316089946,bench_add_indirect_auto_register
97.56376,97.56456,0.0007999999999981355,3365.4773188677195,bench_add_indirect_auto_register
97.76482,97.76564,0.0008200000000044838,3435.9058598239367,bench_add_indirect_auto_register
97.96588,97.9667,0.0008200000000044838,3438.1012665296407,bench_add_indirect_auto_register
98.16696,98.16776,0.0007999999999981355,3355.4852567536213,bench_add_indirect_auto_register
98.36802,98.36884,0.0008200000000044838,3449.463848975071,bench_add_indirect_auto_register
98.56908,98.5699,0.0008200000000044838,3437.7095848512927,bench_add_indirect_auto_register
98.77016,98.77098,0.000819999999990273,3438.965538475729,bench_add_indirect_auto_register
98.97122,98.97204,0.0008200000000044838,3444.372583199537,bench_add_indirect_auto_register
99.1723,99.1731,0.0007999999999981355,3357.7145077207574,bench_add_indirect_auto_register
99.37336,99.37418,0.000819999999990273,3441.574843558916,bench_add_indirect_auto_register
99.57442,99.57524,0.000819999999990273,3417.395185638513,bench_add_indirect_auto_register
99.7755,99.77632,0.0008200000000044838,3430.04274183831,bench_add_indirect_auto_register
99.97656,99.97738,0.000819999999990273,3444.303674582401,bench_add_indirect_auto_register
100.17764,100.17846,0.0008200000000044838,3451.206968184457,bench_add_indirect_auto_register
100.37872,100.37954,0.0008200000000044838,3449.624134246844,bench_add_indirect_auto_register
100.5798,100.58062,0.000819999999990273,3437.2081420910354,bench_add_indirect_auto_register
100.78088,100.7817,0.0008200000000044838,3426.136714425094,bench_add_indirect_auto_register
100.98196,100.98278,0.0008200000000044838,3445.482454281218,bench_add_indirect_auto_register
101.18304,101.18384,0.0007999999999981355,3356.1967918576242,bench_add_indirect_auto_register
101.3841,101.38492,0.000819999999990273,3435.813994106435,bench_add_indirect_auto_register
101.58518,101.58598,0.0008000000000123464,3354.4856170707803,bench_add_indirect_auto_register
101.78626,101.78706,0.0007999999999981355,3353.0553802765976,bench_add_indirect_auto_register
101.98734,101.98814,0.0007999999999981355,3355.404641471701,bench_add_indirect_auto_register
102.1884,102.18922,0.0008200000000044838,3439.5880531710113,bench_add_indirect_auto_register
102.38948,102.3903,0.000819999999990273,3443.5348957370375,bench_add_indirect_auto_register
102.59056,102.59136,0.0007999999999981355,3360.533905207828,bench_add_indirect_auto_register
102.79162,102.79244,0.0008200000000044838,3434.606208484267,bench_add_indirect_auto_register
102.9927,102.9935,0.0007999999999981355,3360.7942052104468,bench_add_indirect_auto_register
103.19378,103.19458,0.0007999999999981355,3352.2047707738084,bench_add_indirect_auto_register
103.39484,103.39566,0.0008200000000044838,3443.515575509902,bench_add_indirect_auto_register
103.59592,103.59672,0.0007999999999981355,3354.916451491259,bench_add_indirect_auto_register
103.79698,103.7978,0.000819999999990273,3435.7466408578784,bench_add_indirect_auto_register
103.99806,103.99888,0.0008200000000044838,3439.8298710772265,bench_add_indirect_auto_register
104.19914,104.19994,0.0007999999999981355,3359.759515143615,bench_add_indirect_auto_register
104.4002,104.40102,0.0008200000000044838,3436.2693503684195,bench_add_indirect_auto_register
104.60128,104.60208,0.0007999999999981355,3344.0209180038137,bench_add_indirect_auto_register
104.80236,104.80316,0.0008000000000123464,3365.343571692538,bench_add_indirect_auto_register
105.00342,105.00424,0.000819999999990273,3445.257213857131,bench_add_indirect_auto_register
105.20448,105.2053,0.000819999999990273,3440.8042858883664,bench_add_indirect_auto_register
105.40556,105.40638,0.0008200000000044838,3436.684301141542,bench_add_indirect_auto_register
105.60664,105.60744,0.0007999999999981355,3370.445296160187,bench_add_indirect_auto_register
105.8077,105.80852,0.0008200000000044838,3446.999634634751,bench_add_indirect_auto_register
106.00878,106.0096,0.0008200000000044838,3444.432513807138,bench_add_indirect_auto_register
106.20986,106.21068,0.000819999999990273,3441.5737958220157,bench_add_indirect_auto_register
106.41094,106.41174,0.0007999999999981355,3355.4223691966426,bench_add_indirect_auto_register
106.612,106.61282,0.0008200000000044838,3441.0173865220263,bench_add_indirect_auto_register
106.81308,106.8139,0.0008200000000044838,3431.830825302842,bench_add_indirect_auto_register
107.01416,107.01498,0.000819999999990273,3441.0096564854416,bench_add_indirect_auto_register
107.21524,107.21606,0.0008200000000044838,3443.89374369753,bench_add_indirect_auto_register
107.41632,107.41714,0.0008200000000044838,3438.902031648691,bench_add_indirect_auto_register
107.61738,107.6182,0.0008200000000044838,3432.2736831570714,bench_add_indirect_auto_register
107.81846,107.81928,0.0008200000000044838,3447.0355650596985,bench_add_indirect_auto_register
108.01954,108.02034,0.0007999999999981355,3364.221588700241,bench_add_indirect_auto_register
108.2206,108.22142,0.000819999999990273,3441.6134235972977,bench_add_indirect_auto_register
108.42168,108.4225,0.0008200000000044838,3435.3936463781165,bench_add_indirect_auto_register
108.62276,108.62356,0.0007999999999981355,3355.5202884517144,bench_add_indirect_auto_register
108.82382,108.82464,0.0008200000000044838,3422.199189681444,bench_add_indirect_auto_register
109.0249,109.0257,0.0007999999999981355,3359.3559404759703,bench_add_indirect_auto_register
109.22596,109.22678,0.0008200000000044838,3433.6161753350093,bench_add_indirect_auto_register
109.42704,109.42786,0.000819999999990273,3433.397789445496,bench_add_indirect_auto_register
109.62812,109.62892,0.0007999999999981355,3348.6902108340255,bench_add_indirect_auto_register
109.82918,109.83,0.0008200000000044838,3438.8930350727705,bench_add_indirect_auto_register
110.03026,110.03108,0.0008200000000044838,3445.4655135236503,bench_add_indirect_auto_register
110.23134,110.23214,0.0007999999999981355,3349.352921351407,bench_add_indirect_auto_register
110.4324,110.43322,0.0008200000000044838,3437.6216773132314,bench_add_indirect_auto_register
110.63348,110.63514,0.001660000000001105,6961.412928070933,bench_add_indirect_auto_indexed
110.83538,110.83704,0.001660000000001105,6983.080846261742,bench_add_indirect_auto_indexed
111.0373,111.03896,0.001660000000001105,6975.145614710987,bench_add_indirect_auto_indexed
111.23922,111.24086,0.0016399999999947568,6890.60330854312,bench_add_indirect_auto_indexed
111.44114,111.44278,0.0016399999999947568,6901.499703504563,bench_add_indirect_auto_indexed
111.64304,111.6447,0.001660000000001105,6985.711446036284,bench_add_indirect_auto_indexed
111.84496,111.8466,0.0016399999999947568,6887.860479742102,bench_add_indirect_auto_indexed
112.04686,112.04852,0.001660000000001105,6982.668573041627,bench_add_indirect_auto_indexed
112.24878,112.25044,0.001660000000001105,6984.7511500167075,bench_add_indirect_auto_indexed
112.4507,112.45234,0.0016400000000089676,6896.783253216014,bench_add_indirect_auto_indexed
112.65262,112.65426,0.0016399999999947568,6885.669608578011,bench_add_indirect_auto_indexed
112.85452,112.85618,0.001660000000001105,6978.5463437480275,bench_add_indirect_auto_indexed
113.05644,113.0581,0.001660000000001105,6960.120876323605,bench_add_indirect_auto_indexed
113.25836,113.26,0.0016400000000089676,6884.359205179633,bench_add_indirect_auto_indexed
113.46026,113.46192,0.001660000000001105,6973.622883674384,bench_add_indirect_auto_indexed
113.66218,113.66384,0.0016599999999868942,6981.432414558775,bench_add_indirect_auto_indexed
113.8641,113.86574,0.0016400000000089676,6890.014791897941,bench_add_indirect_auto_indexed
114.066,114.06766,0.001660000000001105,6960.661951456463,bench_add_indirect_auto_indexed
114.26792,114.26958,0.001660000000001105,6983.1753661901475,bench_add_indirect_auto_indexed
114.46984,114.47148,0.0016399999999947568,6881.670015842613,bench_add_indirect_auto_indexed
114.67176,114.6734,0.0016399999999947568,6894.058529265396,bench_add_indirect_auto_indexed
114.87366,114.87532,0.001660000000001105,6975.046871234631,bench_add_indirect_auto_indexed
115.07558,115.07724,0.001660000000001105,6959.593524229859,bench_add_indirect_auto_indexed
115.2775,115.27914,0.0016399999999947568,6893.606549107214,bench_add_indirect_auto_indexed
115.4794,115.48106,0.001660000000001105,6967.591010038735,bench_add_indirect_auto_indexed
115.68132,115.68298,0.001660000000001105,6970.38213722871,bench_add_indirect_auto_indexed
115.88324,115.8849,0.001660000000001105,6974.625904117516,bench_add_indirect_auto_indexed
116.08516,116.08682,0.001660000000001105,6983.082261872736,bench_add_indirect_auto_indexed
116.28708,116.28872,0.0016399999999947568,6891.768923938355,bench_add_indirect_auto_indexed
116.48898,116.49064,0.001660000000001105,6971.5976016647555,bench_add_indirect_auto_indexed
116.6909,116.69256,0.001660000000001105,6972.102629957631,bench_add_indirect_auto_indexed
116.89282,116.89446,0.0016399999999947568,6874.942048430172,bench_add_indirect_auto_indexed
117.09474,117.09638,0.0016399999999947568,6892.516193889823,bench_add_indirect_auto_indexed
117.29666,117.2983,0.0016399999999947568,6878.530029185173,bench_add_indirect_auto_indexed
117.49858,117.50022,0.0016399999999947568,6885.11505720791,bench_add_indirect_auto_indexed
117.70048,117.70214,0.001660000000001105,6961.166262631529,bench_add_indirect_auto_indexed
117.9024,117.90406,0.001660000000001105,6963.332844902504,bench_add_indirect_auto_indexed
118.10432,118.10596,0.0016399999999947568,6893.451656193509,bench_add_indirect_auto_indexed
118.30624,118.30788,0.0016399999999947568,6886.085988931298,bench_add_indirect_auto_indexed
118.50814,118.5098,0.001660000000001105,6976.0423991867165,bench_add_indirect_auto_indexed
118.71004,118.7117,0.0016599999999868942,6962.5315255866,bench_add_indirect_auto_indexed
118.91196,118.9136,0.0016400000000089676,6892.348779402578,bench_add_indirect_auto_indexed
119.11386,119.11552,0.001660000000001105,6971.920388755055,bench_add_indirect_auto_indexed
119.31576,119.31742,0.001660000000001105,6975.622097965945,bench_add_indirect_auto_indexed
119.51768,119.51932,0.0016399999999947568,6888.928064123537,bench_add_indirect_auto_indexed
119.71958,119.72122,0.0016400000000089676,6906.4479787275295,bench_add_indirect_auto_indexed
119.92148,119.92314,0.001660000000001105,6976.848724302861,bench_add_indirect_auto_indexed
120.12338,120.12504,0.001660000000001105,6988.368504685273,bench_add_indirect_auto_indexed
120.3253,120.32694,0.0016399999999947568,6891.083852366245,bench_add_indirect_auto_indexed
120.5272,120.52886,0.001660000000001105,6980.665377344872,bench_add_indirect_auto_indexed
120.72912,120.73076,0.0016400000000089676,6884.077051691884,bench_add_indirect_auto_indexed
120.93102,120.93266,0.0016399999999947568,6887.970762305548,bench_add_indirect_auto_indexed
121.13292,121.13458,0.001660000000001105,6971.610123296524,bench_add_indirect_auto_indexed
121.33482,121.33646,0.0016400000000089676,6881.983596868378,bench_add_indirect_auto_indexed
121.53672,121.53836,0.0016399999999947568,6875.845007576617,bench_add_indirect_auto_indexed
121.73862,121.74026,0.0016400000000089676,6888.490300662473,bench_add_indirect_auto_indexed
121.94052,121.94216,0.0016399999999947568,6891.73152202396,bench_add_indirect_auto_indexed
122.14242,122.14406,0.0016399999999947568,6877.5403033716975,bench_add_indirect_auto_indexed
122.34432,122.34596,0.0016400000000089676,6875.021145717,bench_add_indirect_auto_indexed
122.54622,122.54788,0.001660000000001105,6967.897526924705,bench_add_indirect_auto_indexed
122.74812,122.74978,0.001660000000001105,6978.113036607702,bench_add_indirect_auto_indexed
122.95004,122.95168,0.0016399999999947568,6894.868421345916,bench_add_indirect_auto_indexed
123.15194,123.1536,0.001660000000001105,6978.584602479624,bench_add_indirect_auto_indexed
123.35386,123.3555,0.0016400000000089676,6889.606034419881,bench_add_indirect_auto_indexed
123.55576,123.55742,0.0016599999999868942,6979.8814830752835,bench_add_indirect_auto_indexed
123.75768,123.75932,0.0016400000000089676,6886.555287092964,bench_add_indirect_auto_indexed
123.95958,123.96124,0.001660000000001105,6962.079526860692,bench_add_indirect_auto_indexed
124.1615,124.16314,0.0016399999999947568,6876.384653128839,bench_add_indirect_auto_indexed
124.3634,124.36506,0.001660000000001105,6963.064870801573,bench_add_indirect_auto_indexed
124.5653,124.56696,0.001660000000001105,6969.524752352499,bench_add_indirect_auto_indexed
124.76722,124.76888,0.001660000000001105,6976.731675681864,bench_add_indirect_auto_indexed
124.96914,124.97078,0.0016400000000089676,6881.528389677721,bench_add_indirect_auto_indexed
125.17106,125.1727,0.0016400000000089676,6886.351648755007,bench_add_indirect_auto_indexed
125.37296,125.37462,0.0016599999999868942,6973.307509851464,bench_add_indirect_auto_indexed
125.57488,125.57652,0.0016400000000089676,6881.170868911066,bench_add_indirect_auto_indexed
125.77678,125.77844,0.001660000000001105,6964.200129736845,bench_add_indirect_auto_indexed
125.97868,125.98034,0.001660000000001105,6966.143059548132,bench_add_indirect_auto_indexed
126.1806,126.18224,0.0016399999999947568,6867.468082323558,bench_add_indirect_auto_indexed
126.3825,126.38416,0.001660000000001105,6971.282870512473,bench_add_indirect_auto_indexed
126.58442,126.58608,0.001660000000001105,6968.215201053884,bench_add_indirect_auto_indexed
126.78632,126.78798,0.001660000000001105,6975.181219172532,bench_add_indirect_auto_indexed
126.98824,126.98988,0.0016399999999947568,6874.245619379708,bench_add_indirect_auto_indexed
127.19014,127.1918,0.001660000000001105,6956.453197640717,bench_add_indirect_auto_indexed
127.39204,127.3937,0.001660000000001105,6978.901051920037,bench_add_indirect_auto_indexed
127.59396,127.5956,0.0016400000000089676,6888.281758912516,bench_add_indirect_auto_indexed
127.79586,127.7975,0.0016399999999947568,6888.244221896364,bench_add_indirect_auto_indexed
127.99778,127.99942,0.0016399999999947568,6894.763028227095,bench_add_indirect_auto_indexed
128.19968,128.20134,0.0016599999999868942,6969.691011998007,bench_add_indirect_auto_indexed
128.4016,128.40324,0.0016400000000089676,6904.900823756931,bench_add_indirect_auto_indexed
128.6035,128.60516,0.0016600000000153159,6976.025020767243,bench_add_indirect_auto_indexed
128.8054,128.80706,0.0016600000000153159,6957.047665556388,bench_add_indirect_auto_indexed
129.00732,129.00896,0.0016400000000089676,6891.57453369404,bench_add_indirect_auto_indexed
129.20922,129.21088,0.0016600000000153159,6975.18392006718,bench_add_indirect_auto_indexed
129.41112,129.41278,0.0016599999999868942,6958.02707685415,bench_add_indirect_auto_indexed
129.61302,129.61468,0.0016599999999868942,6956.422678141058,bench_add_indirect_auto_indexed
129.81494,129.8166,0.0016599999999868942,6976.735009757108,bench_add_indirect_auto_indexed
130.01684,130.0185,0.0016599999999868942,6968.729291055714,bench_add_indirect_auto_indexed
130.21876,130.22042,0.0016599999999868942,6974.095543790603,bench_add_indirect_auto_indexed
130.42068,130.42232,0.0016400000000089676,6889.291931913049,bench_add_indirect_auto_indexed
130.6226,130.62424,0.001639999999980546,6888.562962329646,bench_add_indirect_auto_indexed
130.8245,130.82614,0.0016400000000089676,6970.586115532674,bench_add_indirect_auto_symbolic
131.0264,131.02802,0.0016200000000026193,6901.798923511261,bench_add_indirect_auto_symbolic
131.22828,131.2299,0.0016199999999741976,6877.151708941915,bench_add_indirect_auto_symbolic
131.43016,131.4318,0.0016400000000089676,6965.025067367189,bench_add_indirect_auto_symbolic
131.63206,131.63368,0.0016200000000026193,6893.042628663846,bench_add_indirect_auto_symbolic
131.83394,131.83558,0.001639999999980546,6958.460858941652,bench_add_indirect_auto_symbolic
132.03584,132.03746,0.0016200000000026193,6874.42154158942,bench_add_indirect_auto_symbolic
132.23772,132.23934,0.0016200000000026193,6872.87609093978,bench_add_indirect_auto_symbolic
132.4396,132.44124,0.001639999999980546,6963.447872466723,bench_add_indirect_auto_symbolic
132.64148,132.64312,0.0016400000000089676,6986.209377683819,bench_add_indirect_auto_symbolic
132.84336,132.845,0.0016400000000089676,6970.516187178072,bench_add_indirect_auto_symbolic
133.04526,133.04688,0.0016199999999741976,6874.236017356713,bench_add_indirect_auto_symbolic
133.24714,133.24876,0.0016200000000026193,6886.048144672789,bench_add_indirect_auto_symbolic
133.44902,133.45064,0.0016200000000026193,6886.510974737815,bench_add_indirect_auto_symbolic
133.6509,133.65254,0.001639999999980546,6972.041809847409,bench_add_indirect_auto_symbolic
133.85278,133.85442,0.0016400000000089676,6976.777873971376,bench_add_indirect_auto_symbolic
134.05466,134.0563,0.001639999999980546,6976.74891437619,bench_add_indirect_auto_symbolic
134.25654,134.25818,0.0016400000000089676,6965.729258990754,bench_add_indirect_auto_symbolic
134.45844,134.46006,0.0016200000000026193,6889.646127831142,bench_add_indirect_auto_symbolic
134.66032,134.66194,0.0016199999999741976,6873.56539059727,bench_add_indirect_auto_symbolic
134.8622,134.86384,0.0016400000000089676,6964.392806440543,bench_add_indirect_auto_symbolic
135.0641,135.06572,0.0016200000000026193,6891.7474104205885,bench_add_indirect_auto_symbolic
135.26598,135.26762,0.001639999999980546,6969.5845804287055,bench_add_indirect_auto_symbolic
135.46788,135.4695,0.0016200000000026193,6890.3561914450365,bench_add_indirect_auto_symbolic
135.66976,135.67138,0.0016200000000026193,6882.449532870571,bench_add_indirect_auto_symbolic
135.87164,135.87328,0.001639999999980546,6989.444550045219,bench_add_indirect_auto_symbolic
136.07352,136.07516,0.0016400000000089676,6974.401553200311,bench_add_indirect_auto_symbolic
136.27542,136.27704,0.0016200000000026193,6886.545484895593,bench_add_indirect_auto_symbolic
136.4773,136.47892,0.0016199999999741976,6875.20969648264,bench_add_indirect_auto_symbolic
136.67918,136.68082,0.0016400000000089676,6976.244999132406,bench_add_indirect_auto_symbolic
136.88108,136.8827,0.0016200000000026193,6892.884322454444,bench_add_indirect_auto_symbolic
137.08296,137.08458,0.0016199999999741976,6890.8304207809115,bench_add_indirect_auto_symbolic
137.28484,137.28646,0.0016200000000026193,6886.665918874906,bench_add_indirect_auto_symbolic
137.48672,137.48836,0.0016400000000089676,6974.880490490008,bench_add_indirect_auto_symbolic
137.68862,137.69024,0.0016200000000026193,6895.810179420515,bench_add_indirect_auto_symbolic
137.8905,137.89214,0.0016400000000089676,6976.162921675163,bench_add_indirect_auto_symbolic
138.0924,138.09402,0.0016200000000026193,6885.895407768751,bench_add_indirect_auto_symbolic
138.29428,138.29592,0.0016400000000089676,6972.9665713753,bench_add_indirect_auto_symbolic
138.49616,138.4978,0.0016400000000089676,6962.316739411925,bench_add_indirect_auto_symbolic
138.69806,138.6997,0.0016400000000089676,6958.466167598257,bench_add_indirect_auto_symbolic
138.89996,138.90158,0.0016200000000026193,6887.611313732244,bench_add_indirect_auto_symbolic
139.10186,139.10348,0.0016200000000026193,6887.031742381496,bench_add_indirect_auto_symbolic
139.30374,139.30538,0.0016400000000089676,6964.930044524989,bench_add_indirect_auto_symbolic
139.50564,139.50728,0.0016400000000089676,6983.564505390502,bench_add_indirect_auto_symbolic
139.70754,139.70916,0.0016200000000026193,6874.007028538566,bench_add_indirect_auto_symbolic
139.90942,139.91106,0.001639999999980546,6979.866856626517,bench_add_indirect_auto_symbolic
140.11132,140.11296,0.001639999999980546,6971.976784906428,bench_add_indirect_auto_symbolic
140.3132,140.31484,0.0016400000000089676,6966.1196275063085,bench_add_indirect_auto_symbolic
140.5151,140.51674,0.0016400000000089676,6969.746206925469,bench_add_indirect_auto_symbolic
140.717,140.71864,0.001639999999980546,6974.018798128145,bench_add_indirect_auto_symbolic
140.9189,140.92052,0.0016200000000026193,6880.682073544787,bench_add_indirect_auto_symbolic
141.12078,141.12242,0.0016400000000089676,6974.7948414097855,bench_add_indirect_auto_symbolic
141.32268,141.32432,0.0016400000000089676,6966.285822019604,bench_add_indirect_auto_symbolic
141.52458,141.5262,0.0016200000000026193,6892.87569840498,bench_add_indirect_auto_symbolic
141.72648,141.7281,0.0016200000000026193,6874.064286251487,bench_add_indirect_auto_symbolic
141.92836,141.93,0.0016400000000089676,6961.110634767396,bench_add_indirect_auto_symbolic
142.13026,142.1319,0.0016400000000089676,6971.732513085675,bench_add_indirect_auto_symbolic
142.33216,142.33378,0.0016200000000026193,6888.782386678822,bench_add_indirect_auto_symbolic
142.53404,142.53568,0.0016400000000089676,6970.662083513631,bench_add_indirect_auto_symbolic
142.73594,142.73756,0.0016200000000026193,6885.120552044109,bench_add_indirect_auto_symbolic
142.93782,142.93946,0.0016400000000089676,6959.04598109313,bench_add_indirect_auto_symbolic
143.13972,143.14134,0.0016200000000026193,6882.325708876845,bench_add_indirect_auto_symbolic
143.3416,143.34324,0.0016400000000089676,6966.119976753107,bench_add_indirect_auto_symbolic
143.5435,143.54512,0.0016200000000026193,6879.175542863077,bench_add_indirect_auto_symbolic
143.74538,143.74702,0.001639999999980546,6980.351158335751,bench_add_indirect_auto_symbolic
143.94728,143.9489,0.0016200000000026193,6881.562666977538,bench_add_indirect_auto_symbolic
144.14918,144.1508,0.0016200000000026193,6900.071799766389,bench_add_indirect_auto_symbolic
144.35106,144.3527,0.0016400000000089676,6965.5297231301065,bench_add_indirect_auto_symbolic
144.55296,144.55458,0.0016199999999741976,6887.026647927553,bench_add_indirect_auto_symbolic
144.75484,144.75648,0.0016400000000089676,6959.252730049107,bench_add_indirect_auto_symbolic
144.95674,144.95838,0.0016400000000089676,6969.64271370385,bench_add_indirect_auto_symbolic
145.15864,145.16028,0.0016400000000089676,6954.119820185114,bench_add_indirect_auto_symbolic
145.36054,145.36216,0.0016200000000026193,6864.986359151796,bench_add_indirect_auto_symbolic
145.56242,145.56406,0.0016400000000089676,6965.899453537462,bench_add_indirect_auto_symbolic
145.76432,145.76596,0.0016400000000089676,6963.499826415816,bench_add_indirect_auto_symbolic
145.96622,145.96786,0.0016400000000089676,6957.481815517834,bench_add_indirect_auto_symbolic
146.16812,146.16974,0.0016200000000026193,6893.269079748996,bench_add_indirect_auto_symbolic
146.37,146.37164,0.0016400000000089676,6980.491871983344,bench_add_indirect_auto_symbolic
146.5719,146.57354,0.0016400000000089676,6955.4530270765845,bench_add_indirect_auto_symbolic
146.7738,146.77542,0.0016200000000026193,6883.036042574996,bench_add_indirect_auto_symbolic
146.9757,146.97732,0.0016200000000026193,6877.7398113264435,bench_add_indirect_auto_symbolic
147.1776,147.17922,0.0016199999999741976,6890.985034296905,bench_add_indirect_auto_symbolic
147.3795,147.38112,0.0016200000000026193,6875.434364202754,bench_add_indirect_auto_symbolic
147.5814,147.58302,0.0016200000000026193,6885.699271236125,bench_add_indirect_auto_symbolic
147.78328,147.78492,0.0016400000000089676,6969.1825472175215,bench_add_indirect_auto_symbolic
147.98518,147.98682,0.001639999999980546,6957.273720682922,bench_add_indirect_auto_symbolic
148.18708,148.18872,0.001639999999980546,6968.807028524727,bench_add_indirect_auto_symbolic
148.38898,148.39062,0.0016400000000089676,6979.912882708262,bench_add_indirect_auto_symbolic
148.59088,148.5925,0.0016200000000026193,6893.8468769302235,bench_add_indirect_auto_symbolic
148.79276,148.7944,0.0016400000000089676,6966.413604133421,bench_add_indirect_auto_symbolic
148.99466,148.99628,0.0016200000000026193,6869.038562300558,bench_add_indirect_auto_symbolic
149.19654,149.19818,0.0016400000000089676,6983.31190742655,bench_add_indirect_auto_symbolic
149.39844,149.40008,0.0016400000000089676,6970.069007986404,bench_add_indirect_auto_symbolic
149.60034,149.60196,0.0016200000000026193,6892.137844125611,bench_add_indirect_auto_symbolic
149.80222,149.80386,0.001639999999980546,6979.530788874691,bench_add_indirect_auto_symbolic
150.00412,150.00574,0.0016200000000026193,6899.049757059436,bench_add_indirect_auto_symbolic
150.206,150.20762,0.0016200000000026193,6900.08288716184,bench_add_indirect_auto_symbolic
150.40788,150.40952,0.001639999999980546,6989.939887925889,bench_add_indirect_auto_symbolic
150.60976,150.6114,0.0016400000000089676,6972.646955438038,bench_add_indirect_auto_symbolic
150.81166,150.8133,0.0016400000000089676,6961.996927894946,bench_add_indirect_auto_symbolic
151.01356,151.0152,0.001639999999980546,6857.612831436729,bench_add_indirect_auto_absolute
151.21546,151.2171,0.001639999999980546,6864.224900410165,bench_add_indirect_auto_absolute
151.41738,151.41902,0.001639999999980546,6874.731713825115,bench_add_indirect_auto_absolute
151.61928,151.62094,0.0016599999999868942,6936.20183965318,bench_add_indirect_auto_absolute
151.8212,151.82284,0.0016400000000089676,6862.688562870059,bench_add_indirect_auto_absolute
152.0231,152.02474,0.0016400000000089676,6853.102166242576,bench_add_indirect_auto_absolute
152.225,152.22666,0.0016600000000153159,6957.643446575768,bench_add_indirect_auto_absolute
152.42692,152.42856,0.0016400000000089676,6850.203452669796,bench_add_indirect_auto_absolute
152.62882,152.63048,0.0016600000000153159,6940.5043777714545,bench_add_indirect_auto_absolute
152.83074,152.83238,0.0016400000000089676,6859.6601067494785,bench_add_indirect_auto_absolute
153.03264,153.03428,0.0016400000000089676,6860.452438742008,bench_add_indirect_auto_absolute
153.23456,153.2362,0.0016400000000089676,6862.613079176577,bench_add_indirect_auto_absolute
153.43646,153.43812,0.0016599999999868942,6933.486810830314,bench_add_indirect_auto_absolute
153.63838,153.64002,0.001639999999980546,6858.296529308662,bench_add_indirect_auto_absolute
153.84028,153.84192,0.001639999999980546,6847.550677986142,bench_add_indirect_auto_absolute
154.04218,154.04382,0.0016400000000089676,6855.287128165013,bench_add_indirect_auto_absolute
154.24408,154.24574,0.0016600000000153159,6942.74329586629,bench_add_indirect_auto_absolute
154.446,154.44764,0.0016400000000089676,6853.239345400624,bench_add_indirect_auto_absolute
154.6479,154.64954,0.0016400000000089676,6865.70231806451,bench_add_indirect_auto_absolute
154.8498,154.85144,0.0016400000000089676,6863.079061768556,bench_add_indirect_auto_absolute
155.0517,155.05336,0.0016599999999868942,6936.761471389096,bench_add_indirect_auto_absolute
155.2536,155.25526,0.0016599999999868942,6968.734902274999,bench_add_indirect_auto_absolute
155.45552,155.45716,0.001639999999980546,6855.801944538903,bench_add_indirect_auto_absolute
155.65742,155.65906,0.0016400000000089676,6857.597357630468,bench_add_indirect_auto_absolute
155.85932,155.86098,0.0016600000000153159,6930.823260981227,bench_add_indirect_auto_absolute
156.06124,156.06288,0.0016400000000089676,6874.181921629068,bench_add_indirect_auto_absolute
156.26314,156.26478,0.0016400000000089676,6862.674006298443,bench_add_indirect_auto_absolute
156.46504,156.46668,0.0016400000000089676,6861.037742383399,bench_add_indirect_auto_absolute
156.66694,156.66858,0.001639999999980546,6844.4689455557045,bench_add_indirect_auto_absolute
156.86884,156.8705,0.0016599999999868942,6940.465448369959,bench_add_indirect_auto_absolute
157.07076,157.0724,0.001639999999980546,6856.7653698034665,bench_add_indirect_auto_absolute
157.27266,157.2743,0.0016400000000089676,6860.141721591448,bench_add_indirect_auto_absolute
157.47456,157.4762,0.0016400000000089676,6868.485505729078,bench_add_indirect_auto_absolute
157.67646,157.67812,0.0016600000000153159,6942.232451464908,bench_add_indirect_auto_absolute
157.87836,157.88002,0.0016600000000153159,6929.890043166626,bench_add_indirect_auto_absolute
158.08028,158.08192,0.0016400000000089676,6867.241188920635,bench_add_indirect_auto_absolute
158.28218,158.28382,0.001639999999980546,6856.773975224707,bench_add_indirect_auto_absolute
158.48408,158.48574,0.0016599999999868942,6953.157698680983,bench_add_indirect_auto_absolute
158.686,158.68764,0.001639999999980546,6852.726503192306,bench_add_indirect_auto_absolute
158.8879,158.88954,0.0016400000000089676,6855.740170031667,bench_add_indirect_auto_absolute
159.0898,159.09146,0.0016600000000153159,6946.498253446158,bench_add_indirect_auto_absolute
159.2917,159.29336,0.0016600000000153159,6949.186995688664,bench_add_indirect_auto_absolute
159.49362,159.49526,0.0016400000000089676,6844.248464369138,bench_add_indirect_auto_absolute
159.69554,159.69718,0.0016400000000089676,6865.820237473572,bench_add_indirect_auto_absolute
159.89744,159.89908,0.0016400000000089676,6855.359119400016,bench_add_indirect_auto_absolute
160.09934,160.10098,0.001639999999980546,6856.951853180079,bench_add_indirect_auto_absolute
160.30124,160.3029,0.0016599999999868942,6950.068762472793,bench_add_indirect_auto_absolute
160.50314,160.5048,0.0016599999999868942,6954.89554660467,bench_add_indirect_auto_absolute
160.70506,160.7067,0.0016400000000089676,6859.731893093785,bench_add_indirect_auto_absolute
160.90696,160.9086,0.0016400000000089676,6869.272785296834,bench_add_indirect_auto_absolute
161.10886,161.11052,0.0016600000000153159,6945.551317248337,bench_add_indirect_auto_absolute
161.31078,161.31242,0.0016400000000089676,6858.822410033573,bench_add_indirect_auto_absolute
161.51268,161.51432,0.0016400000000089676,6854.482400267331,bench_add_indirect_auto_absolute
161.71458,161.71622,0.001639999999980546,6864.409898328088,bench_add_indirect_auto_absolute
161.91648,161.91812,0.001639999999980546,6862.873816779618,bench_add_indirect_auto_absolute
162.11838,162.12002,0.0016400000000089676,6850.338839031917,bench_add_indirect_auto_absolute
162.32028,162.32194,0.0016600000000153159,6942.061805230567,bench_add_indirect_auto_absolute
162.52218,162.52384,0.0016600000000153159,6943.318350303344,bench_add_indirect_auto_absolute
162.72408,162.72572,0.0016400000000089676,6857.928154095949,bench_add_indirect_auto_absolute
162.92598,162.92764,0.0016599999999868942,6939.125908483307,bench_add_indirect_auto_absolute
163.12788,163.12954,0.0016599999999868942,6942.69963069019,bench_add_indirect_auto_absolute
163.3298,163.33144,0.001639999999980546,6865.161545492931,bench_add_indirect_auto_absolute
163.5317,163.53334,0.0016400000000089676,6858.797357454599,bench_add_indirect_auto_absolute
163.7336,163.73524,0.0016400000000089676,6859.739702232944,bench_add_indirect_auto_absolute
163.9355,163.93714,0.0016400000000089676,6865.904750339502,bench_add_indirect_auto_absolute
164.1374,164.13906,0.0016599999999868942,6947.566159013744,bench_add_indirect_auto_absolute
164.33932,164.34096,0.0016400000000089676,6866.5852444617885,bench_add_indirect_auto_absolute
164.54122,164.54288,0.0016599999999868942,6952.514238601489,bench_add_indirect_auto_absolute
164.74314,164.74478,0.001639999999980546,6855.951761746004,bench_add_indirect_auto_absolute
164.94504,164.9467,0.0016599999999868942,6950.339646956866,bench_add_indirect_auto_absolute
165.14696,165.1486,0.001639999999980546,6854.905309072693,bench_add_indirect_auto_absolute
165.34886,165.3505,0.0016400000000089676,6855.020434632675,bench_add_indirect_auto_absolute
165.55076,165.55242,0.0016600000000153159,6943.845287959846,bench_add_indirect_auto_absolute
165.75266,165.75432,0.0016600000000153159,6955.72923875146,bench_add_indirect_auto_absolute
165.95458,165.95622,0.0016400000000089676,6853.7885835770285,bench_add_indirect_auto_absolute
166.1565,166.15814,0.0016400000000089676,6854.782258197712,bench_add_indirect_auto_absolute
166.35842,166.36006,0.0016400000000089676,6859.06490780463,bench_add_indirect_auto_absolute
166.56032,166.56196,0.0016400000000089676,6868.677465280875,bench_add_indirect_auto_absolute
166.76222,166.76388,0.0016599999999868942,6940.654027220905,bench_add_indirect_auto_absolute
166.96414,166.96578,0.0016400000000089676,6867.71881304722,bench_add_indirect_auto_absolute
167.16606,167.1677,0.0016400000000089676,6851.06611814449,bench_add_indirect_auto_absolute
167.36796,167.3696,0.001639999999980546,6865.349300125663,bench_add_indirect_auto_absolute
167.56986,167.57152,0.0016599999999868942,6938.649928143909,bench_add_indirect_auto_absolute
167.77178,167.77342,0.001639999999980546,6862.555635080687,bench_add_indirect_auto_absolute
167.97368,167.97534,0.0016599999999868942,6938.685267176879,bench_add_indirect_auto_absolute
168.1756,168.17724,0.0016400000000089676,6864.093532823216,bench_add_indirect_auto_absolute
168.3775,168.37914,0.0016400000000089676,6860.545524432753,bench_add_indirect_auto_absolute
168.5794,168.58106,0.0016600000000153159,6935.849343488891,bench_add_indirect_auto_absolute
168.78132,168.78296,0.0016400000000089676,6845.310735553739,bench_add_indirect_auto_absolute
168.98322,168.98488,0.0016600000000153159,6933.805523503524,bench_add_indirect_auto_absolute
169.18512,169.18678,0.0016599999999868942,6949.468185139238,bench_add_indirect_auto_absolute
169.38702,169.38868,0.0016599999999868942,6946.048336049077,bench_add_indirect_auto_absolute
169.58892,169.59058,0.0016599999999868942,6948.005994727623,bench_add_indirect_auto_absolute
169.79084,169.79248,0.0016400000000089676,6861.286410166739,bench_add_indirect_auto_absolute
169.99274,169.9944,0.0016600000000153159,6937.293089057289,bench_add_indirect_auto_absolute
170.19466,170.1963,0.0016400000000089676,6852.091313376741,bench_add_indirect_auto_absolute
170.39656,170.39822,0.0016600000000153159,6940.757003675971,bench_add_indirect_auto_absolute
170.59846,170.60012,0.0016600000000153159,6944.266171258811,bench_add_indirect_auto_absolute
170.80038,170.80202,0.0016400000000089676,6846.112259701247,bench_add_indirect_auto_absolute
171.0023,171.00394,0.0016400000000089676,6856.625434049122,bench_add_indirect_auto_absolute
171.2042,171.2049,0.0007000000000232376,2480.7145144760843,bench_mov_register_register
171.40516,171.40584,0.0006800000000168893,2392.2179337304174,bench_mov_register_register
171.60612,171.6068,0.0006799999999884676,2391.9545718974136,bench_mov_register_register
171.80706,171.80776,0.0006999999999948159,2472.6674728812704,bench_mov_register_register
172.008,172.0087,0.0006999999999948159,2479.6303524372347,bench_mov_register_register
172.20896,172.20964,0.0006800000000168893,2389.896586600563,bench_mov_register_register
172.4099,172.4106,0.0006999999999948159,2476.1527101381294,bench_mov_register_register
172.61086,172.61154,0.0006799999999884676,2390.4262273145077,bench_mov_register_register
172.8118,172.81248,0.0006799999999884676,2400.8629447348767,bench_mov_register_register
173.01274,173.01342,0.0006799999999884676,2416.193440974057,bench_mov_register_register
173.21368,173.21438,0.0006999999999948159,2476.8455908373057,bench_mov_register_register
173.41464,173.41532,0.0006800000000168893,2389.9731017369572,bench_mov_register_register
173.61558,173.61628,0.0006999999999948159,2465.864990357897,bench_mov_register_register
173.81654,173.81722,0.0006799999999884676,2388.888248200619,bench_mov_register_register
174.01748,174.01816,0.0006799999999884676,2397.7602202947564,bench_mov_register_register
174.21842,174.2191,0.0006799999999884676,2406.6690355067503,bench_mov_register_register
174.41936,174.42006,0.0006999999999948159,2482.8108446390934,bench_mov_register_register
174.62032,174.621,0.0006800000000168893,2404.8896553636678,bench_mov_register_register
174.82126,174.82194,0.0006800000000168893,2412.522512084752,bench_mov_register_register
175.0222,175.0229,0.0006999999999948159,2475.6626761361863,bench_mov_register_register
175.22316,175.22384,0.0006799999999884676,2401.0556935829018,bench_mov_register_register
175.42412,175.4248,0.0006800000000168893,2413.202053933757,bench_mov_register_register
175.62506,175.62576,0.0007000000000232376,2485.5244765928974,bench_mov_register_register
175.82602,175.8267,0.0006799999999884676,2412.5918163519864,bench_mov_register_register
176.02696,176.02766,0.0006999999999948159,2469.276110621018,bench_mov_register_register
176.22792,176.2286,0.0006799999999884676,2393.879287361518,bench_mov_register_register
176.42886,176.42956,0.0007000000000232376,2485.2121552403983,bench_mov_register_register
176.62982,176.6305,0.0006800000000168893,2388.845004670841,bench_mov_register_register
176.83076,176.83144,0.0006799999999884676,2392.124296128142,bench_mov_register_register
177.0317,177.03238,0.0006799999999884676,2404.319278389607,bench_mov_register_register
177.23264,177.23334,0.0006999999999948159,2484.9668238099766,bench_mov_register_register
177.4336,177.43428,0.0006799999999884676,2403.5582201990665,bench_mov_register_register
177.63454,177.63522,0.0006800000000168893,2411.635862729736,bench_mov_register_register
177.83548,177.83618,0.0007000000000232376,2459.513647568635,bench_mov_register_register
178.03644,178.03712,0.0006799999999884676,2407.5607675661345,bench_mov_register_register
178.23738,178.23806,0.0006799999999884676,2401.888109700455,bench_mov_register_register
178.43834,178.43902,0.0006799999999884676,2385.977925685642,bench_mov_register_register
178.63928,178.63996,0.0006799999999884676,2390.409670720976,bench_mov_register_register
178.84022,178.84092,0.0007000000000232376,2476.3889518527935,bench_mov_register_register
179.04116,179.04186,0.0007000000000232376,2482.2690594885885,bench_mov_register_register
179.24212,179.2428,0.0006799999999884676,2386.3409622186523,bench_mov_register_register
179.44306,179.44374,0.0006799999999884676,2394.0642945980085,bench_mov_register_register
179.644,179.64468,0.0006799999999884676,2408.6446384459646,bench_mov_register_register
179.84494,179.84564,0.0006999999999948159,2479.170004345069,bench_mov_register_register
180.04588,180.04658,0.0006999999999948159,2471.4317521741464,bench_mov_register_register
180.24682,180.24752,0.0006999999999948159,2472.0687838000376,bench_mov_register_register
180.44776,180.44846,0.0007000000000232376,2484.217351391512,bench_mov_register_register
180.6487,180.6494,0.0007000000000232376,2469.5196236431325,bench_mov_register_register
180.84964,180.85034,0.0006999999999948159,2470.010828678704,bench_mov_register_register
181.05058,181.05128,0.0006999999999948159,2467.821165904318,bench_mov_register_register
181.25154,181.25222,0.0006799999999884676,2393.657911989817,bench_mov_register_register
181.45248,181.45318,0.0006999999999948159,2481.6353339442016,bench_mov_register_register
181.65344,181.65412,0.0006800000000168893,2398.7360392408063,bench_mov_register_register
181.85438,181.85506,0.0006800000000168893,2403.2307998920137,bench_mov_register_register
182.05532,182.056,0.0006800000000168893,2417.4618931208092,bench_mov_register_register
182.25626,182.25696,0.0006999999999948159,2483.4083393058677,bench_mov_register_register
182.4572,182.4579,0.0006999999999948159,2474.2315173918882,bench_mov_register_register
182.65816,182.65884,0.0006799999999884676,2401.636636302355,bench_mov_register_register
182.8591,182.85978,0.0006799999999884676,2396.9659860683655,bench_mov_register_register
183.06004,183.06072,0.0006800000000168893,2396.2593754480217,bench_mov_register_register
183.26098,183.26168,0.0007000000000232376,2482.8202045463167,bench_mov_register_register
183.46194,183.46262,0.0006799999999884676,2401.8099344878938,bench_mov_register_register
183.66288,183.66356,0.0006799999999884676,2394.136097242936,bench_mov_register_register
183.86382,183.86452,0.0006999999999948159,2478.9118789875397,bench_mov_register_register
184.06478,184.06546,0.0006799999999884676,2398.889635174695,bench_mov_register_register
184.26572,184.26642,0.0007000000000232376,2486.3092206386004,bench_mov_register_register
184.46668,184.46736,0.0006800000000168893,2393.264477202603,bench_mov_register_register
184.66762,184.6683,0.0006799999999884676,2408.806169366384,bench_mov_register_register
184.86856,184.86926,0.0006999999999948159,2474.7761757833855,bench_mov_register_register
185.06952,185.0702,0.0006799999999884676,2392.6199436633797,bench_mov_register_register
185.27046,185.27116,0.0006999999999948159,2473.062067266737,bench_mov_register_register
185.47142,185.4721,0.0006800000000168893,2398.673147028104,bench_mov_register_register
185.67236,185.67304,0.0006799999999884676,2394.6238541592784,bench_mov_register_register
185.8733,185.87398,0.0006799999999884676,2408.4068322152743,bench_mov_register_register
186.07424,186.07492,0.0006799999999884676,2405.3442268207614,bench_mov_register_register
186.27518,186.27586,0.0006799999999884676,2396.070791829636,bench_mov_register_register
186.47612,186.47682,0.0006999999999948159,2477.6085233058793,bench_mov_register_register
186.67708,186.67776,0.0006800000000168893,2399.78614735379,bench_mov_register_register
186.87802,186.8787,0.0006800000000168893,2403.8084434066564,bench_mov_register_register
187.07898,187.07966,0.0006799999999884676,2410.357166041736,bench_mov_register_register
187.27992,187.2806,0.0006799999999884676,2402.597668072024,bench_mov_register_register
187.48088,187.48156,0.0006799999999884676,2397.3569971959605,bench_mov_register_register
187.68182,187.6825,0.0006800000000168893,2392.206287542824,bench_mov_register_register
187.88276,187.88344,0.0006800000000168893,2405.895975016561,bench_mov_register_register
188.0837,188.0844,0.0006999999999948159,2481.7689577915544,bench_mov_register_register
188.28466,188.28534,0.0006799999999884676,2394.958783364606,bench_mov_register_register
188.4856,188.48628,0.0006799999999884676,2403.4598166616206,bench_mov_register_register
188.68654,188.68724,0.0006999999999948159,2478.8997787719654,bench_mov_register_register
188.8875,188.88818,0.0006800000000168893,2402.676332343002,bench_mov_register_register
189.08844,189.08912,0.0006800000000168893,2394.405733858687,bench_mov_register_register
189.28938,189.29008,0.0006999999999948159,2471.2751828947166,bench_mov_register_register
189.49034,189.49102,0.0006799999999884676,2400.2540623345994,bench_mov_register_register
189.6913,189.69198,0.0006799999999884676,2389.7918709060423,bench_mov_register_register
189.89224,189.89294,0.0007000000000232376,2474.951932762753,bench_mov_register_register
190.0932,190.09388,0.0006800000000168893,2403.999271398089,bench_mov_register_register
190.29414,190.29484,0.0006999999999948159,2477.1724548025677,bench_mov_register_register
190.4951,190.49578,0.0006799999999884676,2391.30752854869,bench_mov_register_register
190.69604,190.69672,0.0006799999999884676,2397.874579717953,bench_mov_register_register
190.89698,190.89768,0.0006999999999948159,2467.501191395647,bench_mov_register_register
191.09794,191.09864,0.0006999999999948159,2474.066044656451,bench_mov_register_register
191.2989,191.3003,0.0013999999999896318,5279.967058409962,bench_mov_register_indexed
191.50056,191.50196,0.0013999999999896318,5292.363213334973,bench_mov_register_indexed
191.70222,191.70364,0.00141999999999598,5357.60820841222,bench_mov_register_indexed
191.9039,191.9053,0.0014000000000180535,5281.662801351198,bench_mov_register_indexed
192.10556,192.10696,0.0013999999999896318,5269.540287515983,bench_mov_register_indexed
192.30724,192.30864,0.0013999999999896318,5281.818329781256,bench_mov_register_indexed
192.5089,192.5103,0.0013999999999896318,5277.572306758931,bench_mov_register_indexed
192.71056,192.71196,0.0014000000000180535,5288.35780227368,bench_mov_register_indexed
192.91224,192.91364,0.0013999999999896318,5291.519926357114,bench_mov_register_indexed
193.1139,193.1153,0.0013999999999896318,5286.3963110915965,bench_mov_register_indexed
193.31558,193.31698,0.0013999999999896318,5281.082251995977,bench_mov_register_indexed
193.51724,193.51864,0.0014000000000180535,5276.913701162669,bench_mov_register_indexed
193.7189,193.7203,0.0014000000000180535,5284.934484006183,bench_mov_register_indexed
193.92056,193.92198,0.00141999999999598,5350.405888153595,bench_mov_register_indexed
194.12224,194.12364,0.0013999999999896318,5277.213337791453,bench_mov_register_indexed
194.3239,194.3253,0.0013999999999896318,5278.376112648013,bench_mov_register_indexed
194.52556,194.52696,0.0013999999999896318,5284.6610941475465,bench_mov_register_indexed
194.72722,194.72862,0.0014000000000180535,5294.195406678204,bench_mov_register_indexed
194.9289,194.9303,0.0013999999999896318,5268.937770704767,bench_mov_register_indexed
195.13054,195.13194,0.0013999999999896318,5277.726168240884,bench_mov_register_indexed
195.3322,195.33362,0.00141999999999598,5367.725032833131,bench_mov_register_indexed
195.53388,195.53528,0.0013999999999896318,5279.812468172274,bench_mov_register_indexed
195.73552,195.73694,0.00141999999999598,5359.159917551414,bench_mov_register_indexed
195.93718,195.93858,0.0013999999999896318,5306.984721638203,bench_mov_register_indexed
196.13884,196.14024,0.0014000000000180535,5276.982227879645,bench_mov_register_indexed
196.34052,196.34192,0.0013999999999896318,5256.842491179631,bench_mov_register_indexed
196.54216,196.54358,0.00141999999999598,5364.019093090963,bench_mov_register_indexed
196.74382,196.74522,0.0013999999999896318,5278.395067396821,bench_mov_register_indexed
196.94548,196.94688,0.0013999999999896318,5278.851108118855,bench_mov_register_indexed
197.14714,197.14854,0.0013999999999896318,5282.735172617691,bench_mov_register_indexed
197.3488,197.3502,0.0013999999999896318,5277.7724060722285,bench_mov_register_indexed
197.55046,197.55186,0.0014000000000180535,5266.728992645994,bench_mov_register_indexed
197.75212,197.75352,0.0014000000000180535,5284.428359080225,bench_mov_register_indexed
197.95378,197.95518,0.0014000000000180535,5280.446629110606,bench_mov_register_indexed
198.15542,198.15684,0.00141999999999598,5366.432291909291,bench_mov_register_indexed
198.3571,198.3585,0.0013999999999896318,5287.940069060638,bench_mov_register_indexed
198.55874,198.56016,0.00141999999999598,5366.1585785310035,bench_mov_register_indexed
198.76042,198.76182,0.0013999999999896318,5270.545557097543,bench_mov_register_indexed
198.96208,198.96348,0.0014000000000180535,5268.9066041053,bench_mov_register_indexed
199.16374,199.16514,0.0014000000000180535,5281.275271043327,bench_mov_register_indexed
199.3654,199.3668,0.0014000000000180535,5280.997157167242,bench_mov_register_indexed
199.56706,199.56846,0.0013999999999896318,5286.12379446591,bench_mov_register_indexed
199.76874,199.77014,0.0013999999999896318,5276.697312903837,bench_mov_register_indexed
199.9704,199.9718,0.0013999999999896318,5282.840547107788,bench_mov_register_indexed
200.17206,200.17346,0.0014000000000180535,5294.6151677312755,bench_mov_register_indexed
200.37372,200.37512,0.0014000000000180535,5295.436414962685,bench_mov_register_indexed
200.5754,200.5768,0.0013999999999896318,5272.1816510493345,bench_mov_register_indexed
200.77706,200.77846,0.0013999999999896318,5292.076875880297,bench_mov_register_indexed
200.97872,200.98012,0.0013999999999896318,5287.802850318326,bench_mov_register_indexed
201.1804,201.1818,0.0014000000000180535,5278.158199579432,bench_mov_register_indexed
201.38206,201.38346,0.0014000000000180535,5292.649995604822,bench_mov_register_indexed
201.58372,201.58512,0.0013999999999896318,5278.690371157885,bench_mov_register_indexed
201.78538,201.78678,0.0013999999999896318,5284.030737781172,bench_mov_register_indexed
201.98706,201.98846,0.0013999999999896318,5276.042502330391,bench_mov_register_indexed
202.18872,202.19012,0.0014000000000180535,5261.512606009445,bench_mov_register_indexed
202.39038,202.39178,0.0014000000000180535,5287.93632991184,bench_mov_register_indexed
202.59204,202.59344,0.0013999999999896318,5288.285070526222,bench_mov_register_indexed
202.79372,202.79512,0.0013999999999896318,5285.346391570952,bench_mov_register_indexed
202.99538,202.99678,0.0013999999999896318,5277.606842529915,bench_mov_register_indexed
203.19704,203.19844,0.0014000000000180535,5285.393809972692,bench_mov_register_indexed
203.3987,203.40012,0.00141999999999598,5356.257017689955,bench_mov_register_indexed
203.60038,203.60178,0.0013999999999896318,5275.0492607791075,bench_mov_register_indexed
203.80206,203.80346,0.0013999999999896318,5280.819144056248,bench_mov_register_indexed
204.00372,204.00512,0.0014000000000180535,5292.556171843778,bench_mov_register_indexed
204.2054,204.2068,0.0013999999999896318,5280.076530725441,bench_mov_register_indexed
204.40706,204.40846,0.0013999999999896318,5274.6345707758255,bench_mov_register_indexed
204.60874,204.61014,0.0013999999999896318,5280.940106559994,bench_mov_register_indexed
204.8104,204.8118,0.0014000000000180535,5284.962104705439,bench_mov_register_indexed
205.01206,205.01346,0.0014000000000180535,5288.4969185814725,bench_mov_register_indexed
205.21374,205.21514,0.0013999999999896318,5271.421759351988,bench_mov_register_indexed
205.4154,205.4168,0.0013999999999896318,5286.076338920467,bench_mov_register_indexed
205.61706,205.61846,0.0013999999999896318,5286.2678560930035,bench_mov_register_indexed
205.81872,205.82012,0.0013999999999896318,5286.2542401561,bench_mov_register_indexed
206.02038,206.02178,0.0014000000000180535,5268.080453460396,bench_mov_register_indexed
206.22206,206.22346,0.0013999999999896318,5286.652084867743,bench_mov_register_indexed
206.42372,206.42512,0.0013999999999896318,5291.076325770745,bench_mov_register_indexed
206.62538,206.62678,0.0013999999999896318,5286.665521521153,bench_mov_register_indexed
206.82706,206.82846,0.0014000000000180535,5283.634450824285,bench_mov_register_indexed
207.02872,207.03012,0.0014000000000180535,5280.904935276423,bench_mov_register_indexed
207.23038,207.23178,0.0013999999999896318,5284.718251749964,bench_mov_register_indexed
207.43204,207.43344,0.0013999999999896318,5289.533105641272,bench_mov_register_indexed
207.63372,207.63512,0.0013999999999896318,5283.904320051144,bench_mov_register_indexed
207.83538,207.83678,0.0014000000000180535,5267.041055558361,bench_mov_register_indexed
208.03704,208.03844,0.0014000000000180535,5277.4721873705685,bench_mov_register_indexed
208.2387,208.2401,0.0014000000000180535,5280.783500128845,bench_mov_register_indexed
208.44036,208.44176,0.0013999999999896318,5291.695117445709,bench_mov_register_indexed
208.64202,208.64342,0.0013999999999896318,5288.997616112917,bench_mov_register_indexed
208.84368,208.84508,0.0013999999999896318,5268.761073197824,bench_mov_register_indexed
209.04534,209.04674,0.0013999999999896318,5267.7643391806105,bench_mov_register_indexed
209.247,209.2484,0.0013999999999896318,5296.821179753987,bench_mov_register_indexed
209.44866,209.45006,0.0014000000000180535,5285.5032496864715,bench_mov_register_indexed
209.65032,209.65174,0.00141999999999598,5360.429168200839,bench_mov_register_indexed
209.852,209.8534,0.0013999999999896318,5276.933510282669,bench_mov_register_indexed
210.05366,210.05506,0.0013999999999896318,5276.854389772072,bench_mov_register_indexed
210.25532,210.25672,0.0013999999999896318,5269.122943237516,bench_mov_register_indexed
210.45698,210.45838,0.0014000000000180535,5279.189280771915,bench_mov_register_indexed
210.65864,210.66004,0.0014000000000180535,5290.189033910806,bench_mov_register_indexed
210.8603,210.86172,0.00141999999999598,5353.639805675049,bench_mov_register_indexed
211.06196,211.06336,0.0013999999999896318,5294.064197185845,bench_mov_register_indexed
211.26364,211.26504,0.0013999999999896318,5277.752715583925,bench_mov_register_indexed
211.4653,211.46668,0.0013799999999832835,5271.83086371592,bench_mov_register_symbolic
211.66694,211.66832,0.0013799999999832835,5289.6345312943595,bench_mov_register_symbolic
211.86856,211.86994,0.0013800000000117052,5289.111705539919,bench_mov_register_symbolic
212.0702,212.07158,0.0013800000000117052,5278.787198522947,bench_mov_register_symbolic
212.27184,212.27322,0.0013800000000117052,5278.601378714478,bench_mov_register_symbolic
212.47348,212.47486,0.0013800000000117052,5282.613122882573,bench_mov_register_symbolic
212.67512,212.6765,0.0013800000000117052,5289.501282433364,bench_mov_register_symbolic
212.87676,212.87812,0.001360000000005357,5205.009046499981,bench_mov_register_symbolic
213.0784,213.07978,0.0013800000000117052,5285.485242542305,bench_mov_register_symbolic
213.28002,213.2814,0.0013799999999832835,5285.104319853012,bench_mov_register_symbolic
213.48166,213.48304,0.0013799999999832835,5292.111118256795,bench_mov_register_symbolic
213.6833,213.68468,0.0013799999999832835,5281.681676795679,bench_mov_register_symbolic
213.88494,213.88632,0.0013800000000117052,5284.708146982554,bench_mov_register_symbolic
214.08658,214.08796,0.0013800000000117052,5286.0710327971465,bench_mov_register_symbolic
214.28822,214.2896,0.0013800000000117052,5294.88251549201,bench_mov_register_symbolic
214.48988,214.49126,0.0013800000000117052,5278.40386382278,bench_mov_register_symbolic
214.69152,214.6929,0.0013800000000117052,5295.27263953342,bench_mov_register_symbolic
214.89318,214.89456,0.0013800000000117052,5284.352563367288,bench_mov_register_symbolic
215.09482,215.0962,0.0013800000000117052,5276.738381990098,bench_mov_register_symbolic
215.29646,215.29784,0.0013800000000117052,5280.907528987307,bench_mov_register_symbolic
215.4981,215.49948,0.0013800000000117052,5286.457319791671,bench_mov_register_symbolic
215.69976,215.70114,0.0013800000000117052,5285.221468703624,bench_mov_register_symbolic
215.9014,215.90278,0.0013800000000117052,5288.657960528772,bench_mov_register_symbolic
216.10302,216.1044,0.0013800000000117052,5288.706733893919,bench_mov_register_symbolic
216.30466,216.30604,0.0013799999999832835,5290.219869861371,bench_mov_register_symbolic
216.5063,216.50768,0.0013799999999832835,5272.959947983843,bench_mov_register_symbolic
216.70792,216.7093,0.0013800000000117052,5279.780703178899,bench_mov_register_symbolic
216.90956,216.91094,0.0013800000000117052,5283.476456580064,bench_mov_register_symbolic
217.1112,217.11258,0.0013800000000117052,5293.585164517941,bench_mov_register_symbolic
217.31284,217.31422,0.0013800000000117052,5295.052935881801,bench_mov_register_symbolic
217.51448,217.51586,0.0013800000000117052,5290.127657401991,bench_mov_register_symbolic
217.71614,217.71752,0.0013800000000117052,5289.72267876251,bench_mov_register_symbolic
217.91778,217.91916,0.0013800000000117052,5295.030423486764,bench_mov_register_symbolic
218.11942,218.1208,0.0013800000000117052,5267.010321887141,bench_mov_register_symbolic
218.32106,218.32244,0.0013800000000117052,5300.09496729139,bench_mov_register_symbolic
218.5227,218.52408,0.0013800000000117052,5276.697992860843,bench_mov_register_symbolic
218.72434,218.72572,0.0013799999999832835,5281.284921734376,bench_mov_register_symbolic
218.92598,218.92736,0.0013799999999832835,5288.870576699958,bench_mov_register_symbolic
219.12762,219.129,0.0013799999999832835,5278.033695583174,bench_mov_register_symbolic
219.32926,219.33064,0.0013799999999832835,5279.065377478918,bench_mov_register_symbolic
219.53088,219.53226,0.0013800000000117052,5287.493991244785,bench_mov_register_symbolic
219.73252,219.7339,0.0013800000000117052,5286.688832612705,bench_mov_register_symbolic
219.93416,219.93554,0.0013800000000117052,5298.781700014468,bench_mov_register_symbolic
220.1358,220.13718,0.0013800000000117052,5293.152283459032,bench_mov_register_symbolic
220.33744,220.33882,0.0013800000000117052,5286.39893285161,bench_mov_register_symbolic
220.53908,220.54046,0.0013799999999832835,5280.161101767207,bench_mov_register_symbolic
220.74072,220.7421,0.0013799999999832835,5286.720883965664,bench_mov_register_symbolic
220.94236,220.94374,0.0013799999999832835,5290.22925992441,bench_mov_register_symbolic
221.144,221.14536,0.001360000000005357,5189.041742142734,bench_mov_register_symbolic
221.34564,221.34702,0.0013799999999832835,5288.237733701559,bench_mov_register_symbolic
221.54728,221.54866,0.0013800000000117052,5290.745678402444,bench_mov_register_symbolic
221.74892,221.7503,0.0013800000000117052,5280.908912001041,bench_mov_register_symbolic
221.95056,221.95194,0.0013800000000117052,5278.768502221845,bench_mov_register_symbolic
222.1522,222.15358,0.0013800000000117052,5280.156224082238,bench_mov_register_symbolic
222.35386,222.35524,0.0013800000000117052,5278.594046876551,bench_mov_register_symbolic
222.5555,222.55688,0.0013800000000117052,5294.454691513615,bench_mov_register_symbolic
222.75714,222.75852,0.0013800000000117052,5284.415534744435,bench_mov_register_symbolic
222.95878,222.96016,0.0013800000000117052,5295.969203628756,bench_mov_register_symbolic
223.16044,223.1618,0.001360000000005357,5208.654420007163,bench_mov_register_symbolic
223.36208,223.36346,0.0013800000000117052,5290.174663579956,bench_mov_register_symbolic
223.56372,223.5651,0.0013800000000117052,5285.682394216916,bench_mov_register_symbolic
223.76536,223.76674,0.0013800000000117052,5283.435804353499,bench_mov_register_symbolic
223.967,223.96838,0.0013799999999832835,5289.585024515591,bench_mov_register_symbolic
224.16864,224.17002,0.0013799999999832835,5294.2368201229565,bench_mov_register_symbolic
224.3703,224.37168,0.0013800000000117052,5274.363651454272,bench_mov_register_symbolic
224.57194,224.57332,0.0013799999999832835,5283.027959452938,bench_mov_register_symbolic
224.77358,224.77496,0.0013799999999832835,5296.957036410899,bench_mov_register_symbolic
224.97522,224.9766,0.0013799999999832835,5298.765727718309,bench_mov_register_symbolic
225.17688,225.17826,0.0013799999999832835,5288.646374760928,bench_mov_register_symbolic
225.37852,225.3799,0.0013799999999832835,5289.754089831079,bench_mov_register_symbolic
225.58016,225.58154,0.0013799999999832835,5290.680511322999,bench_mov_register_symbolic
225.7818,225.78318,0.0013799999999832835,5286.549113158953,bench_mov_register_symbolic
225.98344,225.98482,0.0013800000000117052,5278.4667234380895,bench_mov_register_symbolic
226.18508,226.18646,0.0013800000000117052,5282.705228355761,bench_mov_register_symbolic
226.38672,226.3881,0.0013800000000117052,5283.567120832914,bench_mov_register_symbolic
226.58838,226.58976,0.0013800000000117052,5285.333243710023,bench_mov_register_symbolic
226.79002,226.7914,0.0013800000000117052,5284.369660120641,bench_mov_register_symbolic
226.99166,226.99304,0.0013800000000117052,5285.817082086681,bench_mov_register_symbolic
227.1933,227.19468,0.0013800000000117052,5286.784314132087,bench_mov_register_symbolic
227.39494,227.39632,0.0013800000000117052,5290.139475884746,bench_mov_register_symbolic
227.5966,227.59798,0.0013800000000117052,5287.426400511433,bench_mov_register_symbolic
227.79824,227.79962,0.0013800000000117052,5289.289851254958,bench_mov_register_symbolic
227.9999,228.00128,0.0013800000000117052,5287.60040649022,bench_mov_register_symbolic
228.20154,228.20292,0.0013800000000117052,5290.391487116158,bench_mov_register_symbolic
228.40318,228.40456,0.0013800000000117052,5295.017478103165,bench_mov_register_symbolic
228.60484,228.60622,0.0013800000000117052,5292.524006263278,bench_mov_register_symbolic
228.80648,228.80786,0.0013800000000117052,5290.019977885784,bench_mov_register_symbolic
229.00814,229.00952,0.0013800000000117052,5287.242853128864,bench_mov_register_symbolic
229.2098,229.21118,0.0013800000000117052,5297.79289155129,bench_mov_register_symbolic
229.41144,229.41282,0.0013800000000117052,5272.434318949468,bench_mov_register_symbolic
229.6131,229.61448,0.0013799999999832835,5289.960487213933,bench_mov_register_symbolic
229.81476,229.81614,0.0013799999999832835,5282.222842732774,bench_mov_register_symbolic
230.01642,230.0178,0.0013799999999832835,5279.88846872569,bench_mov_register_symbolic
230.21808,230.21946,0.0013800000000117052,5294.676451061257,bench_mov_register_symbolic
230.41974,230.42112,0.0013800000000117052,5284.836548428801,bench_mov_register_symbolic
230.62138,230.62276,0.0013800000000117052,5278.256516952967,bench_mov_register_symbolic
230.82304,230.82442,0.0013800000000117052,5288.0285215121285,bench_mov_register_symbolic
231.0247,231.02608,0.0013800000000117052,5282.645775052133,bench_mov_register_symbolic
231.22636,231.22774,0.0013800000000117052,5285.060145006538,bench_mov_register_symbolic
231.428,231.42938,0.0013800000000117052,5286.426539578886,bench_mov_register_symbolic
231.62966,231.63106,0.0013999999999896318,5291.6140458168375,bench_mov_register_absolute
231.83134,231.83274,0.0013999999999896318,5278.872451699833,bench_mov_register_absolute
232.03302,232.0344,0.0013800000000117052,5188.038474926669,bench_mov_register_absolute
232.23468,232.23608,0.0013999999999896318,5285.3219466839355,bench_mov_register_absolute
232.43634,232.43774,0.0013999999999896318,5275.834449529037,bench_mov_register_absolute
232.63802,232.63942,0.0013999999999896318,5271.614429031254,bench_mov_register_absolute
232.83968,232.84108,0.0014000000000180535,5276.190354561998,bench_mov_register_absolute
233.04136,233.04276,0.0013999999999896318,5260.568591729034,bench_mov_register_absolute
233.24304,233.24442,0.0013799999999832835,5189.809927186909,bench_mov_register_absolute
233.4447,233.4461,0.0013999999999896318,5275.607625908339,bench_mov_register_absolute
233.64636,233.64776,0.0014000000000180535,5285.447905843598,bench_mov_register_absolute
233.84804,233.84944,0.0013999999999896318,5275.393894370051,bench_mov_register_absolute
234.0497,234.0511,0.0013999999999896318,5278.24196494967,bench_mov_register_absolute
234.25136,234.25276,0.0013999999999896318,5275.554684881933,bench_mov_register_absolute
234.45302,234.45442,0.0013999999999896318,5269.021028608143,bench_mov_register_absolute
234.6547,234.65608,0.0013800000000117052,5195.722903636675,bench_mov_register_absolute
234.85636,234.85776,0.0014000000000180535,5269.760787559857,bench_mov_register_absolute
235.05802,235.05942,0.0013999999999896318,5277.321389838003,bench_mov_register_absolute
235.2597,235.2611,0.0013999999999896318,5275.776213922589,bench_mov_register_absolute
235.46136,235.46276,0.0013999999999896318,5276.616569565181,bench_mov_register_absolute
235.66304,235.66444,0.0014000000000180535,5281.677476666086,bench_mov_register_absolute
235.8647,235.8661,0.0013999999999896318,5280.978451445228,bench_mov_register_absolute
236.06638,236.06778,0.0013999999999896318,5278.969556048822,bench_mov_register_absolute
236.26806,236.26946,0.0014000000000180535,5269.286516193098,bench_mov_register_absolute
236.46972,236.47112,0.0014000000000180535,5267.612631503199,bench_mov_register_absolute
236.6714,236.6728,0.0013999999999896318,5271.915295120608,bench_mov_register_absolute
236.87306,236.87446,0.0013999999999896318,5282.8720211556265,bench_mov_register_absolute
237.07474,237.07612,0.0013800000000117052,5180.764296139365,bench_mov_register_absolute
237.2764,237.2778,0.0014000000000180535,5266.236020322286,bench_mov_register_absolute
237.47806,237.47946,0.0013999999999896318,5274.379115978114,bench_mov_register_absolute
237.67974,237.68112,0.0013799999999832835,5183.508945561956,bench_mov_register_absolute
237.8814,237.8828,0.0013999999999896318,5272.496130739795,bench_mov_register_absolute
238.08306,238.08446,0.0014000000000180535,5277.039576393949,bench_mov_register_absolute
238.28474,238.28614,0.0013999999999896318,5273.487919437603,bench_mov_register_absolute
238.4864,238.4878,0.0013999999999896318,5279.225937515451,bench_mov_register_absolute
238.68808,238.68946,0.0013799999999832835,5189.336833941602,bench_mov_register_absolute
238.88974,238.89114,0.0014000000000180535,5282.807843830652,bench_mov_register_absolute
239.0914,239.0928,0.0014000000000180535,5287.593687023422,bench_mov_register_absolute
239.29308,239.29446,0.0013799999999832835,5196.16926548309,bench_mov_register_absolute
239.49474,239.49614,0.0013999999999896318,5276.412672788891,bench_mov_register_absolute
239.6964,239.6978,0.0013999999999896318,5292.22178966997,bench_mov_register_absolute
239.89808,239.89946,0.0013800000000117052,5204.064291949082,bench_mov_register_absolute
240.09974,240.10114,0.0013999999999896318,5260.787040422482,bench_mov_register_absolute
240.3014,240.3028,0.0013999999999896318,5263.441521636648,bench_mov_register_absolute
240.50308,240.50446,0.0013799999999832835,5198.135448086331,bench_mov_register_absolute
240.70474,240.70614,0.0014000000000180535,5272.658995890612,bench_mov_register_absolute
240.90642,240.90782,0.0013999999999896318,5259.858444295733,bench_mov_register_absolute
241.10808,241.10948,0.0013999999999896318,5279.593004341491,bench_mov_register_absolute
241.30976,241.31116,0.0013999999999896318,5284.0128866509785,bench_mov_register_absolute
241.51144,241.51282,0.0013800000000117052,5189.471817622465,bench_mov_register_absolute
241.7131,241.7145,0.0013999999999896318,5280.0241554706045,bench_mov_register_absolute
241.91478,241.91618,0.0013999999999896318,5268.37062086552,bench_mov_register_absolute
242.11646,242.11786,0.0014000000000180535,5278.982513189462,bench_mov_register_absolute
242.31814,242.31952,0.0013800000000117052,5206.528001043817,bench_mov_register_absolute
242.5198,242.5212,0.0013999999999896318,5274.657669901623,bench_mov_register_absolute
242.72148,242.72286,0.0013799999999832835,5188.420079580997,bench_mov_register_absolute
242.92314,242.92454,0.0014000000000180535,5273.684817436779,bench_mov_register_absolute
243.1248,243.1262,0.0014000000000180535,5263.946657139443,bench_mov_register_absolute
243.32646,243.32786,0.0013999999999896318,5290.92994049155,bench_mov_register_absolute
243.52812,243.52952,0.0013999999999896318,5265.014090071997,bench_mov_register_absolute
243.72978,243.73118,0.0013999999999896318,5285.372128667406,bench_mov_register_absolute
243.93146,243.93284,0.0013800000000117052,5191.25815718507,bench_mov_register_absolute
244.13312,244.1345,0.0013800000000117052,5208.908952819546,bench_mov_register_absolute
244.33478,244.33616,0.0013800000000117052,5196.742045273407,bench_mov_register_absolute
244.53642,244.53782,0.0014000000000180535,5284.021566692233,bench_mov_register_absolute
244.73808,244.73948,0.0013999999999896318,5292.160806673639,bench_mov_register_absolute
244.93974,244.94114,0.0013999999999896318,5272.961731496698,bench_mov_register_absolute
245.1414,245.1428,0.0013999999999896318,5278.825450182643,bench_mov_register_absolute
245.34306,245.34446,0.0013999999999896318,5284.938062497285,bench_mov_register_absolute
245.54472,245.54612,0.0013999999999896318,5281.048926946544,bench_mov_register_absolute
245.74638,245.74778,0.0014000000000180535,5274.298242365706,bench_mov_register_absolute
245.94804,245.94944,0.0014000000000180535,5259.9168336742605,bench_mov_register_absolute
246.1497,246.1511,0.0014000000000180535,5280.973112747791,bench_mov_register_absolute
246.35136,246.35276,0.0013999999999896318,5260.718022434542,bench_mov_register_absolute
246.553,246.5544,0.0013999999999896318,5276.875065137072,bench_mov_register_absolute
246.75466,246.75606,0.0013999999999896318,5294.293453878876,bench_mov_register_absolute
246.95632,246.95772,0.0013999999999896318,5269.641727166804,bench_mov_register_absolute
247.15796,247.15936,0.0013999999999896318,5281.628989573495,bench_mov_register_absolute
247.35962,247.36102,0.0013999999999896318,5286.792281508853,bench_mov_register_absolute
247.56128,247.56268,0.0013999999999896318,5258.000555871671,bench_mov_register_absolute
247.76292,247.76432,0.0013999999999896318,5277.468236119028,bench_mov_register_absolute
247.96458,247.96598,0.0013999999999896318,5272.253539833493,bench_mov_register_absolute
248.16624,248.16764,0.0014000000000180535,5272.951857259261,bench_mov_register_absolute
248.3679,248.3693,0.0014000000000180535,5269.8169044006245,bench_mov_register_absolute
248.56956,248.57096,0.0014000000000180535,5270.810523139372,bench_mov_register_absolute
248.7712,248.7726,0.0014000000000180535,5270.718184837264,bench_mov_register_absolute
248.97286,248.97426,0.0013999999999896318,5277.903932108994,bench_mov_register_absolute
249.17452,249.17592,0.0013999999999896318,5266.936188526009,bench_mov_register_absolute
249.37618,249.37758,0.0013999999999896318,5273.579980671811,bench_mov_register_absolute
249.57784,249.57924,0.0013999999999896318,5289.027027277177,bench_mov_register_absolute
249.7795,249.7809,0.0013999999999896318,5277.656589123555,bench_mov_register_absolute
249.98116,249.98256,0.0014000000000180535,5279.165122266073,bench_mov_register_absolute
250.18284,250.18424,0.0013999999999896318,5264.387305322304,bench_mov_register_absolute
250.38452,250.38592,0.0013999999999896318,5279.981878076982,bench_mov_register_absolute
250.58618,250.58758,0.0013999999999896318,5276.928592893229,bench_mov_register_absolute
250.78786,250.78926,0.0014000000000180535,5278.178663064197,bench_mov_register_absolute
250.98954,250.99094,0.0013999999999896318,5273.80198469008,bench_mov_register_absolute
251.19122,251.19262,0.0014000000000180535,5273.221456517604,bench_mov_register_absolute
251.39288,251.39428,0.0014000000000180535,5289.975937993763,bench_mov_register_absolute
251.59456,251.59596,0.0013999999999896318,5278.564963917282,bench_mov_register_absolute
251.79624,251.79752,0.0012799999999799638,4592.17678747634,bench_mov_immediate_register
251.9978,251.99906,0.0012599999999736156,4508.507160831656,bench_mov_immediate_register
252.19934,252.20062,0.0012799999999799638,4586.58524315879,bench_mov_immediate_register
252.4009,252.40218,0.0012799999999799638,4581.031755004858,bench_mov_immediate_register
252.60246,252.60372,0.0012600000000020373,4517.881234647464,bench_mov_immediate_register
252.804,252.80528,0.0012800000000083855,4578.291738899937,bench_mov_immediate_register
253.00554,253.00682,0.0012800000000083855,4591.057852408574,bench_mov_immediate_register
253.2071,253.20838,0.0012800000000083855,4578.662940799125,bench_mov_immediate_register
253.40864,253.40992,0.0012800000000083855,4594.469405745005,bench_mov_immediate_register
253.6102,253.61148,0.0012800000000083855,4594.282929352689,bench_mov_immediate_register
253.81174,253.81302,0.0012800000000083855,4589.293438513081,bench_mov_immediate_register
254.0133,254.01458,0.0012800000000083855,4578.783272335645,bench_mov_immediate_register
254.21486,254.21614,0.0012800000000083855,4568.889592809528,bench_mov_immediate_register
254.4164,254.41768,0.0012799999999799638,4591.072546239526,bench_mov_immediate_register
254.61796,254.61924,0.0012799999999799638,4575.999050788297,bench_mov_immediate_register
254.81952,254.8208,0.0012799999999799638,4587.16538493855,bench_mov_immediate_register
255.02108,255.02236,0.0012799999999799638,4578.610206874369,bench_mov_immediate_register
255.22262,255.2239,0.0012799999999799638,4589.767232462834,bench_mov_immediate_register
255.42418,255.42544,0.0012600000000020373,4507.536049938408,bench_mov_immediate_register
255.62572,255.627,0.0012800000000083855,4588.264178050943,bench_mov_immediate_register
255.82728,255.82854,0.0012600000000020373,4519.817493862322,bench_mov_immediate_register
256.02882,256.0301,0.0012800000000083855,4585.827447044301,bench_mov_immediate_register
256.23038,256.23166,0.0012799999999515421,4591.838698645726,bench_mov_immediate_register
256.43192,256.4332,0.0012800000000083855,4599.034595338103,bench_mov_immediate_register
256.63348,256.63476,0.0012800000000083855,4576.764614340377,bench_mov_immediate_register
256.83502,256.8363,0.0012800000000083855,4586.383947208879,bench_mov_immediate_register
257.03656,257.03784,0.0012800000000083855,4581.83738406091,bench_mov_immediate_register
257.23812,257.23938,0.0012600000000020373,4503.774202909912,bench_mov_immediate_register
257.43966,257.44094,0.0012800000000083855,4584.231406945423,bench_mov_immediate_register
257.6412,257.64248,0.0012799999999515421,4587.79895425626,bench_mov_immediate_register
257.84276,257.84404,0.0012800000000083855,4575.780888586369,bench_mov_immediate_register
258.0443,258.04558,0.0012799999999515421,4574.753290325579,bench_mov_immediate_register
258.24584,258.24712,0.0012800000000083855,4577.560566868703,bench_mov_immediate_register
258.44738,258.44866,0.0012800000000083855,4577.080169718559,bench_mov_immediate_register
258.64892,258.6502,0.0012800000000083855,4586.013734848672,bench_mov_immediate_register
258.85048,258.85174,0.0012600000000020373,4501.190953895425,bench_mov_immediate_register
259.05202,259.0533,0.0012799999999515421,4585.588702272662,bench_mov_immediate_register
259.25358,259.25486,0.0012800000000083855,4577.608022406688,bench_mov_immediate_register
259.45512,259.4564,0.0012799999999515421,4595.411212456613,bench_mov_immediate_register
259.65668,259.65796,0.0012800000000083855,4568.423645141749,bench_mov_immediate_register
259.85822,259.8595,0.0012800000000083855,4599.081869255371,bench_mov_immediate_register
260.05976,260.06104,0.0012800000000083855,4586.839475712047,bench_mov_immediate_register
260.26132,260.2626,0.0012800000000083855,4594.162546593142,bench_mov_immediate_register
260.46286,260.46414,0.0012800000000083855,4588.998535221071,bench_mov_immediate_register
260.66442,260.66568,0.0012600000000020373,4490.95666176112,bench_mov_immediate_register
260.86596,260.86724,0.0012800000000083855,4584.468905854977,bench_mov_immediate_register
261.0675,261.06878,0.0012800000000083855,4577.747401817257,bench_mov_immediate_register
261.26906,261.27032,0.0012600000000020373,4512.496723317185,bench_mov_immediate_register
261.4706,261.47188,0.0012800000000083855,4577.693673821119,bench_mov_immediate_register
261.67214,261.67342,0.0012800000000083855,4577.150763967017,bench_mov_immediate_register
261.87368,261.87496,0.0012800000000083855,4602.819886098786,bench_mov_immediate_register
262.07524,262.0765,0.0012600000000020373,4505.2615134120315,bench_mov_immediate_register
262.27678,262.27806,0.0012800000000083855,4585.84607116825,bench_mov_immediate_register
262.47832,262.4796,0.0012800000000083855,4577.415382991254,bench_mov_immediate_register
262.67986,262.68114,0.0012800000000083855,4592.554832361069,bench_mov_immediate_register
262.88142,262.88268,0.0012600000000020373,4505.983772702556,bench_mov_immediate_register
263.08296,263.08424,0.0012800000000083855,4582.260940250718,bench_mov_immediate_register
263.2845,263.28578,0.0012800000000083855,4581.554592625799,bench_mov_immediate_register
263.48606,263.48732,0.0012600000000020373,4503.7655578971435,bench_mov_immediate_register
263.6876,263.68888,0.0012800000000083855,4576.45111488221,bench_mov_immediate_register
263.88914,263.89042,0.0012800000000083855,4575.726352664926,bench_mov_immediate_register
264.09068,264.09196,0.0012799999999515421,4588.9415613414,bench_mov_immediate_register
264.29222,264.2935,0.0012800000000083855,4588.720714708141,bench_mov_immediate_register
264.49376,264.49504,0.0012800000000083855,4576.202405178438,bench_mov_immediate_register
264.6953,264.69658,0.0012800000000083855,4571.467360985281,bench_mov_immediate_register
264.89684,264.89812,0.0012800000000083855,4586.473966516487,bench_mov_immediate_register
265.0984,265.09968,0.0012799999999515421,4578.123464990782,bench_mov_immediate_register
265.29994,265.30122,0.0012800000000083855,4586.325630117458,bench_mov_immediate_register
265.50148,265.50276,0.0012800000000083855,4585.699180632621,bench_mov_immediate_register
265.70302,265.7043,0.0012800000000083855,4577.760780267767,bench_mov_immediate_register
265.90458,265.90586,0.0012800000000083855,4593.246823669383,bench_mov_immediate_register
266.10612,266.1074,0.0012800000000083855,4577.929440459894,bench_mov_immediate_register
266.30766,266.30894,0.0012800000000083855,4567.775158245591,bench_mov_immediate_register
266.5092,266.51048,0.0012799999999515421,4585.358886791272,bench_mov_immediate_register
266.71074,266.71202,0.0012800000000083855,4594.528982454279,bench_mov_immediate_register
266.91228,266.91356,0.0012800000000083855,4580.3225133799115,bench_mov_immediate_register
267.11384,267.1151,0.0012600000000020373,4519.219277440228,bench_mov_immediate_register
267.31538,267.31666,0.0012800000000083855,4582.112687671507,bench_mov_immediate_register
267.51692,267.5182,0.0012799999999515421,4578.519733432143,bench_mov_immediate_register
267.71846,267.71974,0.0012800000000083855,4585.799968370517,bench_mov_immediate_register
267.92,267.92128,0.0012800000000083855,4591.887623558549,bench_mov_immediate_register
268.12154,268.12282,0.0012800000000083855,4588.226024103238,bench_mov_immediate_register
268.32308,268.32436,0.0012800000000083855,4593.522744285109,bench_mov_immediate_register
268.52464,268.5259,0.0012600000000020373,4495.156127974587,bench_mov_immediate_register
268.72618,268.72746,0.0012800000000083855,4579.544791518816,bench_mov_immediate_register
268.92772,268.929,0.0012799999999515421,4591.517855691604,bench_mov_immediate_register
269.12928,269.13056,0.0012800000000083855,4576.056809201225,bench_mov_immediate_register
269.33082,269.3321,0.0012800000000083855,4594.462791008396,bench_mov_immediate_register
269.53238,269.53366,0.0012800000000083855,4572.935774959955,bench_mov_immediate_register
269.73392,269.7352,0.0012800000000083855,4579.562949971038,bench_mov_immediate_register
269.93548,269.93676,0.0012800000000083855,4590.175971428845,bench_mov_immediate_register
270.13704,270.13832,0.0012800000000083855,4579.43344490942,bench_mov_immediate_register
270.33858,270.33986,0.0012800000000083855,4585.353869517664,bench_mov_immediate_register
270.54014,270.54142,0.0012800000000083855,4582.633720737386,bench_mov_immediate_register
270.74168,270.74296,0.0012800000000083855,4572.591756046763,bench_mov_immediate_register
270.94324,270.94452,0.0012800000000083855,4585.642337367601,bench_mov_immediate_register
271.14478,271.14606,0.0012799999999515421,4584.611037088505,bench_mov_immediate_register
271.34634,271.34762,0.0012800000000083855,4572.980559927628,bench_mov_immediate_register
271.54788,271.54916,0.0012799999999515421,4601.168355258157,bench_mov_immediate_register
271.74942,271.7507,0.0012800000000083855,4590.59990480612,bench_mov_immediate_register
271.95096,271.95294,0.0019800000000032014,7478.491547530291,bench_mov_immediate_indexed
272.1532,272.15518,0.001979999999946358,7471.177391488259,bench_mov_immediate_indexed
272.35544,272.35742,0.0019800000000032014,7476.8560542864225,bench_mov_immediate_indexed
272.55768,272.55966,0.0019800000000032014,7459.0508593355435,bench_mov_immediate_indexed
272.75992,272.7619,0.0019800000000032014,7466.152615380322,bench_mov_immediate_indexed
272.96216,272.96412,0.001959999999996853,7397.335078562233,bench_mov_immediate_indexed
273.1644,273.16638,0.0019800000000032014,7479.652783383853,bench_mov_immediate_indexed
273.36664,273.36862,0.0019800000000032014,7481.881950522035,bench_mov_immediate_indexed
273.56888,273.57086,0.0019800000000032014,7483.763538783857,bench_mov_immediate_indexed
273.77112,273.77308,0.001959999999996853,7386.0625992449595,bench_mov_immediate_indexed
273.97336,273.97532,0.001959999999996853,7402.627407560225,bench_mov_immediate_indexed
274.17558,274.17756,0.0019800000000032014,7480.38921970667,bench_mov_immediate_indexed
274.37784,274.3798,0.001959999999996853,7395.260666954493,bench_mov_immediate_indexed
274.58008,274.58206,0.0019800000000032014,7472.274343025914,bench_mov_immediate_indexed
274.78232,274.7843,0.001979999999946358,7470.481672570574,bench_mov_immediate_indexed
274.98456,274.98654,0.0019800000000032014,7472.081652395982,bench_mov_immediate_indexed
275.1868,275.18878,0.0019800000000032014,7484.440777929066,bench_mov_immediate_indexed
275.38904,275.39102,0.0019800000000032014,7478.734788016171,bench_mov_immediate_indexed
275.59128,275.59326,0.0019800000000032014,7479.418099408467,bench_mov_immediate_indexed
275.79352,275.7955,0.0019800000000032014,7477.5728280822905,bench_mov_immediate_indexed
275.99576,275.99774,0.0019800000000032014,7462.880387902713,bench_mov_immediate_indexed
276.198,276.19996,0.001959999999996853,7394.180856640067,bench_mov_immediate_indexed
276.40024,276.4022,0.001959999999996853,7404.264616772132,bench_mov_immediate_indexed
276.60248,276.60444,0.001959999999996853,7393.804853765192,bench_mov_immediate_indexed
276.80472,276.80668000000003,0.0019600000000536966,7397.327327846349,bench_mov_immediate_indexed
277.00696,277.00892,0.001959999999996853,7400.571589812685,bench_mov_immediate_indexed
277.2092,277.21116,0.001959999999996853,7386.2734273829265,bench_mov_immediate_indexed
277.41144,277.4134,0.001959999999996853,7394.145734123313,bench_mov_immediate_indexed
277.61366,277.61564,0.0019800000000032014,7477.60104017346,bench_mov_immediate_indexed
277.8159,277.81788,0.0019800000000032014,7484.50064799962,bench_mov_immediate_indexed
278.01814,278.02012,0.0019800000000032014,7479.610585146002,bench_mov_immediate_indexed
278.22038,278.22236,0.0019800000000032014,7481.789228059983,bench_mov_immediate_indexed
278.42262,278.4246,0.0019800000000032014,7486.485897114704,bench_mov_immediate_indexed
278.62486,278.62684,0.0019800000000032014,7480.154456580301,bench_mov_immediate_indexed
278.8271,278.82908,0.0019800000000032014,7478.444357422437,bench_mov_immediate_indexed
279.02934,279.0313,0.001959999999996853,7394.5751413650305,bench_mov_immediate_indexed
279.23156,279.23354,0.0019800000000032014,7475.47591339397,bench_mov_immediate_indexed
279.4338,279.43578,0.0019800000000032014,7471.842723903505,bench_mov_immediate_indexed
279.63604,279.63802,0.0019800000000032014,7483.2117767234795,bench_mov_immediate_indexed
279.83828,279.84026,0.0019800000000032014,7484.598697643841,bench_mov_immediate_indexed
280.04052,280.0425,0.0019800000000032014,7488.400114242117,bench_mov_immediate_indexed
280.24278,280.24474,0.001959999999996853,7396.047830108844,bench_mov_immediate_indexed
280.44502,280.44698,0.001959999999996853,7406.221984405954,bench_mov_immediate_indexed
280.64726,280.64922,0.001959999999996853,7386.222199983431,bench_mov_immediate_indexed
280.8495,280.85146,0.001959999999996853,7404.591639052745,bench_mov_immediate_indexed
281.05174,281.0537,0.001959999999996853,7392.380773080892,bench_mov_immediate_indexed
281.25398,281.25594,0.001959999999996853,7407.765113736572,bench_mov_immediate_indexed
281.4562,281.45818,0.0019800000000032014,7488.148880655013,bench_mov_immediate_indexed
281.65844,281.66042,0.0019800000000032014,7489.571382775537,bench_mov_immediate_indexed
281.86068,281.86266,0.0019800000000032014,7490.336610950449,bench_mov_immediate_indexed
282.06292,282.0649,0.0019800000000032014,7472.292592285731,bench_mov_immediate_indexed
282.26516,282.26714,0.0019800000000032014,7483.056562505735,bench_mov_immediate_indexed
282.4674,282.46938,0.0019800000000032014,7495.669813374789,bench_mov_immediate_indexed
282.66962,282.6716,0.0019800000000032014,7494.35652281378,bench_mov_immediate_indexed
282.87186,282.87384,0.001979999999946358,7488.422747486238,bench_mov_immediate_indexed
283.0741,283.07606,0.001959999999996853,7399.220534129437,bench_mov_immediate_indexed
283.27632,283.2783,0.0019800000000032014,7490.372876650235,bench_mov_immediate_indexed
283.47856,283.48054,0.0019800000000032014,7476.218231026726,bench_mov_immediate_indexed
283.6808,283.68276,0.001959999999996853,7413.629197976669,bench_mov_immediate_indexed
283.88302,283.885,0.0019800000000032014,7484.147096997701,bench_mov_immediate_indexed
284.08526,284.08724,0.0019800000000032014,7482.286179450956,bench_mov_immediate_indexed
284.2875,284.28948,0.0019800000000032014,7487.640904732798,bench_mov_immediate_indexed
284.48972,284.4917,0.0019800000000032014,7486.374250167384,bench_mov_immediate_indexed
284.69196,284.69394,0.0019800000000032014,7483.996562674762,bench_mov_immediate_indexed
284.8942,284.89616,0.001959999999996853,7397.832509580973,bench_mov_immediate_indexed
285.09644,285.0984,0.0019600000000536966,7405.061687087577,bench_mov_immediate_indexed
285.29868,285.30064,0.001959999999996853,7422.4952747984535,bench_mov_immediate_indexed
285.5009,285.50288,0.0019800000000032014,7488.992519223865,bench_mov_immediate_indexed
285.70314,285.70512,0.0019800000000032014,7500.6176158828775,bench_mov_immediate_indexed
285.90536,285.90734,0.0019800000000032014,7476.027493851139,bench_mov_immediate_indexed
286.1076,286.10958,0.0019800000000032014,7469.84447819649,bench_mov_immediate_indexed
286.30982,286.3118,0.0019800000000032014,7487.880559651013,bench_mov_immediate_indexed
286.51206,286.51404,0.0019800000000032014,7492.840674242999,bench_mov_immediate_indexed
286.7143,286.71626,0.001959999999996853,7406.626355359081,bench_mov_immediate_indexed
286.91652,286.9185,0.0019800000000032014,7483.20877553502,bench_mov_immediate_indexed
287.11876,287.12072,0.001959999999996853,7403.438503379212,bench_mov_immediate_indexed
287.32098,287.32296,0.0019800000000032014,7487.633563582451,bench_mov_immediate_indexed
287.52322,287.52518,0.001959999999996853,7399.33666306714,bench_mov_immediate_indexed
287.72544,287.72742,0.0019800000000032014,7492.60162703187,bench_mov_immediate_indexed
287.92768,287.92966,0.0019800000000032014,7487.120693560648,bench_mov_immediate_indexed
288.12992,288.1319,0.001979999999946358,7488.020204257377,bench_mov_immediate_indexed
288.33216,288.33414,0.0019800000000032014,7477.997397088704,bench_mov_immediate_indexed
288.5344,288.53636,0.001959999999996853,7408.189924888602,bench_mov_immediate_indexed
288.73664,288.7386,0.001959999999996853,7398.075072535949,bench_mov_immediate_indexed
288.93886,288.94084,0.0019800000000032014,7483.233474214559,bench_mov_immediate_indexed
289.1411,289.14308,0.0019800000000032014,7466.116508023967,bench_mov_immediate_indexed
289.34334,289.3453,0.001959999999996853,7388.978532964035,bench_mov_immediate_indexed
289.54556,289.54754,0.0019800000000032014,7497.294198252398,bench_mov_immediate_indexed
289.7478,289.74978,0.0019800000000032014,7491.444253848433,bench_mov_immediate_indexed
289.95004,289.95202,0.0019800000000032014,7473.775355625815,bench_mov_immediate_indexed
290.15228,290.15426,0.0019800000000032014,7482.511342970316,bench_mov_immediate_indexed
290.35452,290.3565,0.0019800000000032014,7462.920486011723,bench_mov_immediate_indexed
290.55676,290.55872,0.001959999999996853,7429.097241246903,bench_mov_immediate_indexed
290.75898,290.76096,0.0019800000000032014,7474.126049794312,bench_mov_immediate_indexed
290.96124,290.9632,0.001959999999996853,7409.151408352132,bench_mov_immediate_indexed
291.16346,291.16544,0.0019800000000032014,7476.899144258216,bench_mov_immediate_indexed
291.3657,291.36766,0.001959999999996853,7398.2113902319525,bench_mov_immediate_indexed
291.56792,291.5699,0.0019800000000032014,7467.738662388516,bench_mov_immediate_indexed
291.77016,291.77214,0.0019800000000032014,7479.913644515447,bench_mov_immediate_indexed
291.9724,291.97436,0.001959999999996853,7403.272478831628,bench_mov_immediate_indexed
292.17464,292.17658,0.0019399999999905049,7388.936241584151,bench_mov_immediate_symbolic
292.37684,292.3788,0.001959999999996853,7455.106473044985,bench_mov_immediate_symbolic
292.57906,292.58102,0.001959999999996853,7448.162797347734,bench_mov_immediate_symbolic
292.78128,292.78322000000003,0.0019400000000473483,7383.182759116262,bench_mov_immediate_symbolic
292.98348,292.98544,0.001959999999996853,7457.850861819396,bench_mov_immediate_symbolic
293.1857,293.18764,0.0019399999999905049,7379.417936283628,bench_mov_immediate_symbolic
293.3879,293.38986,0.001959999999996853,7447.6513545834,bench_mov_immediate_symbolic
293.59012,293.59206,0.0019399999999905049,7384.063377937991,bench_mov_immediate_symbolic
293.79232,293.79428,0.001959999999996853,7459.253615218152,bench_mov_immediate_symbolic
293.99454,293.99648,0.0019400000000473483,7381.088570874949,bench_mov_immediate_symbolic
294.19674,294.1987,0.001959999999996853,7462.083662389539,bench_mov_immediate_symbolic
294.39896,294.4009,0.0019399999999905049,7371.48672339327,bench_mov_immediate_symbolic
294.60118,294.60312,0.0019399999999905049,7381.029862411103,bench_mov_immediate_symbolic
294.80338,294.80534,0.001959999999996853,7445.515661955749,bench_mov_immediate_symbolic
295.0056,295.00754,0.0019399999999905049,7361.955344639224,bench_mov_immediate_symbolic
295.2078,295.20976,0.001959999999996853,7440.288527850518,bench_mov_immediate_symbolic
295.41002,295.41196,0.0019400000000473483,7360.683921910728,bench_mov_immediate_symbolic
295.61224,295.61418,0.0019399999999905049,7383.986383177982,bench_mov_immediate_symbolic
295.81444,295.8164,0.001959999999996853,7451.956432768531,bench_mov_immediate_symbolic
296.01666,296.01862,0.001959999999996853,7450.5706340884435,bench_mov_immediate_symbolic
296.21888,296.22082,0.0019399999999905049,7378.435654060498,bench_mov_immediate_symbolic
296.42108,296.42304,0.001959999999996853,7451.27312837308,bench_mov_immediate_symbolic
296.6233,296.62524,0.0019400000000473483,7368.368879147925,bench_mov_immediate_symbolic
296.8255,296.82746,0.001959999999996853,7453.201415479992,bench_mov_immediate_symbolic
297.02772,297.02966,0.0019399999999905049,7376.97989443611,bench_mov_immediate_symbolic
297.22994,297.23188,0.0019399999999905049,7384.347151926891,bench_mov_immediate_symbolic
297.43214,297.4341,0.001959999999996853,7449.462590729707,bench_mov_immediate_symbolic
297.63436,297.6363,0.0019399999999905049,7361.450919377867,bench_mov_immediate_symbolic
297.83656,297.83852,0.001959999999996853,7460.702247897292,bench_mov_immediate_symbolic
298.03878,298.04072,0.0019400000000473483,7363.9209849812105,bench_mov_immediate_symbolic
298.24098,298.24294,0.001959999999996853,7454.2642850388265,bench_mov_immediate_symbolic
298.4432,298.44516,0.001959999999996853,7449.933451130858,bench_mov_immediate_symbolic
298.64542,298.64736,0.0019399999999905049,7360.381742437197,bench_mov_immediate_symbolic
298.84764,298.84958,0.0019399999999905049,7368.555441463847,bench_mov_immediate_symbolic
299.04984,299.0518,0.001959999999996853,7452.385355699489,bench_mov_immediate_symbolic
299.25206,299.25402,0.0019600000000536966,7454.843220979815,bench_mov_immediate_symbolic
299.45428,299.45622,0.0019399999999905049,7367.6607827319895,bench_mov_immediate_symbolic
299.65648,299.65844,0.001959999999996853,7447.606415951258,bench_mov_immediate_symbolic
299.8587,299.86066,0.001959999999996853,7453.187243072278,bench_mov_immediate_symbolic
300.06092,300.06286,0.0019399999999905049,7378.892889206733,bench_mov_immediate_symbolic
300.26312,300.26508,0.001959999999996853,7454.171995614244,bench_mov_immediate_symbolic
300.46534,300.4673,0.001959999999996853,7442.905704928584,bench_mov_immediate_symbolic
300.66756,300.66952,0.001959999999996853,7453.4934060587975,bench_mov_immediate_symbolic
300.86978,300.87172,0.0019399999999905049,7366.437376442235,bench_mov_immediate_symbolic
301.072,301.07394,0.0019399999999905049,7363.8538946061335,bench_mov_immediate_symbolic
301.2742,301.27616,0.001959999999996853,7447.079347897036,bench_mov_immediate_symbolic
301.47642,301.47836,0.0019399999999905049,7367.899212944836,bench_mov_immediate_symbolic
301.67862,301.68058,0.001959999999996853,7452.0970112412115,bench_mov_immediate_symbolic
301.88084,301.8828,0.001959999999996853,7442.943493362902,bench_mov_immediate_symbolic
302.08306,302.085,0.0019399999999905049,7373.182352136694,bench_mov_immediate_symbolic
302.28526,302.28722,0.001959999999996853,7464.3457494608365,bench_mov_immediate_symbolic
302.48748,302.48944,0.001959999999996853,7459.87717060784,bench_mov_immediate_symbolic
302.6897,302.69164,0.0019399999999905049,7367.484874517191,bench_mov_immediate_symbolic
302.8919,302.89386,0.001959999999996853,7474.8733686095675,bench_mov_immediate_symbolic
303.09412,303.09606,0.0019400000000473483,7376.206119265704,bench_mov_immediate_symbolic
303.29634,303.29828,0.0019399999999905049,7371.127083865122,bench_mov_immediate_symbolic
303.49854,303.5005,0.001959999999996853,7444.419888770277,bench_mov_immediate_symbolic
303.70076,303.70272,0.001959999999996853,7448.959520542243,bench_mov_immediate_symbolic
303.90298,303.90492,0.0019399999999905049,7380.521998236427,bench_mov_immediate_symbolic
304.1052,304.10714,0.0019399999999905049,7368.615677066006,bench_mov_immediate_symbolic
304.3074,304.30936,0.0019600000000536966,7459.693181072145,bench_mov_immediate_symbolic
304.50962,304.51158,0.001959999999996853,7459.956570522209,bench_mov_immediate_symbolic
304.71184,304.7138,0.001959999999996853,7454.5683083037875,bench_mov_immediate_symbolic
304.91406,304.91602,0.001959999999996853,7457.914385001266,bench_mov_immediate_symbolic
305.11628,305.11822,0.0019399999999905049,7379.093561280286,bench_mov_immediate_symbolic
305.3185,305.32044,0.0019400000000473483,7369.983475843951,bench_mov_immediate_symbolic
305.52072,305.52266,0.0019399999999905049,7372.239506769839,bench_mov_immediate_symbolic
305.72294,305.72488,0.0019399999999905049,7358.562762349761,bench_mov_immediate_symbolic
305.92514,305.9271,0.001959999999996853,7463.9602075211305,bench_mov_immediate_symbolic
306.12736,306.12932,0.001959999999996853,7425.568436722234,bench_mov_immediate_symbolic
306.32958,306.33152,0.0019399999999905049,7382.634270429229,bench_mov_immediate_symbolic
306.5318,306.53374,0.0019400000000473483,7378.116422519976,bench_mov_immediate_symbolic
306.73402,306.73598,0.001959999999996853,7462.7224984533495,bench_mov_immediate_symbolic
306.93624,306.93818,0.0019399999999905049,7387.063153984616,bench_mov_immediate_symbolic
307.13846,307.1404,0.0019399999999905049,7368.95152131587,bench_mov_immediate_symbolic
307.34068,307.34264,0.001959999999996853,7476.729673779103,bench_mov_immediate_symbolic
307.5429,307.54484,0.0019400000000473483,7366.030239682408,bench_mov_immediate_symbolic
307.74512,307.74706,0.0019399999999905049,7385.453989235438,bench_mov_immediate_symbolic
307.94734,307.94928,0.0019399999999905049,7378.214988822624,bench_mov_immediate_symbolic
308.14956,308.1515,0.0019399999999905049,7367.853915747589,bench_mov_immediate_symbolic
308.35176,308.35372,0.001959999999996853,7451.729669690382,bench_mov_immediate_symbolic
308.55398,308.55594,0.001959999999996853,7442.657214097018,bench_mov_immediate_symbolic
308.7562,308.75816,0.001959999999996853,7470.7530299125565,bench_mov_immediate_symbolic
308.95842,308.96038,0.001959999999996853,7438.811692405225,bench_mov_immediate_symbolic
309.16064,309.1626,0.001959999999996853,7467.857256988805,bench_mov_immediate_symbolic
309.36286,309.36482,0.001959999999996853,7439.494533449882,bench_mov_immediate_symbolic
309.5651,309.56704,0.0019400000000473483,7367.299194633671,bench_mov_immediate_symbolic
309.7673,309.76926,0.001959999999996853,7453.18942003956,bench_mov_immediate_symbolic
309.96952,309.97148,0.001959999999996853,7446.950320150827,bench_mov_immediate_symbolic
310.17174,310.17368,0.0019399999999905049,7362.052239445319,bench_mov_immediate_symbolic
310.37396,310.3759,0.0019399999999905049,7348.411045926841,bench_mov_immediate_symbolic
310.57616,310.57812,0.001959999999996853,7453.132499921837,bench_mov_immediate_symbolic
310.77838,310.78034,0.001959999999996853,7435.263080963389,bench_mov_immediate_symbolic
310.9806,310.98256,0.001959999999996853,7439.820796708765,bench_mov_immediate_symbolic
311.18282,311.18476,0.0019399999999905049,7365.360315856848,bench_mov_immediate_symbolic
311.38504,311.38698,0.0019399999999905049,7365.33566141515,bench_mov_immediate_symbolic
311.58724,311.5892,0.001959999999996853,7440.168785387598,bench_mov_immediate_symbolic
311.78946,311.79142,0.001959999999996853,7451.070370134001,bench_mov_immediate_symbolic
311.99168,311.99364,0.0019600000000536966,7452.781661621273,bench_mov_immediate_symbolic
312.1939,312.19586,0.001959999999996853,7443.248464256541,bench_mov_immediate_symbolic
312.39612,312.3981,0.0019800000000032014,7475.45608786309,bench_mov_immediate_absolute
312.59836,312.60034,0.0019800000000032014,7481.548108634774,bench_mov_immediate_absolute
312.8006,312.80258,0.0019800000000032014,7461.998595411301,bench_mov_immediate_absolute
313.00284,313.00482,0.0019800000000032014,7503.337399117923,bench_mov_immediate_absolute
313.20508,313.20706,0.0019800000000032014,7454.4272408924135,bench_mov_immediate_absolute
313.40732,313.40928,0.001959999999996853,7419.791622059421,bench_mov_immediate_absolute
313.60956,313.61152,0.001959999999996853,7381.5623042051275,bench_mov_immediate_absolute
313.8118,313.81376,0.001959999999996853,7390.328866882803,bench_mov_immediate_absolute
314.01404,314.016,0.001959999999996853,7401.825154645988,bench_mov_immediate_absolute
314.21628,314.21824,0.001959999999996853,7384.71083807851,bench_mov_immediate_absolute
314.41852,314.4205,0.0019800000000032014,7491.5206246233365,bench_mov_immediate_absolute
314.62076,314.62274,0.0019800000000032014,7479.89940690891,bench_mov_immediate_absolute
314.82302,314.82498,0.001959999999996853,7391.745948693026,bench_mov_immediate_absolute
315.02524,315.02722,0.0019800000000032014,7483.159273413089,bench_mov_immediate_absolute
315.22748,315.22944,0.001959999999996853,7380.861742406102,bench_mov_immediate_absolute
315.42972,315.43168,0.001959999999996853,7402.012182858463,bench_mov_immediate_absolute
315.63196,315.63392,0.001959999999996853,7393.346996967761,bench_mov_immediate_absolute
315.83418,315.83616,0.0019800000000032014,7484.394547074587,bench_mov_immediate_absolute
316.03642,316.0384,0.0019800000000032014,7471.129267945032,bench_mov_immediate_absolute
316.23866,316.24062,0.001959999999996853,7408.185119268917,bench_mov_immediate_absolute
316.4409,316.44286,0.001959999999996853,7381.79869715852,bench_mov_immediate_absolute
316.64314,316.6451,0.001959999999996853,7402.833753709691,bench_mov_immediate_absolute
316.84538,316.84734,0.001959999999996853,7387.79167876829,bench_mov_immediate_absolute
317.04762,317.04958,0.001959999999996853,7409.361535672723,bench_mov_immediate_absolute
317.24984,317.25182,0.0019800000000032014,7481.96832837185,bench_mov_immediate_absolute
317.45208,317.45406,0.0019800000000032014,7478.6102585447625,bench_mov_immediate_absolute
317.65432,317.6563,0.0019800000000032014,7494.32352838916,bench_mov_immediate_absolute
317.85656,317.85854,0.0019800000000032014,7456.339143698751,bench_mov_immediate_absolute
318.0588,318.06078,0.0019800000000032014,7499.886695302523,bench_mov_immediate_absolute
318.26104,318.26302,0.0019800000000032014,7474.908456226366,bench_mov_immediate_absolute
318.46328,318.46524,0.001959999999996853,7396.24134496651,bench_mov_immediate_absolute
318.66552,318.66748,0.001959999999996853,7403.890399715348,bench_mov_immediate_absolute
318.86774,318.86972,0.001979999999946358,7458.19760697711,bench_mov_immediate_absolute
319.06998,319.07196,0.0019800000000032014,7488.162759709248,bench_mov_immediate_absolute
319.27222,319.2742,0.0019800000000032014,7475.4099827351465,bench_mov_immediate_absolute
319.47446,319.47644,0.0019800000000032014,7479.740593121825,bench_mov_immediate_absolute
319.6767,319.67868,0.0019800000000032014,7487.18699209047,bench_mov_immediate_absolute
319.87894,319.88092,0.0019800000000032014,7477.689888345456,bench_mov_immediate_absolute
320.08118,320.08316,0.0019800000000032014,7488.0067911037195,bench_mov_immediate_absolute
320.28342,320.2854,0.0019800000000032014,7489.941504338463,bench_mov_immediate_absolute
320.48566,320.48762,0.001959999999996853,7407.779779742799,bench_mov_immediate_absolute
320.6879,320.68988,0.0019800000000032014,7483.130027549259,bench_mov_immediate_absolute
320.89014,320.89212,0.0019800000000032014,7461.544771227956,bench_mov_immediate_absolute
321.09238,321.09436,0.0019800000000032014,7482.104059325321,bench_mov_immediate_absolute
321.29464,321.2966,0.001959999999996853,7405.402774444148,bench_mov_immediate_absolute
321.49688,321.49884,0.001959999999996853,7388.9502603511155,bench_mov_immediate_absolute
321.6991,321.70108,0.0019800000000032014,7506.1324099262265,bench_mov_immediate_absolute
321.90134,321.90332,0.0019800000000032014,7470.481770590191,bench_mov_immediate_absolute
322.10358,322.10556,0.0019800000000032014,7495.756132989543,bench_mov_immediate_absolute
322.30584,322.3078,0.001959999999996853,7395.20512287625,bench_mov_immediate_absolute
322.50808,322.51006,0.0019800000000032014,7458.008716357789,bench_mov_immediate_absolute
322.71034,322.7123,0.0019600000000536966,7421.820368825963,bench_mov_immediate_absolute
322.91258,322.91454,0.001959999999996853,7406.234396612842,bench_mov_immediate_absolute
323.11482,323.1168,0.0019800000000032014,7478.307632278578,bench_mov_immediate_absolute
323.31706,323.31904,0.001979999999946358,7477.754540526397,bench_mov_immediate_absolute
323.51932,323.52128,0.001959999999996853,7400.529771102534,bench_mov_immediate_absolute
323.72156,323.72352,0.001959999999996853,7410.845216349643,bench_mov_immediate_absolute
323.9238,323.92576,0.001959999999996853,7393.894996468879,bench_mov_immediate_absolute
324.12604,324.128,0.001959999999996853,7404.9913021703005,bench_mov_immediate_absolute
324.32828,324.33026,0.0019800000000032014,7475.530894017774,bench_mov_immediate_absolute
324.53054,324.5325,0.0019600000000536966,7397.672464345301,bench_mov_immediate_absolute
324.73278,324.73474,0.001959999999996853,7382.122611151049,bench_mov_immediate_absolute
324.93502,324.93698,0.001959999999996853,7403.646928712231,bench_mov_immediate_absolute
325.13726,325.13922,0.001959999999996853,7406.20694353472,bench_mov_immediate_absolute
325.3395,325.34146,0.001959999999996853,7403.633862263571,bench_mov_immediate_absolute
325.54174,325.54372,0.0019800000000032014,7473.7807386693,bench_mov_immediate_absolute
325.74398,325.74596,0.0019800000000032014,7470.287829640723,bench_mov_immediate_absolute
325.94624,325.9482,0.001959999999996853,7388.566848816095,bench_mov_immediate_absolute
326.14848,326.15044,0.001959999999996853,7415.740431736441,bench_mov_immediate_absolute
326.35072,326.35268,0.001959999999996853,7400.452666890071,bench_mov_immediate_absolute
326.55296,326.55494,0.0019800000000032014,7491.358008716888,bench_mov_immediate_absolute
326.7552,326.75718,0.0019800000000032014,7485.26320794059,bench_mov_immediate_absolute
326.95744,326.95942,0.0019800000000032014,7476.865639912566,bench_mov_immediate_absolute
327.1597,327.16166,0.001959999999996853,7396.045664781172,bench_mov_immediate_absolute
327.36194,327.3639,0.001959999999996853,7401.575671963926,bench_mov_immediate_absolute
327.56416,327.56614,0.0019800000000032014,7478.885671595874,bench_mov_immediate_absolute
327.76642,327.76838,0.001959999999996853,7410.673534027254,bench_mov_immediate_absolute
327.96866,327.97062,0.001959999999996853,7398.196388958208,bench_mov_immediate_absolute
328.1709,328.17286,0.001959999999996853,7411.601270995269,bench_mov_immediate_absolute
328.37314,328.3751,0.001959999999996853,7400.68709942935,bench_mov_immediate_absolute
328.57538,328.57734,0.001959999999996853,7403.966840346886,bench_mov_immediate_absolute
328.77762,328.7796,0.0019800000000032014,7478.522476748618,bench_mov_immediate_absolute
328.97986,328.98184,0.0019800000000032014,7489.19770123106,bench_mov_immediate_absolute
329.18212,329.18408,0.001959999999996853,7417.884096493008,bench_mov_immediate_absolute
329.38436,329.38634,0.0019800000000032014,7490.260056226269,bench_mov_immediate_absolute
329.5866,329.58858,0.0019800000000032014,7472.788076866169,bench_mov_immediate_absolute
329.78886,329.79082,0.001959999999996853,7400.718654963133,bench_mov_immediate_absolute
329.9911,329.99306,0.001959999999996853,7410.724661295657,bench_mov_immediate_absolute
330.19334,330.19532,0.0019800000000032014,7466.2712658953715,bench_mov_immediate_absolute
330.39558,330.39756,0.0019800000000032014,7487.405955341139,bench_mov_immediate_absolute
330.59782,330.5998,0.0019800000000032014,7480.641154113401,bench_mov_immediate_absolute
330.80006,330.80204,0.0019800000000032014,7484.719732326657,bench_mov_immediate_absolute
331.0023,331.00428,0.0019800000000032014,7495.1432412668955,bench_mov_immediate_absolute
331.20454,331.20652,0.0019800000000032014,7479.771547965768,bench_mov_immediate_absolute
331.40678,331.40876,0.001979999999946358,7490.992764725724,bench_mov_immediate_absolute
331.60902,331.611,0.0019800000000032014,7497.4187417134835,bench_mov_immediate_absolute
331.81126,331.81324,0.0019800000000032014,7500.764809095569,bench_mov_immediate_absolute
332.0135,332.01548,0.0019800000000032014,7489.586053418143,bench_mov_immediate_absolute
332.21574,332.21772,0.0019800000000032014,7475.508749500444,bench_mov_immediate_absolute
332.41798,332.41994,0.001959999999996853,7411.978431039328,bench_mov_immediate_absolute
332.62022,332.62162,0.0013999999999896318,5390.993785069938,bench_mov_indexed_register
332.8219,332.8233,0.0013999999999896318,5376.726686905335,bench_mov_indexed_register
333.02358,333.02498,0.0014000000000464752,5380.124775878909,bench_mov_indexed_register
333.22524,333.22666,0.00141999999999598,5455.450341097251,bench_mov_indexed_register
333.42692,333.42834,0.00141999999999598,5453.26627091223,bench_mov_indexed_register
333.6286,333.63,0.0013999999999896318,5372.944867662907,bench_mov_indexed_register
333.83028,333.83168,0.0013999999999896318,5393.558470490107,bench_mov_indexed_register
334.03196,334.03336,0.0013999999999896318,5380.972146475254,bench_mov_indexed_register
334.23364,334.23504,0.0014000000000464752,5383.892788267648,bench_mov_indexed_register
334.4353,334.43672,0.00141999999999598,5474.385323456002,bench_mov_indexed_register
334.637,334.6384,0.0013999999999896318,5385.435875468084,bench_mov_indexed_register
334.83868,334.84008,0.0013999999999896318,5381.606984841949,bench_mov_indexed_register
335.04036,335.04176,0.0013999999999896318,5379.363861820378,bench_mov_indexed_register
335.24204,335.24344,0.0014000000000464752,5372.3180156162525,bench_mov_indexed_register
335.4437,335.44512,0.00141999999999598,5456.382078103826,bench_mov_indexed_register
335.64538,335.6468,0.00141999999999598,5474.8796368826415,bench_mov_indexed_register
335.84706,335.84846,0.0013999999999896318,5375.971614813451,bench_mov_indexed_register
336.04874,336.05014,0.0013999999999896318,5369.838797448116,bench_mov_indexed_register
336.2504,336.2518,0.0013999999999896318,5388.258546548495,bench_mov_indexed_register
336.45208,336.45348,0.0013999999999896318,5388.127423307324,bench_mov_indexed_register
336.65376,336.65516,0.0014000000000464752,5373.900090524476,bench_mov_indexed_register
336.85544,336.85684,0.0013999999999896318,5388.6982635245195,bench_mov_indexed_register
337.05712,337.05852,0.0013999999999896318,5385.338894517711,bench_mov_indexed_register
337.2588,337.2602,0.0013999999999896318,5371.2692926255395,bench_mov_indexed_register
337.46046,337.46188,0.00141999999999598,5458.655208329199,bench_mov_indexed_register
337.66214,337.66356,0.00141999999999598,5452.344194023833,bench_mov_indexed_register
337.86382,337.86524000000003,0.0014200000000528235,5451.267340898787,bench_mov_indexed_register
338.0655,338.0669,0.0013999999999896318,5373.669916260594,bench_mov_indexed_register
338.26718,338.26858,0.0013999999999896318,5392.463339917977,bench_mov_indexed_register
338.46886,338.47026,0.0013999999999896318,5368.951975793007,bench_mov_indexed_register
338.67054,338.67194,0.0013999999999896318,5376.814538567994,bench_mov_indexed_register
338.87222,338.87362,0.0013999999999896318,5385.581524993572,bench_mov_indexed_register
339.0739,339.0753,0.0014000000000464752,5371.270235810305,bench_mov_indexed_register
339.27556,339.27698,0.00141999999999598,5451.757949763758,bench_mov_indexed_register
339.47724,339.47864,0.0013999999999896318,5385.369944813935,bench_mov_indexed_register
339.67892,339.68032,0.0013999999999896318,5376.866345718931,bench_mov_indexed_register
339.88058,339.882,0.00141999999999598,5464.433394355512,bench_mov_indexed_register
340.08226,340.08368,0.00141999999999598,5458.777921717017,bench_mov_indexed_register
340.28394,340.28534,0.0014000000000464752,5376.873579993002,bench_mov_indexed_register
340.48562,340.48702,0.0013999999999896318,5376.459201762248,bench_mov_indexed_register
340.68728,340.6887,0.00141999999999598,5451.393341634001,bench_mov_indexed_register
340.88896,340.89036,0.0013999999999896318,5388.836483432422,bench_mov_indexed_register
341.09062,341.09202,0.0013999999999896318,5386.527888439952,bench_mov_indexed_register
341.2923,341.2937,0.0013999999999896318,5377.234984147824,bench_mov_indexed_register
341.49396,341.49536,0.0013999999999896318,5390.572634017914,bench_mov_indexed_register
341.69564,341.69704,0.0013999999999896318,5384.344232686132,bench_mov_indexed_register
341.89732,341.89872,0.0014000000000464752,5375.9575543876945,bench_mov_indexed_register
342.09898,342.10038,0.0013999999999896318,5369.286569730875,bench_mov_indexed_register
342.30066,342.30206,0.0013999999999896318,5371.186812372591,bench_mov_indexed_register
342.50232,342.50374,0.00141999999999598,5456.071970974301,bench_mov_indexed_register
342.704,342.7054,0.0013999999999896318,5390.221285596883,bench_mov_indexed_register
342.90566,342.90708,0.00141999999999598,5450.282504298137,bench_mov_indexed_register
343.10734,343.10874,0.0013999999999896318,5392.665849021292,bench_mov_indexed_register
343.30902,343.31042,0.0014000000000464752,5384.346789402941,bench_mov_indexed_register
343.51068,343.5121,0.00141999999999598,5461.011882863262,bench_mov_indexed_register
343.71236,343.71378,0.00141999999999598,5448.813044924403,bench_mov_indexed_register
343.91404,343.91544,0.0013999999999896318,5379.405245147592,bench_mov_indexed_register
344.11572,344.11712,0.0013999999999896318,5362.026472532323,bench_mov_indexed_register
344.31738,344.3188,0.00141999999999598,5443.990700859546,bench_mov_indexed_register
344.51906,344.52048,0.00141999999999598,5467.718001429556,bench_mov_indexed_register
344.72074,344.72216,0.00141999999999598,5458.027319973032,bench_mov_indexed_register
344.92242,344.92384,0.00141999999999598,5450.7401958013925,bench_mov_indexed_register
345.1241,345.12552,0.00141999999999598,5456.147980860268,bench_mov_indexed_register
345.32578,345.32718,0.0013999999999896318,5378.995379394458,bench_mov_indexed_register
345.52744,345.52886,0.00141999999999598,5469.890956281273,bench_mov_indexed_register
345.72912,345.73052,0.0013999999999896318,5373.120205425217,bench_mov_indexed_register
345.93078,345.9322,0.00141999999999598,5482.377414566199,bench_mov_indexed_register
346.13246,346.13386,0.0014000000000464752,5390.854212639668,bench_mov_indexed_register
346.33414,346.33554,0.0013999999999896318,5382.996706720594,bench_mov_indexed_register
346.53582,346.53722,0.0013999999999896318,5382.65434089804,bench_mov_indexed_register
346.73748,346.7389,0.00141999999999598,5452.605281009386,bench_mov_indexed_register
346.93916,346.94056,0.0013999999999896318,5380.033585199932,bench_mov_indexed_register
347.14082,347.14224,0.00141999999999598,5453.838126244646,bench_mov_indexed_register
347.3425,347.3439,0.0014000000000464752,5392.631462490247,bench_mov_indexed_register
347.54416,347.54558,0.00141999999999598,5465.527123293943,bench_mov_indexed_register
347.74584,347.74724,0.0013999999999896318,5379.101065885236,bench_mov_indexed_register
347.9475,347.94892,0.00141999999999598,5464.663989829137,bench_mov_indexed_register
348.14918,348.15058,0.0013999999999896318,5380.097010599772,bench_mov_indexed_register
348.35084,348.35226,0.00141999999999598,5455.975597709795,bench_mov_indexed_register
348.55252,348.55392,0.0013999999999896318,5386.820179371531,bench_mov_indexed_register
348.75418,348.7556,0.00141999999999598,5452.563648558842,bench_mov_indexed_register
348.95586,348.95726,0.0014000000000464752,5376.019519937394,bench_mov_indexed_register
349.15752,349.15894,0.00141999999999598,5459.443191060789,bench_mov_indexed_register
349.35918,349.3606,0.00141999999999598,5452.498784277997,bench_mov_indexed_register
349.56086,349.56226,0.0013999999999896318,5395.9250030652875,bench_mov_indexed_register
349.7625,349.76392,0.00141999999999598,5462.159907901958,bench_mov_indexed_register
349.96416,349.96558,0.00141999999999598,5467.873597506754,bench_mov_indexed_register
350.16582,350.16724,0.00141999999999598,5469.485092896423,bench_mov_indexed_register
350.36748,350.36888,0.0013999999999896318,5392.388037832597,bench_mov_indexed_register
350.56914,350.57054,0.0013999999999896318,5382.173957729937,bench_mov_indexed_register
350.7708,350.77222,0.00141999999999598,5472.634115705528,bench_mov_indexed_register
350.97248,350.97388,0.0013999999999896318,5387.580443596023,bench_mov_indexed_register
351.17414,351.17554,0.0013999999999896318,5382.462718943021,bench_mov_indexed_register
351.3758,351.3772,0.0013999999999896318,5389.341365030509,bench_mov_indexed_register
351.57748,351.57888,0.0014000000000464752,5390.389824932219,bench_mov_indexed_register
351.77914,351.78054,0.0013999999999896318,5384.245880379072,bench_mov_indexed_register
351.9808,351.98222,0.00141999999999598,5471.987673073318,bench_mov_indexed_register
352.18248,352.18388,0.0013999999999896318,5374.572726396023,bench_mov_indexed_register
352.38414,352.38556,0.00141999999999598,5456.4734152393285,bench_mov_indexed_register
352.58582,352.58722,0.0013999999999896318,5383.394679480132,bench_mov_indexed_register
352.7875,352.78962,0.002119999999990796,8296.685314228,bench_mov_indexed_indexed
352.9899,352.99202,0.0021200000000476393,8304.16302215765,bench_mov_indexed_indexed
353.19228,353.19442,0.002139999999997144,8388.068457125923,bench_mov_indexed_indexed
353.39468,353.3968,0.002119999999990796,8292.514933236993,bench_mov_indexed_indexed
353.59706,353.59918,0.002119999999990796,8298.525949904442,bench_mov_indexed_indexed
353.79946,353.80158,0.002119999999990796,8306.974268016764,bench_mov_indexed_indexed
354.00184,354.00396,0.002119999999990796,8294.36065392533,bench_mov_indexed_indexed
354.20422,354.20634,0.002119999999990796,8298.940230120397,bench_mov_indexed_indexed
354.4066,354.40872,0.002119999999990796,8317.95281260158,bench_mov_indexed_indexed
354.60898,354.61112,0.0021400000000539876,8384.2685541449,bench_mov_indexed_indexed
354.81136,354.8135,0.002139999999997144,8363.420036614027,bench_mov_indexed_indexed
355.01376,355.01588,0.002119999999990796,8284.646915236648,bench_mov_indexed_indexed
355.21616,355.21828,0.002119999999990796,8286.539507063473,bench_mov_indexed_indexed
355.41854,355.42066,0.002119999999990796,8290.956006347938,bench_mov_indexed_indexed
355.62092,355.62304,0.002119999999990796,8301.21186092303,bench_mov_indexed_indexed
355.82332,355.82544,0.002119999999990796,8291.072421659135,bench_mov_indexed_indexed
356.0257,356.02782,0.0021200000000476393,8295.002305139096,bench_mov_indexed_indexed
356.2281,356.23022,0.002119999999990796,8302.542441489162,bench_mov_indexed_indexed
356.43048,356.43262,0.002139999999997144,8380.929827679376,bench_mov_indexed_indexed
356.63288,356.635,0.002119999999990796,8297.900832226072,bench_mov_indexed_indexed
356.83528,356.8374,0.002119999999990796,8296.874663756324,bench_mov_indexed_indexed
357.03768,357.0398,0.002119999999990796,8299.272591205525,bench_mov_indexed_indexed
357.24008,357.2422,0.0021200000000476393,8292.338331421928,bench_mov_indexed_indexed
357.44248,357.4446,0.002119999999990796,8301.399857702498,bench_mov_indexed_indexed
357.64486,357.64698,0.002119999999990796,8290.665773641005,bench_mov_indexed_indexed
357.84724,357.84938,0.002139999999997144,8378.781769415715,bench_mov_indexed_indexed
358.04964,358.05176,0.002119999999990796,8287.271186669308,bench_mov_indexed_indexed
358.25202,358.25416,0.002139999999997144,8370.130145904304,bench_mov_indexed_indexed
358.45442,358.45654,0.002119999999990796,8297.783378461374,bench_mov_indexed_indexed
358.6568,358.65892,0.0021200000000476393,8299.99970290987,bench_mov_indexed_indexed
358.85918,358.8613,0.0021200000000476393,8294.021729569653,bench_mov_indexed_indexed
359.06156,359.06368,0.002119999999990796,8298.56095831958,bench_mov_indexed_indexed
359.26394,359.26606,0.002119999999990796,8298.162170649262,bench_mov_indexed_indexed
359.46632,359.46846,0.002139999999997144,8370.306810824626,bench_mov_indexed_indexed
359.6687,359.67082,0.002119999999990796,8299.57028847557,bench_mov_indexed_indexed
359.87108,359.8732,0.002119999999990796,8295.25170611649,bench_mov_indexed_indexed
360.07346,360.07558,0.002119999999990796,8304.350038481702,bench_mov_indexed_indexed
360.27586,360.27798,0.002119999999990796,8302.156175445229,bench_mov_indexed_indexed
360.47824,360.48036,0.002119999999990796,8287.202436428905,bench_mov_indexed_indexed
360.68064,360.68276,0.002119999999990796,8297.21177925395,bench_mov_indexed_indexed
360.88304,360.88516,0.002119999999990796,8301.19212620345,bench_mov_indexed_indexed
361.08542,361.08754,0.002119999999990796,8300.82254480795,bench_mov_indexed_indexed
361.28782,361.28994,0.002119999999990796,8295.29504753699,bench_mov_indexed_indexed
361.4902,361.49232,0.002119999999990796,8302.833745212469,bench_mov_indexed_indexed
361.69258,361.6947,0.002119999999990796,8292.002920017754,bench_mov_indexed_indexed
361.89496,361.8971,0.002139999999997144,8372.289380038483,bench_mov_indexed_indexed
362.09736,362.09948,0.0021200000000476393,8298.082957233079,bench_mov_indexed_indexed
362.29974,362.30186,0.002119999999990796,8305.217614362275,bench_mov_indexed_indexed
362.50212,362.50426,0.002139999999997144,8363.47793693702,bench_mov_indexed_indexed
362.70452,362.70664,0.002119999999990796,8301.412085971047,bench_mov_indexed_indexed
362.9069,362.90902,0.002119999999990796,8302.882178649157,bench_mov_indexed_indexed
363.10928,363.11142,0.002139999999997144,8376.944125616497,bench_mov_indexed_indexed
363.31168,363.3138,0.002119999999990796,8296.634890093283,bench_mov_indexed_indexed
363.51406,363.51618,0.0021200000000476393,8288.614941021624,bench_mov_indexed_indexed
363.71642,363.71854,0.002119999999990796,8299.651630175904,bench_mov_indexed_indexed
363.9188,363.92092,0.0021200000000476393,8306.717067218256,bench_mov_indexed_indexed
364.12118,364.12332,0.002139999999997144,8382.632671844804,bench_mov_indexed_indexed
364.32358,364.3257,0.002119999999990796,8293.551038917243,bench_mov_indexed_indexed
364.52596,364.52808,0.002119999999990796,8303.096862475411,bench_mov_indexed_indexed
364.72834,364.73046,0.002119999999990796,8301.804535988378,bench_mov_indexed_indexed
364.93074,364.93286,0.002119999999990796,8298.892388086128,bench_mov_indexed_indexed
365.13312,365.13524,0.002119999999990796,8297.277446797827,bench_mov_indexed_indexed
365.33552,365.33764,0.0021200000000476393,8307.32480408752,bench_mov_indexed_indexed
365.5379,365.54002,0.0021200000000476393,8292.862498390596,bench_mov_indexed_indexed
365.7403,365.74242,0.002119999999990796,8302.685539202936,bench_mov_indexed_indexed
365.94268,365.9448,0.002119999999990796,8292.599865204284,bench_mov_indexed_indexed
366.14508,366.1472,0.002119999999990796,8290.662746841757,bench_mov_indexed_indexed
366.34746,366.34958,0.002119999999990796,8295.984971300479,bench_mov_indexed_indexed
366.54986,366.55198,0.002119999999990796,8298.475998411679,bench_mov_indexed_indexed
366.75224,366.75436,0.0021200000000476393,8300.975458885478,bench_mov_indexed_indexed
366.95464,366.95676,0.002119999999990796,8302.764687657029,bench_mov_indexed_indexed
367.15704,367.15916,0.002119999999990796,8294.569761459225,bench_mov_indexed_indexed
367.35944,367.36156,0.002119999999990796,8300.235667233044,bench_mov_indexed_indexed
367.56182,367.56394,0.002119999999990796,8294.233935846081,bench_mov_indexed_indexed
367.76424,367.76636,0.0021200000000476393,8295.402054398244,bench_mov_indexed_indexed
367.96664,367.96876,0.002119999999990796,8294.967205697392,bench_mov_indexed_indexed
368.16904,368.17116,0.002119999999990796,8295.127078855146,bench_mov_indexed_indexed
368.37142,368.37354,0.002119999999990796,8307.244775313691,bench_mov_indexed_indexed
368.5738,368.57594,0.002139999999997144,8380.697839880884,bench_mov_indexed_indexed
368.7762,368.77832,0.002119999999990796,8284.086720048414,bench_mov_indexed_indexed
368.97858,368.9807,0.002119999999990796,8296.733982817828,bench_mov_indexed_indexed
369.18096,369.18308,0.002119999999990796,8293.405643153705,bench_mov_indexed_indexed
369.38336,369.38548,0.002119999999990796,8318.08828745336,bench_mov_indexed_indexed
369.58574,369.58786,0.002119999999990796,8294.669399000524,bench_mov_indexed_indexed
369.78812,369.79026,0.002139999999997144,8374.581981908921,bench_mov_indexed_indexed
369.99052,369.99264,0.002119999999990796,8301.97609957438,bench_mov_indexed_indexed
370.1929,370.19502,0.002119999999990796,8309.617242739663,bench_mov_indexed_indexed
370.39528,370.3974,0.002119999999990796,8300.871318168889,bench_mov_indexed_indexed
370.59766,370.59978,0.002119999999990796,8288.311227184557,bench_mov_indexed_indexed
370.80004,370.80218,0.002139999999997144,8371.038446180943,bench_mov_indexed_indexed
371.00244,371.00456,0.0021200000000476393,8312.08674721564,bench_mov_indexed_indexed
371.20482,371.20696,0.002139999999997144,8377.724292216148,bench_mov_indexed_indexed
371.40722,371.40934,0.002119999999990796,8290.898944220622,bench_mov_indexed_indexed
371.6096,371.61172,0.002119999999990796,8299.323795327504,bench_mov_indexed_indexed
371.81198,371.8141,0.002119999999990796,8310.239640958775,bench_mov_indexed_indexed
372.01438,372.0165,0.002119999999990796,8314.849000848311,bench_mov_indexed_indexed
372.21676,372.21888,0.002119999999990796,8288.500863086798,bench_mov_indexed_indexed
372.41914,372.42128,0.002139999999997144,8367.558890003207,bench_mov_indexed_indexed
372.62154,372.62366,0.002119999999990796,8312.361631513377,bench_mov_indexed_indexed
372.82392,372.82604,0.002119999999990796,8324.505533059188,bench_mov_indexed_indexed
373.0263,373.0284,0.0020999999999844476,8359.942012407544,bench_mov_indexed_symbolic
373.22866,373.23076,0.0020999999999844476,8359.185489765623,bench_mov_indexed_symbolic
373.43102,373.43312,0.0020999999999844476,8367.701186739412,bench_mov_indexed_symbolic
373.6334,373.6355,0.0020999999999844476,8332.47700699754,bench_mov_indexed_symbolic
373.83576,373.83786,0.0020999999999844476,8343.461858984749,bench_mov_indexed_symbolic
374.03812,374.04022,0.0020999999999844476,8370.937441883663,bench_mov_indexed_symbolic
374.2405,374.2426,0.0020999999999844476,8358.146776379703,bench_mov_indexed_symbolic
374.44286,374.44496,0.0020999999999844476,8319.177110618828,bench_mov_indexed_symbolic
374.64524,374.64732,0.0020799999999780994,8263.194137167342,bench_mov_indexed_symbolic
374.8476,374.8497,0.0020999999999844476,8349.186549836346,bench_mov_indexed_symbolic
375.04996,375.05206,0.0020999999999844476,8359.950259262523,bench_mov_indexed_symbolic
375.25232,375.25442,0.0020999999999844476,8361.638123110786,bench_mov_indexed_symbolic
375.45468,375.45678,0.0020999999999844476,8349.745445826999,bench_mov_indexed_symbolic
375.65704,375.65914,0.0020999999999844476,8349.727797263475,bench_mov_indexed_symbolic
375.8594,375.8615,0.0020999999999844476,8356.392444052106,bench_mov_indexed_symbolic
376.06176,376.06386,0.0020999999999844476,8351.720939333778,bench_mov_indexed_symbolic
376.26412,376.26622,0.0020999999999844476,8351.175161020763,bench_mov_indexed_symbolic
376.46648,376.46858,0.0020999999999844476,8358.613643735942,bench_mov_indexed_symbolic
376.66884,376.67094,0.0020999999999844476,8356.027589120482,bench_mov_indexed_symbolic
376.87122,376.87332,0.0020999999999844476,8356.090518585252,bench_mov_indexed_symbolic
377.07358,377.07568,0.0020999999999844476,8344.40970321668,bench_mov_indexed_symbolic
377.27594,377.27804,0.0020999999999844476,8351.505408002186,bench_mov_indexed_symbolic
377.4783,377.4804,0.0020999999999844476,8339.40523205325,bench_mov_indexed_symbolic
377.68066,377.68276,0.0020999999999844476,8346.817805375145,bench_mov_indexed_symbolic
377.883,377.8851,0.002100000000041291,8354.140259491816,bench_mov_indexed_symbolic
378.08538,378.08748,0.002100000000041291,8349.820026362804,bench_mov_indexed_symbolic
378.28774,378.28984,0.002100000000041291,8348.997696469398,bench_mov_indexed_symbolic
378.4901,378.4922,0.002100000000041291,8356.27605689646,bench_mov_indexed_symbolic
378.69246,378.69456,0.002100000000041291,8361.686202865765,bench_mov_indexed_symbolic
378.89482,378.89692,0.002100000000041291,8352.083559316136,bench_mov_indexed_symbolic
379.09718,379.09928,0.002100000000041291,8345.289956942222,bench_mov_indexed_symbolic
379.29952,379.30162,0.002100000000041291,8354.536523280502,bench_mov_indexed_symbolic
379.5019,379.504,0.002100000000041291,8349.732612428354,bench_mov_indexed_symbolic
379.70426,379.70636,0.002100000000041291,8345.766766162002,bench_mov_indexed_symbolic
379.90662,379.90872,0.002100000000041291,8345.480268057396,bench_mov_indexed_symbolic
380.10898,380.11108,0.002100000000041291,8369.801156389243,bench_mov_indexed_symbolic
380.31134,380.31344,0.002100000000041291,8349.830592217499,bench_mov_indexed_symbolic
380.5137,380.5158,0.002100000000041291,8335.11367457015,bench_mov_indexed_symbolic
380.71606,380.71816,0.0020999999999844476,8360.093166050843,bench_mov_indexed_symbolic
380.91842,380.92052,0.0020999999999844476,8357.777642020554,bench_mov_indexed_symbolic
381.12078,381.12288,0.0020999999999844476,8361.571081844948,bench_mov_indexed_symbolic
381.32314,381.32524,0.0020999999999844476,8354.393863055082,bench_mov_indexed_symbolic
381.52548,381.52758,0.0020999999999844476,8358.64279412407,bench_mov_indexed_symbolic
381.72784,381.72994,0.0020999999999844476,8344.95997050171,bench_mov_indexed_symbolic
381.9302,381.93228,0.0020799999999780994,8262.323015278485,bench_mov_indexed_symbolic
382.13254,382.13464,0.0020999999999844476,8370.145424206,bench_mov_indexed_symbolic
382.3349,382.337,0.0020999999999844476,8357.235593660138,bench_mov_indexed_symbolic
382.53726,382.53936,0.0020999999999844476,8366.141752278212,bench_mov_indexed_symbolic
382.73962,382.74172,0.0020999999999844476,8362.688720163704,bench_mov_indexed_symbolic
382.94198,382.94408,0.0020999999999844476,8357.961769155787,bench_mov_indexed_symbolic
383.14432,383.14642,0.0020999999999844476,8361.776508333403,bench_mov_indexed_symbolic
383.34668,383.34878,0.0020999999999844476,8341.860403246923,bench_mov_indexed_symbolic
383.54904,383.55114,0.0020999999999844476,8353.575235172011,bench_mov_indexed_symbolic
383.75138,383.75348,0.002100000000041291,8356.459867375765,bench_mov_indexed_symbolic
383.95374,383.95584,0.002100000000041291,8358.60426088452,bench_mov_indexed_symbolic
384.1561,384.1582,0.002100000000041291,8350.602076556255,bench_mov_indexed_symbolic
384.35844,384.36054,0.002100000000041291,8363.67575933949,bench_mov_indexed_symbolic
384.5608,384.5629,0.002100000000041291,8346.569361328106,bench_mov_indexed_symbolic
384.76314,384.76524,0.0020999999999844476,8353.90815504623,bench_mov_indexed_symbolic
384.9655,384.9676,0.0020999999999844476,8345.638299292588,bench_mov_indexed_symbolic
385.16784,385.16994,0.0020999999999844476,8348.338319854036,bench_mov_indexed_symbolic
385.3702,385.3723,0.0020999999999844476,8352.954406226494,bench_mov_indexed_symbolic
385.57254,385.57464,0.0020999999999844476,8354.407828236934,bench_mov_indexed_symbolic
385.7749,385.777,0.0020999999999844476,8349.28076708219,bench_mov_indexed_symbolic
385.97724,385.97934,0.0020999999999844476,8372.024646900363,bench_mov_indexed_symbolic
386.1796,386.1817,0.0020999999999844476,8347.77031553491,bench_mov_indexed_symbolic
386.38196,386.38406,0.0020999999999844476,8341.743783034412,bench_mov_indexed_symbolic
386.5843,386.5864,0.002100000000041291,8340.792264955862,bench_mov_indexed_symbolic
386.78666,386.78876,0.002100000000041291,8348.213159642419,bench_mov_indexed_symbolic
386.98902,386.99112,0.002100000000041291,8348.763352424055,bench_mov_indexed_symbolic
387.19138,387.19348,0.002100000000041291,8357.665571553522,bench_mov_indexed_symbolic
387.39374,387.39582,0.002080000000034943,8266.56298260082,bench_mov_indexed_symbolic
387.5961,387.5982,0.002100000000041291,8347.238856535734,bench_mov_indexed_symbolic
387.79844,387.80054,0.0020999999999844476,8350.6037224323,bench_mov_indexed_symbolic
388.0008,388.0029,0.0020999999999844476,8361.271936375686,bench_mov_indexed_symbolic
388.20316,388.20526,0.0020999999999844476,8344.493899428091,bench_mov_indexed_symbolic
388.40552,388.40762,0.0020999999999844476,8360.88841308241,bench_mov_indexed_symbolic
388.60788,388.60998,0.0020999999999844476,8359.137596497152,bench_mov_indexed_symbolic
388.81024,388.81234,0.0020999999999844476,8356.99009702622,bench_mov_indexed_symbolic
389.0126,389.0147,0.0020999999999844476,8344.705859134117,bench_mov_indexed_symbolic
389.21498,389.21708,0.0020999999999844476,8353.289854643719,bench_mov_indexed_symbolic
389.41734,389.41944,0.0020999999999844476,8344.112662529711,bench_mov_indexed_symbolic
389.61972,389.62182,0.002100000000041291,8368.441374209386,bench_mov_indexed_symbolic
389.82208,389.82418,0.0020999999999844476,8331.062588768778,bench_mov_indexed_symbolic
390.02444,390.02654,0.0020999999999844476,8369.285128941961,bench_mov_indexed_symbolic
390.2268,390.2289,0.0020999999999844476,8366.486406818747,bench_mov_indexed_symbolic
390.42916,390.43126,0.0020999999999844476,8356.805061855826,bench_mov_indexed_symbolic
390.63154,390.63364,0.002100000000041291,8327.746465971675,bench_mov_indexed_symbolic
390.8339,390.836,0.0020999999999844476,8362.299320215916,bench_mov_indexed_symbolic
391.03628,391.03838,0.002100000000041291,8354.809526520185,bench_mov_indexed_symbolic
391.23864,391.24074,0.002100000000041291,8358.899932526321,bench_mov_indexed_symbolic
391.44102,391.44312,0.002100000000041291,8331.894818858991,bench_mov_indexed_symbolic
391.64338,391.64548,0.002100000000041291,8356.31974989378,bench_mov_indexed_symbolic
391.84576,391.84786,0.002100000000041291,8357.245347159342,bench_mov_indexed_symbolic
392.04812,392.05022,0.002100000000041291,8362.188255582903,bench_mov_indexed_symbolic
392.2505,392.2526,0.0020999999999844476,8339.838595066272,bench_mov_indexed_symbolic
392.45286,392.45496,0.002100000000041291,8344.725896771044,bench_mov_indexed_symbolic
392.65524,392.65734,0.0020999999999844476,8354.825046786904,bench_mov_indexed_symbolic
392.8576,392.8597,0.0020999999999844476,8359.584635991521,bench_mov_indexed_symbolic
393.05996,393.06206,0.0020999999999844476,8328.991355313829,bench_mov_indexed_symbolic
393.26234,393.26444,0.0020999999999844476,8267.137904130139,bench_mov_indexed_absolute
393.4647,393.4668,0.0020999999999844476,8268.155134227807,bench_mov_indexed_absolute
393.66706,393.66914,0.002080000000034943,8187.742759619426,bench_mov_indexed_absolute
393.8694,393.8715,0.002100000000041291,8247.147468084177,bench_mov_indexed_absolute
394.07176,394.07386,0.002100000000041291,8282.271232615609,bench_mov_indexed_absolute
394.27412,394.27622,0.002100000000041291,8259.34025941169,bench_mov_indexed_absolute
394.47646,394.47856,0.002100000000041291,8275.70092880878,bench_mov_indexed_absolute
394.67882,394.68092,0.002100000000041291,8263.041414489404,bench_mov_indexed_absolute
394.88118,394.88328,0.002100000000041291,8265.062149313588,bench_mov_indexed_absolute
395.08354,395.08562,0.0020799999999780994,8176.450328807723,bench_mov_indexed_absolute
395.2859,395.28798,0.0020799999999780994,8194.989664386414,bench_mov_indexed_absolute
395.48824,395.49034,0.0020999999999844476,8288.787784919276,bench_mov_indexed_absolute
395.6906,395.6927,0.0020999999999844476,8283.601580123506,bench_mov_indexed_absolute
395.89296,395.89506,0.0020999999999844476,8251.115526008152,bench_mov_indexed_absolute
396.09532,396.09742,0.0020999999999844476,8247.815039877949,bench_mov_indexed_absolute
396.29768,396.29976,0.0020799999999780994,8172.627084335351,bench_mov_indexed_absolute
396.50004,396.50212,0.0020799999999780994,8201.43616516198,bench_mov_indexed_absolute
396.70238,396.70448,0.0020999999999844476,8260.251013502748,bench_mov_indexed_absolute
396.90474,396.90684,0.0020999999999844476,8262.3502704626,bench_mov_indexed_absolute
397.1071,397.1092,0.0020999999999844476,8275.327947863329,bench_mov_indexed_absolute
397.30944,397.31154,0.0020999999999844476,8284.588060281149,bench_mov_indexed_absolute
397.51182,397.5139,0.0020799999999780994,8172.466563903159,bench_mov_indexed_absolute
397.71416,397.71626,0.0020999999999844476,8280.359508878144,bench_mov_indexed_absolute
397.91652,397.91862,0.0020999999999844476,8276.529088557809,bench_mov_indexed_absolute
398.1189,398.121,0.0020999999999844476,8272.196608535354,bench_mov_indexed_absolute
398.32126,398.32336,0.0020999999999844476,8258.108235835018,bench_mov_indexed_absolute
398.52362,398.52572,0.0020999999999844476,8268.33557797567,bench_mov_indexed_absolute
398.726,398.72808,0.0020799999999780994,8199.202548626688,bench_mov_indexed_absolute
398.92836,398.93046,0.0020999999999844476,8284.310535463555,bench_mov_indexed_absolute
399.13072,399.13282,0.0020999999999844476,8234.660224928044,bench_mov_indexed_absolute
399.33308,399.33518,0.0020999999999844476,8271.46931079965,bench_mov_indexed_absolute
399.53546,399.53754,0.0020799999999780994,8199.295627334392,bench_mov_indexed_absolute
399.73782,399.73992,0.0020999999999844476,8287.342884516967,bench_mov_indexed_absolute
399.9402,399.94228,0.0020799999999780994,8157.937023702259,bench_mov_indexed_absolute
400.14256,400.14466,0.0020999999999844476,8256.364152705619,bench_mov_indexed_absolute
400.34492,400.34702,0.0020999999999844476,8275.643123718255,bench_mov_indexed_absolute
400.54728,400.54938,0.0020999999999844476,8280.007913650581,bench_mov_indexed_absolute
400.74964,400.75174,0.0020999999999844476,8263.741740895019,bench_mov_indexed_absolute
400.952,400.9541,0.0020999999999844476,8272.241903408638,bench_mov_indexed_absolute
401.15436,401.15646,0.0020999999999844476,8271.82936941637,bench_mov_indexed_absolute
401.35672,401.35882,0.0020999999999844476,8269.540863053295,bench_mov_indexed_absolute
401.55908,401.56118,0.0020999999999844476,8243.885263741693,bench_mov_indexed_absolute
401.76144,401.76354,0.0020999999999844476,8276.572953851373,bench_mov_indexed_absolute
401.9638,401.9659,0.0020999999999844476,8288.936484546375,bench_mov_indexed_absolute
402.16616,402.16826,0.0020999999999844476,8265.51928644703,bench_mov_indexed_absolute
402.36852,402.37062,0.0020999999999844476,8280.235938668768,bench_mov_indexed_absolute
402.57088,402.57296,0.002080000000034943,8194.346013617145,bench_mov_indexed_absolute
402.77324,402.77534,0.002100000000041291,8263.779878783569,bench_mov_indexed_absolute
402.9756,402.9777,0.002100000000041291,8254.306302566403,bench_mov_indexed_absolute
403.17796,403.18006,0.002100000000041291,8256.017435509253,bench_mov_indexed_absolute
403.3803,403.3824,0.002100000000041291,8245.810214595516,bench_mov_indexed_absolute
403.58266,403.58476,0.002100000000041291,8269.993639720002,bench_mov_indexed_absolute
403.78502,403.78712,0.002100000000041291,8297.718332782157,bench_mov_indexed_absolute
403.98738,403.98948,0.002100000000041291,8292.316324243351,bench_mov_indexed_absolute
404.18974,404.19184,0.002100000000041291,8258.541850538137,bench_mov_indexed_absolute
404.3921,404.3942,0.0020999999999844476,8276.95416745062,bench_mov_indexed_absolute
404.59446,404.59654,0.0020799999999780994,8202.977075610419,bench_mov_indexed_absolute
404.7968,404.7989,0.0020999999999844476,8274.031714470957,bench_mov_indexed_absolute
404.99916,405.00126,0.0020999999999844476,8267.515227131045,bench_mov_indexed_absolute
405.20152,405.20362,0.0020999999999844476,8269.072314658137,bench_mov_indexed_absolute
405.40388,405.40598,0.0020999999999844476,8273.582826308279,bench_mov_indexed_absolute
405.60624,405.60834,0.0020999999999844476,8265.365823110924,bench_mov_indexed_absolute
405.80862,405.8107,0.0020799999999780994,8168.818543111698,bench_mov_indexed_absolute
406.01098,406.01308,0.0020999999999844476,8263.693086270503,bench_mov_indexed_absolute
406.21334,406.21544,0.0020999999999844476,8295.602973020536,bench_mov_indexed_absolute
406.41572,406.41782,0.0020999999999844476,8263.313905270525,bench_mov_indexed_absolute
406.61808,406.62018,0.0020999999999844476,8261.590478877892,bench_mov_indexed_absolute
406.82044,406.82254,0.0020999999999844476,8272.370477138755,bench_mov_indexed_absolute
407.02282,407.0249,0.0020799999999780994,8207.980724889265,bench_mov_indexed_absolute
407.22518,407.22728,0.0020999999999844476,8261.508787914297,bench_mov_indexed_absolute
407.42754,407.42964,0.0020999999999844476,8265.562830424384,bench_mov_indexed_absolute
407.62992,407.632,0.0020799999999780994,8183.928592964371,bench_mov_indexed_absolute
407.83228,407.83438,0.0020999999999844476,8288.350659353502,bench_mov_indexed_absolute
408.03464,408.03674,0.0020999999999844476,8264.29000117833,bench_mov_indexed_absolute
408.23702,408.2391,0.002080000000034943,8180.582998462265,bench_mov_indexed_absolute
408.43938,408.44148,0.0020999999999844476,8276.07341103603,bench_mov_indexed_absolute
408.64174,408.64384,0.0020999999999844476,8272.281517207659,bench_mov_indexed_absolute
408.8441,408.8462,0.0020999999999844476,8269.117362729092,bench_mov_indexed_absolute
409.04646,409.04856,0.0020999999999844476,8262.473381985119,bench_mov_indexed_absolute
409.24882,409.25092,0.0020999999999844476,8277.032920089492,bench_mov_indexed_absolute
409.45118,409.45328,0.0020999999999844476,8293.130448954242,bench_mov_indexed_absolute
409.65354,409.65564,0.0020999999999844476,8248.035861114393,bench_mov_indexed_absolute
409.8559,409.858,0.0020999999999844476,8271.196489153037,bench_mov_indexed_absolute
410.05826,410.06036,0.0020999999999844476,8259.44926815852,bench_mov_indexed_absolute
410.26064,410.26274,0.0020999999999844476,8277.46743329526,bench_mov_indexed_absolute
410.463,410.4651,0.0020999999999844476,8252.019253492177,bench_mov_indexed_absolute
410.66536,410.66746,0.0020999999999844476,8252.662382954859,bench_mov_indexed_absolute
410.86772,410.86982,0.0020999999999844476,8282.482309663714,bench_mov_indexed_absolute
411.07008,411.07218,0.0020999999999844476,8286.998495394846,bench_mov_indexed_absolute
411.27244,411.27454,0.0020999999999844476,8250.726838535302,bench_mov_indexed_absolute
411.4748,411.4769,0.0020999999999844476,8255.520276660667,bench_mov_indexed_absolute
411.67716,411.67926,0.0020999999999844476,8269.720331238404,bench_mov_indexed_absolute
411.87952,411.88162,0.0020999999999844476,8278.981950071295,bench_mov_indexed_absolute
412.08188,412.08398,0.0020999999999844476,8256.269800417038,bench_mov_indexed_absolute
412.28424,412.28634,0.0020999999999844476,8265.643152342944,bench_mov_indexed_absolute
412.4866,412.4887,0.0020999999999844476,8275.243272012754,bench_mov_indexed_absolute
412.68896,412.69106,0.0020999999999844476,8283.26295123655,bench_mov_indexed_absolute
412.89132,412.89342,0.0020999999999844476,8258.386584869031,bench_mov_indexed_absolute
413.09368,413.09578,0.0020999999999844476,8262.633520585427,bench_mov_indexed_absolute
413.29602,413.29812,0.0020999999999844476,8279.431380739663,bench_mov_indexed_absolute
