t_start_s,t_end_s,duration_s,energy_nJ,event_label
10.0261,10.02678,0.0006800000000009021,2048.194108068167,bench_add_reg_reg
10.22752,10.22822,0.000700000000000145,2122.4149363117995,bench_add_reg_reg
10.42898,10.42966,0.0006800000000009021,2052.339515651903,bench_add_reg_reg
10.63042,10.6311,0.0006799999999991257,2062.2347458234253,bench_add_reg_reg
10.83184,10.83254,0.000700000000000145,2126.23916799258,bench_add_reg_reg
11.03328,11.03396,0.0006800000000009021,2047.1099740855607,bench_add_reg_reg
11.23472,11.2354,0.0006800000000009021,2049.9719190440915,bench_add_reg_reg
11.43616,11.43684,0.0006800000000009021,2051.916897765653,bench_add_reg_reg
11.63758,11.63828,0.000700000000000145,2123.617513571551,bench_add_reg_reg
11.83902,11.83972,0.000700000000000145,2130.1092673099347,bench_add_reg_reg
12.04046,12.04116,0.000700000000000145,2109.2491550378722,bench_add_reg_reg
12.24192,12.2426,0.0006799999999991257,2050.1752663376424,bench_add_reg_reg
12.44336,12.44404,0.0006799999999991257,2032.6390885721037,bench_add_reg_reg
12.6448,12.64548,0.0006799999999991257,2043.7381486380762,bench_add_reg_reg
12.84622,12.84692,0.000700000000000145,2114.1711971721343,bench_add_reg_reg
13.04766,13.04834,0.0006799999999991257,2045.8828774252772,bench_add_reg_reg
13.2491,13.24978,0.0006799999999991257,2041.7236490147232,bench_add_reg_reg
13.45052,13.45122,0.000700000000000145,2114.4684520559003,bench_add_reg_reg
13.65196,13.65266,0.0006999999999983686,2132.1800514069773,bench_add_reg_reg
13.8534,13.8541,0.000700000000000145,2108.115518931388,bench_add_reg_reg
14.05484,14.05554,0.000700000000000145,2124.6782853269765,bench_add_reg_reg
14.25628,14.25696,0.0006799999999991257,2052.954097741293,bench_add_reg_reg
14.45772,14.4584,0.0006799999999991257,2056.046174836326,bench_add_reg_reg
14.65914,14.65984,0.000700000000000145,2126.851107459443,bench_add_reg_reg
14.86058,14.86126,0.0006799999999991257,2057.9651393898293,bench_add_reg_reg
15.06202,15.0627,0.0006799999999991257,2031.1333448597538,bench_add_reg_reg
15.26344,15.26414,0.000700000000000145,2112.119060476219,bench_add_reg_reg
15.46488,15.46556,0.0006799999999991257,2038.7230557358255,bench_add_reg_reg
15.66632,15.667,0.0006799999999991257,2052.2247953309366,bench_add_reg_reg
15.86776,15.86844,0.0006799999999991257,2041.7769136809443,bench_add_reg_reg
16.06918,16.06988,0.0007000000000019213,2119.12437342715,bench_add_reg_reg
16.27062,16.2713,0.0006799999999991257,2048.769753888743,bench_add_reg_reg
16.47204,16.47274,0.0007000000000019213,2127.5856322666637,bench_add_reg_reg
16.67348,16.67416,0.0006799999999991257,2045.2142995748234,bench_add_reg_reg
16.8749,16.8756,0.0006999999999983686,2116.682708723827,bench_add_reg_reg
17.07634,17.07702,0.0006800000000026785,2055.2013372161673,bench_add_reg_reg
17.27778,17.27846,0.0006799999999991257,2048.735991117582,bench_add_reg_reg
17.4792,17.4799,0.0007000000000019213,2116.3265872812954,bench_add_reg_reg
17.68064,17.68132,0.0006799999999991257,2054.8433018818755,bench_add_reg_reg
17.88208,17.88276,0.0006800000000026785,2051.834589810797,bench_add_reg_reg
18.08352,18.0842,0.0006799999999991257,2058.9027996145423,bench_add_reg_reg
18.28496,18.28566,0.0006999999999983686,2115.5916852818395,bench_add_reg_reg
18.4864,18.4871,0.0007000000000019213,2117.6564251134005,bench_add_reg_reg
18.68784,18.68854,0.0006999999999983686,2124.96062274444,bench_add_reg_reg
18.88928,18.88998,0.0007000000000019213,2119.317196781356,bench_add_reg_reg
19.09072,19.09142,0.0006999999999983686,2126.2352657448832,bench_add_reg_reg
19.29216,19.29286,0.0007000000000019213,2115.434643353038,bench_add_reg_reg
19.4936,19.4943,0.0006999999999983686,2118.9874038045973,bench_add_reg_reg
19.69504,19.69572,0.0006800000000026785,2057.1866165933598,bench_add_reg_reg
19.89646,19.89716,0.0006999999999983686,2118.2255633119585,bench_add_reg_reg
20.0979,20.0986,0.0007000000000019213,2119.3680213826456,bench_add_reg_reg
20.29934,20.30002,0.0006799999999991257,2070.002669931052,bench_add_reg_reg
20.50078,20.50146,0.0006800000000026785,2054.524282002207,bench_add_reg_reg
20.7022,20.7029,0.0006999999999983686,2128.303577186191,bench_add_reg_reg
20.90364,20.90434,0.0007000000000019213,2124.1838811026487,bench_add_reg_reg
21.10508,21.10576,0.0006799999999991257,2049.8156012003387,bench_add_reg_reg
21.30652,21.3072,0.0006800000000026785,2067.1272790143767,bench_add_reg_reg
21.50794,21.50864,0.0006999999999983686,2148.6245002538967,bench_add_reg_reg
21.70938,21.71008,0.0007000000000019213,2123.435910331536,bench_add_reg_reg
21.91082,21.91152,0.0006999999999983686,2132.389233442085,bench_add_reg_reg
22.11226,22.11294,0.0006799999999991257,2039.246032943457,bench_add_reg_reg
22.31368,22.31436,0.0006799999999991257,2056.7034231464163,bench_add_reg_reg
22.51512,22.5158,0.0006799999999991257,2052.850325123839,bench_add_reg_reg
22.71654,22.71724,0.0007000000000019213,2124.5180210169337,bench_add_reg_reg
22.91798,22.91866,0.0006799999999991257,2049.3125403270815,bench_add_reg_reg
23.1194,23.1201,0.0007000000000019213,2134.558793629603,bench_add_reg_reg
23.32084,23.32152,0.0006799999999991257,2050.1552824833457,bench_add_reg_reg
23.52228,23.52296,0.0006800000000026785,2071.5622953227526,bench_add_reg_reg
23.7237,23.7244,0.0006999999999983686,2132.4401511756178,bench_add_reg_reg
23.92514,23.92582,0.0006800000000026785,2061.6518263794896,bench_add_reg_reg
24.12658,24.12726,0.0006799999999991257,2050.9335095962174,bench_add_reg_reg
24.328,24.3287,0.0007000000000019213,2117.1866054708053,bench_add_reg_reg
24.52944,24.53014,0.0006999999999983686,2119.409381406355,bench_add_reg_reg
24.73088,24.73156,0.0006800000000026785,2047.1196202645876,bench_add_reg_reg
24.93232,24.933,0.0006799999999991257,2051.121699620665,bench_add_reg_reg
25.13376,25.13444,0.0006800000000026785,2064.4783973783174,bench_add_reg_reg
25.3352,25.33588,0.0006799999999991257,2049.4605181710244,bench_add_reg_reg
25.53664,25.53732,0.0006800000000026785,2043.6413399964854,bench_add_reg_reg
25.73806,25.73876,0.0006999999999983686,2110.231209075118,bench_add_reg_reg
25.9395,25.94018,0.0006800000000026785,2055.044192829832,bench_add_reg_reg
26.14094,26.14162,0.0006799999999991257,2061.069877815139,bench_add_reg_reg
26.34238,26.34306,0.0006800000000026785,2057.6860988601134,bench_add_reg_reg
26.5438,26.5445,0.0006999999999983686,2123.523643234906,bench_add_reg_reg
26.74524,26.74594,0.0007000000000019213,2110.9634894008163,bench_add_reg_reg
26.94668,26.94738,0.0006999999999983686,2122.9730616267702,bench_add_reg_reg
27.14812,27.1488,0.0006800000000026785,2052.2118103778694,bench_add_reg_reg
27.34956,27.35024,0.0006799999999991257,2066.4049684974284,bench_add_reg_reg
27.551,27.55168,0.0006800000000026785,2056.980833885919,bench_add_reg_reg
27.75244,27.75312,0.0006799999999991257,2062.90847388736,bench_add_reg_reg
27.95388,27.95456,0.0006799999999991257,2065.568773538068,bench_add_reg_reg
28.15532,28.156,0.0006799999999991257,2054.6221290691597,bench_add_reg_reg
28.35674,28.35742,0.0006800000000026785,2061.550428634186,bench_add_reg_reg
28.55818,28.55886,0.0006799999999991257,2061.813876495512,bench_add_reg_reg
28.7596,28.7603,0.0007000000000019213,2118.3920023098785,bench_add_reg_reg
28.96104,28.96174,0.0006999999999983686,2125.0021341202823,bench_add_reg_reg
29.16248,29.16316,0.0006800000000026785,2054.4427214278735,bench_add_reg_reg
29.36392,29.3646,0.0006799999999991257,2054.2638422891814,bench_add_reg_reg
29.56536,29.56604,0.0006800000000026785,2063.3893972353803,bench_add_reg_reg
29.76678,29.76748,0.0006999999999983686,2127.8332499733933,bench_add_reg_reg
29.96822,29.9689,0.0006800000000026785,2056.2908519147754,bench_add_reg_reg
30.16966,30.17094,0.0012800000000012801,3910.8164189421964,bench_add_imm_reg
30.37168,30.37296,0.0012799999999977274,3919.13539263578,bench_add_imm_reg
30.5737,30.57498,0.0012800000000012801,3933.44464945139,bench_add_imm_reg
30.77574,30.77702,0.0012800000000012801,3922.203853730436,bench_add_imm_reg
30.97776,30.97904,0.0012800000000012801,3927.806881260112,bench_add_imm_reg
31.17978,31.18106,0.0012799999999977274,3919.463744379412,bench_add_imm_reg
31.3818,31.38308,0.0012800000000012801,3908.5067692262082,bench_add_imm_reg
31.58384,31.58512,0.0012800000000012801,3919.9385186702543,bench_add_imm_reg
31.78586,31.78714,0.0012800000000012801,3911.9509863710477,bench_add_imm_reg
31.98788,31.98916,0.0012799999999977274,3921.2284679451905,bench_add_imm_reg
32.18992,32.1912,0.0012800000000012801,3917.7137706459816,bench_add_imm_reg
32.39194,32.39322,0.0012800000000012801,3927.138359290333,bench_add_imm_reg
32.59396,32.59524,0.0012799999999941747,3933.807273842033,bench_add_imm_reg
32.79598,32.79726,0.0012800000000012801,3919.4298326072826,bench_add_imm_reg
32.99802,32.9993,0.0012800000000012801,3924.3526803384484,bench_add_imm_reg
33.20004,33.20132,0.0012800000000012801,3910.741405564322,bench_add_imm_reg
33.40206,33.40334,0.0012800000000012801,3934.783879671717,bench_add_imm_reg
33.6041,33.60538,0.0012799999999941747,3937.8420635863904,bench_add_imm_reg
33.80614,33.80742,0.0012800000000012801,3929.9090602474926,bench_add_imm_reg
34.00818,34.00946,0.0012799999999941747,3900.9539293866424,bench_add_imm_reg
34.2102,34.21148,0.0012800000000012801,3928.882475014818,bench_add_imm_reg
34.41224,34.41352,0.0012800000000012801,3917.309446266316,bench_add_imm_reg
34.61426,34.61554,0.0012800000000012801,3918.0309209070983,bench_add_imm_reg
34.8163,34.81758,0.0012800000000012801,3931.263987910654,bench_add_imm_reg
35.01832,35.0196,0.0012799999999941747,3922.5712045836917,bench_add_imm_reg
35.22036,35.22164,0.0012800000000012801,3934.3131543173795,bench_add_imm_reg
35.42238,35.42366,0.0012800000000012801,3932.357847230896,bench_add_imm_reg
35.62442,35.6257,0.0012800000000012801,3911.3450795440203,bench_add_imm_reg
35.82644,35.82772,0.0012800000000012801,3927.802073309399,bench_add_imm_reg
36.02848,36.02976,0.0012800000000012801,3917.7534962103455,bench_add_imm_reg
36.23052,36.23178,0.0012600000000020373,3852.443597286223,bench_add_imm_reg
36.43254,36.43382,0.0012799999999941747,3917.723456378551,bench_add_imm_reg
36.63458,36.63586,0.0012800000000012801,3900.8922944811566,bench_add_imm_reg
36.8366,36.83788,0.0012800000000012801,3919.360607402731,bench_add_imm_reg
37.03864,37.03992,0.0012800000000012801,3915.9185858475166,bench_add_imm_reg
37.24066,37.24194,0.0012800000000012801,3941.5921410590286,bench_add_imm_reg
37.4427,37.44398,0.0012800000000012801,3928.031746766747,bench_add_imm_reg
37.64472,37.646,0.0012800000000012801,3925.48954114669,bench_add_imm_reg
37.84676,37.84804,0.0012799999999941747,3922.328643947294,bench_add_imm_reg
38.04878,38.05006,0.0012800000000012801,3928.716462108871,bench_add_imm_reg
38.25082,38.2521,0.0012800000000012801,3909.927357458854,bench_add_imm_reg
38.45284,38.45412,0.0012800000000012801,3913.886407393379,bench_add_imm_reg
38.65486,38.65614,0.0012800000000012801,3909.419870473248,bench_add_imm_reg
38.8569,38.85818,0.0012799999999941747,3922.423114981459,bench_add_imm_reg
39.05892,39.0602,0.0012800000000012801,3921.6467062973666,bench_add_imm_reg
39.26096,39.26224,0.0012800000000012801,3935.3053388246594,bench_add_imm_reg
39.463,39.46428,0.0012800000000012801,3919.634658381073,bench_add_imm_reg
39.66502,39.6663,0.0012800000000012801,3933.2847483503456,bench_add_imm_reg
39.86704,39.86832,0.0012799999999941747,3919.9375943089317,bench_add_imm_reg
40.06908,40.07036,0.0012800000000012801,3922.829062215649,bench_add_imm_reg
40.2711,40.27238,0.0012800000000012801,3916.4830232098166,bench_add_imm_reg
40.47312,40.4744,0.0012800000000012801,3908.526669259482,bench_add_imm_reg
40.67514,40.67642,0.0012800000000012801,3927.6801678390034,bench_add_imm_reg
40.87718,40.87844,0.0012599999999949318,3862.2312573553045,bench_add_imm_reg
41.07918,41.08046,0.0012800000000012801,3923.2274470884,bench_add_imm_reg
41.28122,41.2825,0.0012800000000012801,3923.2262922503464,bench_add_imm_reg
41.48324,41.48452,0.0012800000000012801,3920.9064561905,bench_add_imm_reg
41.68526,41.68654,0.0012800000000012801,3918.6015981281757,bench_add_imm_reg
41.88728,41.88856,0.0012800000000012801,3926.8477703508524,bench_add_imm_reg
42.0893,42.09058,0.0012800000000012801,3912.7851580301017,bench_add_imm_reg
42.29132,42.2926,0.0012800000000012801,3919.739006091008,bench_add_imm_reg
42.49334,42.49462,0.0012799999999941747,3924.7167273234936,bench_add_imm_reg
42.69538,42.69666,0.0012800000000012801,3919.15078508119,bench_add_imm_reg
42.8974,42.89868,0.0012800000000012801,3923.8721295314426,bench_add_imm_reg
43.09942,43.1007,0.0012800000000012801,3934.8047063715144,bench_add_imm_reg
43.30144,43.30272,0.0012800000000012801,3928.7314680442064,bench_add_imm_reg
43.50348,43.50476,0.0012799999999941747,3904.9952011366718,bench_add_imm_reg
43.70552,43.7068,0.0012800000000012801,3912.2040662949653,bench_add_imm_reg
43.90754,43.90882,0.0012800000000012801,3926.387771503489,bench_add_imm_reg
44.10958,44.11086,0.0012800000000012801,3925.474151040688,bench_add_imm_reg
44.3116,44.31288,0.0012800000000012801,3932.8118995806367,bench_add_imm_reg
44.51362,44.5149,0.0012799999999941747,3930.237495787198,bench_add_imm_reg
44.71566,44.71694,0.0012800000000012801,3927.1583943662486,bench_add_imm_reg
44.91768,44.91896,0.0012800000000012801,3926.766219089547,bench_add_imm_reg
45.1197,45.12098,0.0012800000000012801,3920.79506535334,bench_add_imm_reg
45.32174,45.32302,0.0012800000000012801,3923.2922392009305,bench_add_imm_reg
45.52376,45.52504,0.0012799999999941747,3912.7998938592677,bench_add_imm_reg
45.72578,45.72706,0.0012800000000012801,3914.831324949432,bench_add_imm_reg
45.9278,45.92908,0.0012800000000012801,3929.547383455336,bench_add_imm_reg
46.12984,46.13112,0.0012800000000012801,3925.2807409532675,bench_add_imm_reg
46.33186,46.33314,0.0012800000000012801,3922.439941674476,bench_add_imm_reg
46.53388,46.53516,0.0012799999999941747,3927.7963037411832,bench_add_imm_reg
46.7359,46.73718,0.0012800000000012801,3921.2251291642583,bench_add_imm_reg
46.93794,46.9392,0.0012600000000020373,3863.532594412305,bench_add_imm_reg
47.13996,47.14124,0.0012800000000012801,3908.724805808553,bench_add_imm_reg
47.34198,47.34326,0.0012800000000012801,3917.7514635992425,bench_add_imm_reg
47.544,47.54528,0.0012800000000012801,3928.5254222406047,bench_add_imm_reg
47.74604,47.74732,0.0012800000000012801,3928.1702204643248,bench_add_imm_reg
47.94806,47.94934,0.0012800000000012801,3934.0375107757454,bench_add_imm_reg
48.15008,48.15136,0.0012799999999941747,3916.0170592178783,bench_add_imm_reg
48.35212,48.3534,0.0012800000000012801,3918.841127310537,bench_add_imm_reg
48.55414,48.55542,0.0012800000000012801,3906.3553931250794,bench_add_imm_reg
48.75618,48.75746,0.0012800000000012801,3916.755781977921,bench_add_imm_reg
48.95822,48.95948,0.0012600000000020373,3848.5297281376766,bench_add_imm_reg
49.16024,49.16152,0.0012800000000012801,3929.005668035354,bench_add_imm_reg
49.36228,49.36356,0.0012800000000012801,3932.5834531380024,bench_add_imm_reg
49.56432,49.56558,0.0012599999999949318,3858.784676978553,bench_add_imm_reg
49.76634,49.76762,0.0012800000000012801,3926.0756364126632,bench_add_imm_reg
49.96836,49.96964,0.0012800000000012801,3921.6000866205623,bench_add_imm_reg
50.1704,50.17168,0.0012800000000012801,3906.8633760361363,bench_add_imm_reg
50.37244,50.37384,0.0014000000000038426,4595.306206041863,bench_add_idx_reg
50.5746,50.576,0.0014000000000038426,4598.517927820639,bench_add_idx_reg
50.77676,50.77816,0.0013999999999967372,4603.471241414636,bench_add_idx_reg
50.97892,50.98034,0.00141999999999598,4677.95421135171,bench_add_idx_reg
51.18108,51.1825,0.00141999999999598,4683.643053271521,bench_add_idx_reg
51.38324,51.38466,0.00141999999999598,4669.063410242038,bench_add_idx_reg
51.5854,51.58682,0.0014200000000030855,4677.5673935290715,bench_add_idx_reg
51.78756,51.78898,0.0014200000000030855,4668.7164297430145,bench_add_idx_reg
51.98972,51.99114,0.0014200000000030855,4665.674117869728,bench_add_idx_reg
52.19188,52.1933,0.0014200000000030855,4668.95897175316,bench_add_idx_reg
52.39404,52.39546,0.0014200000000030855,4684.391596831476,bench_add_idx_reg
52.5962,52.5976,0.0013999999999967372,4619.4899384747505,bench_add_idx_reg
52.79836,52.79976,0.0013999999999967372,4606.085235707305,bench_add_idx_reg
53.00052,53.00192,0.0013999999999967372,4604.796359770145,bench_add_idx_reg
53.20268,53.20408,0.0013999999999967372,4597.43178914148,bench_add_idx_reg
53.40484,53.40624,0.0013999999999967372,4589.417236846279,bench_add_idx_reg
53.607,53.6084,0.0014000000000038426,4589.126468648982,bench_add_idx_reg
53.80914,53.81056,0.0014200000000030855,4667.237915574781,bench_add_idx_reg
54.0113,54.01272,0.0014200000000030855,4682.805633648712,bench_add_idx_reg
54.21346,54.21488,0.0014200000000030855,4683.5656860022755,bench_add_idx_reg
54.41562,54.41704,0.0014200000000030855,4682.06234044589,bench_add_idx_reg
54.61778,54.6192,0.00141999999999598,4674.931575996445,bench_add_idx_reg
54.81996,54.82136,0.0013999999999967372,4590.14921680849,bench_add_idx_reg
55.02212,55.02352,0.0013999999999967372,4597.847112442988,bench_add_idx_reg
55.22428,55.22568,0.0013999999999967372,4611.429076164997,bench_add_idx_reg
55.42644,55.42786,0.0014200000000030855,4670.2955896133335,bench_add_idx_reg
55.6286,55.63002,0.0014200000000030855,4671.224313798568,bench_add_idx_reg
55.83078,55.83218,0.0014000000000038426,4610.686742248865,bench_add_idx_reg
56.03294,56.03436,0.00141999999999598,4695.375205469174,bench_add_idx_reg
56.2351,56.23652,0.00141999999999598,4681.679522604866,bench_add_idx_reg
56.43726,56.43868,0.00141999999999598,4659.600881845735,bench_add_idx_reg
56.63944,56.64084,0.0013999999999967372,4602.7309610401235,bench_add_idx_reg
56.8416,56.843,0.0014000000000038426,4614.242580731744,bench_add_idx_reg
57.04378,57.04518,0.0014000000000038426,4609.335816944093,bench_add_idx_reg
57.24594,57.24734,0.0014000000000038426,4593.990861916929,bench_add_idx_reg
57.4481,57.4495,0.0014000000000038426,4606.670809457811,bench_add_idx_reg
57.65026,57.65168,0.00141999999999598,4682.286919546161,bench_add_idx_reg
57.85242,57.85384,0.00141999999999598,4677.016171612685,bench_add_idx_reg
58.0546,58.056,0.0013999999999967372,4592.77470129378,bench_add_idx_reg
58.25676,58.25816,0.0013999999999967372,4604.325359676404,bench_add_idx_reg
58.45892,58.46034,0.0014200000000030855,4679.132308820869,bench_add_idx_reg
58.66108,58.6625,0.0014200000000030855,4672.01271095456,bench_add_idx_reg
58.86324,58.86466,0.0014200000000030855,4674.785861290415,bench_add_idx_reg
59.0654,59.0668,0.0014000000000038426,4621.970714083649,bench_add_idx_reg
59.26756,59.26896,0.0013999999999967372,4609.837951126879,bench_add_idx_reg
59.46972,59.47112,0.0013999999999967372,4600.843274954678,bench_add_idx_reg
59.67188,59.67328,0.0013999999999967372,4611.972181580986,bench_add_idx_reg
59.87404,59.87546,0.00141999999999598,4663.9226632989285,bench_add_idx_reg
60.0762,60.07762,0.0014200000000030855,4677.74525052922,bench_add_idx_reg
60.27836,60.27978,0.0014200000000030855,4669.796840763795,bench_add_idx_reg
60.48052,60.48194,0.0014200000000030855,4667.418557229829,bench_add_idx_reg
60.68268,60.6841,0.0014200000000030855,4663.86741726816,bench_add_idx_reg
60.88484,60.88626,0.0014200000000030855,4672.347561002178,bench_add_idx_reg
61.08702,61.08842,0.0013999999999967372,4604.713006399678,bench_add_idx_reg
61.28918,61.29058,0.0013999999999967372,4589.4915307757465,bench_add_idx_reg
61.49134,61.49274,0.0013999999999967372,4593.979129556187,bench_add_idx_reg
61.69348,61.6949,0.00141999999999598,4662.500380059482,bench_add_idx_reg
61.89564,61.89706,0.0014200000000030855,4669.554291768227,bench_add_idx_reg
62.0978,62.09922,0.0014200000000030855,4665.210586982536,bench_add_idx_reg
62.29996,62.30138,0.0014200000000030855,4679.296640689663,bench_add_idx_reg
62.50212,62.50354,0.0014200000000030855,4678.913922991375,bench_add_idx_reg
62.70428,62.7057,0.0014200000000030855,4676.383037597394,bench_add_idx_reg
62.90644,62.90786,0.00141999999999598,4669.28174950622,bench_add_idx_reg
63.1086,63.11002,0.00141999999999598,4652.709034257531,bench_add_idx_reg
63.31076,63.31218,0.00141999999999598,4667.088366099891,bench_add_idx_reg
63.51292,63.51434,0.00141999999999598,4674.6502746690885,bench_add_idx_reg
63.7151,63.71652,0.0014200000000030855,4676.892070574928,bench_add_idx_reg
63.91726,63.91868,0.0014200000000030855,4681.085201456163,bench_add_idx_reg
64.11944,64.12084,0.0014000000000038426,4615.3427893436765,bench_add_idx_reg
64.3216,64.32302,0.00141999999999598,4665.0860318772575,bench_add_idx_reg
64.52378,64.5252,0.00141999999999598,4664.137426284706,bench_add_idx_reg
64.72596,64.72736,0.0014000000000038426,4614.2181148878,bench_add_idx_reg
64.92812,64.92954,0.00141999999999598,4675.00355326024,bench_add_idx_reg
65.1303,65.1317,0.0013999999999896318,4594.04335120765,bench_add_idx_reg
65.33246,65.33386,0.0014000000000038426,4614.338844561859,bench_add_idx_reg
65.53462,65.53604,0.00141999999999598,4669.332602046333,bench_add_idx_reg
65.7368,65.7382,0.0014000000000038426,4601.680408243874,bench_add_idx_reg
65.93896,65.94038,0.0014200000000101909,4671.8256222435975,bench_add_idx_reg
66.14114,66.14254,0.0014000000000038426,4590.067004333816,bench_add_idx_reg
66.3433,66.3447,0.0014000000000038426,4611.5144319033725,bench_add_idx_reg
66.54546,66.54688,0.00141999999999598,4668.406236436115,bench_add_idx_reg
66.74762,66.74904,0.00141999999999598,4660.322279656459,bench_add_idx_reg
66.94978,66.9512,0.00141999999999598,4677.132256314301,bench_add_idx_reg
67.15194,67.15336,0.0014200000000101909,4679.153272916843,bench_add_idx_reg
67.35412,67.35552,0.0014000000000038426,4609.354347935894,bench_add_idx_reg
67.55628,67.5577,0.00141999999999598,4679.318331167669,bench_add_idx_reg
67.75846,67.75986,0.0014000000000038426,4585.565950269186,bench_add_idx_reg
67.96062,67.96202,0.0013999999999896318,4603.232135960584,bench_add_idx_reg
68.16278,68.16418,0.0014000000000038426,4608.727891477309,bench_add_idx_reg
68.36494,68.36634,0.0013999999999896318,4597.52715654803,bench_add_idx_reg
68.5671,68.56852,0.0014200000000101909,4668.523573816264,bench_add_idx_reg
68.76926,68.77068,0.00141999999999598,4680.433708694487,bench_add_idx_reg
68.97142,68.97284,0.0014200000000101909,4681.174461764597,bench_add_idx_reg
69.1736,69.175,0.0014000000000038426,4596.1827808197995,bench_add_idx_reg
69.37576,69.37716,0.0014000000000038426,4590.7155331353,bench_add_idx_reg
69.57792,69.57934,0.00141999999999598,4663.619289625239,bench_add_idx_reg
69.7801,69.7815,0.0013999999999896318,4601.845047401665,bench_add_idx_reg
69.98226,69.98368,0.0014200000000101909,4670.116009690548,bench_add_idx_reg
70.18444,70.18584,0.0014000000000038426,4619.667436941403,bench_add_idx_reg
70.3866,70.38802,0.00141999999999598,4679.928161190469,bench_add_idx_reg
70.58878,70.59018,0.0014000000000038426,4685.39042865315,bench_add_sym_reg
70.79094,70.79234,0.0013999999999896318,4693.6550992177545,bench_add_sym_reg
70.9931,70.9945,0.0014000000000038426,4696.465590982055,bench_add_sym_reg
71.19526,71.19666,0.0013999999999896318,4696.413169113275,bench_add_sym_reg
71.39742,71.39882,0.0014000000000038426,4693.765791611686,bench_add_sym_reg
71.59958,71.601,0.00141999999999598,4766.983855500702,bench_add_sym_reg
71.80174,71.80314,0.0014000000000038426,4695.572042851839,bench_add_sym_reg
72.0039,72.0053,0.0014000000000038426,4690.958983277157,bench_add_sym_reg
72.20606,72.20746,0.0014000000000038426,4716.178709655371,bench_add_sym_reg
72.4082,72.4096,0.0014000000000038426,4692.765339291712,bench_add_sym_reg
72.61034,72.61176,0.0014200000000101909,4767.765980250008,bench_add_sym_reg
72.8125,72.8139,0.0014000000000038426,4695.149236371866,bench_add_sym_reg
73.01464,73.01606,0.00141999999999598,4775.223862366356,bench_add_sym_reg
73.2168,73.2182,0.0013999999999896318,4695.496796594172,bench_add_sym_reg
73.41894,73.42034,0.0013999999999896318,4702.124407013711,bench_add_sym_reg
73.6211,73.6225,0.0014000000000038426,4698.661782326357,bench_add_sym_reg
73.82326,73.82466,0.0013999999999896318,4694.950852972852,bench_add_sym_reg
74.02542,74.02682,0.0014000000000038426,4697.5436224740115,bench_add_sym_reg
74.22756,74.22898,0.0014200000000101909,4763.5452729066155,bench_add_sym_reg
74.42972,74.43112,0.0014000000000038426,4702.163448103459,bench_add_sym_reg
74.63188,74.63328,0.0014000000000038426,4698.551113265447,bench_add_sym_reg
74.83402,74.83544,0.0014200000000101909,4769.055969116811,bench_add_sym_reg
75.03618,75.03758,0.0014000000000038426,4701.423023374402,bench_add_sym_reg
75.23834,75.23974,0.0014000000000038426,4706.410372178563,bench_add_sym_reg
75.44048,75.44188,0.0014000000000038426,4698.524151477427,bench_add_sym_reg
75.64262,75.64404,0.0014200000000101909,4768.105086440506,bench_add_sym_reg
75.84478,75.84618,0.0014000000000038426,4692.511586485575,bench_add_sym_reg
76.04692,76.04834,0.00141999999999598,4764.212940340718,bench_add_sym_reg
76.24908,76.25048,0.0013999999999896318,4693.378512711637,bench_add_sym_reg
76.45124,76.45264,0.0014000000000038426,4681.168550172843,bench_add_sym_reg
76.65338,76.6548,0.00141999999999598,4765.920764753515,bench_add_sym_reg
76.85554,76.85694,0.0013999999999896318,4704.749290794858,bench_add_sym_reg
77.0577,77.0591,0.0014000000000038426,4694.151442977359,bench_add_sym_reg
77.25986,77.26126,0.0013999999999896318,4694.784686399214,bench_add_sym_reg
77.46202,77.46342,0.0014000000000038426,4694.412827971058,bench_add_sym_reg
77.66418,77.6656,0.00141999999999598,4768.884994541291,bench_add_sym_reg
77.86636,77.86776,0.0014000000000038426,4709.027172079526,bench_add_sym_reg
78.06852,78.06992,0.0013999999999896318,4696.190913637737,bench_add_sym_reg
78.27066,78.27208,0.00141999999999598,4777.372123192827,bench_add_sym_reg
78.47282,78.47424,0.00141999999999598,4754.833723404865,bench_add_sym_reg
78.67498,78.67638,0.0013999999999896318,4690.79099591898,bench_add_sym_reg
78.87714,78.87854,0.0014000000000038426,4690.943134496833,bench_add_sym_reg
79.0793,79.0807,0.0013999999999896318,4697.99392154625,bench_add_sym_reg
79.28146,79.28286,0.0014000000000038426,4687.662851079379,bench_add_sym_reg
79.4836,79.48502,0.0014200000000101909,4758.690085762871,bench_add_sym_reg
79.68576,79.68716,0.0014000000000038426,4690.075644769409,bench_add_sym_reg
79.88792,79.88932,0.0014000000000038426,4699.322325191844,bench_add_sym_reg
80.09006,80.09146,0.0014000000000038426,4685.369865051927,bench_add_sym_reg
80.29222,80.29362,0.0014000000000038426,4702.2477747073335,bench_add_sym_reg
80.49438,80.49578,0.0013999999999896318,4685.378810354889,bench_add_sym_reg
80.69654,80.69794,0.0014000000000038426,4681.623319643014,bench_add_sym_reg
80.8987,80.9001,0.0013999999999896318,4684.847062417733,bench_add_sym_reg
81.10084,81.10226,0.00141999999999598,4768.190793678412,bench_add_sym_reg
81.303,81.3044,0.0014000000000038426,4706.5143962525935,bench_add_sym_reg
81.50516,81.50656,0.0013999999999896318,4698.01741881439,bench_add_sym_reg
81.70732,81.70872,0.0014000000000038426,4693.936475100616,bench_add_sym_reg
81.90948,81.91088,0.0014000000000038426,4702.658108447939,bench_add_sym_reg
82.11164,82.11304,0.0014000000000038426,4691.375738489534,bench_add_sym_reg
82.3138,82.3152,0.0014000000000038426,4697.075339513005,bench_add_sym_reg
82.51596,82.51736,0.0013999999999896318,4695.324511230733,bench_add_sym_reg
82.7181,82.7195,0.0013999999999896318,4700.6963798417955,bench_add_sym_reg
82.92026,82.92166,0.0014000000000038426,4696.466687614525,bench_add_sym_reg
83.1224,83.12382,0.00141999999999598,4763.32176475412,bench_add_sym_reg
83.32456,83.32596,0.0013999999999896318,4689.468943943273,bench_add_sym_reg
83.52672,83.52812,0.0014000000000038426,4703.643913394496,bench_add_sym_reg
83.72888,83.73028,0.0013999999999896318,4690.1916386205385,bench_add_sym_reg
83.93104,83.93244,0.0014000000000038426,4695.191166842925,bench_add_sym_reg
84.13318,84.13458,0.0014000000000038426,4697.395700509567,bench_add_sym_reg
84.33532,84.33674,0.0014200000000101909,4773.5159239154,bench_add_sym_reg
84.53748,84.5389,0.00141999999999598,4763.751889099067,bench_add_sym_reg
84.73964,84.74104,0.0014000000000038426,4691.540703657547,bench_add_sym_reg
84.94178,84.9432,0.0014200000000101909,4762.162142469662,bench_add_sym_reg
85.14394,85.14534,0.0014000000000038426,4682.887939283754,bench_add_sym_reg
85.3461,85.3475,0.0013999999999896318,4688.795597721412,bench_add_sym_reg
85.54826,85.54966,0.0014000000000038426,4681.941894827935,bench_add_sym_reg
85.7504,85.75182,0.00141999999999598,4766.182668959843,bench_add_sym_reg
85.95256,85.95396,0.0013999999999896318,4710.051214751773,bench_add_sym_reg
86.15472,86.15612,0.0014000000000038426,4702.790246824025,bench_add_sym_reg
86.35688,86.35828,0.0013999999999896318,4694.8942425303385,bench_add_sym_reg
86.55902,86.56042,0.0013999999999896318,4691.459131391251,bench_add_sym_reg
86.76118,86.76258,0.0014000000000038426,4699.576350408106,bench_add_sym_reg
86.96332,86.96474,0.0014200000000101909,4756.013215554,bench_add_sym_reg
87.1655,87.1669,0.0014000000000038426,4692.791770226105,bench_add_sym_reg
87.36766,87.36906,0.0014000000000038426,4695.993261424514,bench_add_sym_reg
87.56981999999999,87.57122,0.0014000000000038426,4688.3162623412,bench_add_sym_reg
87.77196,87.77338,0.00141999999999598,4758.4434668377935,bench_add_sym_reg
87.97412,87.97552,0.0014000000000038426,4710.776479928091,bench_add_sym_reg
88.17628,88.17768,0.0013999999999896318,4708.020817451702,bench_add_sym_reg
88.37844,88.37984,0.0014000000000038426,4704.749486421976,bench_add_sym_reg
88.5806,88.582,0.0013999999999896318,4697.935224940837,bench_add_sym_reg
88.78276,88.78416,0.0014000000000038426,4693.61068449388,bench_add_sym_reg
88.98492,88.98634,0.00141999999999598,4754.764703087814,bench_add_sym_reg
89.18708,89.1885,0.0014200000000101909,4767.468571698154,bench_add_sym_reg
89.38926,89.39066,0.0014000000000038426,4682.156059439887,bench_add_sym_reg
89.59142,89.59282,0.0014000000000038426,4700.572458109367,bench_add_sym_reg
89.79358,89.79498,0.0013999999999896318,4707.236422655536,bench_add_sym_reg
89.99574,89.99716,0.00141999999999598,4757.234677659814,bench_add_sym_reg
90.19792,90.19932,0.0014000000000038426,4687.3195795477295,bench_add_sym_reg
90.40008,90.40148,0.0014000000000038426,4692.96395547031,bench_add_sym_reg
90.60224,90.60364,0.0014000000000038426,4693.788071176707,bench_add_sym_reg
90.8044,90.8058,0.0014000000000038426,4605.746064347147,bench_add_abs_reg
91.00656,91.00798,0.0014200000000101909,4673.473939800879,bench_add_abs_reg
91.20874,91.21014,0.0013999999999896318,4589.1457167094695,bench_add_abs_reg
91.4109,91.4123,0.0014000000000038426,4603.577475076676,bench_add_abs_reg
91.61304,91.61446,0.00141999999999598,4677.378563197914,bench_add_abs_reg
91.8152,91.81662,0.00141999999999598,4673.258089445533,bench_add_abs_reg
92.01736,92.01878,0.0014200000000101909,4673.138272517109,bench_add_abs_reg
92.21952,92.22094,0.00141999999999598,4677.581756826948,bench_add_abs_reg
92.42168,92.42308,0.0014000000000038426,4598.153936691124,bench_add_abs_reg
92.62384,92.62524,0.0014000000000038426,4602.561087825344,bench_add_abs_reg
92.826,92.82742,0.0014200000000101909,4671.212362627318,bench_add_abs_reg
93.02816,93.02958,0.00141999999999598,4676.326648319477,bench_add_abs_reg
93.23034,93.23174,0.0014000000000038426,4595.897898556585,bench_add_abs_reg
93.4325,93.4339,0.0013999999999896318,4591.5569131833845,bench_add_abs_reg
93.63466,93.63606,0.0014000000000038426,4599.912196877031,bench_add_abs_reg
93.83682,93.83822,0.0014000000000038426,4608.510166883429,bench_add_abs_reg
94.03898,94.04038,0.0014000000000038426,4594.637302230103,bench_add_abs_reg
94.24114,94.24254,0.0014000000000038426,4592.910800141303,bench_add_abs_reg
94.4433,94.4447,0.0014000000000038426,4603.991028867924,bench_add_abs_reg
94.64546,94.64686,0.0014000000000038426,4593.723423326555,bench_add_abs_reg
94.84762,94.84902,0.0013999999999896318,4590.882954617895,bench_add_abs_reg
95.04978,95.05118,0.0014000000000038426,4593.189451856951,bench_add_abs_reg
95.25194,95.25336,0.00141999999999598,4667.858239247976,bench_add_abs_reg
95.45412,95.45552,0.0014000000000038426,4597.379581548472,bench_add_abs_reg
95.65628,95.65768,0.0014000000000038426,4597.291632103737,bench_add_abs_reg
95.85844,95.85984,0.0014000000000038426,4611.875580169529,bench_add_abs_reg
96.0606,96.06202,0.0014200000000101909,4671.202509234719,bench_add_abs_reg
96.26278,96.26418,0.0013999999999896318,4602.17311509099,bench_add_abs_reg
96.46494,96.46636,0.00141999999999598,4667.9287543395585,bench_add_abs_reg
96.66712,96.66852,0.0014000000000038426,4605.283138821704,bench_add_abs_reg
96.86928,96.87068,0.0013999999999896318,4594.369658699596,bench_add_abs_reg
97.07144,97.07284,0.0014000000000038426,4609.368443502996,bench_add_abs_reg
97.2736,97.275,0.0014000000000038426,4593.633720663005,bench_add_abs_reg
97.47576,97.47716,0.0014000000000038426,4605.7975990841705,bench_add_abs_reg
97.67792,97.67932,0.0014000000000038426,4594.707347000384,bench_add_abs_reg
97.88008,97.88148,0.0013999999999896318,4608.225056400699,bench_add_abs_reg
98.08224,98.08364,0.0014000000000038426,4614.874988342026,bench_add_abs_reg
98.2844,98.2858,0.0013999999999896318,4597.671315969182,bench_add_abs_reg
98.48656,98.48798,0.00141999999999598,4653.648249792284,bench_add_abs_reg
98.68874,98.69014,0.0014000000000038426,4608.653795453886,bench_add_abs_reg
98.8909,98.8923,0.0014000000000038426,4605.311800271932,bench_add_abs_reg
99.09306,99.09446,0.0014000000000038426,4601.442310973397,bench_add_abs_reg
99.29522,99.29662,0.0014000000000038426,4604.138352455207,bench_add_abs_reg
99.49738,99.49878,0.0013999999999896318,4611.767048445908,bench_add_abs_reg
99.69954,99.70094,0.0014000000000038426,4609.054652987366,bench_add_abs_reg
99.9017,99.90312,0.00141999999999598,4670.9747775306005,bench_add_abs_reg
100.10386,100.10528,0.00141999999999598,4678.2973175744655,bench_add_abs_reg
100.30602,100.30744,0.00141999999999598,4662.176195983533,bench_add_abs_reg
100.5082,100.5096,0.0014000000000038426,4608.10335587033,bench_add_abs_reg
100.71036,100.71176,0.0014000000000038426,4599.084467641624,bench_add_abs_reg
100.91252,100.91392,0.0014000000000038426,4590.989458387503,bench_add_abs_reg
101.11468,101.1161,0.00141999999999598,4673.847467623516,bench_add_abs_reg
101.31686,101.31826,0.0013999999999896318,4604.132634086331,bench_add_abs_reg
101.51902,101.52042,0.0014000000000038426,4595.969209925996,bench_add_abs_reg
101.7212,101.7226,0.0014000000000038426,4578.041741637413,bench_add_abs_reg
101.92336,101.92476,0.0014000000000038426,4604.233065631396,bench_add_abs_reg
102.12552,102.12692,0.0014000000000038426,4602.318711127455,bench_add_abs_reg
102.32768,102.32908,0.0014000000000038426,4606.043682445722,bench_add_abs_reg
102.52984,102.53124,0.0014000000000038426,4600.6065094988435,bench_add_abs_reg
102.732,102.7334,0.0014000000000038426,4592.247549457451,bench_add_abs_reg
102.93416,102.93556,0.0013999999999896318,4599.894622770697,bench_add_abs_reg
103.13632,103.13772,0.0014000000000038426,4608.782765003019,bench_add_abs_reg
103.33848,103.33988,0.0013999999999896318,4581.201237124763,bench_add_abs_reg
103.54064,103.54204,0.0014000000000038426,4593.480629859554,bench_add_abs_reg
103.7428,103.7442,0.0014000000000038426,4616.1810960728,bench_add_abs_reg
103.94496,103.94636,0.0014000000000038426,4601.86127341791,bench_add_abs_reg
104.14712,104.14852,0.0014000000000038426,4605.037029844513,bench_add_abs_reg
104.34928,104.35068,0.0014000000000038426,4615.0079020440635,bench_add_abs_reg
104.55142,104.55284,0.0014200000000101909,4673.96811818525,bench_add_abs_reg
104.75358,104.75498,0.0014000000000038426,4593.47802215656,bench_add_abs_reg
104.95574,104.95714,0.0013999999999896318,4600.685993173447,bench_add_abs_reg
105.1579,105.1593,0.0014000000000038426,4599.542391964994,bench_add_abs_reg
105.36006,105.36146,0.0013999999999896318,4604.217929264602,bench_add_abs_reg
105.5622,105.56362,0.00141999999999598,4674.399094641322,bench_add_abs_reg
105.76436,105.76578,0.0014200000000101909,4675.838833243792,bench_add_abs_reg
105.96652,105.96794,0.00141999999999598,4672.348587759294,bench_add_abs_reg
106.16868,106.1701,0.0014200000000101909,4674.124906340213,bench_add_abs_reg
106.37084,106.37224,0.0014000000000038426,4599.238971726451,bench_add_abs_reg
106.573,106.5744,0.0014000000000038426,4600.778473555679,bench_add_abs_reg
106.77514,106.77656,0.0014200000000101909,4671.65748126633,bench_add_abs_reg
106.9773,106.9787,0.0014000000000038426,4603.497632792147,bench_add_abs_reg
107.17946,107.18086,0.0013999999999896318,4597.419029997403,bench_add_abs_reg
107.38162,107.38302,0.0014000000000038426,4609.528658924818,bench_add_abs_reg
107.58378,107.58518,0.0013999999999896318,4603.063564246569,bench_add_abs_reg
107.78594,107.78734,0.0014000000000038426,4610.053184455322,bench_add_abs_reg
107.9881,107.9895,0.0014000000000038426,4601.5820047001525,bench_add_abs_reg
108.19026,108.19166,0.0014000000000038426,4607.043473529388,bench_add_abs_reg
108.39242,108.39382,0.0014000000000038426,4599.800694280098,bench_add_abs_reg
108.59458,108.59598,0.0014000000000038426,4605.920647751198,bench_add_abs_reg
108.79674,108.79814,0.0014000000000038426,4599.838221924156,bench_add_abs_reg
108.99888,109.0003,0.00141999999999598,4682.224348640204,bench_add_abs_reg
109.20104,109.20244,0.0013999999999896318,4611.594064590822,bench_add_abs_reg
109.4032,109.4046,0.0014000000000038426,4612.923720864666,bench_add_abs_reg
109.60534,109.60676,0.00141999999999598,4687.164437478922,bench_add_abs_reg
109.8075,109.8089,0.0013999999999896318,4610.9953149796675,bench_add_abs_reg
110.00966,110.01106,0.0014000000000038426,4600.728366071558,bench_add_abs_reg
110.21182,110.21322,0.0014000000000038426,4602.325267635477,bench_add_abs_reg
110.41398,110.41538,0.0014000000000038426,4613.6922110016,bench_add_abs_reg
110.61612,110.61754,0.0014200000000101909,4689.160862507153,bench_add_abs_reg
110.8183,110.8197,0.0014000000000038426,4597.073216005286,bench_add_abs_reg
111.02046,111.02126,0.0007999999999981355,2883.6213587717243,bench_add_ind_reg
111.22202,111.22282,0.0007999999999981355,2877.8378246283214,bench_add_ind_reg
111.42358,111.4244,0.0008200000000044838,2954.876115561853,bench_add_ind_reg
111.62514,111.62596,0.0008200000000044838,2960.4738159266226,bench_add_ind_reg
111.82672,111.82754,0.0008200000000044838,2955.665576753714,bench_add_ind_reg
112.02828,112.0291,0.0008200000000044838,2967.904615232196,bench_add_ind_reg
112.22984,112.23066,0.0008200000000044838,2959.665427932001,bench_add_ind_reg
112.43142,112.43222,0.0007999999999981355,2891.829111606506,bench_add_ind_reg
112.63298,112.6338,0.000819999999990273,2954.097860457616,bench_add_ind_reg
112.83454,112.83536,0.000819999999990273,2958.0497182555373,bench_add_ind_reg
113.03612,113.03694,0.0008200000000044838,2968.1114456776445,bench_add_ind_reg
113.23768,113.2385,0.0008200000000044838,2954.17571209164,bench_add_ind_reg
113.43926,113.44008,0.000819999999990273,2961.0636853261185,bench_add_ind_reg
113.64082,113.64164,0.000819999999990273,2947.8259360999123,bench_add_ind_reg
113.8424,113.84322,0.0008200000000044838,2956.8421351883712,bench_add_ind_reg
114.04396,114.04478,0.0008200000000044838,2952.9630253254804,bench_add_ind_reg
114.24554,114.24634,0.0007999999999981355,2891.501118422292,bench_add_ind_reg
114.4471,114.4479,0.0007999999999981355,2882.7424906131914,bench_add_ind_reg
114.64866,114.64948,0.000819999999990273,2954.204392118851,bench_add_ind_reg
114.85022,114.85104,0.0008200000000044838,2960.5571413570683,bench_add_ind_reg
115.0518,115.05262,0.0008200000000044838,2955.3537140761764,bench_add_ind_reg
115.25338,115.25418,0.0007999999999981355,2882.9833795253658,bench_add_ind_reg
115.45494,115.45576,0.0008200000000044838,2950.080242023776,bench_add_ind_reg
115.65652,115.65734,0.0008200000000044838,2962.2843954874916,bench_add_ind_reg
115.8581,115.8589,0.0008000000000123464,2887.080600529658,bench_add_ind_reg
116.05966,116.06048,0.0008200000000044838,2962.3909015367726,bench_add_ind_reg
116.26124,116.26206,0.0008200000000044838,2962.8688981915843,bench_add_ind_reg
116.4628,116.46362,0.0008200000000044838,2941.8224492272316,bench_add_ind_reg
116.66438,116.66518,0.0008000000000123464,2895.611173052516,bench_add_ind_reg
116.86594,116.86676,0.0008200000000044838,2962.441367578886,bench_add_ind_reg
117.06752,117.06834,0.0008200000000044838,2965.29789689686,bench_add_ind_reg
117.2691,117.26992,0.0008200000000044838,2958.7659938419697,bench_add_ind_reg
117.47068,117.47148,0.0007999999999981355,2886.782763518974,bench_add_ind_reg
117.67224,117.67306,0.0008200000000044838,2955.09943041696,bench_add_ind_reg
117.87382,117.87464,0.0008200000000044838,2957.2232067747373,bench_add_ind_reg
118.0754,118.0762,0.0007999999999981355,2878.742925815784,bench_add_ind_reg
118.27696,118.27778,0.0008200000000044838,2955.9269896868987,bench_add_ind_reg
118.47854,118.47936,0.0008200000000044838,2947.821011782653,bench_add_ind_reg
118.6801,118.68092,0.0008200000000044838,2952.6862944640848,bench_add_ind_reg
118.88168,118.8825,0.000819999999990273,2971.740823669331,bench_add_ind_reg
119.08326,119.08406,0.0007999999999981355,2888.0256065105636,bench_add_ind_reg
119.28482,119.28564,0.0008200000000044838,2969.61053741836,bench_add_ind_reg
119.4864,119.48722,0.000819999999990273,2960.562570916679,bench_add_ind_reg
119.68798,119.68878,0.0007999999999981355,2883.8704153825197,bench_add_ind_reg
119.88954,119.89036,0.0008200000000044838,2957.870033586086,bench_add_ind_reg
120.09112,120.09194,0.000819999999990273,2956.834381876915,bench_add_ind_reg
120.2927,120.2935,0.0007999999999981355,2893.0510650322417,bench_add_ind_reg
120.49426,120.49508,0.0008200000000044838,2955.943257563469,bench_add_ind_reg
120.69582,120.69664,0.0008200000000044838,2959.5074057739002,bench_add_ind_reg
120.8974,120.89822,0.000819999999990273,2969.34243986565,bench_add_ind_reg
121.09898,121.09978,0.0007999999999981355,2874.9080328204377,bench_add_ind_reg
121.30054,121.30136,0.0008200000000044838,2969.991255102057,bench_add_ind_reg
121.50212,121.50294,0.000819999999990273,2968.3136380859532,bench_add_ind_reg
121.7037,121.7045,0.0007999999999981355,2887.9183973118857,bench_add_ind_reg
121.90526,121.90608,0.0008200000000044838,2965.756896899348,bench_add_ind_reg
122.10682,122.10764,0.0008200000000044838,2965.6850919288527,bench_add_ind_reg
122.3084,122.3092,0.0007999999999981355,2888.655143317619,bench_add_ind_reg
122.50996,122.51078,0.000819999999990273,2956.246230716608,bench_add_ind_reg
122.71152,122.71234,0.0008200000000044838,2951.3056669551743,bench_add_ind_reg
122.9131,122.91392,0.0008200000000044838,2962.816744127586,bench_add_ind_reg
123.11466,123.11548,0.0008200000000044838,2960.4525608175945,bench_add_ind_reg
123.31622,123.31704,0.0008200000000044838,2970.8843026474387,bench_add_ind_reg
123.5178,123.5186,0.0008000000000123464,2883.218317336575,bench_add_ind_reg
123.71936,123.72018,0.0008200000000044838,2966.3304519066405,bench_add_ind_reg
123.92092,123.92174,0.0008200000000044838,2951.103753892307,bench_add_ind_reg
124.12248,124.1233,0.0008200000000044838,2957.326618505177,bench_add_ind_reg
124.32406,124.32486,0.0007999999999981355,2886.357039672345,bench_add_ind_reg
124.52562,124.52644,0.000819999999990273,2946.4585473414068,bench_add_ind_reg
124.72718,124.728,0.000819999999990273,2958.134247420456,bench_add_ind_reg
124.92874,124.92956,0.000819999999990273,2949.58850831056,bench_add_ind_reg
125.13032,125.13112,0.0007999999999981355,2887.3004508136296,bench_add_ind_reg
125.33188,125.3327,0.0008200000000044838,2954.525135008136,bench_add_ind_reg
125.53346,125.53428,0.000819999999990273,2957.899162976739,bench_add_ind_reg
125.73502,125.73584,0.000819999999990273,2951.345194561924,bench_add_ind_reg
125.9366,125.93742,0.0008200000000044838,2963.95400540698,bench_add_ind_reg
126.13816,126.13898,0.0008200000000044838,2961.8964996351083,bench_add_ind_reg
126.33974,126.34056,0.000819999999990273,2959.105691372109,bench_add_ind_reg
126.5413,126.54212,0.000819999999990273,2971.746888907801,bench_add_ind_reg
126.74288,126.7437,0.0008200000000044838,2956.2735650850077,bench_add_ind_reg
126.94446,126.94526,0.0007999999999981355,2882.5088776583707,bench_add_ind_reg
127.14602,127.14684,0.0008200000000044838,2960.356103738251,bench_add_ind_reg
127.3476,127.3484,0.0007999999999981355,2880.185747046822,bench_add_ind_reg
127.54916,127.54998,0.0008200000000044838,2961.533668001511,bench_add_ind_reg
127.75074,127.75156,0.0008200000000044838,2952.0309087980763,bench_add_ind_reg
127.9523,127.95312,0.0008200000000044838,2957.1189661674507,bench_add_ind_reg
128.15388,128.1547,0.0008200000000044838,2957.891279381925,bench_add_ind_reg
128.35544,128.35626,0.0008200000000044838,2961.0497923724847,bench_add_ind_reg
128.55702,128.55782,0.0007999999999981355,2888.6735904894967,bench_add_ind_reg
128.75858,128.7594,0.0008200000000044838,2952.0095349452818,bench_add_ind_reg
128.96016,128.96096,0.0007999999999981355,2903.5574989324487,bench_add_ind_reg
129.16172,129.16254,0.0008200000000044838,2955.477829108104,bench_add_ind_reg
129.3633,129.36412,0.0008200000000044838,2967.423503303805,bench_add_ind_reg
129.56486,129.56568,0.0008199999999760621,2965.4732042982164,bench_add_ind_reg
129.76644,129.76726,0.0008200000000044838,2940.9205634309906,bench_add_ind_reg
129.96802,129.96882,0.0007999999999981355,2886.302387335629,bench_add_ind_reg
130.16958,130.1704,0.0008200000000044838,2959.87062390664,bench_add_ind_reg
130.37116,130.37196,0.0007999999999981355,2885.7951424947614,bench_add_ind_reg
130.57274,130.57354,0.0007999999999981355,2883.199625643105,bench_add_ind_reg
130.7743,130.77512,0.0008199999999760621,2960.368755652097,bench_add_ind_reg
130.97588,130.97668,0.0007999999999981355,2895.8440571956253,bench_add_ind_reg
131.17746,131.17826,0.0007999999999981355,2944.986254435913,bench_add_aut_reg
131.37902,131.37984,0.0008200000000044838,3013.5552375748975,bench_add_aut_reg
131.5806,131.58142,0.0008200000000044838,3025.4653678450572,bench_add_aut_reg
131.78216,131.78298,0.0008200000000044838,3017.1680497176512,bench_add_aut_reg
131.98374,131.98456,0.0008199999999760621,3019.0485458886546,bench_add_aut_reg
132.18532,132.18614,0.0008200000000044838,3024.928427782863,bench_add_aut_reg
132.3869,132.38772,0.0008200000000044838,3018.7332164653358,bench_add_aut_reg
132.58848,132.58928,0.0007999999999981355,2964.3055982823057,bench_add_aut_reg
132.79004,132.79086,0.0008200000000044838,3024.467017983983,bench_add_aut_reg
132.99162,132.99244,0.0008199999999760621,3018.1441338806767,bench_add_aut_reg
133.1932,133.194,0.0007999999999981355,2951.755402602619,bench_add_aut_reg
133.39476,133.39558,0.0008200000000044838,3008.228903651866,bench_add_aut_reg
133.59634,133.59716,0.0008200000000044838,3012.44783682597,bench_add_aut_reg
133.79792,133.79874,0.0008200000000044838,3014.951907115551,bench_add_aut_reg
133.99948,134.0003,0.0008200000000044838,3026.3643362736316,bench_add_aut_reg
134.20106,134.20186,0.0007999999999981355,2938.7953667841393,bench_add_aut_reg
134.40262,134.40344,0.0008199999999760621,3006.8549443091606,bench_add_aut_reg
134.60418,134.605,0.0008199999999760621,3035.2768254534762,bench_add_aut_reg
134.80574,134.80656,0.0008200000000044838,3034.048511197556,bench_add_aut_reg
135.0073,135.00812,0.0008200000000044838,3012.0756826518955,bench_add_aut_reg
135.20886,135.20968,0.0008200000000044838,3018.975993635001,bench_add_aut_reg
135.41044,135.41126,0.0008200000000044838,3025.767151282259,bench_add_aut_reg
135.61202,135.61282,0.0007999999999981355,2958.983408745517,bench_add_aut_reg
135.81358,135.8144,0.0008200000000044838,3020.3969800080454,bench_add_aut_reg
136.01516,136.01598,0.0008200000000044838,3008.5783405398756,bench_add_aut_reg
136.21674,136.21754,0.0008000000000265572,2939.1774373163134,bench_add_aut_reg
136.4183,136.41912,0.0008200000000044838,3026.231345738016,bench_add_aut_reg
136.61988,136.62068,0.0007999999999981355,2955.823787480071,bench_add_aut_reg
136.82144,136.82226,0.0008200000000044838,3021.9229357474364,bench_add_aut_reg
137.02302,137.02382,0.0007999999999981355,2956.809806630759,bench_add_aut_reg
137.22458,137.2254,0.0008200000000044838,3023.469212946392,bench_add_aut_reg
137.42616,137.42696,0.0007999999999981355,2947.9773016584845,bench_add_aut_reg
137.62772,137.62854,0.0008199999999760621,3025.4901153093647,bench_add_aut_reg
137.82928,137.8301,0.0008199999999760621,3026.176756161837,bench_add_aut_reg
138.03086,138.03166,0.0007999999999981355,2952.22725019828,bench_add_aut_reg
138.23242,138.23322,0.0007999999999981355,2948.8803469501763,bench_add_aut_reg
138.43398,138.43478,0.0007999999999981355,2945.3160404151927,bench_add_aut_reg
138.63554,138.63634,0.0007999999999981355,2957.3247511783957,bench_add_aut_reg
138.8371,138.83792,0.0008200000000044838,3037.1887027437574,bench_add_aut_reg
139.03866,139.03948,0.0008200000000044838,3027.5601055627676,bench_add_aut_reg
139.24022,139.24104,0.0008200000000044838,3013.103955906759,bench_add_aut_reg
139.44178,139.4426,0.0008200000000044838,3016.6183295819565,bench_add_aut_reg
139.64336,139.64416,0.0007999999999981355,2945.104332168436,bench_add_aut_reg
139.84492,139.84574,0.0008200000000044838,3032.474899681429,bench_add_aut_reg
140.04648,140.0473,0.0008200000000044838,3024.735504312621,bench_add_aut_reg
140.24806,140.24886,0.0007999999999981355,2952.837576153124,bench_add_aut_reg
140.44962,140.45044,0.0008199999999760621,3008.5916746457533,bench_add_aut_reg
140.65118,140.652,0.0008199999999760621,3013.7880075775925,bench_add_aut_reg
140.85274,140.85356,0.0008199999999760621,3029.086920345616,bench_add_aut_reg
141.0543,141.05512,0.0008199999999760621,3016.1128983889257,bench_add_aut_reg
141.25586,141.25668,0.0008199999999760621,3024.2294258489537,bench_add_aut_reg
141.45742,141.45824,0.0008199999999760621,3032.261331012775,bench_add_aut_reg
141.659,141.6598,0.0007999999999981355,2942.2295978217235,bench_add_aut_reg
141.86056,141.86138,0.0008200000000044838,3018.979623463621,bench_add_aut_reg
142.06214,142.06294,0.0007999999999981355,2944.8889521816327,bench_add_aut_reg
142.2637,142.26452,0.0008200000000044838,3010.6145888738815,bench_add_aut_reg
142.46526,142.46608,0.0008200000000044838,3025.6071989591637,bench_add_aut_reg
142.66684,142.66764,0.0007999999999981355,2952.4779575819543,bench_add_aut_reg
142.8684,142.86922,0.0008200000000044838,3015.946543326947,bench_add_aut_reg
143.06998,143.07078,0.0008000000000265572,2951.9289057739848,bench_add_aut_reg
143.27154,143.27236,0.0008200000000044838,3012.217958473896,bench_add_aut_reg
143.47312,143.47392,0.0007999999999981355,2941.3187061361764,bench_add_aut_reg
143.67468,143.67548,0.0007999999999981355,2953.7890176208616,bench_add_aut_reg
143.87624,143.87706,0.0008200000000044838,3019.489718151546,bench_add_aut_reg
144.0778,144.07862,0.0008200000000044838,3030.4045207027816,bench_add_aut_reg
144.27938,144.28018,0.0007999999999981355,2939.92491205444,bench_add_aut_reg
144.48094,144.48176,0.0008200000000044838,3015.8830643800084,bench_add_aut_reg
144.68252,144.68334,0.0008199999999760621,3018.1431443491715,bench_add_aut_reg
144.8841,144.88492,0.0008200000000044838,3022.240281587245,bench_add_aut_reg
145.08568,145.0865,0.0008200000000044838,3017.959685546751,bench_add_aut_reg
145.28726,145.28808,0.0008200000000044838,3027.2214883180036,bench_add_aut_reg
145.48884,145.48964,0.0007999999999981355,2956.884677981794,bench_add_aut_reg
145.6904,145.69122,0.0008199999999760621,3030.62933022654,bench_add_aut_reg
145.89196,145.89278,0.0008199999999760621,3025.402466214278,bench_add_aut_reg
146.09354,146.09436,0.0008200000000044838,3010.281522308217,bench_add_aut_reg
146.29512,146.29592,0.0007999999999981355,2958.190531928811,bench_add_aut_reg
146.49668,146.4975,0.0008200000000044838,3023.5747597342656,bench_add_aut_reg
146.69826,146.69908,0.0008200000000044838,3027.540766650993,bench_add_aut_reg
146.89982,146.90064,0.0008200000000044838,3009.4615044238,bench_add_aut_reg
147.1014,147.1022,0.0007999999999981355,2957.5102496845197,bench_add_aut_reg
147.30296,147.30378,0.0008199999999760621,3033.3599330923626,bench_add_aut_reg
147.50452,147.50534,0.0008199999999760621,3024.4364332457667,bench_add_aut_reg
147.7061,147.7069,0.0007999999999981355,2955.747018559864,bench_add_aut_reg
147.90766,147.90848,0.0008200000000044838,3019.6277727535435,bench_add_aut_reg
148.10924,148.11004,0.0007999999999981355,2952.3312859168464,bench_add_aut_reg
148.3108,148.31162,0.0008200000000044838,3028.9908126158984,bench_add_aut_reg
148.51238,148.51318,0.0007999999999981355,2957.7636509136623,bench_add_aut_reg
148.71394,148.71476,0.0008200000000044838,3004.65021516972,bench_add_aut_reg
148.9155,148.91632,0.0008200000000044838,3020.957615243333,bench_add_aut_reg
149.11708,149.1179,0.0008200000000044838,3015.4057662147875,bench_add_aut_reg
149.31864,149.31946,0.0008200000000044838,3008.2314508198315,bench_add_aut_reg
149.52022,149.52102,0.0007999999999981355,2959.0362124069184,bench_add_aut_reg
149.72178,149.7226,0.0008200000000044838,3024.606201813876,bench_add_aut_reg
149.92336,149.92416,0.0007999999999981355,2958.1095674021767,bench_add_aut_reg
150.12492,150.12574,0.0008200000000044838,3030.309185867841,bench_add_aut_reg
150.32648,150.3273,0.0008200000000044838,3023.8907458432027,bench_add_aut_reg
150.52806,150.52888,0.0008199999999760621,3021.1852629731625,bench_add_aut_reg
150.72964,150.73044,0.0007999999999981355,2939.268008332507,bench_add_aut_reg
150.9312,150.93202,0.0008200000000044838,3009.0085254221276,bench_add_aut_reg
151.13278,151.1336,0.0008200000000044838,3013.929256719474,bench_add_aut_reg
151.33436,151.33588,0.0015199999999992997,5278.281695205394,bench_add_reg_idx
151.53664,151.53818,0.001540000000005648,5353.7402674744135,bench_add_reg_idx
151.73894,151.74046,0.0015199999999992997,5286.020580675851,bench_add_reg_idx
151.94122,151.94276,0.001540000000005648,5351.378710496114,bench_add_reg_idx
152.14352,152.14504,0.0015199999999992997,5265.468584837722,bench_add_reg_idx
152.3458,152.34732,0.0015199999999992997,5277.568676971419,bench_add_reg_idx
152.54808,152.54962,0.001540000000005648,5329.64484302366,bench_add_reg_idx
152.75036,152.7519,0.001540000000005648,5350.11462869122,bench_add_reg_idx
152.95264,152.95418,0.001540000000005648,5354.9961536386245,bench_add_reg_idx
153.15492,153.15646,0.001540000000005648,5359.848388489339,bench_add_reg_idx
153.3572,153.35874,0.001540000000005648,5346.786307656604,bench_add_reg_idx
153.5595,153.56102,0.0015199999999992997,5280.976044011754,bench_add_reg_idx
153.76178,153.7633,0.0015199999999992997,5284.9965193288745,bench_add_reg_idx
153.96404,153.96558,0.0015399999999772263,5361.640097026793,bench_add_reg_idx
154.16632,154.16786,0.0015399999999772263,5350.0944351882235,bench_add_reg_idx
154.36862,154.37014,0.0015199999999992997,5289.56834226736,bench_add_reg_idx
154.5709,154.57242,0.0015199999999992997,5290.364508981433,bench_add_reg_idx
154.77318,154.77472,0.001540000000005648,5351.447542218525,bench_add_reg_idx
154.97548,154.977,0.0015199999999992997,5273.5701622402785,bench_add_reg_idx
155.17776,155.17928,0.0015199999999992997,5290.308517866739,bench_add_reg_idx
155.38004,155.38158,0.001540000000005648,5351.47536547799,bench_add_reg_idx
155.58234,155.58386,0.0015199999999992997,5273.402859455447,bench_add_reg_idx
155.78462,155.78616,0.001540000000005648,5349.890305680614,bench_add_reg_idx
155.98692,155.98844,0.0015199999999992997,5275.518405248186,bench_add_reg_idx
156.1892,156.19072,0.0015199999999992997,5288.031282832227,bench_add_reg_idx
156.39148,156.39302,0.001540000000005648,5356.072923188693,bench_add_reg_idx
156.59378,156.59532,0.0015399999999772263,5349.262747831731,bench_add_reg_idx
156.79608,156.7976,0.0015199999999992997,5269.094365647107,bench_add_reg_idx
156.99836,156.99988,0.0015199999999992997,5285.336049270861,bench_add_reg_idx
157.20064,157.20216,0.0015199999999992997,5275.996203998115,bench_add_reg_idx
157.40292,157.40446,0.001540000000005648,5329.678191358203,bench_add_reg_idx
157.6052,157.60674,0.001540000000005648,5340.898637680919,bench_add_reg_idx
157.80748,157.80902,0.001540000000005648,5343.208957948361,bench_add_reg_idx
158.00978,158.0113,0.0015199999999992997,5288.51206879806,bench_add_reg_idx
158.21206,158.21358,0.0015199999999992997,5269.625503565801,bench_add_reg_idx
158.41434,158.41586,0.0015199999999992997,5284.043077842054,bench_add_reg_idx
158.61662,158.61816,0.0015399999999772263,5340.534432244671,bench_add_reg_idx
158.8189,158.82044,0.0015399999999772263,5350.479772232493,bench_add_reg_idx
159.02118,159.02272,0.001540000000005648,5348.073055523943,bench_add_reg_idx
159.22346,159.225,0.001540000000005648,5356.07591971925,bench_add_reg_idx
159.42574,159.42728,0.001540000000005648,5365.718719570051,bench_add_reg_idx
159.62802,159.62956,0.001540000000005648,5361.849761122557,bench_add_reg_idx
159.8303,159.83184,0.001540000000005648,5335.491513852528,bench_add_reg_idx
160.03258,160.03412,0.001540000000005648,5344.594824147053,bench_add_reg_idx
160.23486,160.2364,0.001540000000005648,5350.129504241769,bench_add_reg_idx
160.43714,160.43868,0.001540000000005648,5352.6586829878715,bench_add_reg_idx
160.63944,160.64096,0.0015199999999992997,5289.848858953402,bench_add_reg_idx
160.84172,160.84324,0.0015199999999992997,5289.223489814265,bench_add_reg_idx
161.044,161.04552,0.0015199999999992997,5273.697869848052,bench_add_reg_idx
161.24626,161.2478,0.001540000000005648,5364.047198109665,bench_add_reg_idx
161.44854,161.45008,0.001540000000005648,5349.642827659446,bench_add_reg_idx
161.65082,161.65236,0.0015399999999772263,5344.278388576123,bench_add_reg_idx
161.8531,161.85464,0.0015399999999772263,5350.753071171743,bench_add_reg_idx
162.05538,162.0569,0.0015199999999992997,5282.94285526069,bench_add_reg_idx
162.25766,162.25918,0.0015199999999992997,5280.6658670304,bench_add_reg_idx
162.45994,162.46148,0.001540000000005648,5352.323444115094,bench_add_reg_idx
162.66222,162.66374,0.0015199999999992997,5282.663886898138,bench_add_reg_idx
162.8645,162.86602,0.0015199999999992997,5275.129652580105,bench_add_reg_idx
163.06678,163.0683,0.0015199999999992997,5255.25255361437,bench_add_reg_idx
163.26906,163.27058,0.0015199999999992997,5284.678088498741,bench_add_reg_idx
163.47134,163.47288,0.001540000000005648,5354.190168456865,bench_add_reg_idx
163.67364,163.67516,0.0015199999999992997,5279.149096456639,bench_add_reg_idx
163.87592,163.87744,0.0015199999999992997,5277.0207263503935,bench_add_reg_idx
164.0782,164.07974,0.0015399999999772263,5347.958984704117,bench_add_reg_idx
164.28048,164.28202,0.0015399999999772263,5347.998624120109,bench_add_reg_idx
164.48278,164.4843,0.0015199999999992997,5268.577607347673,bench_add_reg_idx
164.68506,164.68658,0.0015199999999992997,5281.381593084182,bench_add_reg_idx
164.88734,164.88888,0.001540000000005648,5354.7417372661785,bench_add_reg_idx
165.08962,165.09116,0.001540000000005648,5355.355436932931,bench_add_reg_idx
165.2919,165.29344,0.001540000000005648,5349.569455740446,bench_add_reg_idx
165.49418,165.49572,0.001540000000005648,5346.650595330052,bench_add_reg_idx
165.69646,165.698,0.001540000000005648,5360.810584407928,bench_add_reg_idx
165.89876,165.90028,0.0015199999999992997,5272.732262961966,bench_add_reg_idx
166.10104,166.10258,0.0015399999999772263,5351.960332981991,bench_add_reg_idx
166.30332,166.30486,0.0015399999999772263,5360.200975474421,bench_add_reg_idx
166.5056,166.50714,0.001540000000005648,5369.48680646982,bench_add_reg_idx
166.7079,166.70942,0.0015199999999992997,5273.568350820833,bench_add_reg_idx
166.91018,166.9117,0.0015199999999992997,5289.490083229289,bench_add_reg_idx
167.11246,167.114,0.001540000000005648,5343.451208921341,bench_add_reg_idx
167.31474,167.31628,0.001540000000005648,5348.638568558509,bench_add_reg_idx
167.51702,167.51856,0.001540000000005648,5335.530592147901,bench_add_reg_idx
167.7193,167.72084,0.001540000000005648,5345.381461102341,bench_add_reg_idx
167.92158,167.92312,0.001540000000005648,5354.27866039911,bench_add_reg_idx
168.12388,168.1254,0.0015199999999992997,5300.662682853516,bench_add_reg_idx
168.32616,168.3277,0.001540000000005648,5353.96639259787,bench_add_reg_idx
168.52846,168.52998,0.0015199999999992997,5282.327283637578,bench_add_reg_idx
168.73076,168.73228,0.0015199999999992997,5279.530952681781,bench_add_reg_idx
168.93304,168.93458,0.001540000000005648,5342.363009714705,bench_add_reg_idx
169.13532,169.13686,0.001540000000005648,5348.433053605607,bench_add_reg_idx
169.33762,169.33914,0.0015199999999992997,5275.015279184257,bench_add_reg_idx
169.5399,169.54142,0.0015199999999992997,5277.542546390498,bench_add_reg_idx
169.74218,169.74372,0.001540000000005648,5360.719645416628,bench_add_reg_idx
169.94446,169.946,0.001540000000005648,5348.686778472744,bench_add_reg_idx
170.14676,170.14828,0.0015199999999992997,5280.351506078103,bench_add_reg_idx
170.34904,170.35058,0.001540000000005648,5345.214714781451,bench_add_reg_idx
170.55134,170.55286,0.0015199999999992997,5281.380116934666,bench_add_reg_idx
170.75362,170.75516,0.0015399999999772263,5344.70080855682,bench_add_reg_idx
170.9559,170.95744,0.0015399999999772263,5359.485016590329,bench_add_reg_idx
171.1582,171.15974,0.001540000000005648,5349.433782996096,bench_add_reg_idx
171.36048,171.362,0.0015199999999992997,5280.03883082379,bench_add_reg_idx
171.56276,171.56428,0.0015199999999992997,5414.14666687767,bench_add_reg_sym
171.76502,171.76654,0.0015199999999992997,5394.241402389651,bench_add_reg_sym
171.9673,171.9688,0.0014999999999929514,5344.005357447841,bench_add_reg_sym
172.16956,172.17106,0.0015000000000213731,5341.00998200638,bench_add_reg_sym
172.37182,172.37334,0.0015199999999992997,5410.596774888192,bench_add_reg_sym
172.5741,172.5756,0.0015000000000213731,5343.1300307449665,bench_add_reg_sym
172.77636,172.77788,0.0015199999999992997,5406.394619490805,bench_add_reg_sym
172.97864,172.98014,0.0014999999999929514,5342.248952921159,bench_add_reg_sym
173.1809,173.18242,0.0015199999999992997,5398.465106261759,bench_add_reg_sym
173.38318,173.38468,0.0014999999999929514,5328.231207069713,bench_add_reg_sym
173.58544,173.58696,0.0015199999999992997,5403.641175942423,bench_add_reg_sym
173.78772,173.78922,0.0014999999999929514,5327.059826788939,bench_add_reg_sym
173.98998,173.99148,0.0014999999999929514,5346.852196354372,bench_add_reg_sym
174.19224,174.19376,0.0015199999999992997,5420.485879291782,bench_add_reg_sym
174.39452,174.39602,0.0014999999999929514,5344.4635658283005,bench_add_reg_sym
174.59678,174.59828,0.0014999999999929514,5326.163021356939,bench_add_reg_sym
174.79904,174.80054,0.0015000000000213731,5329.404149745895,bench_add_reg_sym
175.0013,175.00282,0.0015200000000277214,5404.165587487262,bench_add_reg_sym
175.20356,175.20508,0.0015199999999992997,5420.278834642651,bench_add_reg_sym
175.40584,175.40734,0.0014999999999929514,5334.331677269201,bench_add_reg_sym
175.6081,175.6096,0.0014999999999929514,5328.51692985032,bench_add_reg_sym
175.81036,175.81188,0.0015199999999992997,5403.78089993904,bench_add_reg_sym
176.01262,176.01414,0.0015199999999992997,5394.83510656017,bench_add_reg_sym
176.21488,176.2164,0.0015199999999992997,5400.469379963833,bench_add_reg_sym
176.41716,176.41866,0.0014999999999929514,5317.113858156957,bench_add_reg_sym
176.61942,176.62092,0.0015000000000213731,5338.005588930969,bench_add_reg_sym
176.82168,176.82318,0.0015000000000213731,5318.57979957281,bench_add_reg_sym
177.02394,177.02544,0.0014999999999929514,5340.653241120742,bench_add_reg_sym
177.2262,177.2277,0.0014999999999929514,5333.476762728287,bench_add_reg_sym
177.42846,177.42996,0.0014999999999929514,5334.655002199245,bench_add_reg_sym
177.63072,177.63222,0.0014999999999929514,5309.036360097734,bench_add_reg_sym
177.83298,177.83448,0.0015000000000213731,5337.349048425656,bench_add_reg_sym
178.03524,178.03674,0.0015000000000213731,5336.459863542236,bench_add_reg_sym
178.2375,178.239,0.0014999999999929514,5322.9060000492755,bench_add_reg_sym
178.43974,178.44126,0.0015199999999992997,5418.2180622567375,bench_add_reg_sym
178.64202,178.64352,0.0014999999999929514,5331.012406359896,bench_add_reg_sym
178.84428,178.84578,0.0014999999999929514,5339.704379413503,bench_add_reg_sym
179.04654,179.04804,0.0014999999999929514,5344.436739079862,bench_add_reg_sym
179.2488,179.25032,0.0015199999999992997,5392.983178605706,bench_add_reg_sym
179.45108,179.45258,0.0015000000000213731,5337.618992274296,bench_add_reg_sym
179.65336,179.65486,0.0015000000000213731,5332.864709273539,bench_add_reg_sym
179.85562,179.85714,0.0015199999999992997,5415.4923697921795,bench_add_reg_sym
180.0579,180.0594,0.0015000000000213731,5339.437376318618,bench_add_reg_sym
180.26016,180.26166,0.0014999999999929514,5339.440258659691,bench_add_reg_sym
180.46242,180.46392,0.0014999999999929514,5349.408455632422,bench_add_reg_sym
180.66468,180.66618,0.0014999999999929514,5333.35624027315,bench_add_reg_sym
180.86694,180.86844,0.0014999999999929514,5332.598723446121,bench_add_reg_sym
181.0692,181.0707,0.0014999999999929514,5336.00603460674,bench_add_reg_sym
181.27146,181.27298,0.0015199999999992997,5414.575857573146,bench_add_reg_sym
181.47374,181.47524,0.0015000000000213731,5341.992147808894,bench_add_reg_sym
181.676,181.67752,0.0015199999999992997,5424.114528575507,bench_add_reg_sym
181.87828,181.87978,0.0015000000000213731,5329.2889241886,bench_add_reg_sym
182.08054,182.08206,0.0015199999999992997,5396.00708288674,bench_add_reg_sym
182.28282,182.28432,0.0015000000000213731,5333.02511794636,bench_add_reg_sym
182.48508,182.48658,0.0014999999999929514,5327.264377822491,bench_add_reg_sym
182.68734,182.68884,0.0014999999999929514,5339.590541528001,bench_add_reg_sym
182.8896,182.8911,0.0014999999999929514,5340.871307974499,bench_add_reg_sym
183.09186,183.09336,0.0014999999999929514,5338.589560681049,bench_add_reg_sym
183.29412,183.29562,0.0015000000000213731,5358.515025659408,bench_add_reg_sym
183.49638,183.4979,0.0015199999999992997,5409.849779677853,bench_add_reg_sym
183.69864,183.70016,0.0015199999999992997,5415.354480497528,bench_add_reg_sym
183.9009,183.90242,0.0015199999999992997,5401.261264922114,bench_add_reg_sym
184.10316,184.10468,0.0015199999999992997,5408.468320961409,bench_add_reg_sym
184.30542,184.30694,0.0015199999999992997,5419.957528354808,bench_add_reg_sym
184.50768,184.5092,0.0015199999999992997,5399.255994705115,bench_add_reg_sym
184.70994,184.71146,0.0015199999999992997,5408.861855974679,bench_add_reg_sym
184.9122,184.91372,0.0015199999999992997,5414.479384194695,bench_add_reg_sym
185.11446,185.11596,0.0014999999999929514,5342.155075605728,bench_add_reg_sym
185.31672,185.31822,0.0014999999999929514,5352.390352610779,bench_add_reg_sym
185.51898,185.52048,0.0014999999999929514,5322.600549527247,bench_add_reg_sym
185.72122,185.72274,0.0015199999999992997,5407.291257286576,bench_add_reg_sym
185.92348,185.925,0.0015199999999992997,5411.178031933806,bench_add_reg_sym
186.12574,186.12724,0.0014999999999929514,5340.927629706275,bench_add_reg_sym
186.328,186.32952,0.0015199999999992997,5416.370024903395,bench_add_reg_sym
186.53028,186.53178,0.0014999999999929514,5340.903643493221,bench_add_reg_sym
186.73254,186.73404,0.0014999999999929514,5335.315561362396,bench_add_reg_sym
186.9348,186.9363,0.0014999999999929514,5337.327104036935,bench_add_reg_sym
187.13706,187.13856,0.0015000000000213731,5322.942999267437,bench_add_reg_sym
187.33932,187.34082,0.0015000000000213731,5335.961601307697,bench_add_reg_sym
187.54158,187.54308,0.0014999999999929514,5349.7601975433445,bench_add_reg_sym
187.74384,187.74534,0.0014999999999929514,5318.930277108991,bench_add_reg_sym
187.9461,187.9476,0.0014999999999929514,5327.683323969994,bench_add_reg_sym
188.14836,188.14986,0.0014999999999929514,5340.032190990253,bench_add_reg_sym
188.35062,188.35212,0.0015000000000213731,5334.115247317814,bench_add_reg_sym
188.55288,188.55438,0.0015000000000213731,5333.504069208283,bench_add_reg_sym
188.75514,188.75664,0.0014999999999929514,5338.102204234437,bench_add_reg_sym
188.9574,188.9589,0.0014999999999929514,5328.300206430336,bench_add_reg_sym
189.15966,189.16116,0.0014999999999929514,5328.956048445356,bench_add_reg_sym
189.36192,189.36344,0.0015199999999992997,5406.010434960918,bench_add_reg_sym
189.56418,189.5657,0.0015199999999992997,5410.802855618526,bench_add_reg_sym
189.76646,189.76796,0.0014999999999929514,5329.019741595232,bench_add_reg_sym
189.96872,189.97022,0.0015000000000213731,5331.025000271425,bench_add_reg_sym
190.17098,190.17248,0.0015000000000213731,5340.776068700529,bench_add_reg_sym
190.37324,190.37476,0.0015199999999992997,5407.055448738301,bench_add_reg_sym
190.5755,190.57702,0.0015199999999992997,5412.929467853847,bench_add_reg_sym
190.77778,190.77928,0.0014999999999929514,5333.035720952626,bench_add_reg_sym
190.98004,190.98154,0.0014999999999929514,5340.358226069277,bench_add_reg_sym
191.1823,191.1838,0.0014999999999929514,5335.246592270519,bench_add_reg_sym
191.38456,191.38606,0.0014999999999929514,5331.195862938945,bench_add_reg_sym
191.58682,191.58834,0.0015199999999992997,5400.905851273582,bench_add_reg_sym
191.7891,191.7906,0.0015000000000213731,5242.311887051473,bench_add_reg_abs
191.99136,191.99286,0.0015000000000213731,5249.516833649151,bench_add_reg_abs
192.19362,192.19512,0.0014999999999929514,5249.129021514922,bench_add_reg_abs
192.39588,192.39738,0.0014999999999929514,5241.773512655936,bench_add_reg_abs
192.59814,192.59964,0.0014999999999929514,5250.014506721856,bench_add_reg_abs
192.8004,192.80192,0.0015199999999992997,5307.561394290487,bench_add_reg_abs
193.00268,193.00418,0.0014999999999929514,5246.4794716547,bench_add_reg_abs
193.20494,193.20644,0.0014999999999929514,5232.723830243621,bench_add_reg_abs
193.4072,193.4087,0.0015000000000213731,5238.9241546200265,bench_add_reg_abs
193.60946,193.61096,0.0014999999999929514,5234.692173516818,bench_add_reg_abs
193.81172,193.81324,0.0015199999999992997,5315.378091759956,bench_add_reg_abs
194.01398,194.0155,0.0015199999999992997,5319.108401888511,bench_add_reg_abs
194.21624,194.21776,0.0015199999999992997,5307.875149880612,bench_add_reg_abs
194.4185,194.42002,0.0015199999999992997,5310.081955975523,bench_add_reg_abs
194.62076,194.62228,0.0015199999999992997,5319.758625699446,bench_add_reg_abs
194.82302,194.82454,0.0015199999999992997,5304.961882060936,bench_add_reg_abs
195.02528,195.0268,0.0015199999999992997,5324.602834877157,bench_add_reg_abs
195.22754,195.22906,0.0015199999999992997,5320.6661110712375,bench_add_reg_abs
195.4298,195.43132,0.0015199999999992997,5293.577958361224,bench_add_reg_abs
195.63206,195.63358,0.0015199999999992997,5314.00708481431,bench_add_reg_abs
195.83434,195.83584,0.0014999999999929514,5225.441213672111,bench_add_reg_abs
196.0366,196.0381,0.0014999999999929514,5228.933219307469,bench_add_reg_abs
196.23886,196.24036,0.0015000000000213731,5232.537163032021,bench_add_reg_abs
196.44112,196.44264,0.0015199999999992997,5317.331154362142,bench_add_reg_abs
196.64338,196.6449,0.0015199999999992997,5317.565039728558,bench_add_reg_abs
196.84564,196.84716,0.0015199999999992997,5324.748659037697,bench_add_reg_abs
197.0479,197.04942,0.0015199999999992997,5316.451676187307,bench_add_reg_abs
197.25018,197.25168,0.0014999999999929514,5242.567323123524,bench_add_reg_abs
197.45242,197.45394,0.0015199999999992997,5313.62310982953,bench_add_reg_abs
197.65468,197.6562,0.0015199999999992997,5300.623043435857,bench_add_reg_abs
197.85694,197.85846,0.0015199999999992997,5319.636636410003,bench_add_reg_abs
198.0592,198.0607,0.0014999999999929514,5255.302139533337,bench_add_reg_abs
198.26146,198.26296,0.0014999999999929514,5247.9525469,bench_add_reg_abs
198.46372,198.46522,0.0014999999999929514,5233.978955051047,bench_add_reg_abs
198.66598,198.66748,0.0015000000000213731,5246.140752062475,bench_add_reg_abs
198.86824,198.86974,0.0015000000000213731,5242.340483312282,bench_add_reg_abs
199.07048,199.072,0.0015199999999992997,5308.548726604272,bench_add_reg_abs
199.27274,199.27426,0.0015199999999992997,5299.459351224754,bench_add_reg_abs
199.475,199.47652,0.0015199999999992997,5317.912977186743,bench_add_reg_abs
199.67726,199.67876,0.0015000000000213731,5242.588799522306,bench_add_reg_abs
199.87952,199.88102,0.0014999999999929514,5253.644941814712,bench_add_reg_abs
200.08178,200.08328,0.0014999999999929514,5234.913213618738,bench_add_reg_abs
200.28404,200.28554,0.0014999999999929514,5240.5029209074,bench_add_reg_abs
200.48628,200.4878,0.0015199999999992997,5303.048000203052,bench_add_reg_abs
200.68854,200.69006,0.0015199999999992997,5322.640864176601,bench_add_reg_abs
200.8908,200.8923,0.0014999999999929514,5242.009460900062,bench_add_reg_abs
201.09306,201.09456,0.0014999999999929514,5253.241681468149,bench_add_reg_abs
201.29532,201.29682,0.0014999999999929514,5254.884909348171,bench_add_reg_abs
201.49758,201.4991,0.0015199999999992997,5310.686088629854,bench_add_reg_abs
201.69984,201.70136,0.0015199999999992997,5319.255441425131,bench_add_reg_abs
201.9021,201.90362,0.0015199999999992997,5311.192576772005,bench_add_reg_abs
202.10438,202.10588,0.0015000000000213731,5233.104021828729,bench_add_reg_abs
202.30664,202.30814,0.0015000000000213731,5234.0870188377585,bench_add_reg_abs
202.5089,202.5104,0.0014999999999929514,5252.784923623222,bench_add_reg_abs
202.71116,202.71266,0.0014999999999929514,5253.976734796501,bench_add_reg_abs
202.91342,202.91492,0.0014999999999929514,5236.493346722489,bench_add_reg_abs
203.11568,203.11718,0.0014999999999929514,5245.350471208079,bench_add_reg_abs
203.31794,203.31946,0.0015199999999992997,5322.349364868468,bench_add_reg_abs
203.5202,203.52172,0.0015199999999992997,5319.56685241273,bench_add_reg_abs
203.72246,203.72398,0.0015199999999992997,5308.261557943833,bench_add_reg_abs
203.92472,203.92624,0.0015199999999992997,5309.5031715895275,bench_add_reg_abs
204.12698,204.1285,0.0015199999999992997,5313.765783791185,bench_add_reg_abs
204.32924,204.33076,0.0015199999999992997,5319.669828747593,bench_add_reg_abs
204.5315,204.53302,0.0015199999999992997,5315.172467380016,bench_add_reg_abs
204.73376,204.73528,0.0015199999999992997,5329.846022649311,bench_add_reg_abs
204.93602,204.93754,0.0015199999999992997,5309.152489057641,bench_add_reg_abs
205.13828,205.1398,0.0015199999999992997,5316.3627325514935,bench_add_reg_abs
205.34054,205.34204,0.0014999999999929514,5242.188791719555,bench_add_reg_abs
205.54278,205.5443,0.0015199999999992997,5304.120280777993,bench_add_reg_abs
205.74504,205.74654,0.0015000000000213731,5242.4843167713125,bench_add_reg_abs
205.9473,205.9488,0.0014999999999929514,5240.96124803008,bench_add_reg_abs
206.14956,206.15106,0.0014999999999929514,5243.356444381673,bench_add_reg_abs
206.3518,206.35332,0.0015199999999992997,5318.247422109227,bench_add_reg_abs
206.55406,206.55556,0.0015000000000213731,5243.83111165909,bench_add_reg_abs
206.7563,206.7578,0.0014999999999929514,5243.542243235218,bench_add_reg_abs
206.95854,206.96006,0.0015199999999992997,5303.981648755352,bench_add_reg_abs
207.1608,207.16232,0.0015199999999992997,5308.037993962789,bench_add_reg_abs
207.36306,207.36458,0.0015199999999992997,5312.671891877287,bench_add_reg_abs
207.56532,207.56682,0.0014999999999929514,5245.1159269288855,bench_add_reg_abs
207.76758,207.76908,0.0014999999999929514,5249.68388953513,bench_add_reg_abs
207.96984,207.97134,0.0014999999999929514,5253.830074772441,bench_add_reg_abs
208.1721,208.1736,0.0014999999999929514,5245.259723136439,bench_add_reg_abs
208.37436,208.37586,0.0014999999999929514,5240.893140410003,bench_add_reg_abs
208.57662,208.57812,0.0015000000000213731,5245.914806222239,bench_add_reg_abs
208.77888,208.78038,0.0015000000000213731,5232.666758897522,bench_add_reg_abs
208.98114,208.98264,0.0014999999999929514,5251.699266930392,bench_add_reg_abs
209.1834,209.1849,0.0014999999999929514,5243.422286559527,bench_add_reg_abs
209.38566,209.38716,0.0014999999999929514,5235.904359699087,bench_add_reg_abs
209.58792,209.58942,0.0014999999999929514,5236.52731205665,bench_add_reg_abs
209.79016,209.79168,0.0015200000000277214,5326.369451457712,bench_add_reg_abs
209.99242,209.99392,0.0014999999999929514,5234.036364101349,bench_add_reg_abs
210.19466,210.19618,0.0015199999999992997,5318.027692844782,bench_add_reg_abs
210.39692,210.39842,0.0014999999999929514,5254.971792432363,bench_add_reg_abs
210.59918,210.60068,0.0015000000000213731,5248.173645306651,bench_add_reg_abs
210.80142,210.80294,0.0015199999999992997,5312.55344161446,bench_add_reg_abs
211.00368,211.0052,0.0015199999999992997,5308.268012009292,bench_add_reg_abs
211.20594,211.20744,0.0014999999999929514,5245.446350866944,bench_add_reg_abs
211.40818,211.4097,0.0015199999999992997,5317.308150694693,bench_add_reg_abs
211.61044,211.61194,0.0014999999999929514,5247.3816298615475,bench_add_reg_abs
211.81268,211.8142,0.0015199999999992997,5313.708018509452,bench_add_reg_abs
212.01496,212.01562,0.000660000000010541,1967.1651814429708,bench_inc_reg
212.21636,212.21704,0.0006799999999884676,2046.7419153591047,bench_inc_reg
212.41778,212.41844,0.000660000000010541,1967.158182560218,bench_inc_reg
212.6192,212.61986,0.0006599999999821193,1972.9470600744912,bench_inc_reg
212.8206,212.82128,0.0006799999999884676,2042.4037891940604,bench_inc_reg
213.02202,213.02268,0.000660000000010541,1972.9170645924612,bench_inc_reg
213.22344,213.2241,0.0006599999999821193,1964.1475588426053,bench_inc_reg
213.42484,213.4255,0.000660000000010541,1978.0155341513591,bench_inc_reg
213.62626,213.62692,0.000660000000010541,1978.9691688788403,bench_inc_reg
213.82766,213.82832,0.0006599999999821193,1968.6910672439872,bench_inc_reg
214.02908,214.02974,0.000660000000010541,1976.412625552859,bench_inc_reg
214.23048,214.23114,0.000660000000010541,1983.6506503969986,bench_inc_reg
214.43188,214.43254,0.0006599999999821193,1978.7259050076382,bench_inc_reg
214.6333,214.63396,0.000660000000010541,1971.7381336156898,bench_inc_reg
214.8347,214.83536,0.000660000000010541,1980.0972496495285,bench_inc_reg
215.0361,215.03678,0.0006799999999884676,2041.2816549279546,bench_inc_reg
215.23752,215.23818,0.000660000000010541,1968.557990658571,bench_inc_reg
215.43892,215.43958,0.000660000000010541,1980.5291807621343,bench_inc_reg
215.64034,215.641,0.0006599999999821193,1964.9087427509012,bench_inc_reg
215.84174,215.84242,0.0006800000000168893,2038.7464133676524,bench_inc_reg
216.04316,216.04382,0.000660000000010541,1974.403185337416,bench_inc_reg
216.24456,216.24524,0.0006799999999884676,2034.862423278441,bench_inc_reg
216.44598,216.44664,0.000660000000010541,1976.7876365592645,bench_inc_reg
216.64738,216.64804,0.000660000000010541,1979.2224094595915,bench_inc_reg
216.84878,216.84946,0.0006799999999884676,2041.359117682844,bench_inc_reg
217.0502,217.05086,0.000660000000010541,1980.167741457338,bench_inc_reg
217.2516,217.25226,0.000660000000010541,1974.5461736211967,bench_inc_reg
217.45302,217.45368,0.0006599999999821193,1975.12825479336,bench_inc_reg
217.65444,217.6551,0.000660000000010541,1980.5996539431446,bench_inc_reg
217.85584,217.8565,0.000660000000010541,1976.864791973683,bench_inc_reg
218.05726,218.05792,0.0006599999999821193,1962.7941143092837,bench_inc_reg
218.25866,218.25932,0.000660000000010541,1989.5549025746666,bench_inc_reg
218.46006,218.46072,0.000660000000010541,1964.4737127572346,bench_inc_reg
218.66146,218.66214,0.0006799999999884676,2038.7357007333408,bench_inc_reg
218.86288,218.86354,0.000660000000010541,1969.2631531874365,bench_inc_reg
219.0643,219.06496,0.000660000000010541,1971.7768137644684,bench_inc_reg
219.2657,219.26638,0.0006799999999884676,2042.9930625990435,bench_inc_reg
219.46712,219.46778,0.000660000000010541,1982.2008908147998,bench_inc_reg
219.66852,219.66918,0.000660000000010541,1972.96627102052,bench_inc_reg
219.86992,219.8706,0.0006799999999884676,2034.6971763842444,bench_inc_reg
220.07134,220.072,0.000660000000010541,1971.026093269539,bench_inc_reg
220.27274,220.2734,0.000660000000010541,1984.401166006649,bench_inc_reg
220.47414,220.47482,0.0006799999999884676,2051.601193342356,bench_inc_reg
220.67556,220.67622,0.000660000000010541,1976.6426552458026,bench_inc_reg
220.87696,220.87762,0.000660000000010541,1969.0870493990776,bench_inc_reg
221.07836,221.07902,0.000660000000010541,1982.343944285198,bench_inc_reg
221.27976,221.28044,0.0006799999999884676,2028.7361903641797,bench_inc_reg
221.48118,221.48184,0.000660000000010541,1962.9832101410916,bench_inc_reg
221.68258,221.68324,0.000660000000010541,1976.338403794024,bench_inc_reg
221.884,221.88466,0.000660000000010541,1975.3730646722074,bench_inc_reg
222.0854,222.08608,0.0006800000000168893,2041.027855648941,bench_inc_reg
222.28682,222.28748,0.0006599999999821193,1976.4106510579286,bench_inc_reg
222.48822,222.4889,0.0006799999999884676,2036.252568899254,bench_inc_reg
222.68964,222.6903,0.000660000000010541,1979.2873901660926,bench_inc_reg
222.89104,222.89172,0.0006799999999884676,2033.9412451356736,bench_inc_reg
223.09246,223.09312,0.000660000000010541,1960.370610506996,bench_inc_reg
223.29386,223.29454,0.0006800000000168893,2037.0003465187149,bench_inc_reg
223.49528,223.49594,0.0006599999999821193,1978.8096821277777,bench_inc_reg
223.6967,223.69736,0.000660000000010541,1966.560245526866,bench_inc_reg
223.8981,223.89878,0.0006799999999884676,2050.5731249829455,bench_inc_reg
224.09952,224.10018,0.0006599999999821193,1977.8276257532211,bench_inc_reg
224.30094,224.3016,0.000660000000010541,1961.9426643809272,bench_inc_reg
224.50234,224.503,0.0006599999999821193,1969.6258380448082,bench_inc_reg
224.70376,224.70442,0.000660000000010541,1976.7592521757176,bench_inc_reg
224.90516,224.90582,0.000660000000010541,1978.5391143891154,bench_inc_reg
225.10658,225.10724,0.0006599999999821193,1967.941743727775,bench_inc_reg
225.30798,225.30864,0.000660000000010541,1980.46641660925,bench_inc_reg
225.5094,225.51006,0.000660000000010541,1974.542406420552,bench_inc_reg
225.7108,225.71148,0.0006799999999884676,2036.1623447009213,bench_inc_reg
225.91222,225.91288,0.000660000000010541,1980.8129989900087,bench_inc_reg
226.11362,226.1143,0.0006799999999884676,2040.7708733961147,bench_inc_reg
226.31504,226.3157,0.0006599999999821193,1971.7287900257732,bench_inc_reg
226.51644,226.5171,0.000660000000010541,1972.2295436468478,bench_inc_reg
226.71786,226.71852,0.000660000000010541,1984.600841563454,bench_inc_reg
226.91926,226.91992,0.0006599999999821193,1969.4563838978065,bench_inc_reg
227.12066,227.12134,0.0006800000000168893,2026.7286152227643,bench_inc_reg
227.32208,227.32274,0.000660000000010541,1965.8009987648918,bench_inc_reg
227.52348,227.52414,0.0006599999999821193,1976.0781828688434,bench_inc_reg
227.7249,227.72556,0.000660000000010541,1973.7002463443393,bench_inc_reg
227.9263,227.92698,0.0006799999999884676,2042.349122897345,bench_inc_reg
228.12772,228.12838,0.0006599999999821193,1971.3202886616402,bench_inc_reg
228.32914,228.3298,0.000660000000010541,1963.3990992190074,bench_inc_reg
228.53056,228.53122,0.0006599999999821193,1966.2842130616289,bench_inc_reg
228.73196,228.73264,0.0006800000000168893,2031.4017870113269,bench_inc_reg
228.93338,228.93404,0.000660000000010541,1982.530392738751,bench_inc_reg
229.1348,229.13546,0.0006599999999821193,1966.4455972930116,bench_inc_reg
229.3362,229.33688,0.0006800000000168893,2046.2551992951185,bench_inc_reg
229.53762,229.53828,0.0006599999999821193,1976.9484665624734,bench_inc_reg
229.73902,229.7397,0.0006799999999884676,2038.1639501610045,bench_inc_reg
229.94044,229.9411,0.000660000000010541,1983.626375474627,bench_inc_reg
230.14186,230.14252,0.0006599999999821193,1980.266754920855,bench_inc_reg
230.34326,230.34394,0.0006800000000168893,2040.9522462282976,bench_inc_reg
230.54468,230.54536,0.0006799999999884676,2027.1409745002215,bench_inc_reg
230.7461,230.74676,0.0006599999999821193,1980.6253047973669,bench_inc_reg
230.94752,230.94818,0.000660000000010541,1976.4943095255276,bench_inc_reg
231.14894,231.1496,0.0006599999999821193,1968.8814877871941,bench_inc_reg
231.35034,231.35102,0.0006800000000168893,2038.5166863569107,bench_inc_reg
231.55176,231.55244,0.0006799999999884676,2038.3051945456848,bench_inc_reg
231.75318,231.75384,0.000660000000010541,1956.0571597334517,bench_inc_reg
231.95458,231.95524,0.000660000000010541,1974.553426297804,bench_inc_reg
232.156,232.1575,0.0014999999999929514,5290.578806281976,bench_inc_idx
232.35826,232.35976,0.0014999999999929514,5272.610513468318,bench_inc_idx
232.5605,232.56202,0.0015199999999992997,5343.310469759987,bench_inc_idx
232.76278,232.76428,0.0015000000000213731,5262.134648003027,bench_inc_idx
232.96504,232.96654,0.0015000000000213731,5266.236637329325,bench_inc_idx
233.1673,233.1688,0.0014999999999929514,5275.580333520387,bench_inc_idx
233.36954,233.37106,0.0015199999999992997,5354.324632787589,bench_inc_idx
233.5718,233.57332,0.0015199999999992997,5353.578198699569,bench_inc_idx
233.77406,233.77556,0.0015000000000213731,5296.208402217681,bench_inc_idx
233.97632,233.97782,0.0015000000000213731,5264.543735032991,bench_inc_idx
234.17856,234.18006,0.0014999999999929514,5240.7148340456115,bench_inc_idx
234.38082,234.38232,0.0014999999999929514,5255.910069656124,bench_inc_idx
234.58306,234.58458,0.0015199999999992997,5330.309707204866,bench_inc_idx
234.78532,234.78682,0.0014999999999929514,5266.205554336682,bench_inc_idx
234.98756,234.98908,0.0015199999999992997,5342.001044188129,bench_inc_idx
235.18982,235.19132,0.0014999999999929514,5277.779232685789,bench_inc_idx
235.39206,235.39356,0.0015000000000213731,5261.540741268843,bench_inc_idx
235.5943,235.59582,0.0015199999999992997,5329.823708159541,bench_inc_idx
235.79656,235.79806,0.0014999999999929514,5252.138788321559,bench_inc_idx
235.9988,236.00032,0.0015199999999992997,5312.974648550227,bench_inc_idx
236.20104,236.20256,0.0015199999999992997,5322.428161740561,bench_inc_idx
236.4033,236.4048,0.0014999999999929514,5265.785818895681,bench_inc_idx
236.60554,236.60706,0.0015199999999992997,5344.530043656268,bench_inc_idx
236.8078,236.8093,0.0015000000000213731,5270.732881111492,bench_inc_idx
237.01004,237.01156,0.0015199999999992997,5344.107591078715,bench_inc_idx
237.2123,237.2138,0.0014999999999929514,5270.103148626348,bench_inc_idx
237.41454,237.41606,0.0015199999999992997,5334.732085464332,bench_inc_idx
237.6168,237.6183,0.0014999999999929514,5269.072141937701,bench_inc_idx
237.81906,237.82056,0.0014999999999929514,5261.1858350906205,bench_inc_idx
238.02132,238.02282,0.0014999999999929514,5283.103624798552,bench_inc_idx
238.22356,238.22508,0.0015199999999992997,5357.771250416265,bench_inc_idx
238.42582,238.42732,0.0015000000000213731,5288.333578578121,bench_inc_idx
238.62808,238.62958,0.0014999999999929514,5282.941039160229,bench_inc_idx
238.83032,238.83184,0.0015199999999992997,5360.268279908123,bench_inc_idx
239.03258,239.03408,0.0014999999999929514,5271.591597678342,bench_inc_idx
239.23484,239.23634,0.0015000000000213731,5279.958231916264,bench_inc_idx
239.4371,239.4386,0.0015000000000213731,5284.0529476122565,bench_inc_idx
239.63936,239.64088,0.0015199999999992997,5338.992176108752,bench_inc_idx
239.84162,239.84312,0.0014999999999929514,5286.082641662716,bench_inc_idx
240.04388,240.04538,0.0014999999999929514,5287.210138023079,bench_inc_idx
240.24614,240.24764,0.0014999999999929514,5274.4178799659285,bench_inc_idx
240.44838,240.4499,0.0015200000000277214,5359.724490070565,bench_inc_idx
240.65064,240.65216,0.0015199999999992997,5334.7414056746475,bench_inc_idx
240.8529,240.8544,0.0014999999999929514,5250.570839246298,bench_inc_idx
241.05516,241.05666,0.0014999999999929514,5261.220880759676,bench_inc_idx
241.2574,241.25892,0.0015199999999992997,5319.763929581547,bench_inc_idx
241.45966,241.46116,0.0014999999999929514,5270.2661766406645,bench_inc_idx
241.66192,241.66342,0.0014999999999929514,5271.2979283858385,bench_inc_idx
241.86416,241.86568,0.0015199999999992997,5328.105536752066,bench_inc_idx
242.0664,242.06792,0.0015199999999992997,5325.775542295562,bench_inc_idx
242.26866,242.27016,0.0014999999999929514,5253.044420362752,bench_inc_idx
242.4709,242.4724,0.0014999999999929514,5250.490249576704,bench_inc_idx
242.67316,242.67466,0.0014999999999929514,5261.96900752612,bench_inc_idx
242.8754,242.87692,0.0015199999999992997,5345.725936344796,bench_inc_idx
243.07766,243.07916,0.0014999999999929514,5259.3287988309075,bench_inc_idx
243.27992,243.28142,0.0014999999999929514,5252.213322066924,bench_inc_idx
243.48216,243.48368,0.0015199999999992997,5318.968917706948,bench_inc_idx
243.68442,243.68592,0.0015000000000213731,5270.152194500937,bench_inc_idx
243.88668,243.88818,0.0014999999999929514,5265.518871576302,bench_inc_idx
244.08894,244.09044,0.0014999999999929514,5260.411263417983,bench_inc_idx
244.29118,244.2927,0.0015199999999992997,5340.15900920781,bench_inc_idx
244.49344,244.49494,0.0015000000000213731,5280.1396232858915,bench_inc_idx
244.69568,244.6972,0.0015199999999992997,5333.607047793522,bench_inc_idx
244.89794,244.89946,0.0015199999999992997,5347.5055820283815,bench_inc_idx
245.1002,245.1017,0.0014999999999929514,5277.967406411603,bench_inc_idx
245.30246,245.30396,0.0014999999999929514,5280.889552063159,bench_inc_idx
245.5047,245.50622,0.0015199999999992997,5345.159836573324,bench_inc_idx
245.70696,245.70846,0.0014999999999929514,5274.946887485691,bench_inc_idx
245.90922,245.91072,0.0014999999999929514,5276.8443710855345,bench_inc_idx
246.11148,246.11298,0.0014999999999929514,5273.329445602135,bench_inc_idx
246.31374,246.31524,0.0014999999999929514,5273.517789294627,bench_inc_idx
246.516,246.5175,0.0015000000000213731,5278.048096299282,bench_inc_idx
246.71826,246.71976,0.0015000000000213731,5277.675371691743,bench_inc_idx
246.92052,246.92202,0.0014999999999929514,5284.041920651344,bench_inc_idx
247.12278,247.12428,0.0014999999999929514,5291.808282465341,bench_inc_idx
247.32504,247.32656,0.0015199999999992997,5332.588013258761,bench_inc_idx
247.5273,247.52882,0.0015199999999992997,5322.457158470014,bench_inc_idx
247.72956,247.73108,0.0015199999999992997,5336.406941057497,bench_inc_idx
247.93182,247.93332,0.0015000000000213731,5251.656677649486,bench_inc_idx
248.13408,248.13558,0.0014999999999929514,5256.693591337739,bench_inc_idx
248.33634,248.33784,0.0014999999999929514,5269.671205871092,bench_inc_idx
248.53858,248.5401,0.0015199999999992997,5337.487070353691,bench_inc_idx
248.74084,248.74234,0.0015000000000213731,5262.377739493572,bench_inc_idx
248.94308,248.9446,0.0015199999999992997,5329.815924629198,bench_inc_idx
249.14534,249.14686,0.0015199999999992997,5343.819167461539,bench_inc_idx
249.3476,249.3491,0.0014999999999929514,5248.158408770719,bench_inc_idx
249.54986,249.55136,0.0014999999999929514,5258.706579890131,bench_inc_idx
249.7521,249.7536,0.0014999999999929514,5246.037924634292,bench_inc_idx
249.95436,249.95586,0.0014999999999929514,5260.453845815361,bench_inc_idx
250.15662,250.15812,0.0014999999999929514,5271.9182334589095,bench_inc_idx
250.35888,250.36038,0.0014999999999929514,5262.9577344973695,bench_inc_idx
250.56114,250.56264,0.0014999999999929514,5269.636579299624,bench_inc_idx
250.7634,250.7649,0.0015000000000213731,5268.900448066086,bench_inc_idx
250.96566,250.96716,0.0014999999999929514,5265.011866551827,bench_inc_idx
251.16792,251.16942,0.0014999999999929514,5260.359407376131,bench_inc_idx
251.37018,251.37168,0.0014999999999929514,5291.573845290317,bench_inc_idx
251.57242,251.57394,0.0015199999999992997,5351.478054652479,bench_inc_idx
251.77468,251.77618,0.0015000000000213731,5288.2017032999875,bench_inc_idx
251.97692,251.97844,0.0015199999999992997,5365.78893195512,bench_inc_idx
252.17918,252.18068,0.0014999999999929514,5291.307382260037,bench_inc_idx
252.38144,252.38294,0.0014999999999929514,5321.406379782483,bench_inc_sym
252.5837,252.5852,0.0014999999999929514,5318.143742599663,bench_inc_sym
252.78596,252.78746,0.0015000000000213731,5308.481312899541,bench_inc_sym
252.98822,252.98972,0.0014999999999929514,5311.926337865342,bench_inc_sym
253.19048,253.19198,0.0014999999999929514,5310.805996387468,bench_inc_sym
253.39272,253.39424,0.0015199999999992997,5390.593532936835,bench_inc_sym
253.59498,253.59648,0.0015000000000213731,5311.71534916418,bench_inc_sym
253.79724,253.79874,0.0015000000000213731,5314.177009352577,bench_inc_sym
253.99948,254.001,0.0015199999999992997,5389.5861585608545,bench_inc_sym
254.20174,254.20324,0.0014999999999929514,5306.393245676373,bench_inc_sym
254.404,254.4055,0.0014999999999929514,5297.368336443785,bench_inc_sym
254.60626,254.60776,0.0015000000000213731,5301.240196061935,bench_inc_sym
254.80852,254.81002,0.0015000000000213731,5309.459683562022,bench_inc_sym
255.01076,255.01228,0.0015199999999992997,5389.108420346798,bench_inc_sym
255.21302,255.21452,0.0014999999999929514,5324.005174892323,bench_inc_sym
255.41528,255.41678,0.0014999999999929514,5306.796308115811,bench_inc_sym
255.61754,255.61904,0.0015000000000213731,5317.296281068406,bench_inc_sym
255.81978,255.8213,0.0015199999999992997,5350.878955792204,bench_inc_sym
256.02204,256.02354,0.0015000000000213731,5294.657121489649,bench_inc_sym
256.2243,256.2258,0.0014999999999645297,5287.599030290292,bench_inc_sym
256.42656,256.42806,0.0015000000000213731,5303.075972551469,bench_inc_sym
256.6288,256.63032,0.001519999999970878,5370.996843453349,bench_inc_sym
256.83106,256.83256,0.0015000000000213731,5313.14428204987,bench_inc_sym
257.03332,257.03482,0.0015000000000213731,5300.911669693642,bench_inc_sym
257.23556,257.23708,0.001519999999970878,5367.2368730319995,bench_inc_sym
257.43782,257.43932,0.0015000000000213731,5293.427640652089,bench_inc_sym
257.64008,257.64158,0.0014999999999645297,5292.824897788889,bench_inc_sym
257.84232,257.84384,0.0015200000000277214,5363.759864224075,bench_inc_sym
258.04458,258.04608,0.0015000000000213731,5296.757335382936,bench_inc_sym
258.24684,258.24834,0.0014999999999645297,5302.963871383145,bench_inc_sym
258.4491,258.4506,0.0015000000000213731,5312.695505641193,bench_inc_sym
258.65136,258.65286,0.0014999999999645297,5293.650908736284,bench_inc_sym
258.8536,258.8551,0.0015000000000213731,5311.060492025941,bench_inc_sym
259.05586,259.05736,0.0015000000000213731,5303.067008571833,bench_inc_sym
259.25812,259.25962,0.0014999999999645297,5311.517005194562,bench_inc_sym
259.46036,259.46186,0.0015000000000213731,5318.120820524036,bench_inc_sym
259.66262,259.66412,0.0015000000000213731,5323.136057778915,bench_inc_sym
259.86488,259.86638,0.0014999999999645297,5314.653569238193,bench_inc_sym
260.06712,260.06862,0.0015000000000213731,5334.709454402469,bench_inc_sym
260.26938,260.27088,0.0014999999999645297,5309.781799898058,bench_inc_sym
260.47162,260.47312,0.0015000000000213731,5308.15971324542,bench_inc_sym
260.67386,260.67538,0.0015200000000277214,5373.245126200281,bench_inc_sym
260.87612,260.87762,0.0014999999999645297,5308.168437206624,bench_inc_sym
261.07838,261.07988,0.0015000000000213731,5305.5798565817795,bench_inc_sym
261.28064,261.28214,0.0015000000000213731,5315.809361711065,bench_inc_sym
261.4829,261.4844,0.0015000000000213731,5324.577388897594,bench_inc_sym
261.68516,261.68666,0.0015000000000213731,5306.548706800198,bench_inc_sym
261.88742,261.88892,0.0014999999999645297,5304.770502133463,bench_inc_sym
262.08968,262.09118,0.0015000000000213731,5295.626618976832,bench_inc_sym
262.29192,262.29344,0.001519999999970878,5368.740104504013,bench_inc_sym
262.49418000000003,262.49568,0.0014999999999645297,5309.802435678063,bench_inc_sym
262.69642,262.69794,0.0015200000000277214,5366.613930190845,bench_inc_sym
262.89868,262.90018,0.0014999999999645297,5295.133606873955,bench_inc_sym
263.10094,263.10244,0.0015000000000213731,5298.4582144613905,bench_inc_sym
263.3032,263.3047,0.0015000000000213731,5297.561758270556,bench_inc_sym
263.50546,263.50696,0.0014999999999645297,5294.620627409597,bench_inc_sym
263.70772,263.70922,0.0015000000000213731,5300.311606918135,bench_inc_sym
263.90996,263.91148,0.001519999999970878,5373.040113960746,bench_inc_sym
264.11222,264.11372,0.0015000000000213731,5303.820965422487,bench_inc_sym
264.31446,264.31598,0.0015200000000277214,5377.592344401606,bench_inc_sym
264.51672,264.51822,0.0014999999999645297,5293.061218563603,bench_inc_sym
264.71896,264.72046,0.0015000000000213731,5287.741539145306,bench_inc_sym
264.9212,264.9227,0.0015000000000213731,5284.4839590424635,bench_inc_sym
265.12346,265.12496,0.0014999999999645297,5305.303502704229,bench_inc_sym
265.3257,265.3272,0.0015000000000213731,5297.516721842157,bench_inc_sym
265.52796,265.52946,0.0014999999999645297,5312.879388092722,bench_inc_sym
265.7302,265.7317,0.0014999999999645297,5321.963492186001,bench_inc_sym
265.93244,265.93396,0.0015200000000277214,5381.815168173141,bench_inc_sym
266.1347,266.1362,0.0014999999999645297,5297.148672272559,bench_inc_sym
266.33694,266.33844,0.0014999999999645297,5307.549803854051,bench_inc_sym
266.5392,266.5407,0.0015000000000213731,5304.570016530961,bench_inc_sym
266.74144,266.74294,0.0014999999999645297,5315.962068145346,bench_inc_sym
266.9437,266.9452,0.0015000000000213731,5307.751202567409,bench_inc_sym
267.14596,267.14746,0.0015000000000213731,5309.527798168515,bench_inc_sym
267.3482,267.3497,0.0014999999999645297,5310.482191727444,bench_inc_sym
267.55046,267.55196,0.0015000000000213731,5312.389682588684,bench_inc_sym
267.7527,267.7542,0.0015000000000213731,5300.506050771554,bench_inc_sym
267.95494,267.95646,0.001519999999970878,5383.8100539391135,bench_inc_sym
268.1572,268.1587,0.0015000000000213731,5320.702265095311,bench_inc_sym
268.35944,268.36094,0.0015000000000213731,5320.7570548001795,bench_inc_sym
268.5617,268.5632,0.0015000000000213731,5308.319507243522,bench_inc_sym
268.76394,268.76544,0.0015000000000213731,5318.815370632395,bench_inc_sym
268.96618,268.9677,0.001519999999970878,5362.799502804123,bench_inc_sym
269.16844,269.16994,0.0015000000000213731,5286.9691956601855,bench_inc_sym
269.37068,269.3722,0.0015200000000277214,5350.773152991524,bench_inc_sym
269.57294,269.57444,0.0014999999999645297,5298.011796424472,bench_inc_sym
269.7752,269.7767,0.0015000000000213731,5300.528011358773,bench_inc_sym
269.97744,269.97894,0.0015000000000213731,5319.368040729625,bench_inc_sym
270.17968,270.1812,0.001519999999970878,5361.808247294819,bench_inc_sym
270.38194,270.38344,0.0015000000000213731,5312.315432895919,bench_inc_sym
270.58418,270.58568,0.0015000000000213731,5297.112707125279,bench_inc_sym
270.78644,270.78794,0.0014999999999645297,5293.392930053657,bench_inc_sym
270.98868,270.99018,0.0015000000000213731,5290.941631030787,bench_inc_sym
271.19094,271.19244,0.0014999999999645297,5295.045599211409,bench_inc_sym
271.3932,271.3947,0.0015000000000213731,5296.367202032888,bench_inc_sym
271.59546,271.59696,0.0015000000000213731,5295.254211016233,bench_inc_sym
271.79772,271.79922,0.0014999999999645297,5313.9344555003345,bench_inc_sym
271.99998,272.00148,0.0015000000000213731,5296.684068239997,bench_inc_sym
272.20224,272.20374,0.0014999999999645297,5305.910217447684,bench_inc_sym
272.4045,272.406,0.0015000000000213731,5294.89745626156,bench_inc_sym
272.60676,272.60826,0.0014999999999645297,5251.721683764382,bench_inc_abs
272.80902,272.81052,0.0015000000000213731,5238.292126526687,bench_inc_abs
273.01126,273.01278,0.0015200000000277214,5322.109805516347,bench_inc_abs
273.21352,273.21502,0.0014999999999645297,5249.584941064735,bench_inc_abs
273.41578,273.41728,0.0015000000000213731,5261.193208941404,bench_inc_abs
273.61804,273.61954,0.0014999999999645297,5251.23399204263,bench_inc_abs
273.8203,273.8218,0.0015000000000213731,5243.695427274205,bench_inc_abs
274.02254,274.02406,0.0015200000000277214,5314.41292735142,bench_inc_abs
274.2248,274.2263,0.0014999999999645297,5262.130317151602,bench_inc_abs
274.42706,274.42856,0.0015000000000213731,5250.622560345542,bench_inc_abs
274.62932,274.63082,0.0015000000000213731,5258.698188773852,bench_inc_abs
274.83158,274.83308,0.0015000000000213731,5276.670926329132,bench_inc_abs
275.03384,275.03534,0.0015000000000213731,5262.0690177012275,bench_inc_abs
275.2361,275.2376,0.0014999999999645297,5244.859412653668,bench_inc_abs
275.43836,275.43986,0.0015000000000213731,5246.612494887189,bench_inc_abs
275.64062,275.64212,0.0014999999999645297,5229.794161738683,bench_inc_abs
275.84288,275.84438,0.0015000000000213731,5241.724276060397,bench_inc_abs
276.04514,276.04664,0.0015000000000213731,5222.516961004957,bench_inc_abs
276.24738,276.2489,0.001519999999970878,5298.459227092237,bench_inc_abs
276.44966,276.45116,0.0015000000000213731,5244.392443056824,bench_inc_abs
276.65192,276.65342,0.0014999999999645297,5235.370918977603,bench_inc_abs
276.85418,276.85568,0.0015000000000213731,5225.00049563191,bench_inc_abs
277.05646,277.05796,0.0014999999999645297,5239.013405389478,bench_inc_abs
277.25872,277.26022,0.0015000000000213731,5214.744038022411,bench_inc_abs
277.46098,277.46248,0.0015000000000213731,5234.344941635634,bench_inc_abs
277.66324,277.66474,0.0015000000000213731,5228.886327318328,bench_inc_abs
277.8655,277.86702,0.0015200000000277214,5306.189858918131,bench_inc_abs
278.06776,278.06926,0.0014999999999645297,5241.143894254668,bench_inc_abs
278.27002,278.27154,0.0015200000000277214,5314.240676912903,bench_inc_abs
278.47228,278.47378,0.0014999999999645297,5237.848027485207,bench_inc_abs
278.67454,278.67604,0.0015000000000213731,5243.950367514698,bench_inc_abs
278.8768,278.8783,0.0015000000000213731,5247.387643980874,bench_inc_abs
279.07906,279.08056,0.0014999999999645297,5253.993063104457,bench_inc_abs
279.28132,279.28284,0.0015200000000277214,5337.600028237474,bench_inc_abs
279.48358,279.4851,0.001519999999970878,5323.365558759226,bench_inc_abs
279.68584,279.68734,0.0015000000000213731,5256.804733148232,bench_inc_abs
279.8881,279.88962,0.001519999999970878,5332.988074414206,bench_inc_abs
280.09036,280.09188,0.0015200000000277214,5333.35662922641,bench_inc_abs
280.29262,280.29414,0.0015200000000277214,5321.060926748893,bench_inc_abs
280.4949,280.4964,0.0015000000000213731,5257.682267187076,bench_inc_abs
280.69716,280.69866,0.0015000000000213731,5254.111883771064,bench_inc_abs
280.89942,280.90092,0.0014999999999645297,5253.01819887784,bench_inc_abs
281.10168,281.10318,0.0015000000000213731,5234.666313122637,bench_inc_abs
281.30394,281.30544,0.0014999999999645297,5249.129764142842,bench_inc_abs
281.50618,281.5077,0.0015200000000277214,5320.91559619429,bench_inc_abs
281.70844,281.70994,0.0015000000000213731,5268.6372027553525,bench_inc_abs
281.9107,281.9122,0.0014999999999645297,5262.807416602042,bench_inc_abs
282.11294,282.11444,0.0015000000000213731,5272.296529806324,bench_inc_abs
282.3152,282.3167,0.0015000000000213731,5226.606240108256,bench_inc_abs
282.51746,282.51896,0.0014999999999645297,5249.948724981022,bench_inc_abs
282.7197,282.72122,0.0015200000000277214,5300.411360902531,bench_inc_abs
282.92196,282.92348,0.001519999999970878,5299.508622746499,bench_inc_abs
283.12422,283.12572,0.0015000000000213731,5244.170711452055,bench_inc_abs
283.32648,283.32798,0.0015000000000213731,5243.429492768535,bench_inc_abs
283.52872,283.53022,0.0014999999999645297,5240.623510784413,bench_inc_abs
283.73098,283.73248,0.0015000000000213731,5248.6500796713935,bench_inc_abs
283.93324,283.93474,0.0014999999999645297,5212.4650542308245,bench_inc_abs
284.13548,284.13698,0.0015000000000213731,5235.77727384948,bench_inc_abs
284.33774,284.33924,0.0015000000000213731,5232.373145482121,bench_inc_abs
284.54,284.5415,0.0014999999999645297,5231.942627454362,bench_inc_abs
284.74226,284.74376,0.0015000000000213731,5236.629450303341,bench_inc_abs
284.94452,284.94602,0.0014999999999645297,5251.197796193772,bench_inc_abs
285.14676,285.14828,0.0015200000000277214,5313.450587075836,bench_inc_abs
285.34902,285.35052,0.0015000000000213731,5251.340714825191,bench_inc_abs
285.55128,285.55278,0.0014999999999645297,5225.212885873645,bench_inc_abs
285.75354,285.75504,0.0015000000000213731,5248.97729286978,bench_inc_abs
285.95578,285.95728,0.0015000000000213731,5249.653649589469,bench_inc_abs
286.15804,286.15954,0.0014999999999645297,5244.768068533091,bench_inc_abs
286.3603,286.3618,0.0015000000000213731,5248.470266886834,bench_inc_abs
286.56254,286.56406,0.001519999999970878,5331.000308407041,bench_inc_abs
286.7648,286.7663,0.0015000000000213731,5255.654500874304,bench_inc_abs
286.96706,286.96856,0.0015000000000213731,5251.947448195586,bench_inc_abs
287.16932,287.17082,0.0014999999999645297,5251.822310841166,bench_inc_abs
287.37158,287.37308,0.0015000000000213731,5242.578585244,bench_inc_abs
287.57384,287.57534,0.0014999999999645297,5238.7916877549405,bench_inc_abs
287.77608,287.7776,0.0015200000000277214,5317.513372381675,bench_inc_abs
287.97836,287.97986,0.0014999999999645297,5257.416132249277,bench_inc_abs
288.1806,288.18212,0.001519999999970878,5322.367148367579,bench_inc_abs
288.38286,288.38436,0.0015000000000213731,5250.187588465442,bench_inc_abs
288.58512,288.58664,0.001519999999970878,5318.950440163472,bench_inc_abs
288.78738,288.7889,0.0015200000000277214,5328.670374683168,bench_inc_abs
288.98964,288.99116,0.001519999999970878,5288.066840625448,bench_inc_abs
289.1919,289.19342,0.0015200000000277214,5295.7633860482565,bench_inc_abs
289.39416,289.39568,0.0015200000000277214,5302.421415788168,bench_inc_abs
289.59642,289.59794,0.001519999999970878,5307.666144692941,bench_inc_abs
289.79868,289.80018,0.0015000000000213731,5236.0152616951855,bench_inc_abs
290.00094,290.00244,0.0014999999999645297,5238.361135000053,bench_inc_abs
290.2032,290.2047,0.0015000000000213731,5221.0385213426,bench_inc_abs
290.40546,290.40696,0.0015000000000213731,5250.261174588701,bench_inc_abs
290.60772,290.60922,0.0015000000000213731,5217.0164674351545,bench_inc_abs
290.80996,290.81148,0.0015200000000277214,5311.5112638125665,bench_inc_abs
291.01222,291.01372,0.0014999999999645297,5235.218806067924,bench_inc_abs
291.21448,291.21598,0.0015000000000213731,5252.045015880118,bench_inc_abs
291.41672,291.41824,0.0015200000000277214,5301.4453990440015,bench_inc_abs
291.61898,291.62048,0.0014999999999645297,5235.011353962238,bench_inc_abs
291.82124,291.82274,0.0015000000000213731,5236.125735175927,bench_inc_abs
292.02348,292.02498,0.0015000000000213731,5244.79754975355,bench_inc_abs
292.22574,292.22724,0.0015000000000213731,5267.617642022591,bench_inc_abs
292.42798,292.4295,0.0015200000000277214,5333.831694542552,bench_inc_abs
292.63024,292.63174,0.0014999999999645297,5240.280986638896,bench_inc_abs
292.8325,292.83318,0.000680000000045311,2024.5300816863423,bench_rlam_1_reg
293.03392,293.03462,0.0006999999999948159,2084.0004668188035,bench_rlam_1_reg
293.23536,293.23604,0.0006799999999884676,2032.4311847389658,bench_rlam_1_reg
293.4368,293.43748,0.0006799999999884676,2012.5493453478882,bench_rlam_1_reg
293.63822,293.6389,0.0006799999999884676,2021.5215487155847,bench_rlam_1_reg
293.83966,293.84034,0.000680000000045311,2022.0971900526079,bench_rlam_1_reg
294.04108,294.04176,0.0006799999999884676,2040.151113122798,bench_rlam_1_reg
294.24252,294.2432,0.0006799999999884676,2018.2509324121265,bench_rlam_1_reg
294.44394,294.44462,0.0006799999999884676,2016.5175315625106,bench_rlam_1_reg
294.64536,294.64604,0.000680000000045311,2026.5898971428765,bench_rlam_1_reg
294.8468,294.84748,0.000680000000045311,2016.5267052645845,bench_rlam_1_reg
295.04822,295.04892,0.0006999999999948159,2087.8853299446864,bench_rlam_1_reg
295.24966,295.25034,0.0006799999999884676,2023.6995280394385,bench_rlam_1_reg
295.4511,295.45178,0.0006799999999884676,2006.7223324123609,bench_rlam_1_reg
295.65254,295.65322,0.0006799999999884676,2007.9164625803014,bench_rlam_1_reg
295.85396,295.85466,0.0007000000000516593,2088.164964389998,bench_rlam_1_reg
296.0554,296.0561,0.0006999999999948159,2088.039377671295,bench_rlam_1_reg
296.25684,296.25752,0.0006799999999884676,2019.5088395444086,bench_rlam_1_reg
296.45828,296.45896,0.0006799999999884676,2023.3634998730304,bench_rlam_1_reg
296.65972,296.6604,0.0006799999999884676,2016.1358010657427,bench_rlam_1_reg
296.86114,296.86184,0.0006999999999948159,2072.00352102086,bench_rlam_1_reg
297.06258,297.06326,0.0006799999999884676,2022.6190960422077,bench_rlam_1_reg
297.264,297.2647,0.0006999999999948159,2091.1174034483633,bench_rlam_1_reg
297.46544,297.46612,0.0006799999999884676,2034.820450905963,bench_rlam_1_reg
297.66688,297.66756,0.0006799999999884676,2025.982001767438,bench_rlam_1_reg
297.8683,297.869,0.0007000000000516593,2083.6619149693533,bench_rlam_1_reg
298.06974,298.07042,0.0006799999999884676,2021.92125836469,bench_rlam_1_reg
298.27116,298.27184,0.0006799999999884676,2023.767319009002,bench_rlam_1_reg
298.4726,298.47328,0.0006799999999884676,2021.4547798668802,bench_rlam_1_reg
298.67402,298.67472,0.0006999999999948159,2082.9849480564303,bench_rlam_1_reg
298.87546,298.87614,0.000680000000045311,2019.3694160846776,bench_rlam_1_reg
299.07688,299.07756,0.0006799999999884676,2026.8572680163845,bench_rlam_1_reg
299.27832,299.279,0.0006799999999884676,2021.785012877799,bench_rlam_1_reg
299.47974,299.48042,0.0006799999999884676,2029.1794463709332,bench_rlam_1_reg
299.68116,299.68184,0.000680000000045311,2033.1463638287173,bench_rlam_1_reg
299.8826,299.88328,0.0006799999999884676,2017.284596751522,bench_rlam_1_reg
300.08402,300.0847,0.0006799999999884676,2011.0720209375497,bench_rlam_1_reg
300.28546,300.28614,0.0006799999999884676,2009.7542297700666,bench_rlam_1_reg
300.48688,300.48758,0.0006999999999948159,2082.165398165486,bench_rlam_1_reg
300.68832,300.689,0.000680000000045311,2010.219544315818,bench_rlam_1_reg
300.88974,300.89044,0.0006999999999948159,2090.7154306456036,bench_rlam_1_reg
301.09118,301.09186,0.0006799999999884676,2012.107833254199,bench_rlam_1_reg
301.2926,301.29328,0.0006799999999884676,2026.8789003333043,bench_rlam_1_reg
301.49404,301.49472,0.0006799999999884676,2023.4123663760488,bench_rlam_1_reg
301.69546,301.69614,0.0006799999999884676,2022.6131146198993,bench_rlam_1_reg
301.8969,301.89758,0.0006799999999884676,2021.7928196776782,bench_rlam_1_reg
302.09832,302.099,0.0006799999999884676,2014.6539550908662,bench_rlam_1_reg
302.29976,302.30044,0.0006799999999884676,2015.5655569099788,bench_rlam_1_reg
302.50118,302.50186,0.000680000000045311,2027.2609755915362,bench_rlam_1_reg
302.70262,302.7033,0.0006799999999884676,2017.7596993196546,bench_rlam_1_reg
302.90404,302.90472,0.0006799999999884676,2027.1196332419202,bench_rlam_1_reg
303.10548,303.10616,0.0006799999999884676,2022.5052116125062,bench_rlam_1_reg
303.3069,303.30758,0.0006799999999884676,2028.280580390131,bench_rlam_1_reg
303.50832,303.50902,0.0006999999999948159,2089.782888034287,bench_rlam_1_reg
303.70976,303.71044,0.0006799999999884676,2033.1394648653543,bench_rlam_1_reg
303.91118,303.91188,0.0006999999999948159,2084.3238965509418,bench_rlam_1_reg
304.11262,304.1133,0.0006799999999884676,2021.021326043733,bench_rlam_1_reg
304.31404,304.31474,0.0006999999999948159,2079.3962012928873,bench_rlam_1_reg
304.51548,304.51616,0.0006799999999884676,2017.8284309242492,bench_rlam_1_reg
304.71692,304.7176,0.0006799999999884676,2010.1943937601093,bench_rlam_1_reg
304.91834,304.91904,0.0006999999999948159,2071.6557768056296,bench_rlam_1_reg
305.11978,305.12046,0.0006799999999884676,2013.4986331393266,bench_rlam_1_reg
305.32122,305.3219,0.000680000000045311,2027.9664780519781,bench_rlam_1_reg
305.52266,305.52334,0.000680000000045311,2027.3592790194627,bench_rlam_1_reg
305.7241,305.72478,0.0006799999999884676,2019.1692420742565,bench_rlam_1_reg
305.92554,305.92622,0.0006799999999884676,2016.542702872597,bench_rlam_1_reg
306.12698,306.12766,0.0006799999999884676,2033.9239085687725,bench_rlam_1_reg
306.3284,306.3291,0.0006999999999948159,2088.9842882693224,bench_rlam_1_reg
306.52984,306.53052,0.000680000000045311,2021.8405291956772,bench_rlam_1_reg
306.73128,306.73196,0.0006799999999884676,2002.3568951930524,bench_rlam_1_reg
306.93272,306.9334,0.0006799999999884676,2024.0587298314479,bench_rlam_1_reg
307.13414,307.13482,0.0006799999999884676,2023.4504760868285,bench_rlam_1_reg
307.33558,307.33626,0.0006799999999884676,2023.463193300039,bench_rlam_1_reg
307.537,307.53768,0.000680000000045311,2026.863021455833,bench_rlam_1_reg
307.73844,307.73912,0.0006799999999884676,2005.0003542029935,bench_rlam_1_reg
307.93986,307.94054,0.0006799999999884676,2029.9235893946172,bench_rlam_1_reg
308.1413,308.14198,0.0006799999999884676,2017.5362215070925,bench_rlam_1_reg
308.34272,308.3434,0.0006799999999884676,2031.4108859484656,bench_rlam_1_reg
308.54414,308.54484,0.0006999999999948159,2087.641339712679,bench_rlam_1_reg
308.74558,308.74626,0.0006799999999884676,2023.0414764468692,bench_rlam_1_reg
308.947,308.94768,0.0006799999999884676,2027.7536566998263,bench_rlam_1_reg
309.14844,309.14912,0.0006799999999884676,2023.559927446354,bench_rlam_1_reg
309.34986,309.35054,0.000680000000045311,2029.464601220364,bench_rlam_1_reg
309.55128,309.55198,0.0006999999999948159,2082.642361026453,bench_rlam_1_reg
309.75272,309.7534,0.0006799999999884676,2020.319048277141,bench_rlam_1_reg
309.95416,309.95484,0.0006799999999884676,2033.4439188862723,bench_rlam_1_reg
310.15558,310.15628,0.0006999999999948159,2085.1539564261952,bench_rlam_1_reg
310.35702,310.3577,0.000680000000045311,2027.38017091331,bench_rlam_1_reg
310.55844,310.55912,0.0006799999999884676,2033.7957236445134,bench_rlam_1_reg
310.75986,310.76054,0.0006799999999884676,2035.1395755674612,bench_rlam_1_reg
310.96128,310.96198,0.0006999999999948159,2076.9476680959287,bench_rlam_1_reg
311.16272,311.1634,0.000680000000045311,2016.2768174453615,bench_rlam_1_reg
311.36414,311.36482,0.0006799999999884676,2012.5462486831636,bench_rlam_1_reg
311.56556,311.56626,0.0006999999999948159,2084.9173213198087,bench_rlam_1_reg
311.767,311.76768,0.0006799999999884676,2016.9586594856087,bench_rlam_1_reg
311.96844,311.96912,0.0006799999999884676,2020.4198173903924,bench_rlam_1_reg
312.16986,312.17054,0.0006799999999884676,2029.6639156890926,bench_rlam_1_reg
312.3713,312.37198,0.0006799999999884676,2024.9729579795412,bench_rlam_1_reg
312.57272,312.5734,0.0006799999999884676,2026.6563351844823,bench_rlam_1_reg
312.77416,312.77484,0.0006799999999884676,2029.4383424058803,bench_rlam_1_reg
312.97558,312.9764,0.0008200000000329055,2418.168478288412,bench_rlam_2_reg
313.17714,313.17794,0.0007999999999697138,2361.8364100357853,bench_rlam_2_reg
313.3787,313.3795,0.0008000000000265572,2368.4738600582095,bench_rlam_2_reg
313.58024,313.58106,0.0008199999999760621,2423.575620562317,bench_rlam_2_reg
313.7818,313.78262,0.0008200000000329055,2422.8116358798497,bench_rlam_2_reg
313.98338,313.98418,0.0007999999999697138,2360.3501309636504,bench_rlam_2_reg
314.18492,314.18574,0.0008200000000329055,2432.8786019426066,bench_rlam_2_reg
314.38648,314.3873,0.0008199999999760621,2429.178468814376,bench_rlam_2_reg
314.58804,314.58884,0.0008000000000265572,2369.9923791888373,bench_rlam_2_reg
314.78958,314.7904,0.0008199999999760621,2429.5360617600877,bench_rlam_2_reg
314.99114,314.99194,0.0008000000000265572,2362.4776001964733,bench_rlam_2_reg
315.1927,315.1935,0.0007999999999697138,2354.925551830073,bench_rlam_2_reg
315.39424,315.39506,0.0008199999999760621,2427.459049413077,bench_rlam_2_reg
315.5958,315.5966,0.0008000000000265572,2352.3658933943025,bench_rlam_2_reg
315.79734,315.79816,0.0008199999999760621,2423.0499727736906,bench_rlam_2_reg
315.9989,315.99972,0.0008200000000329055,2419.3345267450845,bench_rlam_2_reg
316.20046,316.20128,0.0008199999999760621,2424.8343379326984,bench_rlam_2_reg
316.40202,316.40284,0.0008200000000329055,2433.420636329306,bench_rlam_2_reg
316.60358,316.60438,0.0007999999999697138,2344.558499643804,bench_rlam_2_reg
316.80514,316.80594,0.0008000000000265572,2369.7953252975794,bench_rlam_2_reg
317.00668,317.0075,0.0008199999999760621,2420.5469478941845,bench_rlam_2_reg
317.20824,317.20904,0.0008000000000265572,2360.8058482337633,bench_rlam_2_reg
317.4098,317.4106,0.0007999999999697138,2360.8447167942986,bench_rlam_2_reg
317.61134,317.61216,0.0008200000000329055,2425.898886392653,bench_rlam_2_reg
317.8129,317.8137,0.0007999999999697138,2357.883686105047,bench_rlam_2_reg
318.01444,318.01526,0.0008200000000329055,2415.5649893127556,bench_rlam_2_reg
318.216,318.21682,0.0008199999999760621,2423.730103695385,bench_rlam_2_reg
318.41756,318.41838,0.0008200000000329055,2417.819693327135,bench_rlam_2_reg
318.61912,318.61992,0.0007999999999697138,2361.405405592451,bench_rlam_2_reg
318.82068,318.82148,0.0008000000000265572,2359.210886148495,bench_rlam_2_reg
319.02222,319.02304,0.0008199999999760621,2424.5291575083393,bench_rlam_2_reg
319.22378,319.2246,0.0008200000000329055,2422.393788692899,bench_rlam_2_reg
319.42536,319.42616,0.0007999999999697138,2353.8501815862037,bench_rlam_2_reg
319.62692,319.62772,0.0008000000000265572,2365.4450290774703,bench_rlam_2_reg
319.82848,319.82928,0.0007999999999697138,2359.3411849811214,bench_rlam_2_reg
320.03002,320.03084,0.0008200000000329055,2414.729462578131,bench_rlam_2_reg
320.23158,320.2324,0.0008199999999760621,2423.361991458622,bench_rlam_2_reg
320.43314,320.43396,0.0008200000000329055,2424.224075037473,bench_rlam_2_reg
320.6347,320.63552,0.0008199999999760621,2419.0558771828546,bench_rlam_2_reg
320.83626,320.83708,0.0008200000000329055,2421.577966413007,bench_rlam_2_reg
321.03782,321.03862,0.0007999999999697138,2373.3471798679393,bench_rlam_2_reg
321.23938,321.2402,0.0008200000000329055,2413.286506307737,bench_rlam_2_reg
321.44094,321.44174,0.0007999999999697138,2373.5124407309577,bench_rlam_2_reg
321.6425,321.6433,0.0008000000000265572,2379.1749659887896,bench_rlam_2_reg
321.84406,321.84486,0.0007999999999697138,2363.2495011201563,bench_rlam_2_reg
322.0456,322.04642,0.0008200000000329055,2424.2809602218313,bench_rlam_2_reg
322.24716,322.24798,0.0008199999999760621,2423.2773551940018,bench_rlam_2_reg
322.44872,322.44952,0.0008000000000265572,2360.6667598652575,bench_rlam_2_reg
322.65026,322.65108,0.0008199999999760621,2425.6262601644717,bench_rlam_2_reg
322.85182,322.85264,0.0008200000000329055,2421.5797335994916,bench_rlam_2_reg
323.05338,323.05418,0.0007999999999697138,2362.7749317365515,bench_rlam_2_reg
323.25494,323.25574,0.0008000000000265572,2365.6371353135396,bench_rlam_2_reg
323.4565,323.45732,0.0008199999999760621,2422.8291189528613,bench_rlam_2_reg
323.65806,323.65888,0.0008200000000329055,2425.9602302820367,bench_rlam_2_reg
323.85962,323.86042,0.0007999999999697138,2367.341890842803,bench_rlam_2_reg
324.06118,324.06198,0.0008000000000265572,2355.426561641577,bench_rlam_2_reg
324.26274,324.26354,0.0007999999999697138,2359.6887382703103,bench_rlam_2_reg
324.4643,324.4651,0.0008000000000265572,2359.481696129183,bench_rlam_2_reg
324.66586,324.66666,0.0007999999999697138,2343.103892547885,bench_rlam_2_reg
324.86742,324.86822,0.0008000000000265572,2363.8029374117727,bench_rlam_2_reg
325.06896,325.06978,0.0008199999999760621,2419.6978098966697,bench_rlam_2_reg
325.27052,325.27134,0.0008200000000329055,2425.5769281822068,bench_rlam_2_reg
325.47208,325.4729,0.0008199999999760621,2432.2567064520063,bench_rlam_2_reg
325.67364,325.67446,0.0008200000000329055,2426.7340173160787,bench_rlam_2_reg
325.87522,325.87602,0.0007999999999697138,2352.4546436028368,bench_rlam_2_reg
326.07678,326.07758,0.0008000000000265572,2366.7359888502533,bench_rlam_2_reg
326.27834,326.27914,0.0007999999999697138,2365.158167573141,bench_rlam_2_reg
326.4799,326.4807,0.0008000000000265572,2356.575878888657,bench_rlam_2_reg
326.68146,326.68226,0.0007999999999697138,2352.9573249628634,bench_rlam_2_reg
326.883,326.88382,0.0008200000000329055,2415.125549412084,bench_rlam_2_reg
327.08456,327.08538,0.0008199999999760621,2432.0928611946483,bench_rlam_2_reg
327.28614,327.28694,0.0008000000000265572,2367.7604972314202,bench_rlam_2_reg
327.4877,327.4885,0.0007999999999697138,2369.1720724023635,bench_rlam_2_reg
327.68926,327.69008,0.0008200000000329055,2422.646086305791,bench_rlam_2_reg
327.89082,327.89164,0.0008199999999760621,2431.0392885555507,bench_rlam_2_reg
328.0924,328.0932,0.0008000000000265572,2366.3801397996767,bench_rlam_2_reg
328.29396,328.29476,0.0007999999999697138,2360.6073529270143,bench_rlam_2_reg
328.49554,328.49634,0.0007999999999697138,2359.416528982515,bench_rlam_2_reg
328.6971,328.6979,0.0008000000000265572,2366.5759270968492,bench_rlam_2_reg
328.89866,328.89948,0.0008199999999760621,2423.1509421264163,bench_rlam_2_reg
329.10022,329.10104,0.0008200000000329055,2429.7956005814694,bench_rlam_2_reg
329.30178,329.3026,0.0008199999999760621,2435.166607540172,bench_rlam_2_reg
329.50334,329.50416,0.0008200000000329055,2426.1878548347613,bench_rlam_2_reg
329.7049,329.7057,0.0007999999999697138,2369.032974730816,bench_rlam_2_reg
329.90646,329.90726,0.0008000000000265572,2363.57772265882,bench_rlam_2_reg
330.108,330.10882,0.0008199999999760621,2439.0665208214587,bench_rlam_2_reg
330.30956,330.31038,0.0008200000000329055,2431.965889518293,bench_rlam_2_reg
330.51112,330.51192,0.0007999999999697138,2351.4302493095465,bench_rlam_2_reg
330.71268,330.71348,0.0008000000000265572,2362.383140804534,bench_rlam_2_reg
330.91424,330.91504,0.0007999999999697138,2361.089903769307,bench_rlam_2_reg
331.11578,331.1166,0.0008200000000329055,2427.6034372093254,bench_rlam_2_reg
331.31734,331.31816,0.0008199999999760621,2436.8398333224472,bench_rlam_2_reg
331.5189,331.5197,0.0008000000000265572,2373.1076229319115,bench_rlam_2_reg
331.72044,331.72126,0.0008199999999760621,2425.471150719573,bench_rlam_2_reg
331.922,331.92282,0.0008199999999760621,2428.744379336335,bench_rlam_2_reg
332.12356,332.12436,0.0008000000000265572,2364.861934992031,bench_rlam_2_reg
332.32512,332.32592,0.0007999999999697138,2363.754755243092,bench_rlam_2_reg
332.52666,332.52748,0.0008200000000329055,2430.4042571338155,bench_rlam_2_reg
332.7282,332.72902,0.0008199999999760621,2421.9787865110643,bench_rlam_2_reg
332.92976,332.93056,0.0008000000000265572,2362.306802621163,bench_rlam_2_reg
333.13132,333.13224,0.0009200000000078035,2643.205705108528,bench_rlam_3_reg
333.33298,333.33392,0.0009399999999573083,2715.964659445706,bench_rlam_3_reg
333.53468,333.5356,0.0009200000000078035,2631.8424684341976,bench_rlam_3_reg
333.73636,333.7373,0.0009400000000141517,2694.408041472452,bench_rlam_3_reg
333.93804,333.93898,0.0009400000000141517,2689.4697477538202,bench_rlam_3_reg
334.13972,334.14066,0.0009400000000141517,2714.6562049505274,bench_rlam_3_reg
334.3414,334.34234,0.0009399999999573083,2706.759571892372,bench_rlam_3_reg
334.54308,334.54402,0.0009400000000141517,2698.593908043092,bench_rlam_3_reg
334.74476,334.74568,0.0009200000000078035,2631.000864813984,bench_rlam_3_reg
334.94642,334.94736,0.0009400000000141517,2698.4270546162675,bench_rlam_3_reg
335.1481,335.14904,0.0009400000000141517,2705.3532167807434,bench_rlam_3_reg
335.34978,335.35072,0.0009400000000141517,2699.226958244712,bench_rlam_3_reg
335.55146,335.5524,0.0009399999999573083,2706.1879982725013,bench_rlam_3_reg
335.75316,335.75408,0.0009200000000078035,2639.2993354577443,bench_rlam_3_reg
335.95484,335.95578,0.0009400000000141517,2689.158860642484,bench_rlam_3_reg
336.15652,336.15746,0.0009400000000141517,2686.21802334569,bench_rlam_3_reg
336.3582,336.35914,0.0009400000000141517,2696.368400972765,bench_rlam_3_reg
336.5599,336.56082,0.00091999999995096,2645.370589874814,bench_rlam_3_reg
336.76158,336.7625,0.0009200000000078035,2641.7468511827065,bench_rlam_3_reg
336.96326,336.9642,0.0009400000000141517,2703.3294737832216,bench_rlam_3_reg
337.16494,337.16588,0.0009400000000141517,2699.24419470824,bench_rlam_3_reg
337.36662,337.36756,0.0009400000000141517,2703.690049273093,bench_rlam_3_reg
337.56832,337.56924,0.00091999999995096,2649.09570321669,bench_rlam_3_reg
337.77,337.77092,0.0009200000000078035,2641.498539628888,bench_rlam_3_reg
337.97168,337.9726,0.0009200000000078035,2647.649333841933,bench_rlam_3_reg
338.17336,338.1743,0.0009400000000141517,2697.814081374508,bench_rlam_3_reg
338.37504,338.37598,0.0009400000000141517,2705.118011250192,bench_rlam_3_reg
338.57672,338.57766,0.0009399999999573083,2706.746379698616,bench_rlam_3_reg
338.7784,338.77934,0.0009400000000141517,2709.052972549761,bench_rlam_3_reg
338.98008,338.98102,0.0009400000000141517,2714.400289166528,bench_rlam_3_reg
339.18176,339.1827,0.0009400000000141517,2715.329052925738,bench_rlam_3_reg
339.38344,339.38438,0.0009400000000141517,2708.6509578333043,bench_rlam_3_reg
339.58512,339.58606,0.0009399999999573083,2708.920130832241,bench_rlam_3_reg
339.7868,339.78774,0.0009399999999573083,2699.0236410342013,bench_rlam_3_reg
339.98848,339.98942,0.0009400000000141517,2708.7470656780183,bench_rlam_3_reg
340.19016,340.1911,0.0009400000000141517,2712.2436231484785,bench_rlam_3_reg
340.39184,340.39278,0.0009400000000141517,2710.7903664452715,bench_rlam_3_reg
340.59352,340.59446,0.0009400000000141517,2699.665133877306,bench_rlam_3_reg
340.7952,340.79614,0.0009399999999573083,2703.6952295746196,bench_rlam_3_reg
340.99688,340.99782,0.0009400000000141517,2700.1329139405634,bench_rlam_3_reg
341.19856,341.1995,0.0009400000000141517,2710.942027676702,bench_rlam_3_reg
341.40026,341.40118,0.0009200000000078035,2635.50348815593,bench_rlam_3_reg
341.60194,341.60288,0.0009400000000141517,2693.9422777263926,bench_rlam_3_reg
341.80362,341.80456,0.0009399999999573083,2708.9712813900746,bench_rlam_3_reg
342.0053,342.00624,0.0009400000000141517,2701.40707963932,bench_rlam_3_reg
342.20698,342.20792,0.0009400000000141517,2720.862368638212,bench_rlam_3_reg
342.40868,342.4096,0.0009200000000078035,2642.547162270076,bench_rlam_3_reg
342.61036,342.61128,0.0009200000000078035,2633.1239985459983,bench_rlam_3_reg
342.81204,342.81298,0.0009399999999573083,2697.0165826796574,bench_rlam_3_reg
343.01372,343.01466,0.0009400000000141517,2704.383023133835,bench_rlam_3_reg
343.21542,343.21634,0.0009200000000078035,2630.1235170388086,bench_rlam_3_reg
343.4171,343.41804,0.0009400000000141517,2689.3850462909354,bench_rlam_3_reg
343.61878,343.61972,0.0009399999999573083,2702.189746649738,bench_rlam_3_reg
343.82046,343.8214,0.0009399999999573083,2701.586161129582,bench_rlam_3_reg
344.02214,344.02308,0.0009400000000141517,2707.643823284923,bench_rlam_3_reg
344.22382,344.22476,0.0009400000000141517,2709.0556896819858,bench_rlam_3_reg
344.4255,344.42644,0.0009400000000141517,2711.648852610111,bench_rlam_3_reg
344.6272,344.62812,0.0009200000000078035,2632.6622651066123,bench_rlam_3_reg
344.82888,344.8298,0.00091999999995096,2637.4378472798194,bench_rlam_3_reg
345.03056,345.03148,0.0009200000000078035,2642.59156308729,bench_rlam_3_reg
345.23224,345.23318,0.0009400000000141517,2696.9386055654545,bench_rlam_3_reg
345.43392,345.43486,0.0009400000000141517,2706.949135800147,bench_rlam_3_reg
345.6356,345.63654,0.0009400000000141517,2706.232848611122,bench_rlam_3_reg
345.83728,345.83822,0.0009399999999573083,2710.9502161425107,bench_rlam_3_reg
346.03896,346.0399,0.0009400000000141517,2709.943517165646,bench_rlam_3_reg
346.24064,346.24158,0.0009400000000141517,2692.557957539366,bench_rlam_3_reg
346.4423,346.44324,0.0009400000000141517,2706.792957667423,bench_rlam_3_reg
346.64398,346.6449,0.0009200000000078035,2640.2729377434403,bench_rlam_3_reg
346.84564,346.84658,0.0009400000000141517,2701.1718438471103,bench_rlam_3_reg
347.04732,347.04826,0.0009400000000141517,2698.9938458776987,bench_rlam_3_reg
347.249,347.24992,0.00091999999995096,2635.153732095973,bench_rlam_3_reg
347.45068,347.4516,0.0009200000000078035,2632.4039744535917,bench_rlam_3_reg
347.65234,347.65328,0.0009400000000141517,2702.6333939817146,bench_rlam_3_reg
347.85402,347.85496,0.0009400000000141517,2695.8305249458513,bench_rlam_3_reg
348.05568,348.05662,0.0009400000000141517,2696.97522982138,bench_rlam_3_reg
348.25736,348.2583,0.0009400000000141517,2720.617090860158,bench_rlam_3_reg
348.45904,348.45996,0.0009200000000078035,2639.4982054018815,bench_rlam_3_reg
348.6607,348.66164,0.0009399999999573083,2708.271958259685,bench_rlam_3_reg
348.86238,348.86332,0.0009400000000141517,2704.5799023999266,bench_rlam_3_reg
349.06406,349.065,0.0009400000000141517,2689.723479612985,bench_rlam_3_reg
349.26574,349.26666,0.0009200000000078035,2628.518121813282,bench_rlam_3_reg
349.4674,349.46834,0.0009400000000141517,2720.3846490443643,bench_rlam_3_reg
349.66908,349.67002,0.0009400000000141517,2700.0117162666756,bench_rlam_3_reg
349.87074,349.87168,0.0009400000000141517,2697.4996948029093,bench_rlam_3_reg
350.07242,350.07336,0.0009399999999573083,2701.253820995148,bench_rlam_3_reg
350.2741,350.27502,0.0009200000000078035,2633.452017355289,bench_rlam_3_reg
350.47576,350.4767,0.0009400000000141517,2705.309270003376,bench_rlam_3_reg
350.67744,350.67838,0.0009400000000141517,2703.1903155657565,bench_rlam_3_reg
350.8791,350.88004,0.0009400000000141517,2707.992594272492,bench_rlam_3_reg
351.08078,351.08172,0.0009400000000141517,2706.3016221301305,bench_rlam_3_reg
351.28246,351.2834,0.0009399999999573083,2691.71894049201,bench_rlam_3_reg
351.48412,351.48506,0.0009399999999573083,2721.5431349831806,bench_rlam_3_reg
351.68582,351.68674,0.0009200000000078035,2636.222534378147,bench_rlam_3_reg
351.8875,351.88842,0.0009200000000078035,2628.624534731305,bench_rlam_3_reg
352.08916,352.0901,0.0009400000000141517,2713.9961370761766,bench_rlam_3_reg
352.29084,352.29178,0.0009400000000141517,2699.5066903068223,bench_rlam_3_reg
352.49252,352.49346,0.0009400000000141517,2705.709002945507,bench_rlam_3_reg
352.6942,352.69514,0.0009399999999573083,2708.0876891000366,bench_rlam_3_reg
352.89588,352.8968,0.0009200000000078035,2635.0211957833967,bench_rlam_3_reg
353.09756,353.09848,0.0009200000000078035,2630.9026358973397,bench_rlam_3_reg
353.29924,353.3003,0.001059999999995398,2984.580232286497,bench_rlam_4_reg
353.50104,353.5021,0.001059999999995398,2976.774964480916,bench_rlam_4_reg
353.70284,353.7039,0.001059999999995398,2984.318125530039,bench_rlam_4_reg
353.90464,353.9057,0.0010600000000522414,2984.4335631208537,bench_rlam_4_reg
354.10646,354.10752,0.001059999999995398,2987.5183407806394,bench_rlam_4_reg
354.30826,354.30932,0.001059999999995398,2996.319790808825,bench_rlam_4_reg
354.51008,354.51114,0.001059999999995398,2983.0917389796973,bench_rlam_4_reg
354.71188,354.71294,0.001059999999995398,2982.5601307545244,bench_rlam_4_reg
354.91368,354.91474,0.001059999999995398,2981.171850105574,bench_rlam_4_reg
355.1155,355.11656,0.001059999999995398,2987.239910282219,bench_rlam_4_reg
355.3173,355.31836,0.001059999999995398,2992.7302640855546,bench_rlam_4_reg
355.51912,355.52018,0.001059999999995398,2965.703909282712,bench_rlam_4_reg
355.72092,355.72198,0.001059999999995398,2978.4064134572545,bench_rlam_4_reg
355.92272,355.92378,0.001059999999995398,2980.801523625454,bench_rlam_4_reg
356.12452,356.12558,0.001059999999995398,2991.4110270017254,bench_rlam_4_reg
356.32634,356.3274,0.001059999999995398,2972.4474297580496,bench_rlam_4_reg
356.52814,356.5292,0.001059999999995398,2982.3072790034043,bench_rlam_4_reg
356.72996,356.73102,0.001059999999995398,2985.5853691552234,bench_rlam_4_reg
356.93176,356.93282,0.001059999999995398,2980.2429699250424,bench_rlam_4_reg
357.13356,357.13462,0.001059999999995398,2991.3246911002434,bench_rlam_4_reg
357.33538,357.33644,0.001059999999995398,2983.6620553328985,bench_rlam_4_reg
357.53718,357.53824,0.001059999999995398,2985.2297413163315,bench_rlam_4_reg
357.739,357.74006,0.0010600000000522414,2982.774530694781,bench_rlam_4_reg
357.9408,357.94186,0.001059999999995398,2978.568682404442,bench_rlam_4_reg
358.1426,358.14366,0.001059999999995398,2978.350247690989,bench_rlam_4_reg
358.34442,358.34548,0.001059999999995398,2972.6323229071195,bench_rlam_4_reg
358.54622,358.54728,0.001059999999995398,2971.8982009100314,bench_rlam_4_reg
358.74802,358.74908,0.001059999999995398,2988.207479928949,bench_rlam_4_reg
358.94982,358.95088,0.001059999999995398,2985.9833978130337,bench_rlam_4_reg
359.15162,359.15268,0.001059999999995398,2998.6591544051385,bench_rlam_4_reg
359.35342,359.35448,0.001059999999995398,2989.094203765551,bench_rlam_4_reg
359.55522,359.55628,0.001059999999995398,2970.805328777524,bench_rlam_4_reg
359.75702,359.75808,0.001059999999995398,2981.8977950889225,bench_rlam_4_reg
359.95882,359.95988,0.001059999999995398,2975.0427161259895,bench_rlam_4_reg
360.1606,360.16166,0.001059999999995398,2986.138979903932,bench_rlam_4_reg
360.3624,360.36346,0.001059999999995398,2979.585854336887,bench_rlam_4_reg
360.5642,360.56526,0.001059999999995398,2978.596624413291,bench_rlam_4_reg
360.766,360.76706,0.001059999999995398,2975.6031022137295,bench_rlam_4_reg
360.9678,360.96886,0.001059999999995398,2978.0530719831527,bench_rlam_4_reg
361.1696,361.17066,0.001059999999995398,2990.063517342585,bench_rlam_4_reg
361.3714,361.37246,0.001059999999995398,2971.040962724437,bench_rlam_4_reg
361.5732,361.57426,0.001059999999995398,2988.7194116579444,bench_rlam_4_reg
361.77502,361.77608,0.001059999999995398,2980.581619776275,bench_rlam_4_reg
361.97682,361.97788,0.0010600000000522414,2969.3923403215094,bench_rlam_4_reg
362.17862,362.17968,0.001059999999995398,2982.284889983309,bench_rlam_4_reg
362.38042,362.38148,0.001059999999995398,2976.0761419143605,bench_rlam_4_reg
362.58222,362.58328,0.001059999999995398,2977.1037003831584,bench_rlam_4_reg
362.78402,362.78508,0.001059999999995398,2975.4444677277806,bench_rlam_4_reg
362.98582,362.98688,0.001059999999995398,2976.7111642246764,bench_rlam_4_reg
363.18762,363.18868,0.001059999999995398,2982.648909090523,bench_rlam_4_reg
363.38942,363.39048,0.0010600000000522414,2972.5084781392598,bench_rlam_4_reg
363.59122,363.59228,0.001059999999995398,2988.3290454459907,bench_rlam_4_reg
363.79302,363.79408,0.001059999999995398,2994.8502033752975,bench_rlam_4_reg
363.99482,363.99588,0.001059999999995398,2987.351736505894,bench_rlam_4_reg
364.19664,364.1977,0.001059999999995398,2972.894171241682,bench_rlam_4_reg
364.39844,364.3995,0.001059999999995398,2972.187297412049,bench_rlam_4_reg
364.60024,364.6013,0.001059999999995398,2991.6672967370505,bench_rlam_4_reg
364.80204,364.8031,0.001059999999995398,2991.885528898915,bench_rlam_4_reg
365.00384,365.0049,0.001059999999995398,2998.3030259184566,bench_rlam_4_reg
365.20564,365.2067,0.001059999999995398,2999.6085329606326,bench_rlam_4_reg
365.40746,365.40852,0.001059999999995398,2968.9706396149463,bench_rlam_4_reg
365.60926,365.61032,0.001059999999995398,2976.3428098396475,bench_rlam_4_reg
365.81106,365.81212,0.001059999999995398,2989.7976457086775,bench_rlam_4_reg
366.01286,366.01392,0.001059999999995398,2981.0643545324137,bench_rlam_4_reg
366.21468,366.21574,0.001059999999995398,2968.7339998755997,bench_rlam_4_reg
366.41648,366.41754,0.001059999999995398,2986.475301445285,bench_rlam_4_reg
366.61828,366.61934,0.001059999999995398,2983.7418486915976,bench_rlam_4_reg
366.82008,366.82114,0.001059999999995398,2996.7989143628724,bench_rlam_4_reg
367.0219,367.02294,0.0010399999999890497,2913.8521221063174,bench_rlam_4_reg
367.2237,367.22476,0.001059999999995398,2979.769483195674,bench_rlam_4_reg
367.4255,367.42656,0.001059999999995398,2972.016136618104,bench_rlam_4_reg
367.6273,367.62836,0.001059999999995398,2991.900038900717,bench_rlam_4_reg
367.82912,367.83018,0.001059999999995398,2977.59050037342,bench_rlam_4_reg
368.0309,368.03196,0.0010600000000522414,2989.438381207682,bench_rlam_4_reg
368.2327,368.23376,0.001059999999995398,2986.404208893153,bench_rlam_4_reg
368.4345,368.43556,0.001059999999995398,2976.842676271842,bench_rlam_4_reg
368.6363,368.63736,0.001059999999995398,2978.577706948049,bench_rlam_4_reg
368.8381,368.83916,0.001059999999995398,2982.0663854389963,bench_rlam_4_reg
369.0399,369.04096,0.001059999999995398,2985.458411276008,bench_rlam_4_reg
369.24172,369.24278,0.001059999999995398,2978.7551774607427,bench_rlam_4_reg
369.44352,369.44458,0.001059999999995398,2967.374408616347,bench_rlam_4_reg
369.64532,369.64638,0.001059999999995398,2978.4978506696248,bench_rlam_4_reg
369.84712,369.84818,0.001059999999995398,2984.941664587235,bench_rlam_4_reg
370.04892,370.04998,0.001059999999995398,2983.812508154121,bench_rlam_4_reg
370.25072,370.25178,0.001059999999995398,2997.5974815819604,bench_rlam_4_reg
370.45252,370.45358,0.001059999999995398,2977.021194524367,bench_rlam_4_reg
370.6543,370.65536,0.001059999999995398,2990.094528070387,bench_rlam_4_reg
370.8561,370.85716,0.001059999999995398,2973.9763354482625,bench_rlam_4_reg
371.0579,371.05896,0.001059999999995398,2981.604470379253,bench_rlam_4_reg
371.2597,371.26076,0.001059999999995398,2981.3761403646,bench_rlam_4_reg
371.46148,371.46254,0.001059999999995398,2978.3505690255342,bench_rlam_4_reg
371.66328,371.66434,0.001059999999995398,2980.3437972434235,bench_rlam_4_reg
371.86508,371.86614,0.001059999999995398,2968.9689911897663,bench_rlam_4_reg
372.06688,372.06794,0.001059999999995398,2991.86317945153,bench_rlam_4_reg
372.26866,372.26972,0.001059999999995398,2985.883438941397,bench_rlam_4_reg
372.47046,372.47152,0.001059999999995398,2991.8369720612613,bench_rlam_4_reg
372.67226,372.67332,0.001059999999995398,2992.784006049606,bench_rlam_4_reg
372.87406,372.87512,0.001059999999995398,2980.8391770330823,bench_rlam_4_reg
373.07586,373.07692,0.001059999999995398,2985.0033111887747,bench_rlam_4_reg
373.27766,373.27872,0.001059999999995398,2963.120758028226,bench_rlam_4_reg
373.47946,373.48076,0.0012999999999578904,3977.3757521517728,bench_jge_not_taken
373.6815,373.68282,0.0013199999999642387,4039.9736281151186,bench_jge_not_taken
373.88356,373.88486,0.0013000000000147338,3972.763707912008,bench_jge_not_taken
374.0856,374.0869,0.0013000000000147338,3978.3863281386834,bench_jge_not_taken
374.28764,374.28894,0.0013000000000147338,3971.285179760588,bench_jge_not_taken
374.48968,374.491,0.0013199999999642387,4035.530458085424,bench_jge_not_taken
374.69174,374.69304,0.0013000000000147338,3960.687215495244,bench_jge_not_taken
374.89378,374.89508,0.0013000000000147338,3954.9909881837293,bench_jge_not_taken
375.09582,375.09712,0.0013000000000147338,3970.506545201033,bench_jge_not_taken
375.29784,375.29916,0.0013199999999642387,4038.588295116214,bench_jge_not_taken
375.49988,375.50118,0.0012999999999578904,3957.320272318025,bench_jge_not_taken
375.70192,375.70322,0.0013000000000147338,3987.659281175539,bench_jge_not_taken
375.90396,375.90528,0.001320000000021082,4025.2709645590166,bench_jge_not_taken
376.106,376.10732,0.001320000000021082,4035.44142849208,bench_jge_not_taken
376.30806,376.30936,0.0013000000000147338,3964.0118135528146,bench_jge_not_taken
376.5101,376.5114,0.0012999999999578904,3964.5536824526152,bench_jge_not_taken
376.71214,376.71344,0.0013000000000147338,3968.041953682767,bench_jge_not_taken
376.91418,376.91548,0.0013000000000147338,3964.0538301830325,bench_jge_not_taken
377.1162,377.1175,0.0013000000000147338,3972.8527563206358,bench_jge_not_taken
377.31824,377.31954,0.0013000000000147338,3984.1749961972682,bench_jge_not_taken
377.52028,377.52158,0.0012999999999578904,3961.1375749656763,bench_jge_not_taken
377.7223,377.72362,0.0013199999999642387,4031.2240364710756,bench_jge_not_taken
377.92434,377.92564,0.0013000000000147338,3985.4231593740574,bench_jge_not_taken
378.12638,378.12768,0.0013000000000147338,3970.83924157063,bench_jge_not_taken
378.32842,378.32972,0.0013000000000147338,3980.4958389666526,bench_jge_not_taken
378.53046,378.53178,0.001320000000021082,4037.3927704682883,bench_jge_not_taken
378.73252,378.73382,0.0012999999999578904,3966.010059083037,bench_jge_not_taken
378.93456,378.93586,0.0013000000000147338,3986.0980585751863,bench_jge_not_taken
379.1366,379.1379,0.0013000000000147338,3981.5967134750367,bench_jge_not_taken
379.33866,379.33996,0.0013000000000147338,3967.7175274529195,bench_jge_not_taken
379.5407,379.542,0.0012999999999578904,3978.583961592359,bench_jge_not_taken
379.74274,379.74406,0.0013199999999642387,4032.314868984523,bench_jge_not_taken
379.9448,379.9461,0.0013000000000147338,3975.8286113440113,bench_jge_not_taken
380.14684,380.14814,0.0013000000000147338,3961.486979435958,bench_jge_not_taken
380.34888,380.35018,0.0013000000000147338,3960.804145363901,bench_jge_not_taken
380.55094,380.55224,0.0012999999999578904,3975.1683593186444,bench_jge_not_taken
380.75298,380.75428,0.0013000000000147338,3979.600078947411,bench_jge_not_taken
380.95504,380.95634,0.0013000000000147338,3968.529554596403,bench_jge_not_taken
381.15708,381.15838,0.0013000000000147338,3965.93682006809,bench_jge_not_taken
381.35912,381.36042,0.0012999999999578904,3964.860269193954,bench_jge_not_taken
381.56116,381.56246,0.0013000000000147338,3969.5984591345364,bench_jge_not_taken
381.7632,381.76452,0.001320000000021082,4032.408809361544,bench_jge_not_taken
381.96524,381.96656,0.001320000000021082,4046.1816592856753,bench_jge_not_taken
382.1673,382.1686,0.0013000000000147338,3971.6827706858753,bench_jge_not_taken
382.36934,382.37064,0.0012999999999578904,3973.7547443660496,bench_jge_not_taken
382.5714,382.5727,0.0013000000000147338,3971.3991759835653,bench_jge_not_taken
382.77344,382.77474,0.0013000000000147338,3967.380400330084,bench_jge_not_taken
382.97548,382.9768,0.001320000000021082,4028.923914368783,bench_jge_not_taken
383.17754,383.17884,0.0012999999999578904,3966.4098013681214,bench_jge_not_taken
383.37958,383.38088,0.0013000000000147338,3974.535635257811,bench_jge_not_taken
383.58162,383.58292,0.0013000000000147338,3964.5820716925546,bench_jge_not_taken
383.78366,383.78496,0.0013000000000147338,3980.131121399913,bench_jge_not_taken
383.9857,383.98702,0.0013199999999642387,4041.444661447645,bench_jge_not_taken
384.18774,384.18906,0.0013199999999642387,4037.689147394707,bench_jge_not_taken
384.38978,384.3911,0.001320000000021082,4038.289417588648,bench_jge_not_taken
384.59184,384.59314,0.0013000000000147338,3962.108928296879,bench_jge_not_taken
384.79388,384.79518,0.0013000000000147338,3962.5256089954014,bench_jge_not_taken
384.99592,384.99722,0.0013000000000147338,3984.723675569387,bench_jge_not_taken
385.19796,385.19928,0.0013199999999642387,4034.678810148676,bench_jge_not_taken
385.40002,385.40132,0.0013000000000147338,3972.8479506977787,bench_jge_not_taken
385.60206,385.60336,0.0013000000000147338,3973.952704158678,bench_jge_not_taken
385.8041,385.8054,0.0013000000000147338,3986.331070819166,bench_jge_not_taken
386.00614,386.00744,0.0012999999999578904,3956.2179496061003,bench_jge_not_taken
386.20818,386.20948,0.0012999999999578904,3963.5123730092228,bench_jge_not_taken
386.41022,386.41152,0.0013000000000147338,3972.442618161486,bench_jge_not_taken
386.61226,386.61356,0.0013000000000147338,3974.0361623037716,bench_jge_not_taken
386.8143,386.8156,0.0013000000000147338,3973.1520554546514,bench_jge_not_taken
387.01636,387.01766,0.0012999999999578904,3968.859386961868,bench_jge_not_taken
387.2184,387.2197,0.0013000000000147338,3977.985312284759,bench_jge_not_taken
387.42044,387.42174,0.0013000000000147338,3975.600823812438,bench_jge_not_taken
387.62248,387.62378,0.0013000000000147338,3980.061442177547,bench_jge_not_taken
387.82454,387.82584,0.0013000000000147338,3972.026645247371,bench_jge_not_taken
388.02658,388.02788,0.0012999999999578904,3972.8655804330283,bench_jge_not_taken
388.22862,388.22994,0.001320000000021082,4032.2961495994196,bench_jge_not_taken
388.43068,388.43198,0.0013000000000147338,3964.316397952838,bench_jge_not_taken
388.63272,388.63402,0.0013000000000147338,3968.3051873450754,bench_jge_not_taken
388.83476,388.83606,0.0012999999999578904,3971.8847115047624,bench_jge_not_taken
389.0368,389.0381,0.0012999999999578904,3981.041735822739,bench_jge_not_taken
389.23886,389.24016,0.0013000000000147338,3981.3694451536608,bench_jge_not_taken
389.4409,389.4422,0.0013000000000147338,3979.705029681137,bench_jge_not_taken
389.64294,389.64426,0.0013199999999642387,4026.2340939374194,bench_jge_not_taken
389.845,389.8463,0.0012999999999578904,3966.9747625870973,bench_jge_not_taken
390.04704,390.04834,0.0013000000000147338,3969.645851812623,bench_jge_not_taken
390.24908,390.25038,0.0013000000000147338,3965.2198809717092,bench_jge_not_taken
390.45112,390.45242,0.0013000000000147338,3959.855418698446,bench_jge_not_taken
390.65316,390.65448,0.0013199999999642387,4038.5893032664617,bench_jge_not_taken
390.8552,390.85652,0.0013199999999642387,4044.8453299327984,bench_jge_not_taken
391.05726,391.05856,0.0013000000000147338,3965.9009618270743,bench_jge_not_taken
391.2593,391.2606,0.0013000000000147338,3972.8077711100923,bench_jge_not_taken
391.46134,391.46264,0.0013000000000147338,3973.7803978354514,bench_jge_not_taken
391.6634,391.6647,0.0012999999999578904,3957.016204803821,bench_jge_not_taken
391.86544,391.86674,0.0013000000000147338,3960.0069472171945,bench_jge_not_taken
392.06748,392.06878,0.0013000000000147338,3975.2912032937666,bench_jge_not_taken
392.26952,392.27082,0.0013000000000147338,3987.9274834407565,bench_jge_not_taken
392.47156,392.47288,0.0013199999999642387,4047.5322142026025,bench_jge_not_taken
392.67362,392.67492,0.0012999999999578904,3955.93361215895,bench_jge_not_taken
392.87566,392.87696,0.0013000000000147338,3955.5924013776394,bench_jge_not_taken
393.0777,393.07902,0.001320000000021082,4029.1054058584978,bench_jge_not_taken
393.27976,393.28106,0.0013000000000147338,3964.8885513132577,bench_jge_not_taken
393.4818,393.4831,0.0012999999999578904,3957.7409996195397,bench_jge_not_taken
393.68384,393.68514,0.0013000000000147338,3969.4909356113726,bench_jge_taken
393.88588,393.88716,0.0012800000000083855,3918.1884588060616,bench_jge_taken
394.0879,394.08918,0.0012800000000083855,3917.081498108315,bench_jge_taken
394.28994,394.29122,0.0012800000000083855,3921.255730122202,bench_jge_taken
394.49198,394.49326,0.0012800000000083855,3915.3867704066147,bench_jge_taken
394.694,394.69528,0.0012800000000083855,3902.282849897332,bench_jge_taken
394.89604,394.89732,0.0012799999999515421,3906.686645767749,bench_jge_taken
395.09806,395.09934,0.0012800000000083855,3901.274043635762,bench_jge_taken
395.3001,395.30138,0.0012800000000083855,3906.2527264769747,bench_jge_taken
395.50212,395.5034,0.0012800000000083855,3906.2910666977923,bench_jge_taken
395.70414,395.70542,0.0012800000000083855,3917.3950418221166,bench_jge_taken
395.90616,395.90746,0.0013000000000147338,3970.387391795286,bench_jge_taken
396.1082,396.10948,0.0012800000000083855,3906.6019607921785,bench_jge_taken
396.31024,396.31152,0.0012799999999515421,3912.249486737791,bench_jge_taken
396.51226,396.51354,0.0012799999999515421,3906.478923576891,bench_jge_taken
396.71428,396.71558,0.0013000000000147338,3975.5179500758522,bench_jge_taken
396.91632,396.9176,0.0012800000000083855,3910.3743573956685,bench_jge_taken
397.11834,397.11964,0.0013000000000147338,3977.354553116704,bench_jge_taken
397.32038,397.32166,0.0012800000000083855,3901.4921873175836,bench_jge_taken
397.52242,397.5237,0.0012800000000083855,3909.5613244234823,bench_jge_taken
397.72444,397.72572,0.0012800000000083855,3916.3492433906144,bench_jge_taken
397.92648,397.92776,0.0012799999999515421,3904.820785230042,bench_jge_taken
398.1285,398.12978,0.0012800000000083855,3909.942850038412,bench_jge_taken
398.33054,398.33182,0.0012800000000083855,3898.4352094442484,bench_jge_taken
398.53256,398.53384,0.0012800000000083855,3926.190824746885,bench_jge_taken
398.73458,398.73588,0.0013000000000147338,3967.7002118494465,bench_jge_taken
398.93662,398.9379,0.0012800000000083855,3928.358086877958,bench_jge_taken
399.13866,399.13994,0.0012800000000083855,3915.7061861078196,bench_jge_taken
399.34068,399.34198,0.0012999999999578904,3975.0248448453,bench_jge_taken
399.54272,399.544,0.0012800000000083855,3922.1192547497103,bench_jge_taken
399.74476,399.74604,0.0012800000000083855,3911.14353438333,bench_jge_taken
399.94678,399.94808,0.0013000000000147338,3968.515452051667,bench_jge_taken
400.14882,400.1501,0.0012800000000083855,3885.5816587146737,bench_jge_taken
400.35086,400.35214,0.0012800000000083855,3908.406347056093,bench_jge_taken
400.55288,400.55418,0.0012999999999578904,3987.5295524006374,bench_jge_taken
400.75492,400.7562,0.0012799999999515421,3912.9320413999944,bench_jge_taken
400.95696,400.95824,0.0012800000000083855,3920.49367310073,bench_jge_taken
401.159,401.16028,0.0012800000000083855,3913.8337737250317,bench_jge_taken
401.36102,401.36232,0.0013000000000147338,3960.9769941809304,bench_jge_taken
401.56306,401.56434,0.0012800000000083855,3907.79127835073,bench_jge_taken
401.7651,401.76638,0.0012800000000083855,3904.255661197503,bench_jge_taken
401.96714,401.96842,0.0012800000000083855,3896.8795724595525,bench_jge_taken
402.16918,402.17046,0.0012800000000083855,3907.017204948449,bench_jge_taken
402.37122,402.3725,0.0012800000000083855,3913.918107314203,bench_jge_taken
402.57324,402.57454,0.0013000000000147338,3974.168980544874,bench_jge_taken
402.77528,402.77656,0.0012800000000083855,3917.0125057253185,bench_jge_taken
402.97732,402.9786,0.0012799999999515421,3899.2454179828746,bench_jge_taken
403.17936,403.18064,0.0012800000000083855,3904.6145091150997,bench_jge_taken
403.38138,403.38268,0.0013000000000147338,3980.1818179507436,bench_jge_taken
403.58342,403.5847,0.0012800000000083855,3897.022418711344,bench_jge_taken
403.78546,403.78674,0.0012800000000083855,3905.793237526065,bench_jge_taken
403.9875,403.98878,0.0012800000000083855,3888.5395950858474,bench_jge_taken
404.18952,404.19082,0.0012999999999578904,3972.804886153009,bench_jge_taken
404.39156,404.39286,0.0012999999999578904,3972.945813874589,bench_jge_taken
404.5936,404.5949,0.0013000000000147338,3973.6037632072375,bench_jge_taken
404.79564,404.79692,0.0012800000000083855,3922.6892404575583,bench_jge_taken
404.99768,404.99896,0.0012800000000083855,3909.622943057067,bench_jge_taken
405.19972,405.201,0.0012800000000083855,3887.336193606997,bench_jge_taken
405.40174,405.40304,0.0012999999999578904,3969.490202001,bench_jge_taken
405.60378,405.60506,0.0012800000000083855,3900.283554136984,bench_jge_taken
405.80582,405.8071,0.0012800000000083855,3908.003033169747,bench_jge_taken
406.00784,406.00914,0.0013000000000147338,3976.1852613229075,bench_jge_taken
406.20988,406.21116,0.0012800000000083855,3914.8133201824908,bench_jge_taken
406.41192,406.4132,0.0012800000000083855,3922.3968889831763,bench_jge_taken
406.61396,406.61524,0.0012799999999515421,3901.8774333698957,bench_jge_taken
406.816,406.81728,0.0012800000000083855,3911.319021169345,bench_jge_taken
407.01802,407.0193,0.0012800000000083855,3911.318781351866,bench_jge_taken
407.22006,407.22134,0.0012800000000083855,3896.176219018303,bench_jge_taken
407.4221,407.42338,0.0012800000000083855,3897.2399477203294,bench_jge_taken
407.62412,407.62542,0.0013000000000147338,3974.442540248252,bench_jge_taken
407.82616,407.82744,0.0012800000000083855,3905.3019508894545,bench_jge_taken
408.02818,408.02948,0.0012999999999578904,3983.4161892997395,bench_jge_taken
408.23022,408.2315,0.0012800000000083855,3895.066054571543,bench_jge_taken
408.43226,408.43354,0.0012800000000083855,3893.7322562871336,bench_jge_taken
408.63428,408.63558,0.0013000000000147338,3976.260479593065,bench_jge_taken
408.83632,408.8376,0.0012800000000083855,3897.5286414193884,bench_jge_taken
409.03834,409.03962,0.0012800000000083855,3908.491388452621,bench_jge_taken
409.24038,409.24166,0.0012800000000083855,3881.4091100536098,bench_jge_taken
409.4424,409.44368,0.0012799999999515421,3892.5650900490323,bench_jge_taken
409.64442,409.6457,0.0012799999999515421,3906.546218619462,bench_jge_taken
409.84644,409.84772,0.0012800000000083855,3909.867638758612,bench_jge_taken
410.04848,410.04976,0.0012800000000083855,3905.381774563808,bench_jge_taken
410.2505,410.2518,0.0013000000000147338,3982.6580905889887,bench_jge_taken
410.45254,410.45382,0.0012800000000083855,3906.5906871389384,bench_jge_taken
410.65456,410.65584,0.0012800000000083855,3912.7365290450507,bench_jge_taken
410.85658,410.85788,0.0013000000000147338,3974.089520097004,bench_jge_taken
411.0586,411.0599,0.0013000000000147338,3970.7495691684085,bench_jge_taken
411.26062,411.26192,0.0012999999999578904,3977.924452486688,bench_jge_taken
411.46266,411.46394,0.0012799999999515421,3902.717414146317,bench_jge_taken
411.66468,411.66598,0.0013000000000147338,3975.3031801039047,bench_jge_taken
411.86672,411.868,0.0012800000000083855,3912.064766077554,bench_jge_taken
412.06874,412.07004,0.0013000000000147338,3976.7005248508635,bench_jge_taken
412.27078,412.27206,0.0012800000000083855,3906.00694812141,bench_jge_taken
412.4728,412.4741,0.0013000000000147338,3965.665374459433,bench_jge_taken
412.67484,412.67612,0.0012800000000083855,3909.664063265598,bench_jge_taken
412.87686,412.87814,0.0012799999999515421,3913.631415765601,bench_jge_taken
413.07888,413.08016,0.0012799999999515421,3900.86173296166,bench_jge_taken
413.2809,413.28218,0.0012800000000083855,3904.3961209615413,bench_jge_taken
413.48292,413.4842,0.0012800000000083855,3902.2425259830534,bench_jge_taken
413.68494,413.68622,0.0012800000000083855,3912.8409186722424,bench_jge_taken
413.88698,413.88774,0.0007600000000138607,2240.590034100337,bench_jmp
414.08848,414.08924,0.0007600000000138607,2252.3332154788964,bench_jmp
414.28998,414.29074,0.0007600000000138607,2243.671440554494,bench_jmp
414.49148,414.49224,0.0007599999999570173,2260.8707843732295,bench_jmp
414.693,414.69376,0.0007600000000138607,2251.5404876828807,bench_jmp
414.8945,414.89526,0.0007600000000138607,2255.17422431113,bench_jmp
415.09602,415.09678,0.0007600000000138607,2252.227594182307,bench_jmp
415.29752,415.29828,0.0007599999999570173,2244.9790684980103,bench_jmp
415.49902,415.49978,0.0007600000000138607,2256.8686167311516,bench_jmp
415.70054,415.7013,0.0007600000000138607,2248.8743602796503,bench_jmp
415.90204,415.9028,0.0007600000000138607,2250.7224372117626,bench_jmp
416.10356,416.10432,0.0007599999999570173,2254.617255971672,bench_jmp
416.30506,416.30582,0.0007599999999570173,2250.332932307541,bench_jmp
416.50656,416.50734,0.000780000000020209,2317.4679768985,bench_jmp
416.70808,416.70884,0.0007600000000138607,2255.540981469878,bench_jmp
416.90958,416.91034,0.0007600000000138607,2247.0589890565348,bench_jmp
417.11108,417.11184,0.0007599999999570173,2254.811741746458,bench_jmp
417.31258,417.31334,0.0007599999999570173,2239.5031944327807,bench_jmp
417.51406,417.51484,0.000780000000020209,2315.6969855328507,bench_jmp
417.71558,417.71634,0.0007600000000138607,2244.8083037065803,bench_jmp
417.91706,417.91782,0.0007600000000138607,2257.5696115866685,bench_jmp
418.11856,418.11932,0.0007600000000138607,2247.228818059715,bench_jmp
418.32008,418.32084,0.0007599999999570173,2244.0873061794323,bench_jmp
418.52158,418.52234,0.0007600000000138607,2232.729534205911,bench_jmp
418.72308,418.72384,0.0007600000000138607,2243.3789447465724,bench_jmp
418.9246,418.92536,0.0007600000000138607,2235.0186692063126,bench_jmp
419.1261,419.12686,0.0007600000000138607,2248.027187344428,bench_jmp
419.3276,419.32836,0.0007599999999570173,2239.969388906694,bench_jmp
419.5291,419.52986,0.0007599999999570173,2232.574345397954,bench_jmp
419.7306,419.73136,0.0007600000000138607,2242.9782967580427,bench_jmp
419.9321,419.93286,0.0007600000000138607,2254.6136286581236,bench_jmp
420.13362,420.13438,0.0007600000000138607,2246.43234866141,bench_jmp
420.33512,420.33588,0.0007599999999570173,2261.4216104618745,bench_jmp
420.53662,420.53738,0.0007599999999570173,2253.940859660807,bench_jmp
420.73812,420.73888,0.0007600000000138607,2249.8191916888554,bench_jmp
420.93964,420.9404,0.0007600000000138607,2244.782238311906,bench_jmp
421.14114,421.1419,0.0007600000000138607,2219.5426072396745,bench_jmp
421.34264,421.3434,0.0007599999999570173,2237.366179330643,bench_jmp
421.54414,421.5449,0.0007599999999570173,2240.7761331091338,bench_jmp
421.74564,421.7464,0.0007600000000138607,2231.3638451100564,bench_jmp
421.94714,421.9479,0.0007600000000138607,2257.655479529677,bench_jmp
422.14866,422.14942,0.0007600000000138607,2243.6426417366206,bench_jmp
422.35016,422.35092,0.0007599999999570173,2239.982641629756,bench_jmp
422.55166,422.55242,0.0007599999999570173,2243.577632906895,bench_jmp
422.75316,422.75392,0.0007600000000138607,2228.0504880983763,bench_jmp
422.95466,422.95542,0.0007600000000138607,2233.7235720391877,bench_jmp
423.15616,423.15692,0.0007600000000138607,2248.9030356959797,bench_jmp
423.35766,423.35842,0.0007600000000138607,2253.846975544581,bench_jmp
423.55916,423.55992,0.0007599999999570173,2251.189418464715,bench_jmp
423.76066,423.76142,0.0007600000000138607,2261.130006568237,bench_jmp
423.96216,423.96294,0.000780000000020209,2317.610720706371,bench_jmp
424.16366,424.16444,0.000780000000020209,2300.5013168532987,bench_jmp
424.36516,424.36594,0.000780000000020209,2319.634757064693,bench_jmp
424.56666,424.56744,0.0007799999999633656,2303.4442052019667,bench_jmp
424.76818,424.76894,0.0007600000000138607,2259.324018427561,bench_jmp
424.96968,424.97044,0.0007600000000138607,2240.69524095639,bench_jmp
425.17118,425.17194,0.0007600000000138607,2251.16035672905,bench_jmp
425.37268,425.37344,0.0007600000000138607,2251.214291944273,bench_jmp
425.57418,425.57494,0.0007600000000138607,2243.9345228851776,bench_jmp
425.77568,425.77644,0.0007599999999570173,2261.6006176360847,bench_jmp
425.97718,425.97794,0.0007600000000138607,2251.0699299674425,bench_jmp
426.17868,426.17944,0.0007600000000138607,2251.3636318528875,bench_jmp
426.38018,426.38094,0.0007600000000138607,2248.7799381373397,bench_jmp
426.58166,426.58244,0.000780000000020209,2316.153107740934,bench_jmp
426.78316,426.78392,0.0007600000000138607,2253.34742342905,bench_jmp
426.98466,426.98542,0.0007599999999570173,2253.2350778098116,bench_jmp
427.18616,427.18692,0.0007600000000138607,2255.067450515513,bench_jmp
427.38766,427.38842,0.0007600000000138607,2257.5715161406056,bench_jmp
427.58916,427.58992,0.0007600000000138607,2262.61899811213,bench_jmp
427.79066,427.79142,0.0007600000000138607,2247.8367086044645,bench_jmp
427.99216,427.99292,0.0007600000000138607,2260.459600984022,bench_jmp
428.19366,428.19444,0.0007799999999633656,2311.7760870251423,bench_jmp
428.39518,428.39594,0.0007600000000138607,2250.0037798233648,bench_jmp
428.59668,428.59744,0.0007600000000138607,2250.8688271526685,bench_jmp
428.79818,428.79894,0.0007600000000138607,2245.0138349513713,bench_jmp
428.99968,429.00044,0.0007600000000138607,2244.2594194209946,bench_jmp
429.20118,429.20194,0.0007599999999570173,2245.0638817093322,bench_jmp
429.40268,429.40344,0.0007600000000138607,2243.6414938934413,bench_jmp
429.60418,429.60494,0.0007600000000138607,2257.2288266860132,bench_jmp
429.80568,429.80644,0.0007600000000138607,2261.738635181613,bench_jmp
430.00718,430.00794,0.0007600000000138607,2263.200143390001,bench_jmp
430.20868,430.20944,0.0007599999999570173,2253.6601055037063,bench_jmp
430.41018,430.41094,0.0007599999999570173,2250.479566716534,bench_jmp
430.61168,430.61244,0.0007600000000138607,2257.395752291055,bench_jmp
430.81318,430.81396,0.000780000000020209,2312.0018537850465,bench_jmp
431.0147,431.01546,0.0007600000000138607,2240.8495750678003,bench_jmp
431.2162,431.21696,0.0007599999999570173,2260.1594471907943,bench_jmp
431.4177,431.41846,0.0007599999999570173,2241.399376503422,bench_jmp
431.6192,431.61998,0.000780000000020209,2320.690010743528,bench_jmp
431.82072,431.82148,0.0007600000000138607,2246.005763348174,bench_jmp
432.02222,432.02298,0.0007600000000138607,2247.3049420323314,bench_jmp
432.22372,432.22448,0.0007600000000138607,2249.5737136709577,bench_jmp
432.42522,432.42598,0.0007599999999570173,2251.7726824990236,bench_jmp
432.62672,432.62748,0.0007600000000138607,2263.0143701625057,bench_jmp
432.82822,432.82898,0.0007600000000138607,2246.2254204344995,bench_jmp
433.02972,433.03048,0.0007600000000138607,2246.8918981464485,bench_jmp
433.23122,433.23198,0.0007600000000138607,2260.85874256137,bench_jmp
433.43274,433.4335,0.0007599999999570173,2244.4340166096877,bench_jmp
433.63424,433.635,0.0007600000000138607,2248.818527494763,bench_jmp
433.83574,433.8365,0.0007600000000138607,2257.166376853195,bench_jmp
