t_start_s,t_end_s,duration_s,energy_nJ,event_label
9.82672,9.8298,0.003080000000000638,7693.650117145396,bench_add_reg_reg
10.03,10.03308,0.003080000000000638,7707.727390808856,bench_add_reg_reg
10.23328,10.23638,0.0030999999999998806,7763.377039226953,bench_add_reg_reg
10.43658,10.43968,0.0030999999999998806,7764.48160642769,bench_add_reg_reg
10.63988,10.64296,0.003080000000000638,7698.27667158254,bench_add_reg_reg
10.84316,10.84626,0.0030999999999998806,7760.823678691034,bench_add_reg_reg
11.04646,11.04954,0.003080000000000638,7718.715241646122,bench_add_reg_reg
11.24976,11.25284,0.003080000000000638,7691.237935797709,bench_add_reg_reg
11.45304,11.45612,0.003080000000000638,7708.130429966129,bench_add_reg_reg
11.65634,11.65942,0.003080000000000638,7714.0293736022995,bench_add_reg_reg
11.85962,11.8627,0.003080000000000638,7709.922106007159,bench_add_reg_reg
12.06292,12.066,0.003080000000000638,7712.796891575195,bench_add_reg_reg
12.2662,12.26928,0.003080000000000638,7693.828018384003,bench_add_reg_reg
12.4695,12.47258,0.003080000000000638,7689.776797780299,bench_add_reg_reg
12.67278,12.67588,0.0030999999999998806,7764.49857279646,bench_add_reg_reg
12.87608,12.87916,0.003080000000000638,7702.252145392447,bench_add_reg_reg
13.07936,13.08246,0.0030999999999998806,7752.159466035578,bench_add_reg_reg
13.28266,13.28574,0.003080000000000638,7718.698927202682,bench_add_reg_reg
13.48594,13.48902,0.003080000000000638,7692.911049818577,bench_add_reg_reg
13.68922,13.69232,0.0030999999999998806,7748.306207358119,bench_add_reg_reg
13.89252,13.8956,0.003080000000000638,7695.8869001846715,bench_add_reg_reg
14.0958,14.0989,0.0030999999999998806,7771.304799243065,bench_add_reg_reg
14.2991,14.30218,0.003080000000000638,7709.712146317587,bench_add_reg_reg
14.50238,14.50548,0.0030999999999998806,7754.69577405522,bench_add_reg_reg
14.70568,14.70876,0.003080000000000638,7684.788596818233,bench_add_reg_reg
14.90896,14.91204,0.0030799999999988614,7712.140830696029,bench_add_reg_reg
15.11224,15.11532,0.003080000000000638,7714.338230436197,bench_add_reg_reg
15.31552,15.3186,0.003080000000000638,7712.335926482337,bench_add_reg_reg
15.5188,15.52188,0.0030799999999988614,7735.242522318357,bench_add_reg_reg
15.72208,15.72516,0.003080000000000638,7706.151027233707,bench_add_reg_reg
15.92536,15.92844,0.003080000000000638,7689.685169609131,bench_add_reg_reg
16.12866,16.13174,0.003080000000000638,7697.266163305569,bench_add_reg_reg
16.33194,16.33502,0.003080000000000638,7721.568224953478,bench_add_reg_reg
16.53522,16.53832,0.0030999999999998806,7769.428507891012,bench_add_reg_reg
16.73852,16.7416,0.003079999999997085,7706.9873269566015,bench_add_reg_reg
16.9418,16.9449,0.0030999999999998806,7756.275478749599,bench_add_reg_reg
17.1451,17.14818,0.003080000000000638,7688.856814058212,bench_add_reg_reg
17.34838,17.35146,0.003080000000000638,7706.8531373540045,bench_add_reg_reg
17.55166,17.55476,0.0031000000000034333,7770.2947612947,bench_add_reg_reg
17.75496,17.75804,0.003080000000000638,7702.472903767187,bench_add_reg_reg
17.95824,17.96132,0.003080000000000638,7703.105912079519,bench_add_reg_reg
18.16152,18.16462,0.0030999999999998806,7763.179973698996,bench_add_reg_reg
18.36482,18.3679,0.003079999999997085,7707.151700734538,bench_add_reg_reg
18.5681,18.57118,0.003079999999997085,7724.646034176812,bench_add_reg_reg
18.77138,18.77446,0.003080000000000638,7712.775701657743,bench_add_reg_reg
18.97466,18.97774,0.003080000000000638,7686.826931313864,bench_add_reg_reg
19.17794,19.18104,0.0030999999999998806,7752.743312157397,bench_add_reg_reg
19.38124,19.38432,0.003080000000000638,7692.410361489796,bench_add_reg_reg
19.58452,19.5876,0.003079999999997085,7710.497609797079,bench_add_reg_reg
19.7878,19.7909,0.0030999999999998806,7791.224506217021,bench_add_reg_reg
19.9911,19.99418,0.003080000000000638,7705.93703026128,bench_add_reg_reg
20.19438,20.19746,0.003080000000000638,7718.516865281839,bench_add_reg_reg
20.39766,20.40074,0.003080000000000638,7726.229792463446,bench_add_reg_reg
20.60096,20.60404,0.003080000000000638,7726.10045503929,bench_add_reg_reg
20.80424,20.80732,0.003080000000000638,7693.110117690088,bench_add_reg_reg
21.00754,21.01062,0.003080000000000638,7684.146198446471,bench_add_reg_reg
21.21082,21.21392,0.0031000000000034333,7762.828026907709,bench_add_reg_reg
21.41412,21.4172,0.003080000000000638,7689.433305059893,bench_add_reg_reg
21.6174,21.6205,0.0030999999999998806,7714.462738949156,bench_add_reg_reg
21.8207,21.82378,0.003080000000000638,7645.091135056957,bench_add_reg_reg
22.024,22.02708,0.003080000000000638,7631.888650358378,bench_add_reg_reg
22.22728,22.23036,0.003080000000000638,7653.299293016286,bench_add_reg_reg
22.43058,22.43366,0.003080000000000638,7665.081503803117,bench_add_reg_reg
22.63386,22.63696,0.0030999999999998806,7713.664360345037,bench_add_reg_reg
22.83716,22.84024,0.003080000000000638,7676.92807130624,bench_add_reg_reg
23.04044,23.04354,0.0030999999999998806,7737.049737478875,bench_add_reg_reg
23.24374,23.24682,0.003080000000000638,7670.255226551085,bench_add_reg_reg
23.44702,23.45012,0.0030999999999998806,7735.723138321798,bench_add_reg_reg
23.65032,23.6534,0.003080000000000638,7717.120465823504,bench_add_reg_reg
23.8536,23.8567,0.0030999999999998806,7778.701647184029,bench_add_reg_reg
24.0569,24.05998,0.003080000000000638,7740.407222884398,bench_add_reg_reg
24.26018,24.26326,0.003080000000000638,7745.933458211489,bench_add_reg_reg
24.46346,24.46656,0.0030999999999998806,7788.911205715162,bench_add_reg_reg
24.66674,24.66984,0.0030999999999998806,7782.285597639963,bench_add_reg_reg
24.87004,24.87312,0.003080000000000638,7687.541132328952,bench_add_reg_reg
25.07332,25.0764,0.003080000000000638,7687.935910655546,bench_add_reg_reg
25.2766,25.27968,0.003080000000000638,7674.808932936662,bench_add_reg_reg
25.47988,25.48296,0.003079999999997085,7674.653371787667,bench_add_reg_reg
25.68316,25.68626,0.0030999999999998806,7737.82936856053,bench_add_reg_reg
25.88646,25.88954,0.003080000000000638,7680.890425110141,bench_add_reg_reg
26.08974,26.09282,0.003080000000000638,7688.487921843631,bench_add_reg_reg
26.29302,26.29612,0.0030999999999998806,7756.286119111323,bench_add_reg_reg
26.49632,26.4994,0.003080000000000638,7686.26358825784,bench_add_reg_reg
26.6996,26.7027,0.0030999999999998806,7750.965084414269,bench_add_reg_reg
26.9029,26.90598,0.003080000000000638,7695.09023521339,bench_add_reg_reg
27.1062,27.10928,0.003079999999997085,7689.887129228377,bench_add_reg_reg
27.30948,27.31258,0.0030999999999998806,7767.191738820776,bench_add_reg_reg
27.51278,27.51586,0.003080000000000638,7734.91591448129,bench_add_reg_reg
27.71608,27.71916,0.003079999999997085,7733.233624595285,bench_add_reg_reg
27.91938,27.92246,0.003080000000000638,7733.100876213575,bench_add_reg_reg
28.12266,28.12574,0.003080000000000638,7737.024624367792,bench_add_reg_reg
28.32594,28.32904,0.0030999999999998806,7792.147197760568,bench_add_reg_reg
28.52924,28.53232,0.003079999999997085,7693.672454907912,bench_add_reg_reg
28.73252,28.7356,0.003080000000000638,7694.532989990641,bench_add_reg_reg
28.9358,28.9389,0.0030999999999998806,7738.467643502431,bench_add_reg_reg
29.1391,29.14218,0.003080000000000638,7697.0322872529805,bench_add_reg_reg
29.3424,29.34548,0.003079999999997085,7671.886950257339,bench_add_reg_reg
29.54568,29.54878,0.0030999999999998806,7744.368864222353,bench_add_reg_reg
29.74898,29.75206,0.003080000000000638,7693.530844991834,bench_add_reg_reg
29.95226,29.95536,0.0030999999999998806,7758.2000661639695,bench_add_reg_reg
30.15556,30.16158,0.00601999999999947,15424.135869832133,bench_add_imm_reg
30.3618,30.36784,0.006040000000002266,15460.75076331096,bench_add_imm_reg
30.56804,30.57408,0.006039999999998713,15492.828688580477,bench_add_imm_reg
30.77428,30.78032,0.006039999999998713,15507.069374430503,bench_add_imm_reg
30.98052,30.98656,0.006040000000002266,15479.278860154185,bench_add_imm_reg
31.18676,31.1928,0.006039999999998713,15489.897944495411,bench_add_imm_reg
31.393,31.39904,0.006039999999998713,15480.054430659457,bench_add_imm_reg
31.59924,31.60526,0.00601999999999947,15438.945596103998,bench_add_imm_reg
31.80546,31.8115,0.006039999999998713,15496.764893174219,bench_add_imm_reg
32.0117,32.01774,0.0060400000000058185,15480.16354210438,bench_add_imm_reg
32.21794,32.22396,0.00601999999999947,15439.872855784537,bench_add_imm_reg
32.42416,32.4302,0.006039999999998713,15490.546997166552,bench_add_imm_reg
32.6304,32.63644,0.006039999999998713,15496.074671386847,bench_add_imm_reg
32.83664,32.84268,0.006039999999998713,15495.027280408049,bench_add_imm_reg
33.04288,33.04892,0.0060400000000058185,15499.653185268746,bench_add_imm_reg
33.24912,33.25516,0.006039999999998713,15484.405909663838,bench_add_imm_reg
33.45536,33.4614,0.006039999999998713,15492.398864585823,bench_add_imm_reg
33.6616,33.66764,0.006039999999998713,15479.775236449592,bench_add_imm_reg
33.86784,33.87388,0.006039999999998713,15473.590164906323,bench_add_imm_reg
34.07408,34.0801,0.00601999999999947,15432.188846168156,bench_add_imm_reg
34.2803,34.28634,0.0060400000000058185,15493.567925895126,bench_add_imm_reg
34.48654,34.49258,0.006039999999998713,15495.726619845167,bench_add_imm_reg
34.69278,34.69882,0.006039999999998713,15478.92089001498,bench_add_imm_reg
34.89902,34.90504,0.00601999999999947,15441.911288069483,bench_add_imm_reg
35.10524,35.11128,0.006039999999998713,15504.485198757508,bench_add_imm_reg
35.31148,35.31752,0.006039999999998713,15479.88761215915,bench_add_imm_reg
35.51772,35.52376,0.0060400000000058185,15496.545536460548,bench_add_imm_reg
35.72398,35.73,0.00601999999999947,15442.350173834928,bench_add_imm_reg
35.9302,35.93624,0.006039999999998713,15499.318710059397,bench_add_imm_reg
36.13644,36.14248,0.006039999999998713,15498.26239700995,bench_add_imm_reg
36.34268,36.34872,0.006039999999998713,15482.075172471878,bench_add_imm_reg
36.54892,36.55496,0.006039999999998713,15482.87482931731,bench_add_imm_reg
36.75516,36.76118,0.006020000000006576,15429.878728483061,bench_add_imm_reg
36.96138,36.96742,0.006039999999998713,15482.188246675069,bench_add_imm_reg
37.16762,37.17366,0.006039999999998713,15483.746419190797,bench_add_imm_reg
37.37386,37.37988,0.00601999999999947,15426.172835284568,bench_add_imm_reg
37.58008,37.58612,0.006039999999998713,15486.99385951843,bench_add_imm_reg
37.78632,37.79236,0.006039999999998713,15478.122918862045,bench_add_imm_reg
37.99256,37.9986,0.0060400000000058185,15497.332420215233,bench_add_imm_reg
38.1988,38.20484,0.006039999999998713,15478.440744332904,bench_add_imm_reg
38.40504,38.41108,0.006039999999998713,15490.232456937334,bench_add_imm_reg
38.61128,38.61732,0.006039999999998713,15492.416648190301,bench_add_imm_reg
38.81754,38.82356,0.00601999999999947,15433.429949914029,bench_add_imm_reg
39.02378,39.02982,0.006039999999998713,15474.53647013261,bench_add_imm_reg
39.23002,39.23606,0.006039999999998713,15478.115936270482,bench_add_imm_reg
39.43626,39.4423,0.0060400000000058185,15489.910352060526,bench_add_imm_reg
39.64252,39.64856,0.0060400000000058185,15486.129892540186,bench_add_imm_reg
39.84876,39.8548,0.006039999999998713,15489.694864951176,bench_add_imm_reg
40.05502,40.06104,0.00601999999999947,15441.568549720278,bench_add_imm_reg
40.26126,40.2673,0.006039999999998713,15482.931246512051,bench_add_imm_reg
40.4675,40.47354,0.006039999999998713,15476.975440975368,bench_add_imm_reg
40.67374,40.67978,0.006039999999998713,15495.451802849266,bench_add_imm_reg
40.88,40.88602,0.00601999999999947,15422.26366465656,bench_add_imm_reg
41.08624,41.09228,0.0060400000000058185,15491.25283026858,bench_add_imm_reg
41.29248,41.29852,0.0060400000000058185,15469.662132689506,bench_add_imm_reg
41.49874,41.50478,0.006039999999998713,15443.48687166139,bench_add_imm_reg
41.70498,41.71102,0.006039999999998713,15456.80517097534,bench_add_imm_reg
41.91122,41.91726,0.006039999999998713,15452.628980852902,bench_add_imm_reg
42.11746,42.1235,0.006039999999998713,15462.64552743727,bench_add_imm_reg
42.3237,42.32974,0.006039999999998713,15448.668154417215,bench_add_imm_reg
42.52994,42.53598,0.006039999999998713,15452.537909145673,bench_add_imm_reg
42.73618,42.74222,0.0060400000000058185,15441.28473384056,bench_add_imm_reg
42.94242,42.94846,0.006039999999998713,15487.754247147657,bench_add_imm_reg
43.14868,43.1547,0.00601999999999947,15431.548252233995,bench_add_imm_reg
43.3549,43.36094,0.006039999999998713,15482.363854530511,bench_add_imm_reg
43.56114,43.56718,0.006039999999998713,15482.853865246178,bench_add_imm_reg
43.7674,43.77342,0.00601999999999947,15439.902096984839,bench_add_imm_reg
43.97364,43.97968,0.006039999999998713,15507.645206520992,bench_add_imm_reg
44.17988,44.18592,0.0060400000000058185,15498.787611740685,bench_add_imm_reg
44.38614,44.39216,0.00601999999999947,15462.735695764002,bench_add_imm_reg
44.59238,44.5984,0.00601999999999947,15427.218922412656,bench_add_imm_reg
44.79862,44.80466,0.006039999999998713,15486.488286401438,bench_add_imm_reg
45.00486,45.0109,0.006039999999998713,15491.603075056291,bench_add_imm_reg
45.2111,45.21714,0.006039999999998713,15488.815484564053,bench_add_imm_reg
45.41734,45.42338,0.006039999999998713,15497.26576543834,bench_add_imm_reg
45.62358,45.62962,0.0060400000000058185,15493.114804865805,bench_add_imm_reg
45.82982,45.83586,0.006039999999998713,15501.124646977756,bench_add_imm_reg
46.03606,46.0421,0.006039999999998713,15486.177224662199,bench_add_imm_reg
46.2423,46.24834,0.006039999999998713,15485.475354358565,bench_add_imm_reg
46.44854,46.45458,0.006039999999998713,15473.391953851416,bench_add_imm_reg
46.65478,46.66082,0.006039999999998713,15499.17081137591,bench_add_imm_reg
46.86102,46.86706,0.006039999999998713,15473.59902178389,bench_add_imm_reg
47.06726,47.0733,0.0060400000000058185,15470.957076193132,bench_add_imm_reg
47.2735,47.27952,0.00601999999999947,15393.809354863477,bench_add_imm_reg
47.47972,47.48576,0.006039999999998713,15457.185506816639,bench_add_imm_reg
47.68596,47.692,0.006039999999998713,15460.6087808462,bench_add_imm_reg
47.8922,47.89822,0.00601999999999947,15394.318660252373,bench_add_imm_reg
48.09844,48.10446,0.006020000000006576,15391.31288418557,bench_add_imm_reg
48.30468,48.3107,0.00601999999999947,15424.001475330555,bench_add_imm_reg
48.5109,48.51694,0.006039999999998713,15457.17792585183,bench_add_imm_reg
48.71714,48.72318,0.006039999999998713,15465.615657153136,bench_add_imm_reg
48.92338,48.92942,0.006039999999998713,15483.919873363144,bench_add_imm_reg
49.12962,49.13566,0.006039999999998713,15490.979861930495,bench_add_imm_reg
49.33586,49.3419,0.0060400000000058185,15519.450560695366,bench_add_imm_reg
49.5421,49.54812,0.00601999999999947,15472.157101612163,bench_add_imm_reg
49.74832,49.75436,0.006039999999998713,15533.077686555174,bench_add_imm_reg
49.95456,49.96058,0.00601999999999947,15466.23772242785,bench_add_imm_reg
50.16078,50.16682,0.006039999999998713,15527.186908288253,bench_add_imm_reg
50.36702,50.37306,0.0060400000000058185,15489.40806418482,bench_add_imm_reg
50.57326,50.5793,0.0060400000000058185,15473.288674855195,bench_add_imm_reg
50.7795,50.78618,0.006680000000002906,18702.13476476141,bench_add_idx_reg
50.9864,50.99308,0.0066799999999958,18629.20930840685,bench_add_idx_reg
51.19328,51.19996,0.0066799999999958,18482.812088902403,bench_add_idx_reg
51.40018,51.40686,0.006680000000002906,18457.965543501417,bench_add_idx_reg
51.60706,51.61374,0.006680000000002906,18522.28538134094,bench_add_idx_reg
51.81394,51.82062,0.0066799999999958,18593.231560649554,bench_add_idx_reg
52.02084,52.02752,0.006680000000002906,18663.487990860165,bench_add_idx_reg
52.22772,52.2344,0.006680000000002906,18741.29155418788,bench_add_idx_reg
52.4346,52.44128,0.0066799999999958,18807.469087174184,bench_add_idx_reg
52.64148,52.64816,0.0066799999999958,18864.960346824253,bench_add_idx_reg
52.84836,52.85506,0.006700000000002149,18860.018583950878,bench_add_idx_reg
53.05524,53.06194,0.006700000000002149,18904.89822254183,bench_add_idx_reg
53.26214,53.26882,0.0066799999999958,18798.982850263048,bench_add_idx_reg
53.469,53.47568,0.0066799999999958,18802.100154558662,bench_add_idx_reg
53.67588,53.68256,0.006680000000002906,18805.27500296914,bench_add_idx_reg
53.88276,53.88944,0.006680000000002906,18794.292511892727,bench_add_idx_reg
54.08962,54.09632,0.006700000000002149,18843.81042561256,bench_add_idx_reg
54.29652,54.3032,0.0066799999999958,18749.51605916552,bench_add_idx_reg
54.5034,54.51008,0.006680000000002906,18754.185319420692,bench_add_idx_reg
54.71028,54.71696,0.006680000000002906,18761.464983698555,bench_add_idx_reg
54.91718,54.92386,0.0066799999999958,18733.079114450255,bench_add_idx_reg
55.12406,55.13074,0.006680000000002906,18725.06427579404,bench_add_idx_reg
55.33094,55.33764,0.006700000000002149,18759.4367610348,bench_add_idx_reg
55.53784,55.54452,0.0066799999999958,18706.50452327598,bench_add_idx_reg
55.74472,55.7514,0.0066799999999958,18713.16279981825,bench_add_idx_reg
55.9516,55.95828,0.006680000000002906,18720.354237602234,bench_add_idx_reg
56.1585,56.16518,0.006680000000002906,18731.379040991385,bench_add_idx_reg
56.36538,56.37206,0.0066799999999958,18717.010363458063,bench_add_idx_reg
56.57228,56.57896,0.006680000000002906,18756.568832330417,bench_add_idx_reg
56.77918,56.78586,0.006680000000002906,18809.42341173982,bench_add_idx_reg
56.98606,56.99276,0.006699999999995043,18861.93131327971,bench_add_idx_reg
57.19296,57.19966,0.006700000000002149,18846.42245946994,bench_add_idx_reg
57.39986,57.40656,0.006700000000002149,18796.09172698888,bench_add_idx_reg
57.60676,57.61344,0.0066799999999958,18742.69337159284,bench_add_idx_reg
57.81366,57.82034,0.006680000000002906,18744.80835628541,bench_add_idx_reg
58.02054,58.02722,0.006680000000002906,18727.10719007056,bench_add_idx_reg
58.22744,58.23412,0.0066799999999958,18744.134812136796,bench_add_idx_reg
58.43434,58.44102,0.006680000000002906,18711.5504732436,bench_add_idx_reg
58.64124,58.64792,0.0066799999999958,18782.613931676577,bench_add_idx_reg
58.84812,58.8548,0.0066799999999958,18735.16986843775,bench_add_idx_reg
59.05502,59.0617,0.006680000000002906,18675.316052984683,bench_add_idx_reg
59.2619,59.26858,0.006680000000002906,18684.816593312968,bench_add_idx_reg
59.4688,59.47548,0.0066799999999958,18672.523384435794,bench_add_idx_reg
59.67568,59.68236,0.006680000000002906,18683.673045604457,bench_add_idx_reg
59.88258,59.88926,0.006680000000002906,18678.151795182795,bench_add_idx_reg
60.08946,60.09614,0.0066799999999958,18706.4995732966,bench_add_idx_reg
60.29636,60.30304,0.006680000000002906,18696.457722697138,bench_add_idx_reg
60.50324,60.50992,0.006680000000002906,18691.90091035195,bench_add_idx_reg
60.71012,60.7168,0.0066799999999958,18699.680080159673,bench_add_idx_reg
60.91702,60.9237,0.0066799999999958,18693.30728425327,bench_add_idx_reg
61.1239,61.13058,0.006680000000002906,18700.271716814765,bench_add_idx_reg
61.33078,61.33746,0.006680000000002906,18713.81886537171,bench_add_idx_reg
61.53768,61.54436,0.0066799999999958,18703.42244625733,bench_add_idx_reg
61.74456,61.75124,0.006680000000002906,18692.53260549984,bench_add_idx_reg
61.95144,61.95812,0.006680000000002906,18705.83365672088,bench_add_idx_reg
62.15834,62.16502,0.0066799999999958,18705.105558024956,bench_add_idx_reg
62.36522,62.3719,0.0066799999999958,18700.64694898756,bench_add_idx_reg
62.5721,62.57878,0.006680000000002906,18711.97792003656,bench_add_idx_reg
62.779,62.78568,0.0066799999999958,18712.9037757271,bench_add_idx_reg
62.98588,62.99256,0.0066799999999958,18694.817686906023,bench_add_idx_reg
63.19276,63.19944,0.006680000000002906,18703.82659603712,bench_add_idx_reg
63.39964,63.40634,0.006700000000002149,18768.232704612605,bench_add_idx_reg
63.60654,63.61322,0.0066799999999958,18704.949826920725,bench_add_idx_reg
63.81342,63.8201,0.0066799999999958,18705.31730352546,bench_add_idx_reg
64.0203,64.02698,0.006679999999988695,18706.246325712436,bench_add_idx_reg
64.2272,64.23388,0.006680000000002906,18705.44677135589,bench_add_idx_reg
64.43408,64.44076,0.006680000000002906,18705.327343206238,bench_add_idx_reg
64.64098,64.64766,0.006680000000002906,18707.906762146606,bench_add_idx_reg
64.84786,64.85454,0.006680000000002906,18716.259039947276,bench_add_idx_reg
65.05476,65.06144,0.006680000000002906,18721.37689265232,bench_add_idx_reg
65.26164,65.26832,0.006680000000002906,18704.05129856238,bench_add_idx_reg
65.46854,65.47522,0.006679999999988695,18692.52375090833,bench_add_idx_reg
65.67542,65.6821,0.006680000000002906,18713.64887105951,bench_add_idx_reg
65.8823,65.889,0.006699999999995043,18753.650889252516,bench_add_idx_reg
66.0892,66.09588,0.006679999999988695,18708.00578264839,bench_add_idx_reg
66.2961,66.30278,0.006680000000002906,18707.853117967086,bench_add_idx_reg
66.50298,66.50968,0.006700000000009254,18713.829093640572,bench_add_idx_reg
66.70988,66.71656,0.006680000000002906,18639.901245486933,bench_add_idx_reg
66.91678,66.92346,0.006680000000002906,18666.001874960453,bench_add_idx_reg
67.12366,67.13034,0.006680000000002906,18728.588926612498,bench_add_idx_reg
67.33054,67.33724,0.006699999999995043,18781.090390389323,bench_add_idx_reg
67.53744,67.54412,0.006680000000002906,18712.332001893523,bench_add_idx_reg
67.74432,67.75102,0.006699999999995043,18782.609624306,bench_add_idx_reg
67.95122,67.9579,0.006679999999988695,18726.006830078,bench_add_idx_reg
68.1581,68.16478,0.006679999999988695,18706.12642491573,bench_add_idx_reg
68.36498,68.37168,0.006699999999995043,18741.808657053858,bench_add_idx_reg
68.57188,68.57856,0.006680000000002906,18700.411792388037,bench_add_idx_reg
68.77876,68.78544,0.006679999999988695,18726.085668861462,bench_add_idx_reg
68.98564,68.99232,0.006680000000002906,18729.33649458725,bench_add_idx_reg
69.19252,69.19922,0.006699999999995043,18789.193995747,bench_add_idx_reg
69.3994,69.40608,0.006680000000002906,18722.92902321505,bench_add_idx_reg
69.60628,69.61298,0.006699999999995043,18789.312723078845,bench_add_idx_reg
69.81316,69.81986,0.006700000000009254,18777.841881410266,bench_add_idx_reg
70.02006,70.02674,0.006680000000002906,18684.70616406538,bench_add_idx_reg
70.22694,70.23362,0.006680000000002906,18700.436279185313,bench_add_idx_reg
70.43382,70.4405,0.006680000000002906,18713.165696253945,bench_add_idx_reg
70.6407,70.64738,0.006680000000002906,18677.47547105911,bench_add_idx_reg
70.84758,70.85428,0.006700000000009254,18769.94449182447,bench_add_idx_reg
71.05446,71.06116,0.006699999999995043,18753.026924079804,bench_add_idx_reg
71.26134,71.26804,0.006699999999995043,18768.55881417311,bench_add_idx_reg
71.46824,71.4749,0.006660000000010768,19029.238154211416,bench_add_sym_reg
71.6751,71.68178,0.006680000000002906,19097.61186922723,bench_add_sym_reg
71.88198,71.88866,0.006680000000002906,19094.858821490252,bench_add_sym_reg
72.08886,72.09554,0.006680000000002906,19090.529407848284,bench_add_sym_reg
72.29574,72.30242,0.006680000000002906,19104.329943666384,bench_add_sym_reg
72.5026,72.50928,0.006680000000002906,19084.624110263474,bench_add_sym_reg
72.70948,72.71616,0.006680000000002906,19085.909356371438,bench_add_sym_reg
72.91636,72.92304,0.006680000000002906,19114.77140151838,bench_add_sym_reg
73.12322,73.1299,0.006680000000002906,19089.64495408132,bench_add_sym_reg
73.3301,73.33678,0.006680000000002906,19071.993697443108,bench_add_sym_reg
73.53698,73.54366,0.006680000000002906,19094.089365107495,bench_add_sym_reg
73.74384,73.75052,0.006679999999988695,19082.6999768278,bench_add_sym_reg
73.95072,73.9574,0.006680000000002906,19104.705005889544,bench_add_sym_reg
74.1576,74.16428,0.006680000000002906,19092.413338374656,bench_add_sym_reg
74.36448,74.37116,0.006680000000002906,19085.98534763691,bench_add_sym_reg
74.57136,74.57804,0.006680000000002906,19086.798829966614,bench_add_sym_reg
74.77824,74.78492,0.006680000000002906,19096.149958212834,bench_add_sym_reg
74.98512,74.9918,0.006680000000002906,19090.552893476623,bench_add_sym_reg
75.192,75.19868,0.006680000000002906,19089.165534834363,bench_add_sym_reg
75.3989,75.40556,0.0066599999999965576,19023.849687063714,bench_add_sym_reg
75.60578,75.61246,0.006680000000002906,19068.041217988164,bench_add_sym_reg
75.81266,75.81934,0.006680000000002906,19010.989633397963,bench_add_sym_reg
76.01954,76.02622,0.006679999999988695,18937.092625967638,bench_add_sym_reg
76.22642,76.2331,0.006679999999988695,18928.113749683595,bench_add_sym_reg
76.4333,76.43998,0.006680000000002906,18940.143699298118,bench_add_sym_reg
76.6402,76.64686,0.006660000000010768,18906.686368895076,bench_add_sym_reg
76.84708,76.85374,0.0066599999999965576,18926.233486260036,bench_add_sym_reg
77.05396,77.06064,0.006680000000002906,19025.595607244108,bench_add_sym_reg
77.26084,77.26752,0.006680000000002906,19050.049735239947,bench_add_sym_reg
77.46772,77.4744,0.006680000000002906,19066.97890023569,bench_add_sym_reg
77.6746,77.68128,0.006680000000002906,19096.43843305121,bench_add_sym_reg
77.88148,77.88816,0.006680000000002906,19098.060848199217,bench_add_sym_reg
78.08836,78.09504,0.006680000000002906,19147.43073983996,bench_add_sym_reg
78.29524,78.30192,0.006679999999988695,19172.88971595764,bench_add_sym_reg
78.50212,78.5088,0.006679999999988695,19196.477727929778,bench_add_sym_reg
78.709,78.71568,0.006680000000002906,19227.415402427312,bench_add_sym_reg
78.91588,78.92256,0.006680000000002906,19218.82092720608,bench_add_sym_reg
79.12276,79.12944,0.006680000000002906,19179.603480741505,bench_add_sym_reg
79.32964,79.33632,0.006680000000002906,19152.994791519075,bench_add_sym_reg
79.53652,79.5432,0.006680000000002906,19155.110691216836,bench_add_sym_reg
79.7434,79.75008,0.006680000000002906,19141.529398050185,bench_add_sym_reg
79.95028,79.95696,0.006679999999988695,19135.802811908776,bench_add_sym_reg
80.15716,80.16384,0.006679999999988695,19130.001272971866,bench_add_sym_reg
80.36404,80.37072,0.006680000000002906,19108.687166598676,bench_add_sym_reg
80.57092,80.57758,0.0066599999999965576,19058.399389021855,bench_add_sym_reg
80.77778,80.78446,0.006679999999988695,19097.278953961788,bench_add_sym_reg
80.98466,80.99134,0.006679999999988695,19097.01706605405,bench_add_sym_reg
81.19156,81.19822,0.006660000000010768,19033.11358767926,bench_add_sym_reg
81.39844,81.40512,0.006680000000002906,19110.559837436653,bench_add_sym_reg
81.60532,81.612,0.006679999999988695,19085.11163663442,bench_add_sym_reg
81.8122,81.81888000000001,0.006680000000002906,19100.56909779745,bench_add_sym_reg
82.01908,82.02576,0.006680000000002906,19099.601679489104,bench_add_sym_reg
82.22596,82.23264,0.006680000000002906,19086.28500300404,bench_add_sym_reg
82.43284,82.43952,0.006680000000002906,19100.01046956392,bench_add_sym_reg
82.63972,82.6464,0.006680000000002906,19094.44415477136,bench_add_sym_reg
82.84658,82.85326,0.006680000000002906,19092.056283267495,bench_add_sym_reg
83.05348,83.06014,0.006660000000010768,19041.615228666724,bench_add_sym_reg
83.26034,83.26702,0.006680000000002906,19087.242186077237,bench_add_sym_reg
83.46722,83.4739,0.006680000000002906,19105.618440089234,bench_add_sym_reg
83.6741,83.68078,0.006680000000002906,19081.98996448011,bench_add_sym_reg
83.88098,83.88766,0.006680000000002906,19085.037454506622,bench_add_sym_reg
84.08786,84.09454,0.006679999999988695,19085.543844814532,bench_add_sym_reg
84.29472,84.3014,0.006680000000002906,19098.42267866295,bench_add_sym_reg
84.5016,84.50828,0.006680000000002906,19084.90447095521,bench_add_sym_reg
84.70848,84.71516,0.006680000000002906,19086.735842293023,bench_add_sym_reg
84.91536,84.92202,0.0066599999999965576,19038.563193742677,bench_add_sym_reg
85.12224,85.12892,0.006679999999988695,19092.22883867424,bench_add_sym_reg
85.32912,85.3358,0.006680000000002906,19076.61559759529,bench_add_sym_reg
85.536,85.54268,0.006680000000002906,19096.398206901875,bench_add_sym_reg
85.74288,85.74956,0.006680000000002906,19065.510353548096,bench_add_sym_reg
85.94974,85.95642,0.006679999999988695,19086.485386325992,bench_add_sym_reg
86.15662,86.1633,0.006680000000002906,19087.961262565474,bench_add_sym_reg
86.3635,86.37018,0.006680000000002906,19080.441701234202,bench_add_sym_reg
86.57038,86.57706,0.006680000000002906,19089.096058169234,bench_add_sym_reg
86.77726,86.78394,0.006680000000002906,19080.50823491886,bench_add_sym_reg
86.98414,86.99082,0.006680000000002906,19074.780633681145,bench_add_sym_reg
87.19102,87.1977,0.006680000000002906,19072.869454985626,bench_add_sym_reg
87.39788,87.40456,0.006680000000002906,19073.214135141723,bench_add_sym_reg
87.60476,87.61144,0.006680000000002906,19096.81891091846,bench_add_sym_reg
87.81164,87.81832,0.006680000000002906,19058.820395739815,bench_add_sym_reg
88.0185,88.02518,0.006680000000002906,19095.791475854396,bench_add_sym_reg
88.22538,88.23206,0.006680000000002906,19092.878403615672,bench_add_sym_reg
88.43224,88.43892,0.006680000000002906,19086.504420276586,bench_add_sym_reg
88.63912,88.6458,0.006679999999988695,19070.468614775087,bench_add_sym_reg
88.846,88.85268,0.006680000000002906,19081.803036394125,bench_add_sym_reg
89.05288,89.05956,0.006680000000002906,19081.353712835436,bench_add_sym_reg
89.25976,89.26644,0.006680000000002906,19089.578285355612,bench_add_sym_reg
89.46664,89.47332,0.006680000000002906,19078.967196409183,bench_add_sym_reg
89.67352,89.6802,0.006680000000002906,19111.57858791646,bench_add_sym_reg
89.88042,89.88708,0.0066599999999965576,19008.3753946136,bench_add_sym_reg
90.0873,90.09398,0.006680000000002906,19086.27879108325,bench_add_sym_reg
90.29418,90.30086,0.006680000000002906,19074.301493828378,bench_add_sym_reg
90.50106,90.50774,0.006680000000002906,19088.877609474803,bench_add_sym_reg
90.70794,90.71462,0.006680000000002906,19078.950157863965,bench_add_sym_reg
90.91484,90.92152,0.006680000000002906,19069.70771496108,bench_add_sym_reg
91.12172,91.1284,0.006680000000002906,19068.702347584327,bench_add_sym_reg
91.3286,91.33528,0.006680000000002906,19076.53937349914,bench_add_sym_reg
91.53548,91.54216,0.006679999999988695,19080.302873592573,bench_add_sym_reg
91.74236,91.74902,0.0066599999999965576,19018.198323890712,bench_add_sym_reg
91.94922,91.9559,0.006680000000002906,19087.4198894108,bench_add_sym_reg
92.15612,92.1628,0.006680000000002906,18827.308807528745,bench_add_abs_reg
92.363,92.36968,0.006680000000002906,18821.669192993948,bench_add_abs_reg
92.56988,92.57656,0.006680000000002906,18798.2367375021,bench_add_abs_reg
92.77676,92.78344,0.006680000000002906,18724.312102432254,bench_add_abs_reg
92.98364,92.99032,0.006680000000002906,18629.93708114197,bench_add_abs_reg
93.19052,93.1972,0.006679999999988695,18632.32250089189,bench_add_abs_reg
93.3974,93.40408,0.006679999999988695,18685.230894446122,bench_add_abs_reg
93.60426,93.61094,0.006680000000002906,18747.55342026183,bench_add_abs_reg
93.81114,93.81782,0.006680000000002906,18793.45486174294,bench_add_abs_reg
94.01802,94.0247,0.006679999999988695,18539.91694512218,bench_add_abs_reg
94.2249,94.23158,0.006679999999988695,18485.735005199887,bench_add_abs_reg
94.43178,94.43846,0.006680000000002906,18466.70530038603,bench_add_abs_reg
94.63866,94.64534,0.006680000000002906,18358.66460344633,bench_add_abs_reg
94.84552,94.8522,0.006680000000002906,18272.381315483504,bench_add_abs_reg
95.0524,95.05908,0.006679999999988695,18252.534072346887,bench_add_abs_reg
95.25926,95.26594,0.006680000000002906,18302.331652966892,bench_add_abs_reg
95.46614,95.47282,0.006680000000002906,18319.765215282638,bench_add_abs_reg
95.67302,95.6797,0.006680000000002906,18332.197321588024,bench_add_abs_reg
95.8799,95.88658,0.006679999999988695,18394.50073657982,bench_add_abs_reg
96.08676,96.09344,0.006680000000002906,18450.15282976311,bench_add_abs_reg
96.29364,96.30032,0.006680000000002906,18524.292872760663,bench_add_abs_reg
96.50052,96.5072,0.006680000000002906,18621.455400724357,bench_add_abs_reg
96.7074,96.71408,0.006679999999988695,18689.34235532361,bench_add_abs_reg
96.91428,96.92096,0.006679999999988695,18764.196697123487,bench_add_abs_reg
97.12116,97.12784,0.006680000000002906,18849.484480458406,bench_add_abs_reg
97.32804,97.33472,0.006680000000002906,18972.680002922963,bench_add_abs_reg
97.5349,97.54158,0.006680000000002906,19047.568079559915,bench_add_abs_reg
97.74178,97.74846,0.006679999999988695,19156.661371200054,bench_add_abs_reg
97.94866,97.95534,0.006680000000002906,19243.796840316656,bench_add_abs_reg
98.15554,98.16222,0.006680000000002906,19285.55873689155,bench_add_abs_reg
98.36242,98.3691,0.006680000000002906,19336.940548392155,bench_add_abs_reg
98.56928,98.57596,0.006679999999988695,19258.51008152804,bench_add_abs_reg
98.77616,98.78284,0.006679999999988695,19226.624099502682,bench_add_abs_reg
98.98304,98.98972,0.006680000000002906,19197.251887533916,bench_add_abs_reg
99.1899,99.19658,0.006680000000002906,19217.27101785271,bench_add_abs_reg
99.39678,99.40344,0.0066599999999965576,19101.44805907074,bench_add_abs_reg
99.60364,99.61032,0.006680000000002906,19123.003857684624,bench_add_abs_reg
99.81052,99.8172,0.006680000000002906,19119.942130064315,bench_add_abs_reg
100.01738,100.02406,0.006680000000002906,19106.47497513102,bench_add_abs_reg
100.22426,100.23094,0.006680000000002906,19045.12057547373,bench_add_abs_reg
100.43114,100.43782,0.006680000000002906,19033.229905189226,bench_add_abs_reg
100.63802,100.6447,0.006680000000002906,19000.57500229144,bench_add_abs_reg
100.8449,100.85156,0.006660000000010768,18965.94264547772,bench_add_abs_reg
101.05176,101.05844,0.006680000000002906,18985.129636720176,bench_add_abs_reg
101.25864,101.26532,0.006680000000002906,18993.614485960603,bench_add_abs_reg
101.46552,101.4722,0.006680000000002906,18953.944828835498,bench_add_abs_reg
101.6724,101.67908,0.006680000000002906,18937.91612238703,bench_add_abs_reg
101.87928,101.88594,0.006660000000010768,18875.309557219884,bench_add_abs_reg
102.08614,102.09282,0.006680000000002906,18939.928668559198,bench_add_abs_reg
102.29302,102.2997,0.006680000000002906,18936.082932641308,bench_add_abs_reg
102.4999,102.50658,0.006680000000002906,18942.21846247977,bench_add_abs_reg
102.70678,102.71346,0.006680000000002906,18905.86304712052,bench_add_abs_reg
102.91366,102.92034,0.006680000000002906,18913.061192734287,bench_add_abs_reg
103.12052,103.1272,0.006680000000002906,18921.28437991219,bench_add_abs_reg
103.3274,103.33408,0.006680000000002906,18920.414156755764,bench_add_abs_reg
103.53428,103.54096,0.006680000000002906,18928.521450152857,bench_add_abs_reg
103.74116,103.74784,0.006680000000002906,18913.231010092935,bench_add_abs_reg
103.94804,103.95472,0.006679999999988695,18902.338629088386,bench_add_abs_reg
104.15492,104.16158,0.0066599999999965576,18841.679187013444,bench_add_abs_reg
104.36178,104.36846,0.006680000000002906,18906.555892907985,bench_add_abs_reg
104.56866,104.57534,0.006680000000002906,18898.037318149505,bench_add_abs_reg
104.77554,104.78222,0.006679999999988695,18919.02035331787,bench_add_abs_reg
104.98242,104.9891,0.006679999999988695,18895.393591339616,bench_add_abs_reg
105.1893,105.19598,0.006680000000002906,18884.487159090822,bench_add_abs_reg
105.39618,105.40286,0.006680000000002906,18886.77794254167,bench_add_abs_reg
105.60308,105.60976,0.006679999999988695,18875.6201462475,bench_add_abs_reg
105.80996,105.81664,0.006680000000002906,18889.022998052107,bench_add_abs_reg
106.01684,106.02352,0.006680000000002906,18873.883048079286,bench_add_abs_reg
106.22372,106.2304,0.006680000000002906,18871.495523498368,bench_add_abs_reg
106.4306,106.43728,0.006680000000002906,18877.06359849332,bench_add_abs_reg
106.63748,106.64416,0.006680000000002906,18864.18750044787,bench_add_abs_reg
106.84436,106.85104,0.006680000000002906,18870.166889400505,bench_add_abs_reg
107.05124,107.05792,0.006679999999988695,18871.598183142607,bench_add_abs_reg
107.25814,107.26482,0.006680000000002906,18855.112018073774,bench_add_abs_reg
107.46502,107.4717,0.006680000000002906,18857.196988547348,bench_add_abs_reg
107.6719,107.67858,0.006680000000002906,18860.26937515607,bench_add_abs_reg
107.87878,107.88546,0.006679999999988695,18856.191236956707,bench_add_abs_reg
108.08566,108.09234,0.006679999999988695,18872.523745488397,bench_add_abs_reg
108.29254,108.29922,0.006680000000002906,18867.260566918634,bench_add_abs_reg
108.49942,108.5061,0.006680000000002906,18873.231569313306,bench_add_abs_reg
108.7063,108.71298,0.006680000000002906,18857.7571301803,bench_add_abs_reg
108.91318,108.91986,0.006680000000002906,18861.300819562417,bench_add_abs_reg
109.12006,109.12674,0.006680000000002906,18852.268357304565,bench_add_abs_reg
109.32694,109.33362,0.006680000000002906,18849.79320923758,bench_add_abs_reg
109.53384,109.54052,0.006680000000002906,18860.332099729018,bench_add_abs_reg
109.74072,109.7474,0.006680000000002906,18852.867649411724,bench_add_abs_reg
109.9476,109.95428,0.006680000000002906,18845.824501486964,bench_add_abs_reg
110.1545,110.16118,0.006680000000002906,18846.035418109434,bench_add_abs_reg
110.36138,110.36806,0.006680000000002906,18838.0837906243,bench_add_abs_reg
110.56828,110.57494,0.0066599999999965576,18788.128208822407,bench_add_abs_reg
110.77516,110.78184,0.006680000000002906,18842.25371527401,bench_add_abs_reg
110.98206,110.98872,0.0066599999999965576,18792.95501391098,bench_add_abs_reg
111.18894,111.19562,0.006680000000002906,18839.094059081403,bench_add_abs_reg
111.39582,111.4025,0.006680000000002906,18848.831970253093,bench_add_abs_reg
111.60272,111.60938,0.0066599999999965576,18781.57393772964,bench_add_abs_reg
111.8096,111.81628,0.006680000000002906,18835.35916452003,bench_add_abs_reg
112.01648,112.02316,0.006680000000002906,18845.82336294347,bench_add_abs_reg
112.22338,112.23006,0.006679999999988695,18837.94593388552,bench_add_abs_reg
112.43026,112.43694,0.006680000000002906,18844.35632499494,bench_add_abs_reg
112.63714,112.64382,0.006680000000002906,18867.393885746762,bench_add_abs_reg
112.84404,112.84772,0.0036799999999885813,11664.782115221022,bench_add_ind_reg
113.04792,113.05162,0.0036999999999949296,11737.508098579488,bench_add_ind_reg
113.25182,113.2555,0.003680000000002792,11661.561462105523,bench_add_ind_reg
113.4557,113.4594,0.0037000000000091404,11724.572738194056,bench_add_ind_reg
113.6596,113.6633,0.0037000000000091404,11721.87367922808,bench_add_ind_reg
113.8635,113.8672,0.0036999999999949296,11725.432574733542,bench_add_ind_reg
114.0674,114.0711,0.0036999999999949296,11733.771683632023,bench_add_ind_reg
114.2713,114.275,0.0037000000000091404,11736.285234830537,bench_add_ind_reg
114.4752,114.4789,0.0036999999999949296,11714.90713486709,bench_add_ind_reg
114.6791,114.68278,0.0036799999999885813,11665.018498860707,bench_add_ind_reg
114.883,114.88668,0.003680000000002792,11660.269901631034,bench_add_ind_reg
115.0869,115.09058,0.003680000000002792,11658.608464065328,bench_add_ind_reg
115.2908,115.29448,0.0036799999999885813,11650.519052019352,bench_add_ind_reg
115.4947,115.49838,0.003680000000002792,11661.850332756905,bench_add_ind_reg
115.6986,115.70228,0.003680000000002792,11667.79511608965,bench_add_ind_reg
115.9025,115.90618,0.003680000000002792,11676.122436774684,bench_add_ind_reg
116.10638,116.11008,0.0036999999999949296,11730.057073274354,bench_add_ind_reg
116.31028,116.31398,0.0036999999999949296,11704.333836661624,bench_add_ind_reg
116.51418,116.51788,0.0037000000000091404,11738.363178476538,bench_add_ind_reg
116.71808,116.72176,0.003680000000002792,11684.490754278087,bench_add_ind_reg
116.92196,116.92566,0.0036999999999949296,11749.448927568861,bench_add_ind_reg
117.12586,117.12956,0.0036999999999949296,11742.631590443436,bench_add_ind_reg
117.32976,117.33344,0.003680000000002792,11677.4126305316,bench_add_ind_reg
117.53364,117.53734,0.0036999999999949296,11751.960876847306,bench_add_ind_reg
117.73754,117.74124,0.0037000000000091404,11781.164123705958,bench_add_ind_reg
117.94144,117.94512,0.003680000000002792,11737.576408784631,bench_add_ind_reg
118.14534,118.14902,0.0036799999999885813,11740.108786580016,bench_add_ind_reg
118.34922,118.35292,0.0036999999999949296,11810.172065146244,bench_add_ind_reg
118.55312,118.55682,0.0036999999999949296,11832.520903537401,bench_add_ind_reg
118.75702,118.76072,0.0037000000000091404,11868.157936289452,bench_add_ind_reg
118.9609,118.9646,0.0037000000000091404,11888.149569307798,bench_add_ind_reg
119.1648,119.1685,0.0036999999999949296,11912.836150715002,bench_add_ind_reg
119.3687,119.3724,0.0036999999999949296,11839.261397236933,bench_add_ind_reg
119.5726,119.57628,0.003680000000002792,11701.076675681297,bench_add_ind_reg
119.77648,119.78018,0.0036999999999949296,11767.971117498744,bench_add_ind_reg
119.98038,119.98406,0.003680000000002792,11707.399804154335,bench_add_ind_reg
120.18426,120.18796,0.0037000000000091404,11774.730358766994,bench_add_ind_reg
120.38816,120.39184,0.003680000000002792,11732.506908019397,bench_add_ind_reg
120.59204,120.59574,0.0037000000000091404,11842.524486157417,bench_add_ind_reg
120.79592,120.79962,0.0037000000000091404,11815.418272775276,bench_add_ind_reg
120.99982,121.0035,0.003680000000002792,11675.046936150302,bench_add_ind_reg
121.2037,121.2074,0.0037000000000091404,11676.657258096919,bench_add_ind_reg
121.40758,121.41128,0.0037000000000091404,11670.344262412586,bench_add_ind_reg
121.61148,121.61516,0.003680000000002792,11644.012602053264,bench_add_ind_reg
121.81536,121.81906,0.0036999999999949296,11685.124402849486,bench_add_ind_reg
122.01924,122.02294,0.0037000000000091404,11660.024169861654,bench_add_ind_reg
122.22314,122.22684,0.0036999999999949296,11660.537100379943,bench_add_ind_reg
122.42704,122.43072,0.0036799999999885813,11591.337614190836,bench_add_ind_reg
122.63092,122.63462,0.0036999999999949296,11673.365482112633,bench_add_ind_reg
122.8348,122.8385,0.0036999999999949296,11659.41963436249,bench_add_ind_reg
123.0387,123.04238,0.0036799999999885813,11609.571326953133,bench_add_ind_reg
123.24258,123.24628,0.0036999999999949296,11674.745187613038,bench_add_ind_reg
123.44648,123.45016,0.003680000000002792,11600.658616525077,bench_add_ind_reg
123.65036,123.65406,0.0036999999999949296,11677.113780735144,bench_add_ind_reg
123.85426,123.85794,0.003680000000002792,11705.145102468567,bench_add_ind_reg
124.05814,124.06184,0.0037000000000091404,11725.204801215603,bench_add_ind_reg
124.26204,124.26574,0.0036999999999949296,11697.805377172908,bench_add_ind_reg
124.46592,124.46962,0.0037000000000091404,11700.350588681922,bench_add_ind_reg
124.66982,124.6735,0.003680000000002792,11650.662231267843,bench_add_ind_reg
124.87372,124.8774,0.0036799999999885813,11650.174311325389,bench_add_ind_reg
125.0776,125.0813,0.0036999999999949296,11692.690940092261,bench_add_ind_reg
125.28148,125.28518,0.0036999999999949296,11729.142949900814,bench_add_ind_reg
125.48538,125.48908,0.0036999999999949296,11725.652858132686,bench_add_ind_reg
125.68926,125.69296,0.0036999999999949296,11731.678717753179,bench_add_ind_reg
125.89316,125.89686,0.0037000000000091404,11732.05914444522,bench_add_ind_reg
126.09704,126.10074,0.0036999999999949296,11721.6930514973,bench_add_ind_reg
126.30094,126.30462,0.003680000000002792,11659.694504933785,bench_add_ind_reg
126.50482,126.50852,0.0037000000000091404,11706.645912520371,bench_add_ind_reg
126.70872,126.7124,0.003680000000002792,11644.531677018604,bench_add_ind_reg
126.9126,126.9163,0.0037000000000091404,11696.559775185116,bench_add_ind_reg
127.1165,127.12018,0.003680000000002792,11606.13578279534,bench_add_ind_reg
127.32038,127.32408,0.0036999999999949296,11656.879365892713,bench_add_ind_reg
127.52428,127.52798,0.0036999999999949296,11684.656895216027,bench_add_ind_reg
127.72818,127.73188,0.0037000000000091404,11714.515751256484,bench_add_ind_reg
127.93208,127.93578,0.0036999999999949296,11728.926287016464,bench_add_ind_reg
128.13598,128.13966,0.003680000000002792,11665.074760102874,bench_add_ind_reg
128.33986,128.34356,0.0037000000000091404,11712.201812798534,bench_add_ind_reg
128.54376,128.54744,0.003680000000002792,11662.289430395183,bench_add_ind_reg
128.74766,128.75134,0.003680000000002792,11652.430547409047,bench_add_ind_reg
128.95156,128.95524,0.003680000000002792,11630.453292755321,bench_add_ind_reg
129.15544,129.15914,0.0037000000000091404,11679.2666213888,bench_add_ind_reg
129.35934,129.36304,0.0037000000000091404,11640.10898445833,bench_add_ind_reg
129.56324,129.56692,0.003680000000002792,11562.886966866037,bench_add_ind_reg
129.76712,129.77082,0.0036999999999807187,11558.54670557807,bench_add_ind_reg
129.97102,129.97472,0.0036999999999807187,11536.136851584912,bench_add_ind_reg
130.17492,130.17862,0.0037000000000091404,11568.172967553666,bench_add_ind_reg
130.37882,130.38252,0.0037000000000091404,11590.624689152013,bench_add_ind_reg
130.58272,130.5864,0.003680000000002792,11526.290848859513,bench_add_ind_reg
130.78662,130.7903,0.003680000000002792,11557.649692994142,bench_add_ind_reg
130.99052,130.99422,0.0037000000000091404,11635.835676020377,bench_add_ind_reg
131.19442,131.19812,0.0036999999999807187,11638.4631720699,bench_add_ind_reg
131.39832,131.40202,0.0036999999999807187,11668.30200695857,bench_add_ind_reg
131.60222,131.60592,0.0037000000000091404,11689.894553301949,bench_add_ind_reg
131.80612,131.8098,0.003680000000002792,11640.785892966032,bench_add_ind_reg
132.01,132.0137,0.0037000000000091404,11722.441255142396,bench_add_ind_reg
132.2139,132.2176,0.0037000000000091404,11723.527717433495,bench_add_ind_reg
132.4178,132.4215,0.0037000000000091404,11727.31149246052,bench_add_ind_reg
132.6217,132.6254,0.0037000000000091404,11734.465241926679,bench_add_ind_reg
132.8256,132.8293,0.0036999999999807187,11733.185548739375,bench_add_ind_reg
133.0295,133.0332,0.0036999999999807187,11740.895644700804,bench_add_ind_reg
133.2334,133.23712,0.0037200000000154887,11928.518589168933,bench_add_aut_reg
133.43732,133.44104,0.003719999999987067,11939.450337045566,bench_add_aut_reg
133.64124,133.64496,0.003719999999987067,11928.29704839468,bench_add_aut_reg
133.84516,133.84888,0.0037200000000154887,11917.127310346088,bench_add_aut_reg
134.04908,134.0528,0.003719999999987067,11943.506021013489,bench_add_aut_reg
134.25302,134.25672,0.0037000000000091404,11891.262335729212,bench_add_aut_reg
134.45694,134.46064,0.0037000000000091404,11914.010774375005,bench_add_aut_reg
134.66086,134.66456,0.0036999999999807187,11898.749638286776,bench_add_aut_reg
134.86478,134.86848,0.0037000000000091404,11919.358975748883,bench_add_aut_reg
135.0687,135.0724,0.0036999999999807187,11922.101895262613,bench_add_aut_reg
135.27262,135.27632,0.0037000000000091404,11921.501974602363,bench_add_aut_reg
135.47654,135.48024,0.0037000000000091404,11900.221244461209,bench_add_aut_reg
135.68046,135.68416,0.0036999999999807187,11891.277776968302,bench_add_aut_reg
135.88436,135.88808,0.0037200000000154887,11946.572777861955,bench_add_aut_reg
136.08828,136.092,0.0037200000000154887,11970.337701547396,bench_add_aut_reg
136.2922,136.29592,0.003719999999987067,11937.044023027773,bench_add_aut_reg
136.49612,136.49984,0.0037200000000154887,11937.738531317967,bench_add_aut_reg
136.70004,136.70374,0.0037000000000091404,11861.91206335268,bench_add_aut_reg
136.90396,136.90766,0.0036999999999807187,11868.655465016282,bench_add_aut_reg
137.10786,137.11158,0.0037200000000154887,11916.20289585755,bench_add_aut_reg
137.31178,137.31548,0.0037000000000091404,11874.257379708295,bench_add_aut_reg
137.51568,137.5194,0.003719999999987067,11911.891393788766,bench_add_aut_reg
137.7196,137.7233,0.0036999999999807187,11863.575079415903,bench_add_aut_reg
137.92352,137.92722,0.0037000000000091404,11856.60750375254,bench_add_aut_reg
138.12744,138.13114,0.0036999999999807187,11859.526866984377,bench_add_aut_reg
138.33134,138.33506,0.003719999999987067,11903.008141047914,bench_add_aut_reg
138.53526,138.53898,0.0037200000000154887,11910.988716456177,bench_add_aut_reg
138.73918,138.7429,0.003719999999987067,11914.418577176939,bench_add_aut_reg
138.9431,138.9468,0.0037000000000091404,11844.27319795434,bench_add_aut_reg
139.147,139.15072,0.0037200000000154887,11909.311793328576,bench_add_aut_reg
139.35092,139.35464,0.003719999999987067,11904.196878856592,bench_add_aut_reg
139.55484,139.55854,0.0036999999999807187,11841.655054533925,bench_add_aut_reg
139.75874,139.76246,0.0037200000000154887,11915.055338808115,bench_add_aut_reg
139.96266,139.96636,0.0037000000000091404,11850.633432651413,bench_add_aut_reg
140.16656,140.17028,0.003719999999987067,11911.933310288765,bench_add_aut_reg
140.37048,140.3742,0.0037200000000154887,11917.249055160302,bench_add_aut_reg
140.5744,140.5781,0.0037000000000091404,11846.942019213222,bench_add_aut_reg
140.7783,140.78202,0.003719999999987067,11902.142721189022,bench_add_aut_reg
140.9822,140.98592,0.003719999999987067,11905.65052904013,bench_add_aut_reg
141.18612,141.18982,0.0037000000000091404,11836.122034611652,bench_add_aut_reg
141.39002,141.39374,0.0037200000000154887,11919.265380176383,bench_add_aut_reg
141.59394,141.59766,0.003719999999987067,11892.749483191954,bench_add_aut_reg
141.79786,141.80156,0.0037000000000091404,11805.262891599647,bench_add_aut_reg
142.00176,142.00548,0.0037200000000154887,11866.044013345534,bench_add_aut_reg
142.20568,142.2094,0.003719999999987067,11865.804542280395,bench_add_aut_reg
142.4096,142.4133,0.0036999999999807187,11798.881569352112,bench_add_aut_reg
142.6135,142.61722,0.0037200000000154887,11861.283772206749,bench_add_aut_reg
142.81742,142.82112,0.0037000000000091404,11817.561404345157,bench_add_aut_reg
143.02132,143.02504,0.003719999999987067,11884.589442013024,bench_add_aut_reg
143.22524,143.22894,0.0036999999999807187,11827.745479469359,bench_add_aut_reg
143.42914,143.43284,0.0037000000000091404,11834.035019884263,bench_add_aut_reg
143.63304,143.63676,0.0037200000000154887,11919.753276792917,bench_add_aut_reg
143.83696,143.84066,0.0037000000000091404,11858.182456377142,bench_add_aut_reg
144.04086,144.04458,0.003719999999987067,11943.039747377563,bench_add_aut_reg
144.24478,144.2485,0.0037200000000154887,11949.504197157725,bench_add_aut_reg
144.4487,144.45242,0.003719999999987067,11946.158746682195,bench_add_aut_reg
144.65262,144.65632,0.0036999999999807187,11889.911442933482,bench_add_aut_reg
144.85652,144.86024,0.0037200000000154887,11970.720435542511,bench_add_aut_reg
145.06044,145.06416,0.003719999999987067,11947.942268992287,bench_add_aut_reg
145.26436,145.26808,0.003719999999987067,11945.971699854774,bench_add_aut_reg
145.46828,145.47198,0.0037000000000091404,11888.176957170368,bench_add_aut_reg
145.67218,145.6759,0.0037200000000154887,11929.630353166565,bench_add_aut_reg
145.8761,145.8798,0.0036999999999807187,11843.613269676634,bench_add_aut_reg
146.08,146.08372,0.003719999999987067,11915.233747527265,bench_add_aut_reg
146.28392,146.28762,0.0037000000000091404,11853.3166568081,bench_add_aut_reg
146.48782,146.49154,0.003719999999987067,11902.816710021894,bench_add_aut_reg
146.69174,146.69544,0.0036999999999807187,11878.045303688223,bench_add_aut_reg
146.89564,146.89936,0.0037200000000154887,11914.29316769276,bench_add_aut_reg
147.09954,147.10326,0.0037200000000154887,11897.520115647192,bench_add_aut_reg
147.30346,147.30716,0.0037000000000091404,11826.886301890994,bench_add_aut_reg
147.50736,147.51108,0.003719999999987067,11880.672050135607,bench_add_aut_reg
147.71128,147.71498,0.0037000000000091404,11814.216962110982,bench_add_aut_reg
147.91518,147.9189,0.0037200000000154887,11867.469658656786,bench_add_aut_reg
148.11908,148.1228,0.0037200000000154887,11855.697813492345,bench_add_aut_reg
148.323,148.32672,0.003719999999987067,11884.86515539989,bench_add_aut_reg
148.52692,148.53064,0.0037200000000154887,11890.301920989785,bench_add_aut_reg
148.73084,148.73454,0.0037000000000091404,11849.93481964806,bench_add_aut_reg
148.93476,148.93846,0.0036999999999807187,11853.951690659893,bench_add_aut_reg
149.13868,149.14238,0.0037000000000091404,11885.56362179001,bench_add_aut_reg
149.3426,149.3463,0.0037000000000091404,11919.502690469351,bench_add_aut_reg
149.54652,149.55024,0.0037200000000154887,11992.223600435864,bench_add_aut_reg
149.75044,149.75416,0.0037200000000154887,12001.901275996115,bench_add_aut_reg
149.95436,149.95808,0.003719999999987067,12027.435288723438,bench_add_aut_reg
150.15828,150.162,0.0037200000000154887,12024.665698456734,bench_add_aut_reg
150.3622,150.36592,0.003719999999987067,12011.296199595961,bench_add_aut_reg
150.56612,150.56984,0.003719999999987067,11979.321294887575,bench_add_aut_reg
150.77004,150.77376,0.0037200000000154887,11961.51375309869,bench_add_aut_reg
150.97396,150.97768,0.003719999999987067,11934.646188708517,bench_add_aut_reg
151.17788,151.1816,0.0037200000000154887,11923.38368394667,bench_add_aut_reg
151.3818,151.38552,0.0037200000000154887,11923.232949391433,bench_add_aut_reg
151.58572,151.58942,0.0036999999999807187,11832.643616883403,bench_add_aut_reg
151.78964,151.79334,0.0037000000000091404,11843.272093711133,bench_add_aut_reg
151.99356,151.99726,0.0037000000000091404,11844.240296660764,bench_add_aut_reg
152.19748,152.20118,0.0036999999999807187,11832.665153718075,bench_add_aut_reg
152.40138,152.4051,0.0037200000000154887,11880.260861992505,bench_add_aut_reg
152.6053,152.609,0.0037000000000091404,11825.23627069905,bench_add_aut_reg
152.8092,152.81292,0.003719999999987067,11893.62544096936,bench_add_aut_reg
153.01312,153.01682,0.0037000000000091404,11814.814666309965,bench_add_aut_reg
153.21704,153.22074,0.0037000000000091404,11824.137326359229,bench_add_aut_reg
153.42094,153.42466,0.003719999999987067,11885.72522015736,bench_add_aut_reg
153.62486,153.63216,0.0072999999999865395,22119.549952869194,bench_add_reg_idx
153.83236,153.83964,0.007280000000008613,22028.478654127764,bench_add_reg_idx
154.03986,154.04714,0.007280000000008613,22060.331704587432,bench_add_reg_idx
154.24736,154.25464,0.007280000000008613,22035.494791369063,bench_add_reg_idx
154.45484,154.46214,0.007300000000014961,22123.69814752295,bench_add_reg_idx
154.66234,154.66964,0.0072999999999865395,22096.864194568745,bench_add_reg_idx
154.86984,154.87712,0.007279999999980191,22078.23634607057,bench_add_reg_idx
155.07734,155.08462,0.007280000000008613,22050.568123838006,bench_add_reg_idx
155.28484,155.29212,0.007280000000008613,22048.078654361245,bench_add_reg_idx
155.49232,155.4996,0.007279999999980191,22043.987335577567,bench_add_reg_idx
155.69982,155.7071,0.007280000000008613,22057.92683411997,bench_add_reg_idx
155.90732,155.9146,0.007280000000008613,22071.76392434712,bench_add_reg_idx
156.1148,156.1221,0.0072999999999865395,22162.424337544384,bench_add_reg_idx
156.3223,156.32958,0.007279999999980191,22005.73171249871,bench_add_reg_idx
156.5298,156.53708,0.007280000000008613,21996.797383788442,bench_add_reg_idx
156.7373,156.74458,0.007280000000008613,22016.110352734413,bench_add_reg_idx
156.9448,156.95208,0.007280000000008613,22049.340901458065,bench_add_reg_idx
157.1523,157.15958,0.007280000000008613,21964.416895088063,bench_add_reg_idx
157.35978,157.36708,0.0072999999999865395,22000.347517857288,bench_add_reg_idx
157.56728,157.57456,0.007279999999980191,21882.913627132435,bench_add_reg_idx
157.77478,157.78206,0.007280000000008613,21859.782326526994,bench_add_reg_idx
157.98228,157.98956,0.007280000000008613,21824.139829285126,bench_add_reg_idx
158.18978,158.19706,0.007279999999980191,21897.5358083228,bench_add_reg_idx
158.39728,158.40456,0.007280000000008613,21917.228612608928,bench_add_reg_idx
158.60476,158.61206,0.007300000000014961,22081.06930605279,bench_add_reg_idx
158.81226,158.81954,0.007279999999980191,22101.178227396867,bench_add_reg_idx
159.01976,159.02704,0.007280000000008613,22472.6207764151,bench_add_reg_idx
159.22726,159.23454,0.007280000000008613,23180.836269191645,bench_add_reg_idx
159.43474,159.44204,0.0072999999999865395,23086.928343358297,bench_add_reg_idx
159.64224,159.64952,0.007280000000008613,22494.029300313778,bench_add_reg_idx
159.84974,159.85702,0.007280000000008613,22294.595746812378,bench_add_reg_idx
160.05722,160.0645,0.007280000000008613,22229.835516801417,bench_add_reg_idx
160.26472,160.272,0.007279999999980191,22098.238510018582,bench_add_reg_idx
160.4722,160.4795,0.007300000000014961,22078.175318937258,bench_add_reg_idx
160.6797,160.68698,0.007280000000008613,21982.731190537324,bench_add_reg_idx
160.88718,160.89448,0.0072999999999865395,22025.79939966981,bench_add_reg_idx
161.09468,161.10196,0.007279999999980191,21991.46136402465,bench_add_reg_idx
161.30216,161.30944,0.007280000000008613,21998.07140513023,bench_add_reg_idx
161.50964,161.51694,0.007300000000014961,22109.697384338077,bench_add_reg_idx
161.71714,161.72442,0.007280000000008613,22038.58671712464,bench_add_reg_idx
161.92462,161.9319,0.007280000000008613,22108.002665944354,bench_add_reg_idx
162.13212,162.1394,0.007280000000008613,22067.099895819334,bench_add_reg_idx
162.33962,162.3469,0.007280000000008613,22075.641916623255,bench_add_reg_idx
162.5471,162.5544,0.0072999999999865395,22111.97345979102,bench_add_reg_idx
162.7546,162.76188,0.007279999999980191,22077.223639875025,bench_add_reg_idx
162.9621,162.96938,0.007280000000008613,22073.761923262322,bench_add_reg_idx
163.1696,163.17688,0.007280000000008613,22088.497986575152,bench_add_reg_idx
163.37708,163.38438,0.0072999999999865395,22125.065010002974,bench_add_reg_idx
163.58458,163.59186,0.007280000000008613,22088.052234638955,bench_add_reg_idx
163.79208,163.79936,0.007280000000008613,22053.186239234765,bench_add_reg_idx
163.99956,164.00686,0.0072999999999865395,22147.943358829645,bench_add_reg_idx
164.20706,164.21434,0.007279999999980191,22078.643951035283,bench_add_reg_idx
164.41456,164.42184,0.007280000000008613,22091.953847583296,bench_add_reg_idx
164.62206,164.62934,0.007280000000008613,22079.790451126555,bench_add_reg_idx
164.82956,164.83684,0.007280000000008613,22076.533813983577,bench_add_reg_idx
165.03706,165.04434,0.007280000000008613,22065.019581956098,bench_add_reg_idx
165.24454,165.25182,0.007280000000008613,22103.41460539639,bench_add_reg_idx
165.45204,165.45932,0.007279999999980191,22074.46772599052,bench_add_reg_idx
165.65952,165.66682,0.007300000000014961,22160.15066257323,bench_add_reg_idx
165.86702,165.8743,0.007280000000008613,22058.000091954986,bench_add_reg_idx
166.0745,166.0818,0.0072999999999865395,22162.399133627878,bench_add_reg_idx
166.282,166.28928,0.007279999999980191,22069.749461893403,bench_add_reg_idx
166.4895,166.49678,0.007280000000008613,22089.293834312422,bench_add_reg_idx
166.69698,166.70426,0.007280000000008613,22069.631009389974,bench_add_reg_idx
166.90448,166.91176,0.007279999999980191,22100.50076706071,bench_add_reg_idx
167.11196,167.11926,0.0072999999999865395,22141.353969886106,bench_add_reg_idx
167.31946,167.32674,0.007280000000008613,22086.877073184052,bench_add_reg_idx
167.52696,167.53424,0.007280000000008613,22062.980609505943,bench_add_reg_idx
167.73444,167.74172,0.007279999999980191,22098.974913767517,bench_add_reg_idx
167.94192,167.9492,0.007279999999980191,22058.209434556487,bench_add_reg_idx
168.14942,168.1567,0.007280000000008613,22072.88454987669,bench_add_reg_idx
168.35692,168.3642,0.007280000000008613,22076.770963640243,bench_add_reg_idx
168.5644,168.57168,0.007279999999980191,22091.568957487383,bench_add_reg_idx
168.7719,168.77918,0.007280000000008613,22066.828194100653,bench_add_reg_idx
168.97938,168.98666,0.007280000000008613,22102.481410863464,bench_add_reg_idx
169.18688,169.19416,0.007280000000008613,22060.50497948149,bench_add_reg_idx
169.39436,169.40166,0.0072999999999865395,22138.602638113032,bench_add_reg_idx
169.60186,169.60914,0.007280000000008613,22034.432073149037,bench_add_reg_idx
169.80936,169.81664,0.007280000000008613,22094.286317029815,bench_add_reg_idx
170.01684,170.02414,0.0072999999999865395,22142.69132582332,bench_add_reg_idx
170.22434,170.23164,0.0072999999999865395,22156.64860322375,bench_add_reg_idx
170.43184,170.43912,0.007280000000008613,22027.8625935578,bench_add_reg_idx
170.63934,170.64662,0.007280000000008613,21991.479375893043,bench_add_reg_idx
170.84682,170.85412,0.0072999999999865395,22007.63785276329,bench_add_reg_idx
171.05432,171.0616,0.007280000000008613,21896.500678292345,bench_add_reg_idx
171.26182,171.2691,0.007280000000008613,21894.38313248591,bench_add_reg_idx
171.4693,171.4766,0.0072999999999865395,21980.951111723123,bench_add_reg_idx
171.6768,171.6841,0.007300000000014961,22019.961474039497,bench_add_reg_idx
171.8843,171.89158,0.007280000000008613,21972.996171125567,bench_add_reg_idx
172.09178,172.09908,0.0072999999999865395,22049.770192202915,bench_add_reg_idx
172.29928,172.30656,0.007279999999980191,22030.563882953913,bench_add_reg_idx
172.50678,172.51406,0.007280000000008613,22012.431120988746,bench_add_reg_idx
172.71426,172.72156,0.007300000000014961,22117.496421607342,bench_add_reg_idx
172.92176,172.92904,0.007279999999980191,22051.6764791091,bench_add_reg_idx
173.12926,173.13654,0.007280000000008613,22081.48810316699,bench_add_reg_idx
173.33676,173.34404,0.007280000000008613,22074.872257678202,bench_add_reg_idx
173.54426,173.55154,0.007279999999980191,22113.747538473806,bench_add_reg_idx
173.75176,173.75904,0.007280000000008613,22084.566722650226,bench_add_reg_idx
173.95926,173.96654,0.007280000000008613,22108.347816416528,bench_add_reg_idx
174.16674,174.17404,0.0072999999999865395,22155.277333181104,bench_add_reg_idx
174.37424,174.3815,0.007260000000002265,22440.85017592419,bench_add_reg_sym
174.58172,174.58898,0.007260000000002265,22430.320344869728,bench_add_reg_sym
174.7892,174.79646,0.007260000000002265,22433.62451438671,bench_add_reg_sym
174.99668,175.00394,0.007260000000002265,22429.365699650436,bench_add_reg_sym
175.20416,175.21142,0.007260000000002265,22419.534730732867,bench_add_reg_sym
175.41164,175.4189,0.007260000000002265,22438.853385399718,bench_add_reg_sym
175.61912,175.62638,0.007260000000002265,22427.165296402338,bench_add_reg_sym
175.82658,175.83384,0.007260000000002265,22437.405840036383,bench_add_reg_sym
176.03406,176.04132,0.007260000000002265,22425.08659372584,bench_add_reg_sym
176.24154,176.2488,0.007260000000002265,22434.38381236776,bench_add_reg_sym
176.44902,176.45628,0.007260000000002265,22427.014559514173,bench_add_reg_sym
176.6565,176.66376,0.007260000000002265,22428.841004154685,bench_add_reg_sym
176.86398,176.87124,0.007260000000002265,22418.82930743038,bench_add_reg_sym
177.07146,177.07872,0.007260000000002265,22417.745850988333,bench_add_reg_sym
177.27894,177.2862,0.007260000000002265,22433.385932822264,bench_add_reg_sym
177.4864,177.49368,0.007280000000008613,22501.006585106003,bench_add_reg_sym
177.69388,177.70114,0.007260000000002265,22436.495386071627,bench_add_reg_sym
177.90136,177.90862,0.007260000000002265,22423.60662669675,bench_add_reg_sym
178.10882,178.11608,0.007260000000002265,22419.31938101264,bench_add_reg_sym
178.3163,178.32356,0.007259999999973843,22430.992033250674,bench_add_reg_sym
178.52378,178.53104,0.007260000000002265,22417.317596270346,bench_add_reg_sym
178.73126,178.73852,0.007260000000002265,22441.572647085104,bench_add_reg_sym
178.93874,178.946,0.007260000000002265,22403.76021015083,bench_add_reg_sym
179.14622,179.15348,0.007260000000002265,22409.481063958134,bench_add_reg_sym
179.3537,179.36096,0.007260000000002265,22415.631772026827,bench_add_reg_sym
179.56118,179.56844,0.007260000000002265,22418.06460778014,bench_add_reg_sym
179.76866,179.77592,0.007260000000002265,22408.47271169434,bench_add_reg_sym
179.97612,179.98338,0.007260000000002265,22421.89125158496,bench_add_reg_sym
180.1836,180.19086,0.007259999999973843,22436.02694469818,bench_add_reg_sym
180.39108,180.39834,0.007260000000002265,22399.690388709467,bench_add_reg_sym
180.59854,180.60582,0.007279999999980191,22477.580758216067,bench_add_reg_sym
180.80602,180.81328,0.007260000000002265,22400.72367480728,bench_add_reg_sym
181.0135,181.02078,0.007280000000008613,22476.496712797234,bench_add_reg_sym
181.22098,181.22824,0.007260000000002265,22394.497278151634,bench_add_reg_sym
181.42846,181.43574,0.007280000000008613,22471.11249484954,bench_add_reg_sym
181.63594,181.64322,0.007280000000008613,22470.967546132637,bench_add_reg_sym
181.84342,181.8507,0.007279999999980191,22462.6441788232,bench_add_reg_sym
182.05092,182.05818,0.007260000000002265,22411.956533328976,bench_add_reg_sym
182.2584,182.26566,0.007260000000002265,22397.46876760213,bench_add_reg_sym
182.46588,182.47314,0.007260000000002265,22415.215913215103,bench_add_reg_sym
182.67336,182.68062,0.007260000000002265,22412.882803480414,bench_add_reg_sym
182.88084,182.8881,0.007260000000002265,22418.222934944893,bench_add_reg_sym
183.08832,183.09558,0.007260000000002265,22401.533427189384,bench_add_reg_sym
183.2958,183.30306,0.007259999999973843,22418.17747001791,bench_add_reg_sym
183.50328,183.51054,0.007260000000002265,22420.02898827866,bench_add_reg_sym
183.71076,183.71802,0.007260000000002265,22406.841018243413,bench_add_reg_sym
183.91824,183.92552,0.007280000000008613,22498.71310780703,bench_add_reg_sym
184.12572,184.13298,0.007260000000002265,22413.19128079925,bench_add_reg_sym
184.3332,184.34046,0.007260000000002265,22409.513848839826,bench_add_reg_sym
184.54068,184.54794,0.007260000000002265,22414.573950233796,bench_add_reg_sym
184.74816,184.75542,0.007259999999973843,22413.620580839703,bench_add_reg_sym
184.95564,184.9629,0.007260000000002265,22421.774654654946,bench_add_reg_sym
185.16314,185.1704,0.007260000000002265,22402.25104615674,bench_add_reg_sym
185.37062,185.37788,0.007260000000002265,22399.85938184505,bench_add_reg_sym
185.5781,185.58536,0.007260000000002265,22408.420632134206,bench_add_reg_sym
185.78558,185.79284,0.007260000000002265,22412.829536486093,bench_add_reg_sym
185.99306,186.00032,0.007259999999973843,22412.229878747272,bench_add_reg_sym
186.20054,186.2078,0.007260000000002265,22413.66902832376,bench_add_reg_sym
186.40802,186.41528,0.007260000000002265,22419.28085918519,bench_add_reg_sym
186.61548,186.62274,0.007260000000002265,22420.377952518047,bench_add_reg_sym
186.82296,186.83022,0.007260000000002265,22394.054131587698,bench_add_reg_sym
187.03044,187.0377,0.007260000000002265,22406.19490855104,bench_add_reg_sym
187.23792,187.24518,0.007260000000002265,22398.83755800172,bench_add_reg_sym
187.4454,187.45266,0.007260000000002265,22410.878350499625,bench_add_reg_sym
187.65286,187.66014,0.007280000000008613,22478.075011195127,bench_add_reg_sym
187.86034,187.8676,0.007260000000002265,22398.975929254288,bench_add_reg_sym
188.06782,188.07508,0.007260000000002265,22413.297942846442,bench_add_reg_sym
188.2753,188.28258,0.007280000000008613,22459.410910985596,bench_add_reg_sym
188.4828,188.49006,0.007260000000002265,22413.291144191033,bench_add_reg_sym
188.69028,188.69754,0.007260000000002265,22413.396495401317,bench_add_reg_sym
188.89776,188.90502,0.007260000000002265,22401.275085294477,bench_add_reg_sym
189.10522,189.11248,0.007260000000002265,22410.20622896797,bench_add_reg_sym
189.3127,189.31998,0.007279999999980191,22471.301155107874,bench_add_reg_sym
189.52018,189.52746,0.007279999999980191,22485.931587809173,bench_add_reg_sym
189.72768,189.73494,0.007260000000002265,22393.769344787168,bench_add_reg_sym
189.93516,189.94242,0.007260000000002265,22426.757696092078,bench_add_reg_sym
190.14264,190.1499,0.007260000000002265,22392.565347262254,bench_add_reg_sym
190.3501,190.35736,0.007260000000002265,22415.784092159764,bench_add_reg_sym
190.55758,190.56484,0.007260000000002265,22391.678118154276,bench_add_reg_sym
190.76506,190.77232,0.007260000000002265,22413.19152061705,bench_add_reg_sym
190.97254,190.9798,0.007260000000002265,22405.185736723215,bench_add_reg_sym
191.18002,191.18728,0.007259999999973843,22401.68336770763,bench_add_reg_sym
191.3875,191.39476,0.007260000000002265,22412.667458415766,bench_add_reg_sym
191.59498,191.60224,0.007260000000002265,22406.403978826293,bench_add_reg_sym
191.80246,191.80972,0.007260000000002265,22404.148587962998,bench_add_reg_sym
192.00994,192.0172,0.007260000000002265,22391.088651500977,bench_add_reg_sym
192.2174,192.22468,0.007280000000008613,22479.50769497853,bench_add_reg_sym
192.42488,192.43214,0.007260000000002265,22397.387733223506,bench_add_reg_sym
192.63236,192.63962,0.007260000000002265,22390.901881743375,bench_add_reg_sym
192.83984,192.8471,0.007260000000002265,22423.252305022907,bench_add_reg_sym
193.04732,193.05458,0.007259999999973843,22399.849002169904,bench_add_reg_sym
193.2548,193.26206,0.007260000000002265,22413.18513407335,bench_add_reg_sym
193.46228,193.46954,0.007260000000002265,22403.88070699315,bench_add_reg_sym
193.66976,193.67702,0.007260000000002265,22419.8116525127,bench_add_reg_sym
193.87724,193.8845,0.007260000000002265,22393.18131935649,bench_add_reg_sym
194.08472,194.09198,0.007260000000002265,22401.28130885397,bench_add_reg_sym
194.2922,194.29946,0.007260000000002265,22405.239967634414,bench_add_reg_sym
194.49968,194.50694,0.007259999999973843,22402.764188511952,bench_add_reg_sym
194.70716,194.71442,0.007260000000002265,22433.855303103162,bench_add_reg_sym
194.91464,194.9219,0.007260000000002265,22413.72805788023,bench_add_reg_sym
195.12212,195.1294,0.007280000000008613,21937.990507601942,bench_add_reg_abs
195.32962,195.3369,0.007280000000008613,21940.83782846948,bench_add_reg_abs
195.5371,195.5444,0.0072999999999865395,22000.543051355562,bench_add_reg_abs
195.7446,195.7519,0.007300000000014961,21996.63589014336,bench_add_reg_abs
195.9521,195.95938,0.007280000000008613,21931.750429820666,bench_add_reg_abs
196.1596,196.16688,0.007279999999980191,21918.285151415825,bench_add_reg_abs
196.36708,196.37436,0.007280000000008613,21919.555773521595,bench_add_reg_abs
196.57456,196.58186,0.007300000000014961,22001.794148279216,bench_add_reg_abs
196.78206,196.78934,0.007280000000008613,21924.33672261447,bench_add_reg_abs
196.98956,196.99684,0.007279999999980191,21943.03366116716,bench_add_reg_abs
197.19706,197.20434,0.007280000000008613,21919.8523485348,bench_add_reg_abs
197.40454,197.41182,0.007280000000008613,21937.944395493134,bench_add_reg_abs
197.61204,197.61932,0.007279999999980191,21928.147762024553,bench_add_reg_abs
197.81952,197.8268,0.007279999999980191,21944.996502653517,bench_add_reg_abs
198.02702,198.0343,0.007280000000008613,21914.624518276505,bench_add_reg_abs
198.23452,198.2418,0.007280000000008613,21920.727365676536,bench_add_reg_abs
198.44202,198.4493,0.007279999999980191,21928.78132912512,bench_add_reg_abs
198.64952,198.6568,0.007280000000008613,21942.104182697076,bench_add_reg_abs
198.85702,198.8643,0.007279999999980191,21931.330843304168,bench_add_reg_abs
199.06452,199.07182,0.007300000000014961,21992.944662969705,bench_add_reg_abs
199.27204,199.27932,0.007280000000008613,21918.892804560095,bench_add_reg_abs
199.47952,199.4868,0.007279999999980191,21941.24020164374,bench_add_reg_abs
199.68702,199.6943,0.007280000000008613,21930.37713880392,bench_add_reg_abs
199.89452,199.9018,0.007280000000008613,21920.354326744837,bench_add_reg_abs
200.10202,200.1093,0.007279999999980191,21918.605032781503,bench_add_reg_abs
200.30952,200.3168,0.007280000000008613,21922.057862417518,bench_add_reg_abs
200.51702,200.5243,0.007280000000008613,21929.54218017661,bench_add_reg_abs
200.72452,200.7318,0.007279999999980191,21932.052241110978,bench_add_reg_abs
200.93204,200.93932,0.007280000000008613,21926.104659239736,bench_add_reg_abs
201.13954,201.14682,0.007279999999980191,21920.68350029468,bench_add_reg_abs
201.34704,201.35432,0.007280000000008613,21913.52181837652,bench_add_reg_abs
201.55454,201.56182,0.007280000000008613,21932.605961364792,bench_add_reg_abs
201.76204,201.76932,0.007279999999980191,21919.920467709977,bench_add_reg_abs
201.96954,201.97682,0.007280000000008613,21927.70099968428,bench_add_reg_abs
202.17706,202.18434,0.007279999999980191,21920.27531558516,bench_add_reg_abs
202.38456,202.39184,0.007280000000008613,21922.040116069013,bench_add_reg_abs
202.59206,202.59934,0.007280000000008613,21942.60585590084,bench_add_reg_abs
202.79956,202.80684,0.007279999999980191,21906.931635397734,bench_add_reg_abs
203.00706,203.01434,0.007280000000008613,21913.03683447421,bench_add_reg_abs
203.21456,203.22186,0.0072999999999865395,21995.136199944405,bench_add_reg_abs
203.42208,203.42936,0.007280000000008613,21934.614682130272,bench_add_reg_abs
203.62958,203.63686,0.007280000000008613,21927.894540154928,bench_add_reg_abs
203.83708,203.84436,0.007280000000008613,21919.79377300426,bench_add_reg_abs
204.04458,204.05186,0.007280000000008613,21939.197576164086,bench_add_reg_abs
204.25208,204.25936,0.007279999999980191,21915.773830782764,bench_add_reg_abs
204.45958,204.46686,0.007280000000008613,21930.523922224686,bench_add_reg_abs
204.66708,204.67436,0.007280000000008613,21919.908339645495,bench_add_reg_abs
204.8746,204.88188,0.007280000000008613,21930.128254489762,bench_add_reg_abs
205.0821,205.08938,0.007280000000008613,21913.069998870324,bench_add_reg_abs
205.2896,205.29688,0.007279999999980191,21945.30722679308,bench_add_reg_abs
205.4971,205.50438,0.007280000000008613,21927.379667781915,bench_add_reg_abs
205.7046,205.71188,0.007280000000008613,21920.851229249878,bench_add_reg_abs
205.9121,205.9194,0.0072999999999865395,21995.282371021134,bench_add_reg_abs
206.1196,206.1269,0.007300000000014961,21981.75564878222,bench_add_reg_abs
206.3271,206.3344,0.0072999999999865395,21994.848684368873,bench_add_reg_abs
206.53462,206.5419,0.007280000000008613,21926.715904870995,bench_add_reg_abs
206.74212,206.7494,0.007280000000008613,21925.43645857522,bench_add_reg_abs
206.94962,206.9569,0.007279999999980191,21932.272934294197,bench_add_reg_abs
207.15714,207.16442,0.007280000000008613,21922.28473492466,bench_add_reg_abs
207.36464,207.37192,0.007279999999980191,21922.96535701862,bench_add_reg_abs
207.57216,207.57944,0.007280000000008613,21907.279598551002,bench_add_reg_abs
207.77966,207.78694,0.007279999999980191,21955.051559430198,bench_add_reg_abs
207.98716,207.99444,0.007280000000008613,21932.743343083526,bench_add_reg_abs
208.19466,208.20194,0.007280000000008613,21938.553992683417,bench_add_reg_abs
208.40216,208.40946,0.0072999999999865395,21986.063141333445,bench_add_reg_abs
208.60966,208.61694,0.007280000000008613,21930.569193817075,bench_add_reg_abs
208.81716,208.82446,0.0072999999999865395,21975.069954021266,bench_add_reg_abs
209.02468,209.03196,0.007280000000008613,21930.101267087673,bench_add_reg_abs
209.23218,209.23946,0.007280000000008613,21938.595909181426,bench_add_reg_abs
209.43968,209.44696,0.007279999999980191,21924.960305855388,bench_add_reg_abs
209.64718,209.65446,0.007280000000008613,21914.118900920254,bench_add_reg_abs
209.85468,209.86196,0.007280000000008613,21922.311135593958,bench_add_reg_abs
210.06218,210.06946,0.007279999999980191,21934.903622545306,bench_add_reg_abs
210.2697,210.27698,0.007280000000008613,21931.972997290384,bench_add_reg_abs
210.4772,210.48448,0.007279999999980191,21930.433830652448,bench_add_reg_abs
210.6847,210.69198,0.007280000000008613,21910.046273866825,bench_add_reg_abs
210.89222,210.8995,0.007279999999980191,21923.075220487823,bench_add_reg_abs
211.09972,211.107,0.007280000000008613,21945.20561725591,bench_add_reg_abs
211.30722,211.3145,0.007280000000008613,21929.425022123385,bench_add_reg_abs
211.51472,211.522,0.007279999999980191,21934.3537091605,bench_add_reg_abs
211.72222,211.7295,0.007280000000008613,21925.906438872535,bench_add_reg_abs
211.92972,211.937,0.007280000000008613,21939.414362449857,bench_add_reg_abs
212.13722,212.14452,0.0072999999999865395,21984.168025624705,bench_add_reg_abs
212.34474,212.35202,0.007280000000008613,21936.72345954122,bench_add_reg_abs
212.55224,212.55952,0.007279999999980191,21917.191566839345,bench_add_reg_abs
212.75974,212.76702,0.007280000000008613,21924.038771566087,bench_add_reg_abs
212.96724,212.97452,0.007280000000008613,21929.38982511957,bench_add_reg_abs
213.17474,213.18202,0.007279999999980191,21912.71098091875,bench_add_reg_abs
213.38224,213.38952,0.007280000000008613,21928.764288339054,bench_add_reg_abs
213.58974,213.59702,0.007279999999980191,21925.157552991943,bench_add_reg_abs
213.79724,213.80452,0.007280000000008613,21942.288135207167,bench_add_reg_abs
214.00476,214.01204,0.007280000000008613,21909.193634080155,bench_add_reg_abs
214.21226,214.21954,0.007280000000008613,21918.875689181503,bench_add_reg_abs
214.41976,214.42704,0.007280000000008613,21917.227341351703,bench_add_reg_abs
214.62726,214.63454,0.007279999999980191,21899.940152594158,bench_add_reg_abs
214.83476,214.84204,0.007280000000008613,21914.896515688786,bench_add_reg_abs
215.04226,215.04954,0.007280000000008613,21925.6770587765,bench_add_reg_abs
215.24976,215.25704,0.007279999999980191,21928.840540288846,bench_add_reg_abs
215.45728,215.46456,0.007280000000008613,21901.45251110683,bench_add_reg_abs
215.66478,215.67206,0.007279999999980191,21929.867404919303,bench_add_reg_abs
215.87228,215.87534,0.0030600000000049477,7495.094952190801,bench_inc_reg
216.07556,216.07862,0.0030600000000049477,7489.829026178195,bench_inc_reg
216.27884,216.2819,0.0030600000000049477,7488.218904483557,bench_inc_reg
216.48212,216.48518,0.0030600000000049477,7495.871183931852,bench_inc_reg
216.6854,216.68846,0.0030600000000049477,7495.209167266365,bench_inc_reg
216.88868,216.89174,0.0030600000000049477,7494.355796388159,bench_inc_reg
217.09196,217.09502,0.0030600000000049477,7499.940737630218,bench_inc_reg
217.29524,217.2983,0.0030600000000049477,7490.432651258118,bench_inc_reg
217.49852,217.50158,0.003059999999976526,7501.217632021497,bench_inc_reg
217.7018,217.70486,0.0030600000000049477,7497.138676716672,bench_inc_reg
217.90508,217.90814,0.0030600000000049477,7497.517275639011,bench_inc_reg
218.10838,218.11144,0.003059999999976526,7480.384965826815,bench_inc_reg
218.31166,218.31472,0.0030600000000049477,7481.8342970856775,bench_inc_reg
218.51494,218.518,0.0030600000000049477,7489.750413238373,bench_inc_reg
218.71822,218.72128,0.0030600000000049477,7500.125295492365,bench_inc_reg
218.92152,218.92458,0.0030600000000049477,7479.26781421646,bench_inc_reg
219.1248,219.12786,0.0030600000000049477,7483.993894438853,bench_inc_reg
219.3281,219.33116,0.0030600000000049477,7478.979774760241,bench_inc_reg
219.53138,219.53444,0.003059999999976526,7493.693635266349,bench_inc_reg
219.73466,219.73772,0.0030600000000049477,7513.470228314498,bench_inc_reg
219.93794,219.941,0.0030600000000049477,7477.047971930923,bench_inc_reg
220.14124,220.1443,0.003059999999976526,7515.546930889353,bench_inc_reg
220.34452,220.34758,0.0030600000000049477,7491.288515759439,bench_inc_reg
220.5478,220.55086,0.0030600000000049477,7488.8862366942185,bench_inc_reg
220.75108,220.75414,0.0030600000000049477,7483.483429541385,bench_inc_reg
220.95436,220.95742,0.0030600000000049477,7490.717123734165,bench_inc_reg
221.15764,221.1607,0.0030600000000049477,7501.069598385008,bench_inc_reg
221.36092,221.36398,0.0030600000000049477,7491.5826018158705,bench_inc_reg
221.5642,221.56726,0.0030600000000049477,7492.209915085468,bench_inc_reg
221.76748,221.77054,0.0030600000000049477,7491.609989673173,bench_inc_reg
221.97076,221.97382,0.003059999999976526,7496.138664361048,bench_inc_reg
222.17404,222.1771,0.0030600000000049477,7493.730217700716,bench_inc_reg
222.37732,222.38038,0.0030600000000049477,7502.750400469026,bench_inc_reg
222.5806,222.58366,0.0030600000000049477,7488.829833466759,bench_inc_reg
222.78388,222.78694,0.003059999999976526,7480.686425632899,bench_inc_reg
222.98716,222.99022,0.0030600000000049477,7489.415672627342,bench_inc_reg
223.19044,223.1935,0.0030600000000049477,7508.528172052724,bench_inc_reg
223.39372,223.39678,0.0030600000000049477,7497.636275374853,bench_inc_reg
223.597,223.60006,0.0030600000000049477,7495.941934178637,bench_inc_reg
223.8003,223.80336,0.0030600000000049477,7491.984050738488,bench_inc_reg
224.00358,224.00664,0.0030600000000049477,7494.032830014482,bench_inc_reg
224.20686,224.20992,0.0030600000000049477,7487.680511558159,bench_inc_reg
224.41014,224.4132,0.003059999999976526,7482.720902121204,bench_inc_reg
224.61342,224.61648,0.0030600000000049477,7488.411124814339,bench_inc_reg
224.81672,224.81978,0.0030600000000049477,7487.32631561505,bench_inc_reg
225.02,225.02306,0.003059999999976526,7482.123565793893,bench_inc_reg
225.22326,225.22632,0.003059999999976526,7484.387291994755,bench_inc_reg
225.42654,225.4296,0.0030600000000049477,7501.633346566783,bench_inc_reg
225.62982,225.63288,0.0030600000000049477,7498.612795042658,bench_inc_reg
225.8331,225.83616,0.0030600000000049477,7484.606530061638,bench_inc_reg
226.03638,226.03944,0.0030600000000049477,7475.468288178962,bench_inc_reg
226.23966,226.24272,0.0030600000000049477,7500.648396110254,bench_inc_reg
226.44296,226.44602,0.0030600000000049477,7484.440263374172,bench_inc_reg
226.64624,226.6493,0.0030600000000049477,7483.231830419405,bench_inc_reg
226.84952,226.85258,0.003059999999976526,7483.015600524364,bench_inc_reg
227.0528,227.05586,0.0030600000000049477,7486.9993631882735,bench_inc_reg
227.25608,227.25914,0.0030600000000049477,7490.437012179352,bench_inc_reg
227.45936,227.46242,0.0030600000000049477,7503.147015823288,bench_inc_reg
227.66264,227.6657,0.003059999999976526,7495.898760325731,bench_inc_reg
227.86592,227.86898,0.0030600000000049477,7488.715897798523,bench_inc_reg
228.0692,228.07226,0.0030600000000049477,7507.37173018878,bench_inc_reg
228.27248,228.27554,0.0030600000000049477,7489.792604474765,bench_inc_reg
228.47576,228.47882,0.0030600000000049477,7517.143720765471,bench_inc_reg
228.67906,228.68212,0.0030600000000049477,7491.379934380941,bench_inc_reg
228.88234,228.8854,0.0030600000000049477,7472.219746572246,bench_inc_reg
229.08562,229.08868,0.0030600000000049477,7497.396355038589,bench_inc_reg
229.2889,229.29196,0.003059999999976526,7486.326147270196,bench_inc_reg
229.49218,229.49524,0.0030600000000049477,7487.884119637452,bench_inc_reg
229.69546,229.69852,0.0030600000000049477,7482.038906323855,bench_inc_reg
229.89876,229.90182,0.003059999999976526,7494.121377758303,bench_inc_reg
230.10204,230.1051,0.0030600000000049477,7494.51986981744,bench_inc_reg
230.30532,230.30838,0.0030600000000049477,7491.6717293847505,bench_inc_reg
230.5086,230.51166,0.0030600000000049477,7494.774658714193,bench_inc_reg
230.71188,230.71494,0.0030600000000049477,7493.826707366337,bench_inc_reg
230.91516,230.91822,0.0030600000000049477,7508.517408299625,bench_inc_reg
231.11844,231.1215,0.0030600000000049477,7496.950379589503,bench_inc_reg
231.32172,231.32478,0.0030600000000049477,7492.9031869547525,bench_inc_reg
231.525,231.52806,0.0030600000000049477,7486.728529920492,bench_inc_reg
231.72828,231.73134,0.003059999999976526,7482.632542894793,bench_inc_reg
231.93154,231.9346,0.003059999999976526,7493.740427240605,bench_inc_reg
232.13482,232.13788,0.0030600000000049477,7491.276965027765,bench_inc_reg
232.33808,232.34114,0.0030600000000049477,7490.699274949533,bench_inc_reg
232.54136,232.54442,0.0030600000000049477,7496.832471822065,bench_inc_reg
232.74464,232.7477,0.0030600000000049477,7482.901073537068,bench_inc_reg
232.9479,232.95096,0.0030600000000049477,7492.626924078134,bench_inc_reg
233.15118,233.15424,0.003059999999976526,7494.119049450472,bench_inc_reg
233.35444,233.3575,0.003059999999976526,7493.002642808836,bench_inc_reg
233.55772,233.56078,0.0030600000000049477,7491.4083467022465,bench_inc_reg
233.761,233.76406,0.0030600000000049477,7495.111930197571,bench_inc_reg
233.96426,233.96734,0.003080000000011296,7549.139801441209,bench_inc_reg
234.16754,234.1706,0.0030600000000049477,7492.265247283825,bench_inc_reg
234.37082,234.37388,0.0030600000000049477,7495.5267505754555,bench_inc_reg
234.5741,234.57716,0.0030600000000049477,7498.952248156058,bench_inc_reg
234.77738,234.78044,0.0030600000000049477,7507.124017009779,bench_inc_reg
234.98066,234.98372,0.0030600000000049477,7501.033402527312,bench_inc_reg
235.18394,235.187,0.0030600000000049477,7499.7892626641615,bench_inc_reg
235.38722,235.39028,0.003059999999976526,7495.7542400125885,bench_inc_reg
235.5905,235.59356,0.0030600000000049477,7473.695061651355,bench_inc_reg
235.79378,235.79684,0.0030600000000049477,7491.142968661125,bench_inc_reg
235.99706,236.00012,0.0030600000000049477,7487.847465100511,bench_inc_reg
236.20034,236.20762,0.007279999999980191,21805.75889994802,bench_inc_idx
236.40782,236.41512,0.007300000000014961,21882.349273702715,bench_inc_idx
236.61532,236.6226,0.007280000000008613,21839.873634768905,bench_inc_idx
236.82282,236.8301,0.007279999999980191,21738.10899018679,bench_inc_idx
237.03032,237.0376,0.007280000000008613,21735.11415955508,bench_inc_idx
237.23782,237.2451,0.007280000000008613,21747.68989442483,bench_inc_idx
237.4453,237.45258,0.007280000000008613,21785.52322325199,bench_inc_idx
237.6528,237.66008,0.007279999999980191,21821.578575701784,bench_inc_idx
237.8603,237.86758,0.007280000000008613,21823.089211273298,bench_inc_idx
238.06778,238.07506,0.007280000000008613,21783.32705984566,bench_inc_idx
238.27526,238.28254,0.007280000000008613,21727.430510825812,bench_inc_idx
238.48274,238.49002,0.007279999999980191,21749.263564060147,bench_inc_idx
238.69024,238.69752,0.007280000000008613,21771.30708240866,bench_inc_idx
238.89774,238.90502,0.007280000000008613,21820.88884062054,bench_inc_idx
239.10522,239.1125,0.007280000000008613,21807.380928681396,bench_inc_idx
239.3127,239.31998,0.007279999999980191,21853.047979470233,bench_inc_idx
239.5202,239.52748,0.007280000000008613,21699.137412971177,bench_inc_idx
239.72768,239.73496,0.007280000000008613,21737.63979461624,bench_inc_idx
239.93518,239.94246,0.007280000000008613,21727.33820977121,bench_inc_idx
240.14268,240.14996,0.007279999999980191,21786.95027011928,bench_inc_idx
240.35018,240.35746,0.007280000000008613,21832.758062543955,bench_inc_idx
240.55766,240.56496,0.007300000000014961,21871.83625534879,bench_inc_idx
240.76516,240.77244,0.007279999999980191,21801.972377520007,bench_inc_idx
240.97264,240.97992,0.007279999999980191,21752.724586922715,bench_inc_idx
241.18014,241.18742,0.007280000000008613,21740.535879536248,bench_inc_idx
241.38762,241.3949,0.007280000000008613,21791.676438903483,bench_inc_idx
241.59512,241.6024,0.007279999999980191,21807.98486334677,bench_inc_idx
241.8026,241.80988,0.007279999999980191,21842.180017788414,bench_inc_idx
242.0101,242.01738,0.007280000000008613,21809.180334703145,bench_inc_idx
242.21758,242.22486,0.007280000000008613,21757.470620818447,bench_inc_idx
242.42506,242.43234,0.007280000000008613,21731.15433196241,bench_inc_idx
242.63256,242.63984,0.007279999999980191,21761.360485045658,bench_inc_idx
242.84006,242.84734,0.007280000000008613,21783.650219466075,bench_inc_idx
243.04754,243.05482,0.007280000000008613,21837.686151290705,bench_inc_idx
243.25504,243.26232,0.007279999999980191,21802.339781946008,bench_inc_idx
243.46252,243.4698,0.007279999999980191,21815.45154418361,bench_inc_idx
243.67002,243.6773,0.007280000000008613,21725.553220628994,bench_inc_idx
243.87752,243.8848,0.007280000000008613,21749.184955867284,bench_inc_idx
244.085,244.09228,0.007279999999980191,21769.232943127434,bench_inc_idx
244.2925,244.29978,0.007280000000008613,21799.219809498165,bench_inc_idx
244.5,244.50728,0.007280000000008613,21821.858801437407,bench_inc_idx
244.70748,244.71476,0.007280000000008613,21836.02497915216,bench_inc_idx
244.91498,244.92226,0.007279999999980191,21737.401361984364,bench_inc_idx
245.12248,245.12976,0.007280000000008613,21743.850456573826,bench_inc_idx
245.32998,245.33726,0.007279999999980191,21714.22427048459,bench_inc_idx
245.53748,245.54476,0.007280000000008613,21784.356362211372,bench_inc_idx
245.74498,245.75226,0.007280000000008613,21805.80785267724,bench_inc_idx
245.95248,245.95976,0.007279999999980191,21821.904436157987,bench_inc_idx
246.15998,246.16726,0.007280000000008613,21806.463429264408,bench_inc_idx
246.36746,246.37476,0.007300000000014961,21794.10598478131,bench_inc_idx
246.57496,246.58224,0.007280000000008613,21726.31938245902,bench_inc_idx
246.78246,246.78974,0.007280000000008613,21759.28571962547,bench_inc_idx
246.98994,246.99722,0.007280000000008613,21796.297770950143,bench_inc_idx
247.19744,247.20472,0.007280000000008613,21841.77669466193,bench_inc_idx
247.40492,247.4122,0.007280000000008613,21810.950038514056,bench_inc_idx
247.61242,247.6197,0.007280000000008613,21745.287571131168,bench_inc_idx
247.8199,247.82718,0.007280000000008613,21745.399432285863,bench_inc_idx
248.0274,248.03468,0.007280000000008613,21728.634811033884,bench_inc_idx
248.2349,248.24218,0.007279999999980191,21768.61978130001,bench_inc_idx
248.44238,248.44966,0.007279999999980191,21827.98705057723,bench_inc_idx
248.64988,248.65716,0.007280000000008613,21795.685051498443,bench_inc_idx
248.85738,248.86466,0.007279999999980191,21844.818284672743,bench_inc_idx
249.06486,249.07214,0.007279999999980191,21706.550766186152,bench_inc_idx
249.27236,249.27964,0.007280000000008613,21743.681135150615,bench_inc_idx
249.47984,249.48712,0.007280000000008613,21744.140544929716,bench_inc_idx
249.68734,249.69462,0.007279999999980191,21793.8187834214,bench_inc_idx
249.89482,249.9021,0.007279999999980191,21802.463584984805,bench_inc_idx
250.10232,250.1096,0.007280000000008613,21839.632596847365,bench_inc_idx
250.30982,250.3171,0.007280000000008613,21752.63619052975,bench_inc_idx
250.5173,250.52458,0.007279999999980191,21742.48577089687,bench_inc_idx
250.7248,250.73208,0.007280000000008613,21708.514939556608,bench_inc_idx
250.9323,250.93958,0.007280000000008613,21765.36882764167,bench_inc_idx
251.13978,251.14706,0.007280000000008613,21822.662362853545,bench_inc_idx
251.34728,251.35456,0.007279999999980191,21797.725125155608,bench_inc_idx
251.55478,251.56206,0.007280000000008613,21823.213046907465,bench_inc_idx
251.76226,251.76954,0.007280000000008613,21725.946110696837,bench_inc_idx
251.96976,251.97704,0.007279999999980191,21734.241889730154,bench_inc_idx
252.17726,252.18454,0.007280000000008613,21746.20225096701,bench_inc_idx
252.38474,252.39202,0.007280000000008613,21779.556626016158,bench_inc_idx
252.59224,252.59952,0.007280000000008613,21844.976122984324,bench_inc_idx
252.79974,252.80702,0.007279999999980191,21798.28773712403,bench_inc_idx
253.00724,253.01452,0.007280000000008613,21805.207212479912,bench_inc_idx
253.21474,253.22202,0.007279999999980191,21721.669505292168,bench_inc_idx
253.42224,253.42952,0.007280000000008613,21746.58210252148,bench_inc_idx
253.62972,253.637,0.007280000000008613,21756.33988113163,bench_inc_idx
253.83722,253.8445,0.007280000000008613,21811.601924735496,bench_inc_idx
254.0447,254.052,0.0072999999999865395,21869.232591666187,bench_inc_idx
254.2522,254.25948,0.007280000000008613,21806.755499012954,bench_inc_idx
254.4597,254.46698,0.007280000000008613,21719.69999794386,bench_inc_idx
254.66718,254.67446,0.007280000000008613,21734.13673884144,bench_inc_idx
254.87468,254.88196,0.007279999999980191,21753.546884222345,bench_inc_idx
255.08218,255.08946,0.007280000000008613,21797.695432352193,bench_inc_idx
255.28966,255.29694,0.007280000000008613,21824.352815771148,bench_inc_idx
255.49716,255.50444,0.007279999999980191,21814.73963887907,bench_inc_idx
255.70464,255.71192,0.007279999999980191,21799.5511902799,bench_inc_idx
255.91214,255.91942,0.007280000000008613,21738.469062864388,bench_inc_idx
256.11964,256.12692,0.007279999999980191,21736.263325373955,bench_inc_idx
256.32714,256.33442,0.007280000000037035,21773.59113947087,bench_inc_idx
256.53462,256.5419,0.007279999999980191,21794.767107280382,bench_inc_idx
256.74212,256.7494,0.007279999999980191,21830.554238924014,bench_inc_idx
256.94962,256.95688,0.007260000000030686,22014.154140005787,bench_inc_sym
257.15708,257.16434,0.007259999999973843,22036.83073391384,bench_inc_sym
257.36456,257.37182,0.007260000000030686,22063.24435780448,bench_inc_sym
257.57202,257.57928,0.007259999999973843,22104.84674192067,bench_inc_sym
257.7795,257.78676,0.007260000000030686,22117.564755127638,bench_inc_sym
257.98696,257.99422,0.007259999999973843,22043.69884906958,bench_inc_sym
258.19442,258.20168,0.007260000000030686,22037.10830314958,bench_inc_sym
258.4019,258.40916,0.007259999999973843,22012.20417153707,bench_inc_sym
258.60938,258.61664,0.007260000000030686,22060.376503600964,bench_inc_sym
258.81684,258.8241,0.007259999999973843,22095.623568083396,bench_inc_sym
259.0243,259.03156,0.007260000000030686,22099.810566390428,bench_inc_sym
259.23178,259.23904,0.007259999999973843,22114.004120146063,bench_inc_sym
259.43924,259.4465,0.007260000000030686,22008.457700820993,bench_inc_sym
259.6467,259.65396,0.007259999999973843,22037.59301910922,bench_inc_sym
259.85418,259.86144,0.007260000000030686,22027.520374491316,bench_inc_sym
260.06166,260.06892,0.007259999999973843,22087.695880243144,bench_inc_sym
260.26914,260.2764,0.007260000000030686,22086.24028377464,bench_inc_sym
260.47662,260.48388,0.007259999999973843,22101.01146475344,bench_inc_sym
260.68408,260.69134,0.007260000000030686,22060.102638881704,bench_inc_sym
260.89156,260.89882,0.007259999999973843,22017.26184218602,bench_inc_sym
261.09904,261.1063,0.007259999999973843,22024.076499434126,bench_inc_sym
261.30652,261.31378,0.007260000000030686,22033.14371649575,bench_inc_sym
261.51398,261.52124,0.007259999999973843,22087.346736720217,bench_inc_sym
261.72146,261.7287,0.007240000000024338,22018.032148557133,bench_inc_sym
261.92892,261.93618,0.007259999999973843,22124.631001992777,bench_inc_sym
262.1364,262.14364,0.007240000000024338,21947.26025460324,bench_inc_sym
262.34386,262.35112,0.007259999999973843,22021.229762973922,bench_inc_sym
262.55132,262.55858,0.007260000000030686,22033.551917508124,bench_inc_sym
262.7588,262.76606,0.007259999999973843,22062.855081084195,bench_inc_sym
262.96628,262.97354,0.007260000000030686,22110.551663304203,bench_inc_sym
263.17374,263.181,0.007259999999973843,22087.62208689923,bench_inc_sym
263.38122,263.38848,0.007260000000030686,22084.70544555233,bench_inc_sym
263.58868,263.59594,0.007259999999973843,22001.775999003818,bench_inc_sym
263.79616,263.80342,0.007260000000030686,22029.032348755376,bench_inc_sym
264.00362,264.01088,0.007259999999973843,22041.790413122482,bench_inc_sym
264.2111,264.21834,0.007240000000024338,22024.618673684825,bench_inc_sym
264.41856,264.42582,0.007259999999973843,22109.370790340326,bench_inc_sym
264.62602,264.63328,0.007260000000030686,22094.235846405703,bench_inc_sym
264.83348,264.84074,0.007259999999973843,22027.732154735615,bench_inc_sym
265.04094,265.0482,0.007260000000030686,22015.78700692389,bench_inc_sym
265.24842,265.25566,0.007239999999967495,21971.5507304171,bench_inc_sym
265.45588,265.46314,0.007260000000030686,22058.13163900582,bench_inc_sym
265.66334,265.6706,0.007259999999973843,22094.8024605476,bench_inc_sym
265.87082,265.87806,0.007240000000024338,22014.132978002435,bench_inc_sym
266.07828,266.08554,0.007259999999973843,22083.118066581872,bench_inc_sym
266.28576,266.293,0.007240000000024338,21960.40869698614,bench_inc_sym
266.49322,266.50048,0.007259999999973843,22010.713789997495,bench_inc_sym
266.7007,266.70794,0.007240000000024338,21976.535318034283,bench_inc_sym
266.90816,266.91542,0.007259999999973843,22062.422761143796,bench_inc_sym
267.11562,267.12288,0.007260000000030686,22109.624447865564,bench_inc_sym
267.3231,267.33036,0.007259999999973843,22099.19725071106,bench_inc_sym
267.53058,267.53784,0.007260000000030686,22032.120146419005,bench_inc_sym
267.73806,267.74532,0.007259999999973843,22014.150391250216,bench_inc_sym
267.94552,267.95278,0.007260000000030686,22011.662228130368,bench_inc_sym
268.153,268.16026,0.007259999999973843,22062.52623574022,bench_inc_sym
268.36046,268.36772,0.007260000000030686,22086.99516729189,bench_inc_sym
268.56794,268.5752,0.007259999999973843,22083.791363899705,bench_inc_sym
268.77542,268.78268,0.007260000000030686,22103.343911095148,bench_inc_sym
268.9829,268.99016,0.007260000000030686,21994.693761326293,bench_inc_sym
269.19038,269.19764,0.007259999999973843,22009.760546415502,bench_inc_sym
269.39786,269.40512,0.007260000000030686,22025.76105027494,bench_inc_sym
269.60534,269.6126,0.007259999999973843,22064.807112245373,bench_inc_sym
269.81282,269.82008,0.007260000000030686,22099.873989456646,bench_inc_sym
270.0203,270.02756,0.007259999999973843,22095.41464914393,bench_inc_sym
270.22778,270.23504,0.007260000000030686,22075.70708366209,bench_inc_sym
270.43526,270.44252,0.007259999999973843,22122.602155354605,bench_inc_sym
270.64274,270.65,0.007259999999973843,21983.436532235424,bench_inc_sym
270.85022,270.85748,0.007260000000030686,22093.22489575453,bench_inc_sym
271.0577,271.06496,0.007259999999973843,22323.44005016189,bench_inc_sym
271.26518,271.27244,0.007260000000030686,22479.294408211405,bench_inc_sym
271.47266,271.47992,0.007259999999973843,22470.316670288972,bench_inc_sym
271.68014,271.6874,0.007260000000030686,22331.51379051312,bench_inc_sym
271.88762,271.89488,0.007259999999973843,22326.84776178585,bench_inc_sym
272.09508,272.10234,0.007260000000030686,22296.24869777289,bench_inc_sym
272.30256,272.30982,0.007259999999973843,22235.89206805237,bench_inc_sym
272.51004,272.51728,0.007240000000024338,22083.581076075952,bench_inc_sym
272.7175,272.72476,0.007260000000030686,22118.042004389714,bench_inc_sym
272.92498,272.93222,0.007239999999967495,21968.42566588417,bench_inc_sym
273.13244,273.1397,0.007260000000030686,22008.92814212141,bench_inc_sym
273.33992,273.34718,0.007259999999973843,22027.47989903905,bench_inc_sym
273.54738,273.55464,0.007260000000030686,22053.121372689286,bench_inc_sym
273.75486,273.76212,0.007259999999973843,22100.782308171983,bench_inc_sym
273.96234,273.9696,0.007260000000030686,22078.687851423227,bench_inc_sym
274.16982,274.17706,0.007239999999967495,22035.22813263159,bench_inc_sym
274.37728,274.38454,0.007260000000030686,21997.566612061335,bench_inc_sym
274.58476,274.59202,0.007259999999973843,22023.315371397606,bench_inc_sym
274.79224,274.7995,0.007260000000030686,22019.15963329237,bench_inc_sym
274.99972,275.00698,0.007259999999973843,22044.220503807148,bench_inc_sym
275.2072,275.21446,0.007259999999973843,22074.116475329873,bench_inc_sym
275.41468,275.42194,0.007260000000030686,22015.99724600678,bench_inc_sym
275.62216,275.62942,0.007259999999973843,21996.50195652023,bench_inc_sym
275.82964,275.8369,0.007260000000030686,21921.14556451095,bench_inc_sym
276.03712,276.04438,0.007259999999973843,21968.05145349944,bench_inc_sym
276.24458,276.25184,0.007260000000030686,22043.63344479268,bench_inc_sym
276.45206,276.45932,0.007259999999973843,22094.007842159506,bench_inc_sym
276.65954,276.6668,0.007260000000030686,22092.289107479726,bench_inc_sym
276.86702,276.87428,0.007259999999973843,22086.17374991583,bench_inc_sym
277.0745,277.08174,0.007240000000024338,21713.54311991228,bench_inc_sym
277.28196,277.28922,0.007259999999973843,21792.36256742201,bench_inc_sym
277.48944,277.4967,0.007259999999973843,22097.514253027188,bench_inc_sym
277.69694,277.70422,0.007280000000037035,22636.961701917236,bench_inc_abs
277.90444,277.91172,0.007279999999980191,22022.33540352929,bench_inc_abs
278.11194,278.11922,0.007279999999980191,21965.300287057697,bench_inc_abs
278.31942,278.3267,0.007280000000037035,22147.116698442383,bench_inc_abs
278.52692,278.5342,0.007279999999980191,22642.75927089427,bench_inc_abs
278.73442,278.7417,0.007279999999980191,22686.03012890702,bench_inc_abs
278.94192,278.94918,0.007260000000030686,21924.446129798715,bench_inc_abs
279.14942,279.15668,0.007259999999973843,21790.4861084277,bench_inc_abs
279.3569,279.36418,0.007279999999980191,21840.148228163314,bench_inc_abs
279.5644,279.57168,0.007280000000037035,21807.700893954257,bench_inc_abs
279.7719,279.77916,0.007259999999973843,21679.526364807,bench_inc_abs
279.97938,279.98666,0.007279999999980191,21700.352199784484,bench_inc_abs
280.18688,280.19416,0.007280000000037035,21703.8746481993,bench_inc_abs
280.39438,280.40166,0.007279999999980191,21753.85609495514,bench_inc_abs
280.60186,280.60914,0.007280000000037035,21833.63143366229,bench_inc_abs
280.80936,280.81664,0.007279999999980191,21859.51150248786,bench_inc_abs
281.01686,281.02412,0.007259999999973843,21796.677804006846,bench_inc_abs
281.22434,281.23162,0.007280000000037035,21738.713423374364,bench_inc_abs
281.43182,281.4391,0.007279999999980191,21724.83806724343,bench_inc_abs
281.63932,281.6466,0.007279999999980191,21718.373498823043,bench_inc_abs
281.8468,281.85408,0.007280000000037035,21776.52839350101,bench_inc_abs
282.0543,282.06156,0.007259999999973843,21740.220237899764,bench_inc_abs
282.26178,282.26906,0.007280000000037035,21827.28250755412,bench_inc_abs
282.46926,282.47654,0.007279999999980191,21746.084806444014,bench_inc_abs
282.67676,282.68404,0.007279999999980191,21760.157232578513,bench_inc_abs
282.88426,282.89152,0.007260000000030686,21643.794013746967,bench_inc_abs
283.09174,283.09902,0.007279999999980191,21777.905744897587,bench_inc_abs
283.29924,283.30652,0.007279999999980191,21787.3537400178,bench_inc_abs
283.50674,283.514,0.007260000000030686,21761.07554240352,bench_inc_abs
283.71422,283.7215,0.007279999999980191,21815.443939931443,bench_inc_abs
283.92172,283.92898,0.007260000000030686,21672.92206324986,bench_inc_abs
284.1292,284.13648,0.007279999999980191,21758.45998099946,bench_inc_abs
284.3367,284.34398,0.007279999999980191,21780.360378260408,bench_inc_abs
284.5442,284.55146,0.007260000000030686,21782.111455782288,bench_inc_abs
284.75168,284.75896,0.007279999999980191,21900.035208029713,bench_inc_abs
284.95918,284.96646,0.007279999999980191,21895.134549059785,bench_inc_abs
285.16668,285.17394,0.007260000000030686,21800.314732927054,bench_inc_abs
285.37416,285.38144,0.007279999999980191,21951.802207561555,bench_inc_abs
285.58166,285.58894,0.007279999999980191,21973.11577846651,bench_inc_abs
285.78914,285.79642,0.007280000000037035,21936.068544277092,bench_inc_abs
285.99664,286.00392,0.007279999999980191,21934.218346075188,bench_inc_abs
286.20412,286.2114,0.007280000000037035,21840.081049715656,bench_inc_abs
286.41162,286.4189,0.007279999999980191,21832.009069566167,bench_inc_abs
286.6191,286.62638,0.007279999999980191,21579.68124601344,bench_inc_abs
286.82658,286.83386,0.007280000000037035,21583.366377866754,bench_inc_abs
287.03408,287.04136,0.007279999999980191,21530.610560369194,bench_inc_abs
287.24156,287.24884,0.007279999999980191,21616.84184794738,bench_inc_abs
287.44906,287.45632,0.007260000000030686,21604.70678247787,bench_inc_abs
287.65654,287.66382,0.007279999999980191,21715.60230193186,bench_inc_abs
287.86402,287.8713,0.007280000000037035,21672.944049466725,bench_inc_abs
288.0715,288.07878,0.007279999999980191,21605.618277034027,bench_inc_abs
288.279,288.28626,0.007260000000030686,21624.85987190778,bench_inc_abs
288.48648,288.49376,0.007280000000037035,21952.208259722363,bench_inc_abs
288.69396,288.70124,0.007279999999980191,21999.149231644256,bench_inc_abs
288.90146,288.90872,0.007260000000030686,21700.13631937158,bench_inc_abs
289.10894,289.11622,0.007279999999980191,21749.098889931276,bench_inc_abs
289.31642,289.3237,0.007279999999980191,21716.535650136997,bench_inc_abs
289.5239,289.53118,0.007279999999980191,21738.21319819328,bench_inc_abs
289.7314,289.73868,0.007279999999980191,21774.837081261496,bench_inc_abs
289.93888,289.94616,0.007280000000037035,21814.458749836227,bench_inc_abs
290.14638,290.15366,0.007279999999980191,21882.98824469842,bench_inc_abs
290.35386,290.36114,0.007279999999980191,21864.686529093753,bench_inc_abs
290.56136,290.56864,0.007280000000037035,21880.006184916972,bench_inc_abs
290.76886,290.77612,0.007259999999973843,21746.937851335802,bench_inc_abs
290.97634,290.98362,0.007279999999980191,21827.971376425197,bench_inc_abs
291.18382,291.1911,0.007279999999980191,21813.748881622083,bench_inc_abs
291.39132,291.39858,0.007259999999973843,21751.270457093608,bench_inc_abs
291.5988,291.60608,0.007280000000037035,21846.118078222393,bench_inc_abs
291.80628,291.81356,0.007279999999980191,21772.52931746576,bench_inc_abs
292.01378,292.02106,0.007279999999980191,21698.39187287188,bench_inc_abs
292.22126,292.22854,0.007280000000037035,21737.925929601188,bench_inc_abs
292.42876,292.43604,0.007279999999980191,21675.515328469013,bench_inc_abs
292.63626,292.64354,0.007279999999980191,21724.97160028401,bench_inc_abs
292.84376,292.85104,0.007280000000037035,21775.88054456396,bench_inc_abs
293.05124,293.05852,0.007279999999980191,21798.649807396167,bench_inc_abs
293.25874,293.26602,0.007280000000037035,21825.57096483382,bench_inc_abs
293.46624,293.47352,0.007279999999980191,21772.228283744887,bench_inc_abs
293.67374,293.68102,0.007279999999980191,21774.455525381636,bench_inc_abs
293.88124,293.88852,0.007280000000037035,21722.159136667535,bench_inc_abs
294.08872,294.096,0.007279999999980191,21832.393205194476,bench_inc_abs
294.29622,294.3035,0.007279999999980191,21822.634360220083,bench_inc_abs
294.50372,294.511,0.007280000000037035,21826.378905792666,bench_inc_abs
294.71122,294.71848,0.007259999999973843,21734.941068483895,bench_inc_abs
294.9187,294.92598,0.007279999999980191,21776.211545740593,bench_inc_abs
295.1262,295.13348,0.007280000000037035,21816.914745251986,bench_inc_abs
295.3337,295.34098,0.007279999999980191,21822.731774231772,bench_inc_abs
295.54118,295.54846,0.007279999999980191,21879.073823745388,bench_inc_abs
295.74868,295.75596,0.007280000000037035,21887.085295866553,bench_inc_abs
295.95616,295.96344,0.007279999999980191,21913.36665063095,bench_inc_abs
296.16366,296.17094,0.007279999999980191,21806.879190206004,bench_inc_abs
296.37116,296.37844,0.007280000000037035,21844.11621663954,bench_inc_abs
296.57866,296.58592,0.007259999999973843,21769.468840131078,bench_inc_abs
296.78614,296.79342,0.007280000000037035,21850.61053618169,bench_inc_abs
296.99362,297.0009,0.007279999999980191,21850.31927184134,bench_inc_abs
297.2011,297.20838,0.007279999999980191,21878.60544997545,bench_inc_abs
297.4086,297.41588,0.007280000000037035,21800.699210848423,bench_inc_abs
297.6161,297.62338,0.007279999999980191,21812.9547684674,bench_inc_abs
297.82358,297.83086,0.007279999999980191,21816.991963365213,bench_inc_abs
298.03108,298.03834,0.007260000000030686,21805.75285814639,bench_inc_abs
298.23856,298.24584,0.007279999999980191,21875.070268215546,bench_inc_abs
298.44606,298.4491,0.0030399999999985994,7381.75963750576,bench_rlam_1_reg
298.6493,298.65234,0.0030399999999985994,7367.471470508568,bench_rlam_1_reg
298.85256,298.8556,0.0030399999999985994,7372.122036763903,bench_rlam_1_reg
299.0558,299.05884,0.0030399999999985994,7388.414130557315,bench_rlam_1_reg
299.25906,299.2621,0.0030399999999985994,7376.9686394459595,bench_rlam_1_reg
299.46232,299.46536,0.0030399999999985994,7364.81750151596,bench_rlam_1_reg
299.66558,299.66862,0.0030399999999985994,7373.027205470832,bench_rlam_1_reg
299.86882,299.87186,0.0030399999999985994,7393.392103228472,bench_rlam_1_reg
300.07208,300.07512,0.0030399999999985994,7342.645274445551,bench_rlam_1_reg
300.27534,300.27838,0.0030399999999985994,7345.378382574071,bench_rlam_1_reg
300.47858,300.48162,0.0030399999999985994,7387.13122436227,bench_rlam_1_reg
300.68184,300.68488,0.0030399999999985994,7372.511727709088,bench_rlam_1_reg
300.88508,300.88812,0.0030399999999985994,7365.863851716451,bench_rlam_1_reg
301.08834,301.09138,0.0030399999999985994,7370.665492473909,bench_rlam_1_reg
301.2916,301.29464,0.0030399999999985994,7378.588281553305,bench_rlam_1_reg
301.49486,301.4979,0.0030399999999985994,7389.228362576512,bench_rlam_1_reg
301.69812,301.70116,0.0030399999999985994,7376.141147673774,bench_rlam_1_reg
301.90138,301.90442,0.0030399999999985994,7377.392449400738,bench_rlam_1_reg
302.10464,302.10768,0.0030399999999985994,7374.481405113062,bench_rlam_1_reg
302.3079,302.31094,0.0030399999999985994,7367.648973577218,bench_rlam_1_reg
302.51116,302.5142,0.0030399999999985994,7379.227476181569,bench_rlam_1_reg
302.7144,302.71744,0.0030399999999985994,7378.179179494252,bench_rlam_1_reg
302.91766,302.9207,0.0030399999999985994,7394.344573827519,bench_rlam_1_reg
303.12092,303.12396,0.0030399999999985994,7364.015700288445,bench_rlam_1_reg
303.32418,303.32722,0.0030399999999985994,7355.539058320735,bench_rlam_1_reg
303.52744,303.53048,0.0030399999999985994,7377.717930347061,bench_rlam_1_reg
303.73072,303.73376,0.0030399999999985994,7388.664141748761,bench_rlam_1_reg
303.93396,303.93702,0.0030600000000049477,7438.910356730501,bench_rlam_1_reg
304.13722,304.14026,0.0030399999999985994,7386.08148646009,bench_rlam_1_reg
304.34048,304.34352,0.0030399999999985994,7378.34177677539,bench_rlam_1_reg
304.54374,304.54678,0.0030399999999985994,7387.499019959658,bench_rlam_1_reg
304.747,304.75004,0.0030399999999985994,7383.4498226585365,bench_rlam_1_reg
304.95024,304.95328,0.0030399999999985994,7390.217012722661,bench_rlam_1_reg
305.1535,305.15654,0.0030399999999985994,7366.406293585886,bench_rlam_1_reg
305.35676,305.3598,0.0030399999999985994,7367.886523712777,bench_rlam_1_reg
305.56002,305.56306,0.0030399999999985994,7364.978739059131,bench_rlam_1_reg
305.76326,305.7663,0.0030399999999985994,7386.518246494792,bench_rlam_1_reg
305.96652,305.96956,0.0030399999999985994,7374.469500503441,bench_rlam_1_reg
306.16978,306.17282,0.0030399999999985994,7365.198684861574,bench_rlam_1_reg
306.37302,306.37606,0.0030399999999985994,7392.114284446359,bench_rlam_1_reg
306.57628,306.57932,0.0030399999999985994,7366.288206538876,bench_rlam_1_reg
306.77952,306.78256,0.0030399999999985994,7397.123489067556,bench_rlam_1_reg
306.98278,306.98582,0.0030399999999985994,7379.817131442057,bench_rlam_1_reg
307.18602,307.18906,0.0030399999999985994,7372.331395751076,bench_rlam_1_reg
307.38928,307.39232,0.0030399999999985994,7356.133358555468,bench_rlam_1_reg
307.59252,307.59556,0.0030399999999985994,7375.5461024235265,bench_rlam_1_reg
307.79578,307.79882,0.0030399999999985994,7377.56091868995,bench_rlam_1_reg
307.99902,308.00206,0.0030399999999985994,7381.62335940468,bench_rlam_1_reg
308.20228,308.20532,0.0030399999999985994,7370.17278560112,bench_rlam_1_reg
308.40552,308.40856,0.0030399999999985994,7377.696528539801,bench_rlam_1_reg
308.60876,308.6118,0.0030399999999985994,7378.079129829384,bench_rlam_1_reg
308.81202,308.81506,0.0030399999999985994,7371.034016814453,bench_rlam_1_reg
309.01526,309.0183,0.0030399999999985994,7389.461081469228,bench_rlam_1_reg
309.21852,309.22156,0.0030399999999985994,7385.236562691372,bench_rlam_1_reg
309.42176,309.4248,0.0030399999999985994,7377.759455695334,bench_rlam_1_reg
309.625,309.62804,0.0030399999999985994,7386.502097364262,bench_rlam_1_reg
309.82826,309.8313,0.0030399999999985994,7372.951046562407,bench_rlam_1_reg
310.0315,310.03454,0.0030399999999985994,7371.957064608967,bench_rlam_1_reg
310.23474,310.23778,0.0030399999999985994,7362.452992248569,bench_rlam_1_reg
310.43798,310.44102,0.0030399999999985994,7385.029857984523,bench_rlam_1_reg
310.64124,310.64428,0.0030399999999985994,7366.767758511657,bench_rlam_1_reg
310.8445,310.84754,0.0030399999999985994,7381.769148636921,bench_rlam_1_reg
311.04774,311.05078,0.0030399999999985994,7366.255910607653,bench_rlam_1_reg
311.25098,311.25402,0.0030399999999985994,7380.618683500648,bench_rlam_1_reg
311.45424,311.45728,0.0030399999999985994,7367.800013135901,bench_rlam_1_reg
311.65748,311.66052,0.0030399999999985994,7364.572430942467,bench_rlam_1_reg
311.86074,311.86378,0.0030399999999985994,7381.42939283346,bench_rlam_1_reg
312.06398,312.06702,0.0030399999999985994,7370.6411826327185,bench_rlam_1_reg
312.26722,312.27026,0.0030399999999985994,7358.064937869468,bench_rlam_1_reg
312.47046,312.4735,0.0030399999999985994,7368.662303777315,bench_rlam_1_reg
312.67372,312.67676,0.0030399999999985994,7379.558277317924,bench_rlam_1_reg
312.87696,312.88,0.0030399999999985994,7375.720776619265,bench_rlam_1_reg
313.0802,313.08324,0.0030399999999985994,7385.906935668106,bench_rlam_1_reg
313.28344,313.28648,0.0030399999999985994,7372.533679012061,bench_rlam_1_reg
313.48668,313.48972,0.0030399999999985994,7377.118950252281,bench_rlam_1_reg
313.68994,313.69298,0.0030399999999985994,7368.3312931170385,bench_rlam_1_reg
313.89318,313.89622,0.003040000000055443,7370.922018453815,bench_rlam_1_reg
314.09642,314.09946,0.0030399999999985994,7372.197217749585,bench_rlam_1_reg
314.29968,314.30272,0.0030399999999985994,7366.706724251741,bench_rlam_1_reg
314.50292,314.50596,0.0030399999999985994,7368.858295940983,bench_rlam_1_reg
314.70618,314.70922,0.0030399999999985994,7371.880684498587,bench_rlam_1_reg
314.90942,314.91246,0.0030399999999985994,7371.111765962182,bench_rlam_1_reg
315.11266,315.1157,0.0030399999999985994,7371.881739233076,bench_rlam_1_reg
315.31592,315.31896,0.0030399999999985994,7363.310994113596,bench_rlam_1_reg
315.51916,315.5222,0.0030399999999985994,7369.112134908673,bench_rlam_1_reg
315.72242,315.72546,0.0030399999999985994,7363.0582634314505,bench_rlam_1_reg
315.92566,315.9287,0.0030399999999985994,7379.662557507387,bench_rlam_1_reg
316.12892,316.13196,0.0030399999999985994,7383.822037373323,bench_rlam_1_reg
316.33218,316.33522,0.0030399999999985994,7361.037509985718,bench_rlam_1_reg
316.53542,316.53846,0.0030399999999985994,7378.890197736171,bench_rlam_1_reg
316.73868,316.74172,0.0030399999999985994,7361.852058679196,bench_rlam_1_reg
316.94192,316.94496,0.0030399999999985994,7391.781054909513,bench_rlam_1_reg
317.14518,317.14822,0.0030399999999985994,7375.148057478596,bench_rlam_1_reg
317.34844,317.35148,0.0030399999999985994,7362.320343969183,bench_rlam_1_reg
317.55168,317.55472,0.0030399999999985994,7371.101006873743,bench_rlam_1_reg
317.75494,317.75798,0.0030399999999985994,7372.031232819121,bench_rlam_1_reg
317.9582,317.96124,0.0030399999999985994,7364.64194721491,bench_rlam_1_reg
318.16146,318.1645,0.0030399999999985994,7355.946570175578,bench_rlam_1_reg
318.3647,318.36774,0.0030399999999985994,7353.038205739873,bench_rlam_1_reg
318.56796,318.571,0.0030399999999985994,7366.468855151191,bench_rlam_1_reg
318.77122,318.77492,0.0036999999999807187,8859.22844282455,bench_rlam_2_reg
318.97512,318.97882,0.0036999999999807187,8889.817513935832,bench_rlam_2_reg
319.17904,319.18272,0.003680000000031214,8807.05335884268,bench_rlam_2_reg
319.38292,319.38662,0.0036999999999807187,8862.90537653645,bench_rlam_2_reg
319.58684,319.59052,0.003680000000031214,8882.47830800833,bench_rlam_2_reg
319.79074,319.79442,0.0036799999999743704,8840.935248802225,bench_rlam_2_reg
319.99462,319.99832,0.0036999999999807187,8910.05778215138,bench_rlam_2_reg
320.19852,320.2022,0.003680000000031214,8928.067772739772,bench_rlam_2_reg
320.40242,320.4061,0.0036799999999743704,8972.086480287857,bench_rlam_2_reg
320.60632,320.61,0.003680000000031214,8879.58495187657,bench_rlam_2_reg
320.81022,320.8139,0.0036799999999743704,8850.09883663657,bench_rlam_2_reg
321.01412,321.0178,0.003680000000031214,8842.738389583841,bench_rlam_2_reg
321.21802,321.2217,0.0036799999999743704,8885.195411193186,bench_rlam_2_reg
321.42192,321.4256,0.0036799999999743704,8917.227294239727,bench_rlam_2_reg
321.62582,321.6295,0.003680000000031214,9046.746902262414,bench_rlam_2_reg
321.82972,321.8334,0.0036799999999743704,9264.190052574002,bench_rlam_2_reg
322.03362,322.0373,0.003680000000031214,9132.690336641035,bench_rlam_2_reg
322.23752,322.2412,0.0036799999999743704,9008.675937002545,bench_rlam_2_reg
322.44142,322.4451,0.003680000000031214,8785.602848589962,bench_rlam_2_reg
322.6453,322.649,0.0036999999999807187,8778.232710841354,bench_rlam_2_reg
322.8492,322.85288,0.003680000000031214,8704.45427725333,bench_rlam_2_reg
323.0531,323.05678,0.003680000000031214,8722.393331212292,bench_rlam_2_reg
323.257,323.26068,0.0036799999999743704,8756.152286591416,bench_rlam_2_reg
323.4609,323.46458,0.003680000000031214,8784.753554588195,bench_rlam_2_reg
323.66478,323.66848,0.0036999999999807187,8861.914495886767,bench_rlam_2_reg
323.86868,323.87238,0.003700000000037562,8894.834024933998,bench_rlam_2_reg
324.07258,324.07626,0.0036799999999743704,8858.335725886083,bench_rlam_2_reg
324.27648,324.28016,0.003680000000031214,8859.495264558707,bench_rlam_2_reg
324.48038,324.48406,0.0036799999999743704,8840.214204894526,bench_rlam_2_reg
324.68426,324.68794,0.003680000000031214,8850.127202537218,bench_rlam_2_reg
324.88816,324.89184,0.0036799999999743704,8844.9947744688,bench_rlam_2_reg
325.09204,325.09574,0.0036999999999807187,8892.153715668286,bench_rlam_2_reg
325.29594,325.29964,0.003700000000037562,8879.549491794545,bench_rlam_2_reg
325.49984,325.50352,0.0036799999999743704,8828.847480410706,bench_rlam_2_reg
325.70374,325.70742,0.003680000000031214,8828.044252093525,bench_rlam_2_reg
325.90764,325.91132,0.0036799999999743704,8809.441577114354,bench_rlam_2_reg
326.11154,326.11522,0.003680000000031214,8821.141575537056,bench_rlam_2_reg
326.31544,326.31914,0.0036999999999807187,8884.432017739171,bench_rlam_2_reg
326.51936,326.52304,0.0036799999999743704,8851.715088760246,bench_rlam_2_reg
326.72324,326.72694,0.003700000000037562,8914.657153758008,bench_rlam_2_reg
326.92714,326.93084,0.0036999999999807187,8927.349033715911,bench_rlam_2_reg
327.13104,327.13472,0.003680000000031214,8892.5664686491,bench_rlam_2_reg
327.33494,327.33862,0.0036799999999743704,8914.198395722564,bench_rlam_2_reg
327.53882,327.54252,0.003700000000037562,8921.28099231861,bench_rlam_2_reg
327.74272,327.74642,0.0036999999999807187,8894.258087909273,bench_rlam_2_reg
327.94662,327.95032,0.0036999999999807187,8980.176676954654,bench_rlam_2_reg
328.15052,328.15422,0.003700000000037562,9009.41310461537,bench_rlam_2_reg
328.35444,328.35812,0.0036799999999743704,8904.55426874086,bench_rlam_2_reg
328.55834,328.56202,0.003680000000031214,8838.603859850635,bench_rlam_2_reg
328.76222,328.76592,0.0036999999999807187,8847.325891204395,bench_rlam_2_reg
328.96612,328.96982,0.003700000000037562,8839.6712346943,bench_rlam_2_reg
329.17002,329.1737,0.0036799999999743704,8821.098359684369,bench_rlam_2_reg
329.37392,329.3776,0.0036799999999743704,8845.802994847436,bench_rlam_2_reg
329.57782,329.58152,0.003700000000037562,8901.48716989521,bench_rlam_2_reg
329.78174,329.78542,0.0036799999999743704,8855.122050667222,bench_rlam_2_reg
329.98564,329.98932,0.003680000000031214,8875.47943283642,bench_rlam_2_reg
330.18954,330.19322,0.0036799999999743704,8889.936972330303,bench_rlam_2_reg
330.39344,330.39712,0.0036799999999743704,8896.52692474576,bench_rlam_2_reg
330.59734,330.60102,0.003680000000031214,8871.426535855997,bench_rlam_2_reg
330.80124,330.80492,0.0036799999999743704,8889.345936415826,bench_rlam_2_reg
331.00514,331.00882,0.003680000000031214,8868.681723338914,bench_rlam_2_reg
331.20904,331.21272,0.0036799999999743704,8873.49832096845,bench_rlam_2_reg
331.41292,331.4166,0.003680000000031214,8863.278101282096,bench_rlam_2_reg
331.61682,331.6205,0.0036799999999743704,8935.205766390545,bench_rlam_2_reg
331.82072,331.8244,0.003680000000031214,8931.240628085658,bench_rlam_2_reg
332.02462,332.0283,0.0036799999999743704,8909.714450048885,bench_rlam_2_reg
332.22852,332.2322,0.0036799999999743704,8910.981062729752,bench_rlam_2_reg
332.43242,332.4361,0.003680000000031214,8904.60680946342,bench_rlam_2_reg
332.63632,332.64,0.0036799999999743704,8914.550903644213,bench_rlam_2_reg
332.84022,332.8439,0.003680000000031214,8879.419488443704,bench_rlam_2_reg
333.04412,333.0478,0.0036799999999743704,8880.890014044699,bench_rlam_2_reg
333.24802,333.2517,0.003680000000031214,8874.85907420151,bench_rlam_2_reg
333.4519,333.4556,0.0036999999999807187,8909.018398198083,bench_rlam_2_reg
333.6558,333.6595,0.0036999999999807187,8916.224758099943,bench_rlam_2_reg
333.85972,333.8634,0.003680000000031214,8836.915693329633,bench_rlam_2_reg
334.0636,334.0673,0.0036999999999807187,8908.093611198414,bench_rlam_2_reg
334.2675,334.2712,0.003700000000037562,8913.991719113234,bench_rlam_2_reg
334.4714,334.4751,0.0036999999999807187,8904.838233657954,bench_rlam_2_reg
334.67532,334.679,0.0036799999999743704,8852.131001126461,bench_rlam_2_reg
334.87922,334.8829,0.003680000000031214,8855.324408591565,bench_rlam_2_reg
335.08312,335.0868,0.0036799999999743704,8866.964573906096,bench_rlam_2_reg
335.28702,335.2907,0.003680000000031214,8871.898923620085,bench_rlam_2_reg
335.49092,335.4946,0.0036799999999743704,8861.59365058206,bench_rlam_2_reg
335.69482,335.6985,0.003680000000031214,8873.193226834199,bench_rlam_2_reg
335.89872,335.9024,0.0036799999999743704,8867.014190102505,bench_rlam_2_reg
336.10262,336.1063,0.0036799999999743704,8868.920211614248,bench_rlam_2_reg
336.30652,336.3102,0.003680000000031214,8858.301765371076,bench_rlam_2_reg
336.51042,336.5141,0.0036799999999743704,8849.578150479343,bench_rlam_2_reg
336.71432,336.718,0.003680000000031214,8869.181997227903,bench_rlam_2_reg
336.91822,336.9219,0.0036799999999743704,8860.575857032512,bench_rlam_2_reg
337.12212,337.1258,0.003680000000031214,8855.776046470643,bench_rlam_2_reg
337.326,337.32968,0.0036799999999743704,8866.767985674958,bench_rlam_2_reg
337.5299,337.53358,0.0036799999999743704,8878.23821505113,bench_rlam_2_reg
337.7338,337.73748,0.003680000000031214,8880.09753785908,bench_rlam_2_reg
337.9377,337.94138,0.0036799999999743704,8861.058226256446,bench_rlam_2_reg
338.1416,338.14528,0.003680000000031214,8848.69792507228,bench_rlam_2_reg
338.3455,338.34918,0.0036799999999743704,8876.969022615413,bench_rlam_2_reg
338.5494,338.55308,0.003680000000031214,8793.549686748684,bench_rlam_2_reg
338.7533,338.75698,0.0036799999999743704,8781.287290548638,bench_rlam_2_reg
338.9572,338.96088,0.0036799999999743704,8768.951648319722,bench_rlam_2_reg
339.16108,339.1654,0.0043199999999501415,9921.441685732532,bench_rlam_3_reg
339.36562,339.36992,0.004300000000000637,9838.430939720269,bench_rlam_3_reg
339.57014,339.57444,0.004300000000000637,9860.859166380056,bench_rlam_3_reg
339.77468,339.77898,0.004300000000000637,9895.750000154287,bench_rlam_3_reg
339.9792,339.9835,0.004300000000000637,9900.8464603741,bench_rlam_3_reg
340.18372,340.18804,0.004320000000006985,9976.388937814692,bench_rlam_3_reg
340.38824,340.39256,0.004320000000006985,9933.21700722698,bench_rlam_3_reg
340.59276,340.59708,0.004320000000006985,9930.71160514281,bench_rlam_3_reg
340.79728,340.8016,0.004320000000006985,9969.385946186698,bench_rlam_3_reg
341.00182,341.00612,0.004300000000000637,9963.050002696436,bench_rlam_3_reg
341.20634,341.21064,0.004300000000000637,9971.335015720955,bench_rlam_3_reg
341.41086,341.41516,0.004300000000000637,9985.697572113144,bench_rlam_3_reg
341.61538,341.6197,0.004320000000006985,10049.902731550994,bench_rlam_3_reg
341.8199,341.82422,0.004320000000006985,10045.782013332564,bench_rlam_3_reg
342.02442,342.02874,0.004320000000006985,10018.018572585415,bench_rlam_3_reg
342.22894,342.23326,0.0043199999999501415,10025.180054220127,bench_rlam_3_reg
342.43346,342.43778,0.0043199999999501415,9941.128380455113,bench_rlam_3_reg
342.638,342.6423,0.004300000000000637,9831.79710573827,bench_rlam_3_reg
342.84252,342.84684,0.004320000000006985,9887.311034861707,bench_rlam_3_reg
343.04706,343.05138,0.004320000000006985,9914.805237230576,bench_rlam_3_reg
343.2516,343.2559,0.004300000000000637,9877.598481259081,bench_rlam_3_reg
343.45612,343.46042,0.004300000000000637,9894.090278544683,bench_rlam_3_reg
343.66064,343.66494,0.004300000000000637,9933.826732455218,bench_rlam_3_reg
343.86518,343.86948,0.004300000000000637,9919.685088102417,bench_rlam_3_reg
344.0697,344.07402,0.004320000000006985,9980.780566118352,bench_rlam_3_reg
344.27424,344.27854,0.004300000000000637,9955.645073196101,bench_rlam_3_reg
344.47876,344.48308,0.0043199999999501415,10001.009167031509,bench_rlam_3_reg
344.6833,344.6876,0.004300000000000637,9984.11080102981,bench_rlam_3_reg
344.88782,344.89214,0.004320000000006985,10008.72810607403,bench_rlam_3_reg
345.09236,345.09666,0.004300000000000637,9972.860293936816,bench_rlam_3_reg
345.2969,345.3012,0.004300000000000637,9975.465480247592,bench_rlam_3_reg
345.50142,345.50574,0.004320000000006985,10042.944254842065,bench_rlam_3_reg
345.70596,345.71026,0.004300000000000637,10002.677775921633,bench_rlam_3_reg
345.91048,345.9148,0.004320000000006985,10044.97977440402,bench_rlam_3_reg
346.11502,346.11932,0.004300000000000637,10007.426622315968,bench_rlam_3_reg
346.31954,346.32386,0.004320000000006985,10057.688537057104,bench_rlam_3_reg
346.52408,346.52838,0.004300000000000637,10004.50256976843,bench_rlam_3_reg
346.7286,346.73292,0.004320000000006985,10064.901218319716,bench_rlam_3_reg
346.93314,346.93744,0.004300000000000637,10003.147930850178,bench_rlam_3_reg
347.13766,347.14198,0.004320000000006985,10065.890313152466,bench_rlam_3_reg
347.3422,347.3465,0.004300000000000637,10023.515890361181,bench_rlam_3_reg
347.54672,347.55104,0.004320000000006985,10062.57608768201,bench_rlam_3_reg
347.75124,347.75556,0.004320000000006985,10064.888447546648,bench_rlam_3_reg
347.95576,347.96008,0.004320000000006985,10070.527566151337,bench_rlam_3_reg
348.16028,348.1646,0.004320000000006985,10076.113804263725,bench_rlam_3_reg
348.3648,348.36912,0.004320000000006985,10031.593344200075,bench_rlam_3_reg
348.56932,348.57364,0.004320000000006985,10008.089379422861,bench_rlam_3_reg
348.77384,348.77816,0.004320000000006985,10065.030443965978,bench_rlam_3_reg
348.97836,348.98266,0.004300000000000637,9989.866395481125,bench_rlam_3_reg
349.18288,349.18718,0.004300000000000637,10027.725605755963,bench_rlam_3_reg
349.3874,349.39172,0.004320000000006985,10001.698939606547,bench_rlam_3_reg
349.59192,349.59624,0.004320000000006985,9996.971259820464,bench_rlam_3_reg
349.79644,349.80076,0.004320000000006985,10052.13066003934,bench_rlam_3_reg
350.00098,350.00528,0.004300000000000637,10020.239003910381,bench_rlam_3_reg
350.2055,350.20982,0.004320000000006985,10080.97503104781,bench_rlam_3_reg
350.41004,350.41434,0.004300000000000637,10041.044503464902,bench_rlam_3_reg
350.61454,350.61886,0.004320000000006985,10120.305467891834,bench_rlam_3_reg
350.81906,350.82338,0.004320000000006985,10142.507765006072,bench_rlam_3_reg
351.02358,351.0279,0.004320000000006985,10155.109122892181,bench_rlam_3_reg
351.2281,351.23242,0.004320000000006985,10153.728085604782,bench_rlam_3_reg
351.43264,351.43694,0.004300000000000637,10127.150325580236,bench_rlam_3_reg
351.63716,351.64146,0.004300000000000637,10149.403281981924,bench_rlam_3_reg
351.84168,351.84598,0.004300000000000637,10234.34261792348,bench_rlam_3_reg
352.0462,352.05052,0.004320000000006985,10427.847567501645,bench_rlam_3_reg
352.25072,352.25504,0.004320000000006985,10550.83559129696,bench_rlam_3_reg
352.45526,352.45956,0.004300000000000637,10297.847676548989,bench_rlam_3_reg
352.65978,352.6641,0.004320000000006985,10226.584414496707,bench_rlam_3_reg
352.86432,352.86862,0.004300000000000637,10085.716496678373,bench_rlam_3_reg
353.06884,353.07314,0.004300000000000637,10099.067215315306,bench_rlam_3_reg
353.27336,353.27768,0.0043199999999501415,10221.03298207981,bench_rlam_3_reg
353.47788,353.4822,0.0043199999999501415,10224.192396130276,bench_rlam_3_reg
353.6824,353.68672,0.004320000000006985,10195.201179039705,bench_rlam_3_reg
353.88694,353.89124,0.004300000000000637,10140.920362922236,bench_rlam_3_reg
354.09146,354.09578,0.004320000000006985,10170.727209215347,bench_rlam_3_reg
354.29598,354.3003,0.004320000000006985,10152.863555150627,bench_rlam_3_reg
354.50052,354.50482,0.004300000000000637,10107.299303643264,bench_rlam_3_reg
354.70504,354.70936,0.004320000000006985,10123.476509491013,bench_rlam_3_reg
354.90956,354.91388,0.004320000000006985,10098.500994521348,bench_rlam_3_reg
355.11408,355.1184,0.004320000000006985,10111.751435341728,bench_rlam_3_reg
355.3186,355.32292,0.004320000000006985,10107.440098669695,bench_rlam_3_reg
355.52314,355.52744,0.004300000000000637,10077.898877197502,bench_rlam_3_reg
355.72766,355.73196,0.004300000000000637,10071.358352426965,bench_rlam_3_reg
355.93218,355.9365,0.004320000000006985,10110.817824022506,bench_rlam_3_reg
356.1367,356.14102,0.004320000000006985,10141.497896981584,bench_rlam_3_reg
356.34124,356.34554,0.004300000000000637,10067.785675615209,bench_rlam_3_reg
356.54576,356.55006,0.004300000000000637,10064.764670112187,bench_rlam_3_reg
356.75028,356.7546,0.004320000000006985,10109.694832972918,bench_rlam_3_reg
356.9548,356.95912,0.004320000000006985,10125.307196313606,bench_rlam_3_reg
357.15934,357.16364,0.004300000000000637,10063.776539180799,bench_rlam_3_reg
357.36386,357.36816,0.004300000000000637,10060.89236588118,bench_rlam_3_reg
357.56838,357.5727,0.004320000000006985,10130.934137872866,bench_rlam_3_reg
357.7729,357.77722,0.004320000000006985,10117.862881181818,bench_rlam_3_reg
357.97744,357.98174,0.004300000000000637,10065.690246414291,bench_rlam_3_reg
358.18196,358.18626,0.004300000000000637,10052.635970060906,bench_rlam_3_reg
358.38648,358.3908,0.004320000000006985,10126.06348611135,bench_rlam_3_reg
358.591,358.59532,0.004320000000006985,10110.41360443031,bench_rlam_3_reg
358.79554,358.79984,0.004300000000000637,10056.229967144669,bench_rlam_3_reg
359.00006,359.00438,0.004320000000006985,10109.474980273346,bench_rlam_3_reg
359.20458,359.2089,0.004320000000006985,10119.849522601733,bench_rlam_3_reg
359.4091,359.41342,0.0043199999999501415,10133.099397504413,bench_rlam_3_reg
359.61362,359.61856,0.004939999999976408,11291.807440491402,bench_rlam_4_reg
359.81878,359.82372,0.004939999999976408,11301.09010258394,bench_rlam_4_reg
360.02392,360.02886,0.004940000000033251,11290.936183740916,bench_rlam_4_reg
360.22908,360.23402,0.004939999999976408,11296.63693479538,bench_rlam_4_reg
360.43422,360.43916,0.004940000000033251,11292.51551590485,bench_rlam_4_reg
360.63936,360.6443,0.004939999999976408,11298.137451455737,bench_rlam_4_reg
360.84452,360.84946,0.004940000000033251,11283.224928275591,bench_rlam_4_reg
361.04966,361.0546,0.004939999999976408,11282.375119555598,bench_rlam_4_reg
361.25482,361.25974,0.004920000000026903,11224.225361436242,bench_rlam_4_reg
361.45996,361.4649,0.004939999999976408,11273.7608583813,bench_rlam_4_reg
361.6651,361.67004,0.004939999999976408,11296.507206236529,bench_rlam_4_reg
361.87026,361.8752,0.004940000000033251,11269.703020896599,bench_rlam_4_reg
362.07542,362.08034,0.0049199999999700594,11230.284355045298,bench_rlam_4_reg
362.28056,362.2855,0.004940000000033251,11289.448114197685,bench_rlam_4_reg
362.4857,362.49064,0.004939999999976408,11307.820675375086,bench_rlam_4_reg
362.69086,362.6958,0.004940000000033251,11288.39048100378,bench_rlam_4_reg
362.89602,362.90094,0.0049199999999700594,11221.804011066582,bench_rlam_4_reg
363.10116,363.1061,0.004940000000033251,11316.121257927143,bench_rlam_4_reg
363.3063,363.31124,0.004939999999976408,11360.366456140298,bench_rlam_4_reg
363.51146,363.5164,0.004939999999976408,11355.938999865411,bench_rlam_4_reg
363.7166,363.72154,0.004939999999976408,11352.538193958319,bench_rlam_4_reg
363.92176,363.92668,0.0049199999999700594,11188.173072807182,bench_rlam_4_reg
364.1269,364.13184,0.004940000000033251,11206.552323510245,bench_rlam_4_reg
364.33206,364.337,0.004939999999976408,11218.122511573392,bench_rlam_4_reg
364.53722,364.54214,0.004920000000026903,11105.255005013112,bench_rlam_4_reg
364.74236,364.7473,0.004939999999976408,11139.34051470905,bench_rlam_4_reg
364.94752,364.95246,0.004939999999976408,11191.645017775707,bench_rlam_4_reg
365.15268,365.15762,0.004940000000033251,11196.023880128607,bench_rlam_4_reg
365.35784,365.36278,0.004939999999976408,11209.062486826253,bench_rlam_4_reg
365.563,365.56794,0.004940000000033251,11232.071472415328,bench_rlam_4_reg
365.76816,365.7731,0.004939999999976408,11251.56900139411,bench_rlam_4_reg
365.9733,365.97824,0.004940000000033251,11278.936541721116,bench_rlam_4_reg
366.17846,366.1834,0.004940000000033251,11286.595810763076,bench_rlam_4_reg
366.38362,366.38856,0.004939999999976408,11290.77836633027,bench_rlam_4_reg
366.58878,366.59372,0.004940000000033251,11282.068819361482,bench_rlam_4_reg
366.79392,366.79886,0.004939999999976408,11280.269287463841,bench_rlam_4_reg
366.99908,367.00402,0.004940000000033251,11302.90579059087,bench_rlam_4_reg
367.20422,367.20916,0.004939999999976408,11304.698407111906,bench_rlam_4_reg
367.40938,367.41432,0.004939999999976408,11295.588386661944,bench_rlam_4_reg
367.61454,367.61948,0.004940000000033251,11280.8949268333,bench_rlam_4_reg
367.81968,367.82462,0.004939999999976408,11294.570278787,bench_rlam_4_reg
368.02484,368.02978,0.004940000000033251,11293.577363337532,bench_rlam_4_reg
368.23,368.23494,0.004939999999976408,11288.432227378202,bench_rlam_4_reg
368.43516,368.44008,0.004920000000026903,11233.314829945251,bench_rlam_4_reg
368.6403,368.64524,0.004939999999976408,11285.521692975404,bench_rlam_4_reg
368.84546,368.8504,0.004939999999976408,11296.827013091994,bench_rlam_4_reg
369.05062,369.05556,0.004940000000033251,11279.484580821263,bench_rlam_4_reg
369.25578,369.26072,0.004939999999976408,11249.618695518166,bench_rlam_4_reg
369.46094,369.46588,0.004940000000033251,11231.515677726735,bench_rlam_4_reg
369.6661,369.67104,0.004940000000033251,11210.67789158799,bench_rlam_4_reg
369.87126,369.87618,0.0049199999999700594,11087.73454784157,bench_rlam_4_reg
370.0764,370.08134,0.004940000000033251,11125.00009601426,bench_rlam_4_reg
370.28156,370.2865,0.004939999999976408,11129.994937158925,bench_rlam_4_reg
370.48672,370.49166,0.004940000000033251,11199.991421396206,bench_rlam_4_reg
370.69188,370.69682,0.004939999999976408,11178.055982961783,bench_rlam_4_reg
370.89702,370.90196,0.004939999999976408,11194.525191042674,bench_rlam_4_reg
371.10218,371.10712,0.004940000000033251,11091.72179604946,bench_rlam_4_reg
371.30732,371.31226,0.004939999999976408,10999.12760540907,bench_rlam_4_reg
371.51248,371.51742,0.004940000000033251,10976.784853353249,bench_rlam_4_reg
371.71764,371.72256,0.0049199999999700594,10899.59150405106,bench_rlam_4_reg
371.92278,371.92772,0.004940000000033251,11043.696254580418,bench_rlam_4_reg
372.12792,372.13286,0.004939999999976408,11554.15411332762,bench_rlam_4_reg
372.33308,372.33802,0.004939999999976408,13171.285365186457,bench_rlam_4_reg
372.53824,372.54318,0.004940000000033251,12991.695862833902,bench_rlam_4_reg
372.7434,372.74834,0.004939999999976408,11237.597500384576,bench_rlam_4_reg
372.94856,372.9535,0.004940000000033251,11202.594710136364,bench_rlam_4_reg
373.15372,373.15864,0.0049199999999700594,11217.650493985457,bench_rlam_4_reg
373.35886,373.3638,0.004940000000033251,11347.223299176067,bench_rlam_4_reg
373.56402,373.56894,0.0049199999999700594,11223.334083243817,bench_rlam_4_reg
373.76916,373.7741,0.004939999999976408,11164.260408791433,bench_rlam_4_reg
373.97432,373.97926,0.004940000000033251,11183.52171509038,bench_rlam_4_reg
374.17948,374.18442,0.004939999999976408,11219.990637562387,bench_rlam_4_reg
374.38464,374.38958,0.004940000000033251,11214.545529886449,bench_rlam_4_reg
374.5898,374.59474,0.004939999999976408,11297.0225419059,bench_rlam_4_reg
374.79494,374.79988,0.004939999999976408,11405.852057457792,bench_rlam_4_reg
375.0001,375.00504,0.004940000000033251,11524.389535280794,bench_rlam_4_reg
375.20526,375.2102,0.004939999999976408,11532.274603316075,bench_rlam_4_reg
375.41042,375.41534,0.004920000000026903,11514.32705816931,bench_rlam_4_reg
375.61556,375.6205,0.004939999999976408,11540.410336967392,bench_rlam_4_reg
375.82072,375.82566,0.004940000000033251,11481.724449049476,bench_rlam_4_reg
376.02586,376.0308,0.004939999999976408,11427.395141135261,bench_rlam_4_reg
376.23102,376.23596,0.004939999999976408,11376.682044892319,bench_rlam_4_reg
376.43618,376.4411,0.004920000000026903,11273.395649694601,bench_rlam_4_reg
376.64132,376.64626,0.004939999999976408,11327.704270319135,bench_rlam_4_reg
376.84648,376.85142,0.004940000000033251,11320.576819215774,bench_rlam_4_reg
377.05162,377.05656,0.004939999999976408,11293.525788874347,bench_rlam_4_reg
377.25678,377.26172,0.004940000000033251,11293.876264328917,bench_rlam_4_reg
377.46192,377.46686,0.004939999999976408,11316.281615213087,bench_rlam_4_reg
377.66708,377.67202,0.004939999999976408,11295.549955636756,bench_rlam_4_reg
377.87224,377.87716,0.004920000000026903,11241.957438249457,bench_rlam_4_reg
378.07738,378.08232,0.004939999999976408,11212.413578707736,bench_rlam_4_reg
378.28254,378.28748,0.004940000000033251,11209.857463924915,bench_rlam_4_reg
378.4877,378.49264,0.004939999999976408,11235.133849486636,bench_rlam_4_reg
378.69286,378.6978,0.004939999999976408,11242.21643428661,bench_rlam_4_reg
378.89802,378.90294,0.004920000000026903,11224.591054565228,bench_rlam_4_reg
379.10318,379.1081,0.0049199999999700594,11269.140408768893,bench_rlam_4_reg
379.30834,379.31326,0.004920000000026903,11275.307908729834,bench_rlam_4_reg
379.5135,379.51842,0.0049199999999700594,11260.521798307589,bench_rlam_4_reg
379.71864,379.72358,0.004940000000033251,11291.349190366853,bench_rlam_4_reg
379.9238,379.92874,0.004939999999976408,11304.116710008291,bench_rlam_4_reg
380.12894,380.135,0.0060599999999908505,15416.216463757884,bench_jge_not_taken
380.33522,380.34128,0.0060599999999908505,15421.769868102492,bench_jge_not_taken
380.5415,380.54756,0.0060599999999908505,15422.157379781871,bench_jge_not_taken
380.74778,380.75384,0.006060000000047694,15405.498722236332,bench_jge_not_taken
380.95406,380.96012,0.0060599999999908505,15397.658345706368,bench_jge_not_taken
381.16034,381.1664,0.0060599999999908505,15387.390756477007,bench_jge_not_taken
381.36662,381.37268,0.0060599999999908505,15377.699159985757,bench_jge_not_taken
381.5729,381.57896,0.0060599999999908505,15372.811460378009,bench_jge_not_taken
381.77918,381.78524,0.0060599999999908505,15365.75357660891,bench_jge_not_taken
381.98546,381.99152,0.0060599999999908505,15397.844824454902,bench_jge_not_taken
382.19172,382.19778,0.006060000000047694,15374.990818223157,bench_jge_not_taken
382.398,382.40406,0.0060599999999908505,15343.661264009768,bench_jge_not_taken
382.6043,382.61034,0.006039999999984502,15304.19600656249,bench_jge_not_taken
382.81056,382.81662,0.0060599999999908505,15377.985965428343,bench_jge_not_taken
383.01686,383.02292,0.0060599999999908505,15362.879382426283,bench_jge_not_taken
383.22314,383.2292,0.0060599999999908505,15382.64940025281,bench_jge_not_taken
383.4294,383.43546,0.0060599999999908505,15372.895360909277,bench_jge_not_taken
383.63568,383.64174,0.006060000000047694,15363.702182782661,bench_jge_not_taken
383.84196,383.84802,0.006060000000047694,15372.35405542111,bench_jge_not_taken
384.04822,384.05428,0.0060599999999908505,15348.27517342434,bench_jge_not_taken
384.2545,384.26056,0.0060599999999908505,15356.776569946966,bench_jge_not_taken
384.46078,384.46684,0.0060599999999908505,15344.349632483705,bench_jge_not_taken
384.66706,384.67312,0.0060599999999908505,15318.619704320361,bench_jge_not_taken
384.87334,384.87938,0.006040000000041346,15268.041810597035,bench_jge_not_taken
385.0796,385.08566,0.0060599999999908505,15303.465949795416,bench_jge_not_taken
385.28588,385.29194,0.0060599999999908505,15316.472251393167,bench_jge_not_taken
385.49216,385.49822,0.0060599999999908505,15258.29139162605,bench_jge_not_taken
385.69844,385.7045,0.0060599999999908505,15280.515281462853,bench_jge_not_taken
385.90472,385.91078,0.0060599999999908505,15271.55919929935,bench_jge_not_taken
386.111,386.11706,0.0060599999999908505,15334.837930259713,bench_jge_not_taken
386.31728,386.32334,0.0060599999999908505,15292.917222232922,bench_jge_not_taken
386.52356,386.5296,0.006040000000041346,15230.711635784572,bench_jge_not_taken
386.72982,386.73588,0.0060599999999908505,15314.526618423772,bench_jge_not_taken
386.9361,386.94216,0.0060599999999908505,15343.208969543375,bench_jge_not_taken
387.14238,387.14842,0.006039999999984502,15269.553007050332,bench_jge_not_taken
387.34864,387.3547,0.0060599999999908505,15198.953694185093,bench_jge_not_taken
387.55492,387.56098,0.0060599999999908505,15091.120935958335,bench_jge_not_taken
387.7612,387.76726,0.006060000000047694,15040.393257645605,bench_jge_not_taken
387.96748,387.97354,0.0060599999999908505,15092.569440557092,bench_jge_not_taken
388.17376,388.17982,0.0060599999999908505,15213.7439278611,bench_jge_not_taken
388.38004,388.3861,0.0060599999999908505,15354.702395824612,bench_jge_not_taken
388.58632,388.59238,0.0060599999999908505,15352.809319720687,bench_jge_not_taken
388.7926,388.79866,0.0060599999999908505,15180.516561942703,bench_jge_not_taken
388.99888,389.00494,0.0060599999999908505,15214.473430517843,bench_jge_not_taken
389.20514,389.2112,0.006060000000047694,15255.134073215524,bench_jge_not_taken
389.41142,389.41748,0.0060599999999908505,15214.589326610056,bench_jge_not_taken
389.6177,389.62376,0.0060599999999908505,15245.687535465047,bench_jge_not_taken
389.82396,389.83002,0.0060599999999908505,15322.552833215444,bench_jge_not_taken
390.03024,390.0363,0.0060599999999908505,15315.233317655491,bench_jge_not_taken
390.23652,390.24258,0.0060599999999908505,15297.402350678873,bench_jge_not_taken
390.44278,390.44884,0.0060599999999908505,15242.206060751294,bench_jge_not_taken
390.64906,390.65512,0.0060599999999908505,15259.02908291794,bench_jge_not_taken
390.85534,390.8614,0.0060599999999908505,15267.526672659375,bench_jge_not_taken
391.06162,391.06768,0.0060599999999908505,15315.280652111602,bench_jge_not_taken
391.2679,391.27396,0.0060599999999908505,15326.23720120766,bench_jge_not_taken
391.47416,391.48022,0.0060599999999908505,15270.713025230318,bench_jge_not_taken
391.68044,391.6865,0.006060000000047694,15214.781006927678,bench_jge_not_taken
391.88672,391.89278,0.0060599999999908505,15284.656730905806,bench_jge_not_taken
392.09298,392.09904,0.0060599999999908505,15252.41182182866,bench_jge_not_taken
392.29926,392.30532,0.0060599999999908505,15296.19790378829,bench_jge_not_taken
392.50552,392.51158,0.0060599999999908505,15414.749607425065,bench_jge_not_taken
392.7118,392.71786,0.0060599999999908505,15405.338921098968,bench_jge_not_taken
392.91808,392.92414,0.006060000000047694,15355.494383394993,bench_jge_not_taken
393.12434,393.1304,0.0060599999999908505,15340.617282744233,bench_jge_not_taken
393.33062,393.33668,0.0060599999999908505,15377.889568887023,bench_jge_not_taken
393.5369,393.54294,0.006039999999984502,15374.390247710187,bench_jge_not_taken
393.74316,393.74922,0.0060599999999908505,15406.90890279101,bench_jge_not_taken
393.94944,393.9555,0.0060599999999908505,15395.792187177012,bench_jge_not_taken
394.1557,394.16176,0.0060599999999908505,15398.384858807116,bench_jge_not_taken
394.36198,394.36804,0.0060599999999908505,15403.616086078073,bench_jge_not_taken
394.56826,394.57432,0.0060599999999908505,15436.590616564976,bench_jge_not_taken
394.77452,394.78058,0.0060599999999908505,15349.949279315435,bench_jge_not_taken
394.9808,394.98686,0.0060599999999908505,15370.223100746485,bench_jge_not_taken
395.18708,395.19314,0.006060000000047694,15385.518875101485,bench_jge_not_taken
395.39334,395.3994,0.0060599999999908505,15380.280341442183,bench_jge_not_taken
395.59962,395.60568,0.0060599999999908505,15372.594341136579,bench_jge_not_taken
395.8059,395.81196,0.0060599999999908505,15375.739105482655,bench_jge_not_taken
396.01216,396.01822,0.0060599999999908505,15376.79655941503,bench_jge_not_taken
396.21844,396.2245,0.0060599999999908505,15413.71535740721,bench_jge_not_taken
396.42472,396.43078,0.006060000000047694,15409.338807346918,bench_jge_not_taken
396.631,396.63706,0.006060000000047694,15410.06896658194,bench_jge_not_taken
396.83726,396.84332,0.0060599999999908505,15410.255838622646,bench_jge_not_taken
397.04354,397.0496,0.0060599999999908505,15383.448081534805,bench_jge_not_taken
397.2498,397.25586,0.0060599999999908505,15395.229561235683,bench_jge_not_taken
397.45608,397.46214,0.0060599999999908505,15382.233981494155,bench_jge_not_taken
397.66234,397.6684,0.006060000000047694,15383.999322207743,bench_jge_not_taken
397.86862,397.87468,0.0060599999999908505,15390.532081913261,bench_jge_not_taken
398.07488,398.08094,0.0060599999999908505,15373.545119046945,bench_jge_not_taken
398.28116,398.28722,0.0060599999999908505,15377.124277856576,bench_jge_not_taken
398.48742,398.49348,0.0060599999999908505,15382.669409720564,bench_jge_not_taken
398.6937,398.69976,0.006060000000047694,15380.149129908446,bench_jge_not_taken
398.89998,398.90604,0.0060599999999908505,15362.35539937244,bench_jge_not_taken
399.10626,399.11232,0.0060599999999908505,15378.758518455586,bench_jge_not_taken
399.31252,399.31858,0.0060599999999908505,15365.8436867169,bench_jge_not_taken
399.5188,399.52486,0.0060599999999908505,15345.520009263992,bench_jge_not_taken
399.72508,399.73112,0.006039999999984502,15277.82094894151,bench_jge_not_taken
399.93134,399.9374,0.006060000000047694,15377.10781688328,bench_jge_not_taken
400.13762,400.14368,0.0060599999999908505,15364.161352587436,bench_jge_not_taken
400.34388,400.34994,0.0060599999999908505,15355.303236252763,bench_jge_not_taken
400.55014,400.5562,0.0060599999999908505,15349.45508230242,bench_jge_not_taken
400.75642,400.76248,0.0060599999999908505,15413.589943185134,bench_jge_taken
400.9627,400.96876,0.0060599999999908505,15435.974257987555,bench_jge_taken
401.16898,401.17504,0.006060000000047694,15388.283503836748,bench_jge_taken
401.37526,401.38132,0.0060599999999908505,15390.29344912186,bench_jge_taken
401.58152,401.58758,0.0060599999999908505,15390.841665181128,bench_jge_taken
401.7878,401.79386,0.0060599999999908505,15423.794812499336,bench_jge_taken
401.99408,402.00014,0.0060599999999908505,15384.943217488793,bench_jge_taken
402.20036,402.20642,0.0060599999999908505,15406.150191545423,bench_jge_taken
402.40664,402.4127,0.0060599999999908505,15392.80688621069,bench_jge_taken
402.6129,402.61896,0.0060599999999908505,15441.836258359317,bench_jge_taken
402.81918,402.82524,0.0060599999999908505,15356.751859613049,bench_jge_taken
403.02546,403.03152,0.0060599999999908505,15416.576012469164,bench_jge_taken
403.23174,403.2378,0.0060599999999908505,15492.514807242056,bench_jge_taken
403.43802,403.44408,0.0060599999999908505,15390.819716253296,bench_jge_taken
403.6443,403.65036,0.0060599999999908505,15229.930572661937,bench_jge_taken
403.85058,403.85664,0.006060000000047694,15216.220119156445,bench_jge_taken
404.05684,404.0629,0.0060599999999908505,15250.334276315933,bench_jge_taken
404.26312,404.26918,0.0060599999999908505,15164.41052776943,bench_jge_taken
404.4694,404.47546,0.0060599999999908505,15024.440665709102,bench_jge_taken
404.67568,404.68174,0.0060599999999908505,14899.196943705505,bench_jge_taken
404.88196,404.88802,0.0060599999999908505,14874.716110041452,bench_jge_taken
405.08824,405.0943,0.0060599999999908505,15123.935970464638,bench_jge_taken
405.29452,405.30058,0.006060000000047694,18746.689867850775,bench_jge_taken
405.50082,405.50688,0.006060000000047694,23973.889677045783,bench_jge_taken
405.7071,405.71316,0.0060599999999908505,29684.516792122533,bench_jge_taken
405.91338,405.91944,0.0060599999999908505,28631.95202773617,bench_jge_taken
406.11966,406.12572,0.0060599999999908505,25532.23324935339,bench_jge_taken
406.32594,406.332,0.0060599999999908505,20893.642369165562,bench_jge_taken
406.53222,406.53828,0.0060599999999908505,19883.629588851258,bench_jge_taken
406.7385,406.74456,0.0060599999999908505,17905.172097941362,bench_jge_taken
406.94478,406.95084,0.006060000000047694,17092.05840728387,bench_jge_taken
407.15106,407.15712,0.006060000000047694,16106.517189320868,bench_jge_taken
407.35734,407.3634,0.0060599999999908505,15764.99657701899,bench_jge_taken
407.56362,407.56968,0.0060599999999908505,15603.444599518756,bench_jge_taken
407.7699,407.77596,0.0060599999999908505,15516.462924398822,bench_jge_taken
407.97618,407.98224,0.0060599999999908505,15484.902171861711,bench_jge_taken
408.18246,408.18852,0.0060599999999908505,15445.54942053138,bench_jge_taken
408.38874,408.3948,0.0060599999999908505,15395.2654497567,bench_jge_taken
408.59504,408.6011,0.0060599999999908505,15398.510310317813,bench_jge_taken
408.80132,408.80738,0.006060000000047694,15374.198174232624,bench_jge_taken
409.0076,409.01366,0.0060599999999908505,15342.781811440173,bench_jge_taken
409.21388,409.21994,0.0060599999999908505,15324.046532591814,bench_jge_taken
409.42018,409.42624,0.0060599999999908505,15301.445103218217,bench_jge_taken
409.62646,409.63252,0.0060599999999908505,15252.580698552945,bench_jge_taken
409.83276,409.83882,0.0060599999999908505,15229.72694130298,bench_jge_taken
410.03904,410.0451,0.0060599999999908505,15174.390068255503,bench_jge_taken
410.24532,410.25138,0.0060599999999908505,15170.570297614815,bench_jge_taken
410.45162,410.45766,0.006039999999984502,15054.3117895389,bench_jge_taken
410.6579,410.66396,0.0060599999999908505,15138.044408507478,bench_jge_taken
410.86418,410.87024,0.006060000000047694,15141.88101294667,bench_jge_taken
411.07048,411.07654,0.006060000000047694,15166.341685815203,bench_jge_taken
411.27676,411.28282,0.0060599999999908505,15230.481198487412,bench_jge_taken
411.48304,411.4891,0.0060599999999908505,15340.06864527358,bench_jge_taken
411.68934,411.6954,0.0060599999999908505,15387.215958880586,bench_jge_taken
411.89562,411.90168,0.0060599999999908505,15262.190536570086,bench_jge_taken
412.1019,412.10796,0.0060599999999908505,15293.897008501177,bench_jge_taken
412.3082,412.31426,0.0060599999999908505,15239.506203190622,bench_jge_taken
412.51448,412.52054,0.0060599999999908505,15296.7720129362,bench_jge_taken
412.72078,412.72684,0.0060599999999908505,15353.018483131596,bench_jge_taken
412.92706,412.93312,0.0060599999999908505,15571.48674967744,bench_jge_taken
413.13336,413.13942,0.0060599999999908505,15901.69331057483,bench_jge_taken
413.33964,413.3457,0.006060000000047694,15256.688483192669,bench_jge_taken
413.54594,413.552,0.006060000000047694,15239.337838849842,bench_jge_taken
413.75222,413.75828,0.0060599999999908505,15391.485283571305,bench_jge_taken
413.9585,413.96456,0.0060599999999908505,17782.425933945986,bench_jge_taken
414.1648,414.17086,0.0060599999999908505,33150.68903839599,bench_jge_taken
414.37108,414.37714,0.0060599999999908505,32687.142700841265,bench_jge_taken
414.57736,414.58342,0.0060599999999908505,35243.84384038581,bench_jge_taken
414.78366,414.78972,0.0060599999999908505,32064.347560472263,bench_jge_taken
414.98994,414.996,0.0060599999999908505,24525.2220192629,bench_jge_taken
415.19622,415.20228,0.0060599999999908505,24283.889448244394,bench_jge_taken
415.4025,415.40856,0.006060000000047694,47264.25468027646,bench_jge_taken
415.60878,415.61484,0.0060599999999908505,45555.23596230357,bench_jge_taken
415.81508,415.82114,0.0060599999999908505,41241.08640469757,bench_jge_taken
416.02136,416.02742,0.0060599999999908505,39099.27393303465,bench_jge_taken
416.22764,416.2337,0.0060599999999908505,34240.6945954484,bench_jge_taken
416.43394,416.44,0.0060599999999908505,37151.33387589711,bench_jge_taken
416.64022,416.64628,0.0060599999999908505,30987.72167224311,bench_jge_taken
416.8465,416.85256,0.0060599999999908505,24174.96962004261,bench_jge_taken
417.0528,417.05886,0.0060599999999908505,15764.517905171453,bench_jge_taken
417.25908,417.26514,0.0060599999999908505,15491.400996672335,bench_jge_taken
417.46536,417.47142,0.006060000000047694,15399.233636108309,bench_jge_taken
417.67164,417.6777,0.0060599999999908505,15383.986097260635,bench_jge_taken
417.87792,417.88398,0.0060599999999908505,15373.553854842947,bench_jge_taken
418.08422,418.09028,0.0060599999999908505,15324.32605741891,bench_jge_taken
418.2905,418.29656,0.0060599999999908505,15399.620442162623,bench_jge_taken
418.49678,418.50284,0.0060599999999908505,15453.84166061831,bench_jge_taken
418.70306,418.70912,0.0060599999999908505,15401.003155840704,bench_jge_taken
418.90934,418.9154,0.0060599999999908505,15302.982311682003,bench_jge_taken
419.11562,419.12168,0.006060000000047694,15296.810711861077,bench_jge_taken
419.32192,419.32798,0.006060000000047694,15288.639194461974,bench_jge_taken
419.5282,419.53426,0.0060599999999908505,15250.026413658845,bench_jge_taken
419.73448,419.74054,0.0060599999999908505,15203.85505627864,bench_jge_taken
419.94076,419.94682,0.0060599999999908505,15273.49042004451,bench_jge_taken
420.14704,420.1531,0.0060599999999908505,15393.88768605031,bench_jge_taken
420.35334,420.3594,0.0060599999999908505,15371.743049452747,bench_jge_taken
420.55962,420.56568,0.0060599999999908505,15344.949327389108,bench_jge_taken
420.7659,420.77196,0.0060599999999908505,15313.4604822684,bench_jge_taken
420.97218,420.97824,0.006060000000047694,15239.10481262162,bench_jge_taken
421.17844,421.1845,0.0060599999999908505,15292.100671172464,bench_jge_taken
421.38474,421.38838,0.003639999999961674,8849.536343377697,bench_jmp
421.58862,421.59226,0.0036400000000185173,8819.04696119546,bench_jmp
421.79248,421.79614,0.003659999999968022,8862.424110908703,bench_jmp
421.99636,422.00002,0.0036600000000248656,8869.331984387558,bench_jmp
422.20024,422.2039,0.003659999999968022,8903.187038297907,bench_jmp
422.40412,422.40778,0.0036600000000248656,8930.685445744239,bench_jmp
422.608,422.61166,0.003659999999968022,8976.051381242458,bench_jmp
422.81188,422.81554,0.0036600000000248656,8996.635249426781,bench_jmp
423.01578,423.01942,0.0036400000000185173,8947.441452226389,bench_jmp
423.21964,423.2233,0.003659999999968022,8999.279935283375,bench_jmp
423.42352,423.42718,0.0036600000000248656,9010.095330955379,bench_jmp
423.6274,423.63106,0.003659999999968022,8971.686034832006,bench_jmp
423.83128,423.83494,0.0036600000000248656,8958.362124461017,bench_jmp
424.03516,424.03882,0.003659999999968022,8994.046072384743,bench_jmp
424.23904,424.24268,0.0036400000000185173,8905.025033801994,bench_jmp
424.4429,424.44656,0.003659999999968022,8934.54320255034,bench_jmp
424.64678,424.65044,0.0036600000000248656,8983.835189213676,bench_jmp
424.85064,424.8543,0.0036600000000248656,8994.19295840557,bench_jmp
425.05452,425.05816,0.003639999999961674,8895.17164545115,bench_jmp
425.25838,425.26202,0.0036400000000185173,8918.763669263264,bench_jmp
425.46224,425.4659,0.003659999999968022,8980.138585818784,bench_jmp
425.6661,425.66976,0.0036600000000248656,8957.47203154834,bench_jmp
425.86996,425.87362,0.0036600000000248656,8966.27754911096,bench_jmp
426.07384,426.0775,0.003659999999968022,8971.33699841879,bench_jmp
426.2777,426.28136,0.0036600000000248656,8978.26033186377,bench_jmp
426.48158,426.48524,0.003659999999968022,8967.46010045752,bench_jmp
426.68546,426.68912,0.0036600000000248656,8964.810343535773,bench_jmp
426.88932,426.89298,0.0036600000000248656,8965.331674618401,bench_jmp
427.0932,427.09684,0.003639999999961674,8898.145558667515,bench_jmp
427.29706,427.30072,0.0036600000000248656,8957.91487542401,bench_jmp
427.50092,427.50458,0.003659999999968022,8968.839892107495,bench_jmp
427.7048,427.70844,0.0036400000000185173,8884.273187788423,bench_jmp
427.90866,427.91232,0.0036600000000248656,8948.851651573894,bench_jmp
428.11254,428.11618,0.003639999999961674,8901.25324472561,bench_jmp
428.3164,428.32006,0.0036600000000248656,8972.953150584435,bench_jmp
428.52028,428.52394,0.003659999999968022,8976.083972869776,bench_jmp
428.72416,428.7278,0.0036400000000185173,8896.683643164683,bench_jmp
428.92802,428.93168,0.003659999999968022,8974.134800866268,bench_jmp
429.1319,429.13554,0.0036400000000185173,8918.395305581465,bench_jmp
429.33576,429.33942,0.0036600000000248656,8980.314415020273,bench_jmp
429.53964,429.54328,0.003639999999961674,8932.850696040394,bench_jmp
429.7435,429.74716,0.0036600000000248656,8975.242157539084,bench_jmp
429.94738,429.95102,0.0036400000000185173,8923.641438624392,bench_jmp
430.15124,430.1549,0.0036600000000248656,9003.040094469607,bench_jmp
430.35512,430.35878,0.0036600000000248656,8979.43716036775,bench_jmp
430.559,430.56264,0.003639999999961674,8906.851939278502,bench_jmp
430.76286,430.76652,0.0036600000000248656,8972.284135013313,bench_jmp
430.96674,430.9704,0.003659999999968022,8956.745462413735,bench_jmp
431.1706,431.17426,0.0036600000000248656,8977.082495186092,bench_jmp
431.37448,431.37814,0.003659999999968022,8966.677589258019,bench_jmp
431.57836,431.582,0.0036400000000185173,8909.645415905225,bench_jmp
431.78222,431.78588,0.0036600000000248656,8965.07055272325,bench_jmp
431.9861,431.98976,0.003659999999968022,8957.966433291287,bench_jmp
432.18998,432.19362,0.0036400000000185173,8875.28865370563,bench_jmp
432.39384,432.3975,0.003659999999968022,8876.20029263738,bench_jmp
432.59772,432.60138,0.0036600000000248656,8777.497864866373,bench_jmp
432.8016,432.80524,0.0036400000000185173,8709.776040671004,bench_jmp
433.00546,433.00912,0.003659999999968022,8736.921320574233,bench_jmp
433.20934,433.213,0.0036600000000248656,8673.428224924293,bench_jmp
433.41322,433.41688,0.003659999999968022,8666.97431998302,bench_jmp
433.6171,433.62074,0.0036400000000185173,8596.507576345439,bench_jmp
433.82098,433.82462,0.003639999999961674,8624.151940353871,bench_jmp
434.02486,434.0285,0.0036400000000185173,8636.357588747569,bench_jmp
434.22874,434.23238,0.003639999999961674,8673.295210941225,bench_jmp
434.43262,434.43628,0.0036600000000248656,8749.901512707453,bench_jmp
434.6365,434.64016,0.003659999999968022,8786.795097316968,bench_jmp
434.84038,434.84404,0.0036600000000248656,8814.301723685996,bench_jmp
435.04426,435.04792,0.003659999999968022,8849.67291486283,bench_jmp
435.24814,435.2518,0.0036600000000248656,8847.470562979019,bench_jmp
435.45202,435.45568,0.003659999999968022,8840.282549996797,bench_jmp
435.6559,435.65956,0.0036600000000248656,8847.098893096156,bench_jmp
435.85978,435.86344,0.0036600000000248656,8868.75294853202,bench_jmp
436.06366,436.06732,0.003659999999968022,8886.08578350124,bench_jmp
436.26754,436.2712,0.0036600000000248656,8912.568448631388,bench_jmp
436.47144,436.47508,0.0036400000000185173,8848.362644260049,bench_jmp
436.6753,436.67896,0.0036600000000248656,8921.903085490843,bench_jmp
436.87918,436.88284,0.003659999999968022,8935.166499485313,bench_jmp
437.08306,437.08672,0.0036600000000248656,8946.184434530724,bench_jmp
437.28692,437.29058,0.003659999999968022,8961.445444646668,bench_jmp
437.4908,437.49446,0.0036600000000248656,8946.652931702607,bench_jmp
437.69468,437.69832,0.0036400000000185173,8895.52091019437,bench_jmp
437.89854,437.9022,0.003659999999968022,8952.062113578048,bench_jmp
438.10242,438.10608,0.0036600000000248656,8979.746261676653,bench_jmp
438.30628,438.30994,0.003659999999968022,8957.096123982801,bench_jmp
438.51016,438.51382,0.0036600000000248656,8954.903746560587,bench_jmp
438.71404,438.7177,0.003659999999968022,8960.064919579068,bench_jmp
438.91792,438.92158,0.0036600000000248656,8961.973476763373,bench_jmp
439.1218,439.12546,0.003659999999968022,8958.36320930126,bench_jmp
439.32568,439.32934,0.0036600000000248656,8949.75408453972,bench_jmp
439.52956,439.53322,0.003659999999968022,8969.974541022353,bench_jmp
439.73344,439.7371,0.0036600000000248656,8978.05236520585,bench_jmp
439.93732,439.94098,0.0036600000000248656,8960.950097596306,bench_jmp
440.1412,440.14484,0.003639999999961674,8910.615919043856,bench_jmp
440.34506,440.34872,0.0036600000000248656,8959.279814801843,bench_jmp
440.54894,440.5526,0.003659999999968022,8968.486469143367,bench_jmp
440.75282,440.75648,0.0036600000000248656,8965.09273450445,bench_jmp
440.9567,440.96036,0.003659999999968022,8943.514272016611,bench_jmp
441.16058,441.16424,0.0036600000000248656,8967.758487050434,bench_jmp
441.36446,441.36812,0.003659999999968022,8972.582535271253,bench_jmp
441.56834,441.572,0.0036600000000248656,8951.98438090886,bench_jmp
