t_start_s,t_end_s,duration_s,energy_nJ,event_label
9.83816,9.83884,0.0006799999999991257,1673.334266522435,bench_cmp_reg_to_reg
10.03912,10.0398,0.0006799999999991257,1681.6204856125028,bench_cmp_reg_to_reg
10.2401,10.24078,0.0006800000000009021,1684.1103276258941,bench_cmp_reg_to_reg
10.44108,10.44176,0.0006800000000009021,1661.4215401958306,bench_cmp_reg_to_reg
10.64206,10.64274,0.0006799999999991257,1669.8131943094793,bench_cmp_reg_to_reg
10.84302,10.84372,0.000700000000000145,1741.192040500055,bench_cmp_reg_to_reg
11.044,11.04468,0.0006799999999991257,1681.2912514408986,bench_cmp_reg_to_reg
11.24498,11.24566,0.0006800000000009021,1671.2530027164635,bench_cmp_reg_to_reg
11.44596,11.44664,0.0006800000000009021,1655.1864170494182,bench_cmp_reg_to_reg
11.64692,11.6476,0.0006800000000009021,1653.299806641927,bench_cmp_reg_to_reg
11.8479,11.84858,0.0006800000000009021,1664.934691509945,bench_cmp_reg_to_reg
12.04886,12.04956,0.000700000000000145,1716.1145550205508,bench_cmp_reg_to_reg
12.24984,12.25052,0.0006799999999991257,1669.2732484053295,bench_cmp_reg_to_reg
12.45082,12.4515,0.0006799999999991257,1674.7410409129407,bench_cmp_reg_to_reg
12.6518,12.65248,0.0006800000000009021,1663.5557333961924,bench_cmp_reg_to_reg
12.85276,12.85344,0.0006800000000009021,1676.2942937224445,bench_cmp_reg_to_reg
13.05374,13.05442,0.0006800000000009021,1675.1660103934987,bench_cmp_reg_to_reg
13.2547,13.25538,0.0006800000000009021,1669.754355682532,bench_cmp_reg_to_reg
13.45566,13.45636,0.000700000000000145,1741.2525904367396,bench_cmp_reg_to_reg
13.65664,13.65732,0.0006800000000009021,1681.5449250886907,bench_cmp_reg_to_reg
13.85762,13.8583,0.0006799999999991257,1676.6478563633077,bench_cmp_reg_to_reg
14.05858,14.05926,0.0006800000000009021,1678.6833177346855,bench_cmp_reg_to_reg
14.25956,14.26024,0.0006799999999991257,1668.222679288473,bench_cmp_reg_to_reg
14.46054,14.46122,0.0006800000000009021,1671.579855030639,bench_cmp_reg_to_reg
14.6615,14.66218,0.0006799999999991257,1684.6707207127472,bench_cmp_reg_to_reg
14.86248,14.86316,0.0006800000000009021,1670.1427940303165,bench_cmp_reg_to_reg
15.06344,15.06412,0.0006800000000009021,1667.409848889597,bench_cmp_reg_to_reg
15.2644,15.2651,0.000700000000000145,1725.4854622298874,bench_cmp_reg_to_reg
15.46538,15.46606,0.0006800000000009021,1653.8691869960346,bench_cmp_reg_to_reg
15.66634,15.66702,0.0006800000000009021,1660.76564928723,bench_cmp_reg_to_reg
15.8673,15.868,0.000700000000000145,1715.459593106238,bench_cmp_reg_to_reg
16.06828,16.06896,0.0006799999999991257,1662.3265249624835,bench_cmp_reg_to_reg
16.26924,16.26992,0.0006799999999991257,1673.5817049606535,bench_cmp_reg_to_reg
16.47022,16.4709,0.0006799999999991257,1669.8302817503984,bench_cmp_reg_to_reg
16.67118,16.67186,0.0006799999999991257,1676.1183086765236,bench_cmp_reg_to_reg
16.87216,16.87284,0.0006799999999991257,1665.4194612029626,bench_cmp_reg_to_reg
17.07312,17.0738,0.0006799999999991257,1678.3699300122921,bench_cmp_reg_to_reg
17.2741,17.27478,0.0006799999999991257,1678.4937027814135,bench_cmp_reg_to_reg
17.47506,17.475740000000002,0.0006800000000026785,1692.7121742699298,bench_cmp_reg_to_reg
17.67604,17.67672,0.0006799999999991257,1674.7222165553665,bench_cmp_reg_to_reg
17.877,17.87768,0.0006800000000026785,1673.563474331028,bench_cmp_reg_to_reg
18.07796,18.07864,0.0006799999999991257,1678.0846146839303,bench_cmp_reg_to_reg
18.27894,18.27962,0.0006800000000026785,1680.3870955558489,bench_cmp_reg_to_reg
18.4799,18.48058,0.0006799999999991257,1686.477486507043,bench_cmp_reg_to_reg
18.68088,18.68156,0.0006800000000026785,1671.5649049805868,bench_cmp_reg_to_reg
18.88186,18.88254,0.0006799999999991257,1667.2835312764919,bench_cmp_reg_to_reg
19.08284,19.08352,0.0006799999999991257,1666.390129827981,bench_cmp_reg_to_reg
19.2838,19.28448,0.0006799999999991257,1662.1990152616654,bench_cmp_reg_to_reg
19.48478,19.48546,0.0006799999999991257,1656.4000234912799,bench_cmp_reg_to_reg
19.68574,19.68642,0.0006799999999991257,1673.8902311754484,bench_cmp_reg_to_reg
19.88672,19.8874,0.0006799999999991257,1673.4846495068318,bench_cmp_reg_to_reg
20.08768,20.08836,0.0006800000000026785,1656.3116293473975,bench_cmp_reg_to_reg
20.28866,20.28934,0.0006799999999991257,1662.2297605474962,bench_cmp_reg_to_reg
20.48962,20.4903,0.0006800000000026785,1677.7327633537634,bench_cmp_reg_to_reg
20.6906,20.69128,0.0006799999999991257,1669.6517891228148,bench_cmp_reg_to_reg
20.89158,20.89226,0.0006799999999991257,1681.343044617318,bench_cmp_reg_to_reg
21.09254,21.09322,0.0006799999999991257,1682.7853699195462,bench_cmp_reg_to_reg
21.2935,21.29418,0.0006799999999991257,1678.1844245238817,bench_cmp_reg_to_reg
21.49448,21.49516,0.0006799999999991257,1687.9363288152167,bench_cmp_reg_to_reg
21.69544,21.69612,0.0006799999999991257,1681.9568374165565,bench_cmp_reg_to_reg
21.89642,21.8971,0.0006799999999991257,1682.4116185290861,bench_cmp_reg_to_reg
22.0974,22.09808,0.0006799999999991257,1672.2054081014128,bench_cmp_reg_to_reg
22.29836,22.29906,0.0007000000000019213,1726.1776072028479,bench_cmp_reg_to_reg
22.49934,22.50002,0.0006799999999991257,1663.6376967630683,bench_cmp_reg_to_reg
22.70032,22.701,0.0006799999999991257,1659.7876395069363,bench_cmp_reg_to_reg
22.9013,22.90198,0.0006799999999991257,1660.723017992461,bench_cmp_reg_to_reg
23.10228,23.10296,0.0006799999999991257,1659.1089055849782,bench_cmp_reg_to_reg
23.30324,23.30392,0.0006800000000026785,1674.9359434546595,bench_cmp_reg_to_reg
23.50422,23.5049,0.0006799999999991257,1660.9149891858365,bench_cmp_reg_to_reg
23.7052,23.70588,0.0006799999999991257,1660.685250532634,bench_cmp_reg_to_reg
23.90616,23.90686,0.0007000000000019213,1725.1623864331345,bench_cmp_reg_to_reg
24.10714,24.10782,0.0006799999999991257,1669.0974077182843,bench_cmp_reg_to_reg
24.30812,24.3088,0.0006800000000026785,1675.7045500054066,bench_cmp_reg_to_reg
24.5091,24.50978,0.0006799999999991257,1670.1393597734043,bench_cmp_reg_to_reg
24.71008,24.71076,0.0006799999999991257,1677.704949394615,bench_cmp_reg_to_reg
24.91106,24.91174,0.0006800000000026785,1677.24601692285,bench_cmp_reg_to_reg
25.11204,25.11272,0.0006799999999991257,1673.2138395284996,bench_cmp_reg_to_reg
25.31302,25.3137,0.0006799999999991257,1676.5082138560288,bench_cmp_reg_to_reg
25.514,25.51468,0.0006799999999991257,1688.4015360829662,bench_cmp_reg_to_reg
25.71498,25.71566,0.0006799999999991257,1671.5156473193213,bench_cmp_reg_to_reg
25.91596,25.91666,0.0007000000000019213,1731.0336302093808,bench_cmp_reg_to_reg
26.11696,26.11764,0.0006800000000026785,1665.5063931903185,bench_cmp_reg_to_reg
26.31794,26.31862,0.0006799999999991257,1662.8824197662861,bench_cmp_reg_to_reg
26.51892,26.5196,0.0006799999999991257,1654.8464982741168,bench_cmp_reg_to_reg
26.71988,26.72058,0.0007000000000019213,1705.7844577403646,bench_cmp_reg_to_reg
26.92086,26.92154,0.0006799999999991257,1674.1491691180627,bench_cmp_reg_to_reg
27.12184,27.12252,0.0006800000000026785,1665.2306658291589,bench_cmp_reg_to_reg
27.32282,27.3235,0.0006799999999991257,1678.4654487832395,bench_cmp_reg_to_reg
27.5238,27.52448,0.0006799999999991257,1663.650430270301,bench_cmp_reg_to_reg
27.72476,27.72544,0.0006799999999991257,1665.3571673644512,bench_cmp_reg_to_reg
27.92574,27.92642,0.0006799999999991257,1670.6481366391363,bench_cmp_reg_to_reg
28.1267,28.1274,0.0007000000000019213,1729.0581390312818,bench_cmp_reg_to_reg
28.32768,28.32836,0.0006799999999991257,1682.7465500654394,bench_cmp_reg_to_reg
28.52866,28.52934,0.0006800000000026785,1677.6472795830289,bench_cmp_reg_to_reg
28.72964,28.73032,0.0006799999999991257,1678.8787557719475,bench_cmp_reg_to_reg
28.93062,28.9313,0.0006799999999991257,1685.2595726930695,bench_cmp_reg_to_reg
29.1316,29.1323,0.0007000000000019213,1734.875659463829,bench_cmp_reg_to_reg
29.33258,29.33328,0.0006999999999983686,1718.6615942002247,bench_cmp_reg_to_reg
29.53356,29.53424,0.0006799999999991257,1673.1840861001144,bench_cmp_reg_to_reg
29.73454,29.73522,0.0006800000000026785,1669.9152835715072,bench_cmp_reg_to_reg
29.93554,29.93678,0.0012399999999992417,3138.604504054411,bench_cmp_imm_to_reg
30.1371,30.13834,0.0012399999999992417,3146.6479832284826,bench_cmp_imm_to_reg
30.33864,30.3399,0.0012599999999984846,3204.240889749446,bench_cmp_imm_to_reg
30.5402,30.54146,0.0012600000000020373,3210.5180737621868,bench_cmp_imm_to_reg
30.74176,30.74302,0.0012600000000020373,3216.080304706325,bench_cmp_imm_to_reg
30.94332,30.94456,0.0012399999999992417,3163.979870730658,bench_cmp_imm_to_reg
31.14486,31.14612,0.0012599999999984846,3235.677038314781,bench_cmp_imm_to_reg
31.34642,31.34768,0.0012600000000020373,3226.888373034627,bench_cmp_imm_to_reg
31.54798,31.54922,0.0012399999999992417,3183.9658203516906,bench_cmp_imm_to_reg
31.74954,31.75078,0.0012399999999992417,3160.0951892305407,bench_cmp_imm_to_reg
31.95108,31.95234,0.0012599999999984846,3225.5742954976645,bench_cmp_imm_to_reg
32.15264,32.1539,0.0012600000000020373,3198.6688450035954,bench_cmp_imm_to_reg
32.35418,32.35544,0.0012600000000020373,3198.948306967492,bench_cmp_imm_to_reg
32.55574,32.557,0.0012600000000020373,3197.249998343377,bench_cmp_imm_to_reg
32.7573,32.75856,0.0012600000000020373,3197.1606263010167,bench_cmp_imm_to_reg
32.95886,32.9601,0.001239999999995689,3160.533113393408,bench_cmp_imm_to_reg
33.1604,33.16166,0.0012599999999949318,3224.4130154000677,bench_cmp_imm_to_reg
33.36196,33.3632,0.001239999999995689,3183.9171075144573,bench_cmp_imm_to_reg
33.5635,33.56476,0.0012600000000020373,3238.1688244712395,bench_cmp_imm_to_reg
33.76506,33.7663,0.0012400000000027944,3167.073023512875,bench_cmp_imm_to_reg
33.96662,33.96786,0.0012400000000027944,3158.6524075897564,bench_cmp_imm_to_reg
34.16816,34.16942,0.0012600000000020373,3215.131196197644,bench_cmp_imm_to_reg
34.3697,34.37096,0.0012599999999949318,3202.5260804084132,bench_cmp_imm_to_reg
34.57126,34.57252,0.0012599999999949318,3207.1989541738053,bench_cmp_imm_to_reg
34.77282,34.77406,0.001239999999995689,3146.4296951769443,bench_cmp_imm_to_reg
34.97436,34.97562,0.0012600000000020373,3192.4021127708884,bench_cmp_imm_to_reg
35.1759,35.17716,0.0012600000000020373,3212.0167207960335,bench_cmp_imm_to_reg
35.37746,35.3787,0.0012400000000027944,3175.257514237938,bench_cmp_imm_to_reg
35.579,35.58026,0.0012600000000020373,3227.5358773810062,bench_cmp_imm_to_reg
35.78054,35.7818,0.0012599999999949318,3227.657398660623,bench_cmp_imm_to_reg
35.9821,35.98336,0.0012599999999949318,3231.784389340186,bench_cmp_imm_to_reg
36.18364,36.1849,0.0012600000000020373,3226.837324917401,bench_cmp_imm_to_reg
36.38518,36.38644,0.0012600000000020373,3220.200866932588,bench_cmp_imm_to_reg
36.58674,36.58798,0.0012400000000027944,3135.023168295195,bench_cmp_imm_to_reg
36.78828,36.78954,0.0012600000000020373,3199.1127762059737,bench_cmp_imm_to_reg
36.98984,36.99108,0.001239999999995689,3141.0753982955334,bench_cmp_imm_to_reg
37.19138,37.19264,0.0012599999999949318,3212.2402987302967,bench_cmp_imm_to_reg
37.39294,37.39418,0.001239999999995689,3165.6827567955825,bench_cmp_imm_to_reg
37.59448,37.59574,0.0012600000000020373,3222.2293526927842,bench_cmp_imm_to_reg
37.79604,37.79728,0.0012400000000027944,3176.751136787966,bench_cmp_imm_to_reg
37.99758,37.99884,0.0012600000000020373,3222.9550136308035,bench_cmp_imm_to_reg
38.19914,38.20038,0.0012400000000027944,3176.4967297272124,bench_cmp_imm_to_reg
38.40068,38.40194,0.0012600000000020373,3233.0031669738005,bench_cmp_imm_to_reg
38.60224,38.60348,0.001239999999995689,3160.794950078357,bench_cmp_imm_to_reg
38.80378,38.80504,0.0012599999999949318,3203.5881234188423,bench_cmp_imm_to_reg
39.00532,39.00658,0.0012600000000020373,3204.642639036423,bench_cmp_imm_to_reg
39.20688,39.20814,0.0012600000000020373,3194.7837257808983,bench_cmp_imm_to_reg
39.40842,39.40968,0.0012600000000020373,3217.773935762457,bench_cmp_imm_to_reg
39.60998,39.61122,0.0012400000000027944,3154.0798372656045,bench_cmp_imm_to_reg
39.81152,39.81278,0.0012599999999949318,3203.6255672438588,bench_cmp_imm_to_reg
40.01306,40.01432,0.0012599999999949318,3211.349861216423,bench_cmp_imm_to_reg
40.21462,40.21588,0.0012600000000020373,3220.702987171492,bench_cmp_imm_to_reg
40.41616,40.41742,0.0012600000000020373,3236.3867783053756,bench_cmp_imm_to_reg
40.6177,40.61896,0.0012600000000020373,3241.289739968163,bench_cmp_imm_to_reg
40.81926,40.82052,0.0012600000000020373,3215.445524551995,bench_cmp_imm_to_reg
41.0208,41.02206,0.0012600000000020373,3213.696137540608,bench_cmp_imm_to_reg
41.22236,41.22362,0.0012599999999949318,3198.363757678736,bench_cmp_imm_to_reg
41.4239,41.42516,0.0012599999999949318,3193.0159404731435,bench_cmp_imm_to_reg
41.62546,41.62672,0.0012600000000020373,3206.5197359847252,bench_cmp_imm_to_reg
41.82702,41.82826,0.0012400000000027944,3160.5073856271956,bench_cmp_imm_to_reg
42.02856,42.02982,0.0012600000000020373,3234.2890510390216,bench_cmp_imm_to_reg
42.23012,42.23138,0.0012600000000020373,3230.4694107785526,bench_cmp_imm_to_reg
42.43168,42.43292,0.0012400000000027944,3172.205628368359,bench_cmp_imm_to_reg
42.63322,42.63448,0.0012600000000020373,3230.342576284725,bench_cmp_imm_to_reg
42.83478,42.83602,0.001239999999995689,3164.9068416910472,bench_cmp_imm_to_reg
43.03632,43.03758,0.0012599999999949318,3224.652535268167,bench_cmp_imm_to_reg
43.23788,43.23914,0.0012600000000020373,3202.453751590123,bench_cmp_imm_to_reg
43.43944,43.44068,0.0012400000000027944,3146.011161160621,bench_cmp_imm_to_reg
43.64098,43.64224,0.0012600000000020373,3195.6212315758266,bench_cmp_imm_to_reg
43.84254,43.8438,0.0012600000000020373,3200.238866270517,bench_cmp_imm_to_reg
44.0441,44.04534,0.0012400000000027944,3144.0170737978146,bench_cmp_imm_to_reg
44.24564,44.2469,0.0012599999999949318,3220.71563218273,bench_cmp_imm_to_reg
44.4472,44.44844,0.001239999999995689,3166.6025263138354,bench_cmp_imm_to_reg
44.64874,44.65,0.0012600000000020373,3236.917920883923,bench_cmp_imm_to_reg
44.8503,44.85156,0.0012600000000020373,3222.1290352829574,bench_cmp_imm_to_reg
45.05186,45.05312,0.0012600000000020373,3226.886929484584,bench_cmp_imm_to_reg
45.25342,45.25466,0.0012400000000027944,3151.2265862037953,bench_cmp_imm_to_reg
45.45496,45.45622,0.0012600000000020373,3205.9826515661102,bench_cmp_imm_to_reg
45.65652,45.65778,0.0012600000000020373,3206.1108131937503,bench_cmp_imm_to_reg
45.85808,45.85932,0.001239999999995689,3145.9937663629976,bench_cmp_imm_to_reg
46.05962,46.06088,0.0012599999999949318,3211.6402475958616,bench_cmp_imm_to_reg
46.26118,46.26244,0.0012599999999949318,3209.945831899421,bench_cmp_imm_to_reg
46.46274,46.46398,0.0012400000000027944,3159.3172904196704,bench_cmp_imm_to_reg
46.66428,46.66554,0.0012600000000020373,3219.445315195338,bench_cmp_imm_to_reg
46.86584,46.86708,0.0012400000000027944,3176.586311318168,bench_cmp_imm_to_reg
47.06738,47.06864,0.0012600000000020373,3233.427479868341,bench_cmp_imm_to_reg
47.26894,47.27018,0.0012400000000027944,3166.705570190273,bench_cmp_imm_to_reg
47.47048,47.47174,0.0012599999999949318,3218.1322038964954,bench_cmp_imm_to_reg
47.67202,47.67328,0.0012599999999949318,3205.1616674146667,bench_cmp_imm_to_reg
47.87356,47.87482,0.0012600000000020373,3211.8701050125383,bench_cmp_imm_to_reg
48.07512,48.07636,0.0012400000000027944,3150.7075787595863,bench_cmp_imm_to_reg
48.27666,48.27792,0.0012600000000020373,3194.2611536990353,bench_cmp_imm_to_reg
48.4782,48.47946,0.0012600000000020373,3220.3885330858243,bench_cmp_imm_to_reg
48.67976,48.681,0.001239999999995689,3166.8933341163906,bench_cmp_imm_to_reg
48.8813,48.88256,0.0012599999999949318,3223.2657796558374,bench_cmp_imm_to_reg
49.08284,49.0841,0.0012600000000020373,3237.3757264641235,bench_cmp_imm_to_reg
49.2844,49.28564,0.0012400000000027944,3180.174750749222,bench_cmp_imm_to_reg
49.48594,49.4872,0.0012600000000020373,3227.9825210626364,bench_cmp_imm_to_reg
49.68748,49.68874,0.0012600000000020373,3229.354650252385,bench_cmp_imm_to_reg
49.88902,49.89028,0.0012599999999949318,3213.7931953041316,bench_cmp_imm_to_reg
50.09058,50.09198,0.0013999999999967372,3866.083282036345,bench_cmp_idx_to_reg
50.29228,50.29368,0.0014000000000038426,3871.7921963072054,bench_cmp_idx_to_reg
50.49398,50.49538,0.0013999999999967372,3869.629474347211,bench_cmp_idx_to_reg
50.69566,50.69708,0.0014200000000030855,3932.5616904631925,bench_cmp_idx_to_reg
50.89736,50.89878,0.0014200000000030855,3949.3928337551506,bench_cmp_idx_to_reg
51.09906,51.10046,0.0013999999999967372,3901.543258679909,bench_cmp_idx_to_reg
51.30076,51.30216,0.0014000000000038426,3897.7989787355446,bench_cmp_idx_to_reg
51.50246,51.50386,0.0014000000000038426,3900.1563727029206,bench_cmp_idx_to_reg
51.70416,51.70556,0.0013999999999967372,3882.071922989549,bench_cmp_idx_to_reg
51.90584,51.90726,0.0014200000000030855,3924.2330752409125,bench_cmp_idx_to_reg
52.10754,52.10894,0.0013999999999967372,3863.954709368183,bench_cmp_idx_to_reg
52.30924,52.31064,0.0013999999999967372,3862.7018802703087,bench_cmp_idx_to_reg
52.51092,52.51232,0.0014000000000038426,3887.8095825308733,bench_cmp_idx_to_reg
52.71262,52.71402,0.0013999999999967372,3896.6732332380966,bench_cmp_idx_to_reg
52.91432,52.91572,0.0014000000000038426,3908.1581030154443,bench_cmp_idx_to_reg
53.11602,53.11742,0.0014000000000038426,3902.8793363941627,bench_cmp_idx_to_reg
53.3177,53.3191,0.0013999999999967372,3895.6503337152117,bench_cmp_idx_to_reg
53.5194,53.5208,0.0014000000000038426,3895.790269609504,bench_cmp_idx_to_reg
53.7211,53.7225,0.0013999999999967372,3890.8023876049083,bench_cmp_idx_to_reg
53.92278,53.92418,0.0013999999999967372,3869.6665200309294,bench_cmp_idx_to_reg
54.12448,54.12588,0.0014000000000038426,3872.6512156538274,bench_cmp_idx_to_reg
54.32618,54.32758,0.0013999999999967372,3860.0880699141853,bench_cmp_idx_to_reg
54.52786,54.52926,0.0014000000000038426,3888.038008020076,bench_cmp_idx_to_reg
54.72956,54.73096,0.0014000000000038426,3881.5516629362955,bench_cmp_idx_to_reg
54.93126,54.93266,0.0013999999999967372,3889.230114863854,bench_cmp_idx_to_reg
55.13294,55.13434,0.0014000000000038426,3896.6294773967684,bench_cmp_idx_to_reg
55.33462,55.33602,0.0013999999999967372,3895.7420014681593,bench_cmp_idx_to_reg
55.5363,55.53772,0.0014200000000030855,3953.420948246907,bench_cmp_idx_to_reg
55.738,55.7394,0.0014000000000038426,3895.97510687164,bench_cmp_idx_to_reg
55.93968,55.94108,0.0013999999999967372,3869.899888513382,bench_cmp_idx_to_reg
56.14136,56.14278,0.0014200000000030855,3927.690179561467,bench_cmp_idx_to_reg
56.34306,56.34446,0.0013999999999967372,3864.5433657704007,bench_cmp_idx_to_reg
56.54476,56.54616,0.0014000000000038426,3869.45554522106,bench_cmp_idx_to_reg
56.74644,56.74784,0.0013999999999967372,3897.08642614115,bench_cmp_idx_to_reg
56.94814,56.94954,0.0013999999999967372,3898.565925182597,bench_cmp_idx_to_reg
57.14982,57.15122,0.0014000000000038426,3900.0929147117427,bench_cmp_idx_to_reg
57.35152,57.35292,0.0013999999999967372,3902.392245353969,bench_cmp_idx_to_reg
57.55322,57.55462,0.0013999999999967372,3885.564981018578,bench_cmp_idx_to_reg
57.75492,57.75632,0.0014000000000038426,3892.7866378908643,bench_cmp_idx_to_reg
57.95662,57.95802,0.0013999999999967372,3866.801864923585,bench_cmp_idx_to_reg
58.1583,58.1597,0.0014000000000038426,3869.7579014237185,bench_cmp_idx_to_reg
58.36,58.3614,0.0014000000000038426,3873.438111051431,bench_cmp_idx_to_reg
58.5617,58.5631,0.0013999999999967372,3875.1518586549864,bench_cmp_idx_to_reg
58.7634,58.7648,0.0014000000000038426,3894.7479380416285,bench_cmp_idx_to_reg
58.9651,58.9665,0.0014000000000038426,3904.0328143266497,bench_cmp_idx_to_reg
59.1668,59.16822,0.00141999999999598,3955.0554100308177,bench_cmp_idx_to_reg
59.36852,59.36992,0.0014000000000038426,3886.9069586627525,bench_cmp_idx_to_reg
59.57022,59.57162,0.0014000000000038426,3885.617686911452,bench_cmp_idx_to_reg
59.77192,59.77332,0.0013999999999967372,3892.452763384025,bench_cmp_idx_to_reg
59.97362,59.97502,0.0014000000000038426,3864.8203062010334,bench_cmp_idx_to_reg
60.17532,60.17672,0.0014000000000038426,3867.7214970917285,bench_cmp_idx_to_reg
60.37702,60.37842,0.0013999999999967372,3874.9974290748005,bench_cmp_idx_to_reg
60.57872,60.58012,0.0014000000000038426,3886.0178366418854,bench_cmp_idx_to_reg
60.78042,60.78182,0.0014000000000038426,3887.585536587784,bench_cmp_idx_to_reg
60.98212,60.98352,0.0013999999999967372,3902.649781656828,bench_cmp_idx_to_reg
61.1838,61.1852,0.0014000000000038426,3898.131572652395,bench_cmp_idx_to_reg
61.3855,61.3869,0.0013999999999967372,3883.272279044362,bench_cmp_idx_to_reg
61.58718,61.58858,0.0014000000000038426,3882.6614222604635,bench_cmp_idx_to_reg
61.78888,61.79028,0.0014000000000038426,3865.80166873646,bench_cmp_idx_to_reg
61.99058,61.99198,0.0013999999999967372,3844.7686261400286,bench_cmp_idx_to_reg
62.19226,62.19366,0.0014000000000038426,3858.2026655898176,bench_cmp_idx_to_reg
62.39396,62.39536,0.0013999999999967372,3871.1281330233173,bench_cmp_idx_to_reg
62.59566,62.59708,0.00141999999999598,3918.498812697364,bench_cmp_idx_to_reg
62.79738,62.79878,0.0014000000000038426,3878.7840260308585,bench_cmp_idx_to_reg
62.99908,63.00048,0.0014000000000038426,3883.155814848314,bench_cmp_idx_to_reg
63.20078,63.20218,0.0013999999999967372,3898.915713643348,bench_cmp_idx_to_reg
63.40248,63.40388,0.0014000000000038426,3894.402275339574,bench_cmp_idx_to_reg
63.60418,63.60558,0.0014000000000038426,3881.776388744656,bench_cmp_idx_to_reg
63.80588,63.80728,0.0013999999999967372,3860.3844423678906,bench_cmp_idx_to_reg
64.00758,64.00898,0.0013999999999896318,3858.6942664972125,bench_cmp_idx_to_reg
64.20928,64.21068,0.0013999999999896318,3847.384671650544,bench_cmp_idx_to_reg
64.41098,64.41238,0.0014000000000038426,3845.978660986669,bench_cmp_idx_to_reg
64.61268,64.61408,0.0014000000000038426,3868.027827713242,bench_cmp_idx_to_reg
64.81436,64.81576,0.0014000000000038426,3875.7425127678107,bench_cmp_idx_to_reg
65.01606,65.01746,0.0014000000000038426,3890.5227417244246,bench_cmp_idx_to_reg
65.21776,65.21916,0.0014000000000038426,3892.00413600717,bench_cmp_idx_to_reg
65.41946,65.42086,0.0014000000000038426,3879.5984000999088,bench_cmp_idx_to_reg
65.62116,65.62256,0.0013999999999896318,3875.9565865321483,bench_cmp_idx_to_reg
65.82284,65.82424,0.0014000000000038426,3875.876339163766,bench_cmp_idx_to_reg
66.02454,66.02594,0.0014000000000038426,3841.857274538567,bench_cmp_idx_to_reg
66.22624,66.22764,0.0013999999999896318,3856.722556490319,bench_cmp_idx_to_reg
66.42794,66.42934,0.0013999999999896318,3845.0646260450944,bench_cmp_idx_to_reg
66.62964,66.63104,0.0014000000000038426,3887.854188226919,bench_cmp_idx_to_reg
66.83134,66.83274,0.0014000000000038426,3871.4319677204307,bench_cmp_idx_to_reg
67.03304,67.03444,0.0014000000000038426,3882.4967155338736,bench_cmp_idx_to_reg
67.23474,67.23614,0.0014000000000038426,3888.168195272678,bench_cmp_idx_to_reg
67.43644,67.43784,0.0013999999999896318,3872.57564577058,bench_cmp_idx_to_reg
67.63814,67.63954,0.0013999999999896318,3876.423381704463,bench_cmp_idx_to_reg
67.83982,67.84124,0.00141999999999598,3917.9057231976176,bench_cmp_idx_to_reg
68.04152,68.04294,0.00141999999999598,3910.7571914655127,bench_cmp_idx_to_reg
68.24322,68.24462,0.0014000000000038426,3852.6700367343765,bench_cmp_idx_to_reg
68.44492,68.44632,0.0014000000000038426,3871.4046171050145,bench_cmp_idx_to_reg
68.64662,68.64802,0.0014000000000038426,3876.877166341842,bench_cmp_idx_to_reg
68.8483,68.8497,0.0014000000000038426,3879.723490693424,bench_cmp_idx_to_reg
69.05,69.0514,0.0014000000000038426,3888.8415764202264,bench_cmp_idx_to_reg
69.2517,69.2531,0.0014000000000038426,3899.5227031521435,bench_cmp_idx_to_reg
69.4534,69.4548,0.0014000000000038426,3882.006977229134,bench_cmp_idx_to_reg
69.6551,69.6565,0.0013999999999896318,3877.173839106643,bench_cmp_idx_to_reg
69.8568,69.8582,0.0013999999999896318,3858.8332221540236,bench_cmp_idx_to_reg
70.0585,70.0599,0.0014000000000038426,3861.1300359603906,bench_cmp_idx_to_reg
70.2602,70.2616,0.0014000000000038426,3913.290165376025,bench_cmp_sym_to_reg
70.4619,70.4633,0.0014000000000038426,3939.003499701621,bench_cmp_sym_to_reg
70.6636,70.665,0.0014000000000038426,3935.561568951465,bench_cmp_sym_to_reg
70.8653,70.8667,0.0013999999999896318,3966.0239312491112,bench_cmp_sym_to_reg
71.067,71.0684,0.0014000000000038426,3952.6204881388708,bench_cmp_sym_to_reg
71.2687,71.2701,0.0014000000000038426,3958.9449833262397,bench_cmp_sym_to_reg
71.4704,71.4718,0.0014000000000038426,3950.839603796825,bench_cmp_sym_to_reg
71.6721,71.6735,0.0014000000000038426,3942.7565340996302,bench_cmp_sym_to_reg
71.8738,71.8752,0.0014000000000038426,3926.8937916594095,bench_cmp_sym_to_reg
72.0755,72.0769,0.0013999999999896318,3930.345119413033,bench_cmp_sym_to_reg
72.2772,72.2786,0.0014000000000038426,3930.0415408924864,bench_cmp_sym_to_reg
72.4789,72.48028,0.0013799999999974943,3865.423342206945,bench_cmp_sym_to_reg
72.6806,72.682,0.0014000000000038426,3950.349858507699,bench_cmp_sym_to_reg
72.88228,72.88368,0.0014000000000038426,3965.128669527633,bench_cmp_sym_to_reg
73.08398,73.08538,0.0014000000000038426,3961.0418235066827,bench_cmp_sym_to_reg
73.28568,73.28706,0.0013799999999974943,3901.4405268178266,bench_cmp_sym_to_reg
73.48736,73.48876,0.0014000000000038426,3952.3997320907256,bench_cmp_sym_to_reg
73.68906,73.69046,0.0014000000000038426,3951.1209004671127,bench_cmp_sym_to_reg
73.89074,73.89214,0.0014000000000038426,3929.2583940678537,bench_cmp_sym_to_reg
74.09244,74.09384,0.0014000000000038426,3926.8532558458605,bench_cmp_sym_to_reg
74.29412,74.29552,0.0013999999999896318,3930.356756288158,bench_cmp_sym_to_reg
74.49582,74.49722,0.0014000000000038426,3940.0065015186146,bench_cmp_sym_to_reg
74.6975,74.6989,0.0013999999999896318,3941.5813679493235,bench_cmp_sym_to_reg
74.8992,74.90058,0.0013800000000117052,3902.10679968558,bench_cmp_sym_to_reg
75.10088,75.10228,0.0013999999999896318,3942.0223561741077,bench_cmp_sym_to_reg
75.30258,75.30398,0.0013999999999896318,3955.518184198721,bench_cmp_sym_to_reg
75.50426,75.50566,0.0014000000000038426,3943.188951826174,bench_cmp_sym_to_reg
75.70596,75.70736,0.0013999999999896318,3946.5356734277875,bench_cmp_sym_to_reg
75.90764,75.90904,0.0014000000000038426,3937.790945649156,bench_cmp_sym_to_reg
76.10934,76.11074,0.0014000000000038426,3924.544819174912,bench_cmp_sym_to_reg
76.31102,76.31242,0.0014000000000038426,3926.4521165866786,bench_cmp_sym_to_reg
76.5127,76.5141,0.0014000000000038426,3939.705407258804,bench_cmp_sym_to_reg
76.71438,76.71578,0.0013999999999896318,3953.3674716635196,bench_cmp_sym_to_reg
76.91608,76.91748,0.0014000000000038426,3970.8718890446635,bench_cmp_sym_to_reg
77.11776,77.11916,0.0013999999999896318,3966.826342480892,bench_cmp_sym_to_reg
77.31946,77.32086,0.0013999999999896318,3948.4356832378835,bench_cmp_sym_to_reg
77.52116,77.52256,0.0014000000000038426,3952.1452156016567,bench_cmp_sym_to_reg
77.72284,77.72424,0.0013999999999896318,3947.357111579812,bench_cmp_sym_to_reg
77.92454,77.92594,0.0014000000000038426,3932.891781454644,bench_cmp_sym_to_reg
78.12624,78.12764,0.0014000000000038426,3921.2376601178794,bench_cmp_sym_to_reg
78.32792,78.32932,0.0013999999999896318,3927.3775182353074,bench_cmp_sym_to_reg
78.52962,78.53102,0.0014000000000038426,3946.5376269192775,bench_cmp_sym_to_reg
78.73132,78.7327,0.0013799999999974943,3891.6413439372013,bench_cmp_sym_to_reg
78.933,78.9344,0.0013999999999896318,3964.7379866491083,bench_cmp_sym_to_reg
79.1347,79.1361,0.0014000000000038426,3959.219639667344,bench_cmp_sym_to_reg
79.33638,79.33778,0.0013999999999896318,3960.924055396294,bench_cmp_sym_to_reg
79.53808,79.53948,0.0014000000000038426,3958.0611232799815,bench_cmp_sym_to_reg
79.73978,79.74118,0.0014000000000038426,3925.347866036139,bench_cmp_sym_to_reg
79.94148,79.94288,0.0014000000000038426,3915.8313744816937,bench_cmp_sym_to_reg
80.14316,80.14456,0.0014000000000038426,3921.935556002636,bench_cmp_sym_to_reg
80.34486,80.34626,0.0014000000000038426,3933.9450886585923,bench_cmp_sym_to_reg
80.54656,80.54796,0.0014000000000038426,3940.060008328259,bench_cmp_sym_to_reg
80.74824,80.74964,0.0014000000000038426,3956.480012287326,bench_cmp_sym_to_reg
80.94994,80.95134,0.0014000000000038426,3953.323506295737,bench_cmp_sym_to_reg
81.15164,81.15304,0.0014000000000038426,3954.6241331959063,bench_cmp_sym_to_reg
81.35334,81.35472,0.0013799999999974943,3891.264856785319,bench_cmp_sym_to_reg
81.55502,81.55642,0.0014000000000038426,3941.4379652705334,bench_cmp_sym_to_reg
81.75672,81.75812,0.0014000000000038426,3932.0814469929755,bench_cmp_sym_to_reg
81.9584,81.9598,0.0014000000000038426,3934.107567194608,bench_cmp_sym_to_reg
82.1601,82.1615,0.0014000000000038426,3936.611036781024,bench_cmp_sym_to_reg
82.36178,82.36318,0.0014000000000038426,3934.807903145102,bench_cmp_sym_to_reg
82.56348,82.56488,0.0014000000000038426,3939.89810721168,bench_cmp_sym_to_reg
82.76516,82.76656,0.0014000000000038426,3958.9819475199615,bench_cmp_sym_to_reg
82.96686,82.96826,0.0014000000000038426,3938.0661258586283,bench_cmp_sym_to_reg
83.16854,83.16994,0.0014000000000038426,3961.302989641301,bench_cmp_sym_to_reg
83.37024,83.37164,0.0014000000000038426,3957.8107907558438,bench_cmp_sym_to_reg
83.57192,83.57332,0.0013999999999896318,3955.881812113061,bench_cmp_sym_to_reg
83.77362,83.775,0.0013800000000117052,3882.40094067188,bench_cmp_sym_to_reg
83.9753,83.9767,0.0013999999999896318,3928.615981682501,bench_cmp_sym_to_reg
84.17698,84.17838,0.0014000000000038426,3939.9979054104356,bench_cmp_sym_to_reg
84.37868,84.38008,0.0014000000000038426,3930.6853269324324,bench_cmp_sym_to_reg
84.58038,84.58176,0.0013799999999974943,3873.322166028146,bench_cmp_sym_to_reg
84.78206,84.78346,0.0014000000000038426,3946.857403508156,bench_cmp_sym_to_reg
84.98376,84.98514,0.0013799999999974943,3892.958019852182,bench_cmp_sym_to_reg
85.18544,85.18684,0.0014000000000038426,3960.570776846453,bench_cmp_sym_to_reg
85.38714,85.38854,0.0014000000000038426,3948.4178298255515,bench_cmp_sym_to_reg
85.58882,85.59022,0.0014000000000038426,3954.4353913631635,bench_cmp_sym_to_reg
85.79052,85.79192,0.0014000000000038426,3924.397530509943,bench_cmp_sym_to_reg
85.99222,85.99362,0.0014000000000038426,3920.7668602564936,bench_cmp_sym_to_reg
86.19392,86.1953,0.0013799999999974943,3875.529973293654,bench_cmp_sym_to_reg
86.3956,86.397,0.0014000000000038426,3933.4064698879183,bench_cmp_sym_to_reg
86.5973,86.5987,0.0013999999999896318,3949.2685044810314,bench_cmp_sym_to_reg
86.79898,86.80038,0.0014000000000038426,3952.9691403846523,bench_cmp_sym_to_reg
87.00068,87.00208,0.0014000000000038426,3957.878246447379,bench_cmp_sym_to_reg
87.20236,87.20376,0.0014000000000038426,3952.735255018181,bench_cmp_sym_to_reg
87.40406,87.40544,0.0013799999999974943,3883.95259854509,bench_cmp_sym_to_reg
87.60574,87.60714,0.0014000000000038426,3934.809761133236,bench_cmp_sym_to_reg
87.80742,87.80882,0.0014000000000038426,3929.2166172651364,bench_cmp_sym_to_reg
88.00912,88.01052,0.0014000000000038426,3924.6368990398173,bench_cmp_sym_to_reg
88.2108,88.2122,0.0013999999999896318,3926.510331189958,bench_cmp_sym_to_reg
88.41248,88.41388,0.0014000000000038426,3931.677290249028,bench_cmp_sym_to_reg
88.61418,88.61558,0.0013999999999896318,3939.546172011364,bench_cmp_sym_to_reg
88.81586,88.81726,0.0014000000000038426,3964.3579325743876,bench_cmp_sym_to_reg
89.01754,89.01894,0.0014000000000038426,3958.4337803651842,bench_cmp_sym_to_reg
89.21922,89.22062,0.0013999999999896318,3950.2590917675643,bench_cmp_sym_to_reg
89.4209,89.4223,0.0014000000000038426,3952.725171121348,bench_cmp_sym_to_reg
89.62258,89.62398,0.0014000000000038426,3944.5083495340837,bench_cmp_sym_to_reg
89.82426,89.82566,0.0014000000000038426,3925.8625614580483,bench_cmp_sym_to_reg
90.02594,90.02734,0.0013999999999896318,3916.7374209188106,bench_cmp_sym_to_reg
90.22762,90.22902,0.0014000000000038426,3918.1692595693225,bench_cmp_sym_to_reg
90.42932,90.43072,0.0013999999999896318,3860.658872841589,bench_cmp_abs_to_reg
90.631,90.6324,0.0014000000000038426,3864.202825363654,bench_cmp_abs_to_reg
90.8327,90.8341,0.0014000000000038426,3867.6477363423865,bench_cmp_abs_to_reg
91.03438,91.03578,0.0014000000000038426,3870.704122830352,bench_cmp_abs_to_reg
91.23606,91.23746,0.0014000000000038426,3869.469950453023,bench_cmp_abs_to_reg
91.43774,91.43914,0.0013999999999896318,3861.9921216440484,bench_cmp_abs_to_reg
91.63942,91.64082,0.0014000000000038426,3851.1008001028467,bench_cmp_abs_to_reg
91.8411,91.8425,0.0014000000000038426,3839.364531461457,bench_cmp_abs_to_reg
92.04278,92.04418,0.0014000000000038426,3835.3264168964843,bench_cmp_abs_to_reg
92.24446,92.24586,0.0013999999999896318,3865.993914629993,bench_cmp_abs_to_reg
92.44614,92.44754,0.0014000000000038426,3859.2125335818464,bench_cmp_abs_to_reg
92.64784,92.64924,0.0014000000000038426,3860.4630995642515,bench_cmp_abs_to_reg
92.84952,92.85092,0.0014000000000038426,3871.2884835082396,bench_cmp_abs_to_reg
93.0512,93.0526,0.0014000000000038426,3873.0058306963538,bench_cmp_abs_to_reg
93.25288,93.25428,0.0013999999999896318,3866.000235981947,bench_cmp_abs_to_reg
93.45456,93.45596,0.0014000000000038426,3878.7334552143034,bench_cmp_abs_to_reg
93.65626,93.65766,0.0014000000000038426,3862.485552681765,bench_cmp_abs_to_reg
93.85794,93.85934,0.0014000000000038426,3853.4313975945433,bench_cmp_abs_to_reg
94.05964,94.06104,0.0014000000000038426,3821.4946980687696,bench_cmp_abs_to_reg
94.26134,94.26274,0.0013999999999896318,3849.367059271675,bench_cmp_abs_to_reg
94.46302,94.46442,0.0014000000000038426,3866.410322963257,bench_cmp_abs_to_reg
94.66472,94.6661,0.0013799999999974943,3816.470964803088,bench_cmp_abs_to_reg
94.8664,94.8678,0.0014000000000038426,3867.919589403896,bench_cmp_abs_to_reg
95.0681,95.0695,0.0014000000000038426,3878.02415295606,bench_cmp_abs_to_reg
95.26978,95.27118,0.0014000000000038426,3869.132041011598,bench_cmp_abs_to_reg
95.47146,95.47286,0.0014000000000038426,3867.8297959398824,bench_cmp_abs_to_reg
95.67316,95.67456,0.0014000000000038426,3831.6442887418566,bench_cmp_abs_to_reg
95.87484,95.87624,0.0013999999999896318,3854.075081150785,bench_cmp_abs_to_reg
96.07654,96.07792,0.0013800000000117052,3778.233688824126,bench_cmp_abs_to_reg
96.27822,96.27962,0.0013999999999896318,3841.346444066141,bench_cmp_abs_to_reg
96.47992,96.48132,0.0013999999999896318,3845.6774106873727,bench_cmp_abs_to_reg
96.6816,96.683,0.0014000000000038426,3868.255957503778,bench_cmp_abs_to_reg
96.8833,96.8847,0.0013999999999896318,3864.980239856161,bench_cmp_abs_to_reg
97.08498,97.08638,0.0014000000000038426,3871.5082965891334,bench_cmp_abs_to_reg
97.28666,97.28806,0.0014000000000038426,3867.711504000871,bench_cmp_abs_to_reg
97.48834,97.48974,0.0014000000000038426,3862.6913097810125,bench_cmp_abs_to_reg
97.69002,97.69142,0.0013999999999896318,3841.356190356699,bench_cmp_abs_to_reg
97.89172,97.89312,0.0013999999999896318,3822.397959853635,bench_cmp_abs_to_reg
98.0934,98.0948,0.0014000000000038426,3837.426707623574,bench_cmp_abs_to_reg
98.2951,98.2965,0.0013999999999896318,3851.591269455354,bench_cmp_abs_to_reg
98.49678,98.49818,0.0014000000000038426,3865.276265433821,bench_cmp_abs_to_reg
98.69846,98.69986,0.0014000000000038426,3868.135085806469,bench_cmp_abs_to_reg
98.90016,98.90156,0.0014000000000038426,3868.503172426932,bench_cmp_abs_to_reg
99.10184,99.10324,0.0014000000000038426,3874.883041729661,bench_cmp_abs_to_reg
99.30352,99.30492,0.0013999999999896318,3870.5373648252657,bench_cmp_abs_to_reg
99.50522,99.50662,0.0014000000000038426,3867.350318482011,bench_cmp_abs_to_reg
99.7069,99.7083,0.0013999999999896318,3854.5794016385853,bench_cmp_abs_to_reg
99.90858,99.90998,0.0014000000000038426,3835.3967340776735,bench_cmp_abs_to_reg
100.11028,100.11168,0.0014000000000038426,3846.7600359667695,bench_cmp_abs_to_reg
100.31196,100.31336,0.0014000000000038426,3839.8503232853,bench_cmp_abs_to_reg
100.51366,100.51504,0.0013799999999974943,3803.4261506905314,bench_cmp_abs_to_reg
100.71534,100.71674,0.0014000000000038426,3857.480718300039,bench_cmp_abs_to_reg
100.91702,100.91842,0.0014000000000038426,3871.791092691467,bench_cmp_abs_to_reg
101.11872,101.12012,0.0014000000000038426,3880.603271547491,bench_cmp_abs_to_reg
101.3204,101.3218,0.0013999999999896318,3873.8579326004224,bench_cmp_abs_to_reg
101.52208,101.52348,0.0014000000000038426,3854.3798867705164,bench_cmp_abs_to_reg
101.72376,101.72516,0.0014000000000038426,3835.791980393352,bench_cmp_abs_to_reg
101.92546,101.92686,0.0014000000000038426,3830.237567900553,bench_cmp_abs_to_reg
102.12714,102.12854,0.0014000000000038426,3834.5815241456116,bench_cmp_abs_to_reg
102.32884,102.33024,0.0014000000000038426,3865.9142307119946,bench_cmp_abs_to_reg
102.53054,102.53194,0.0014000000000038426,3861.0423053715413,bench_cmp_abs_to_reg
102.73224,102.73364,0.0013999999999896318,3849.0563979998556,bench_cmp_abs_to_reg
102.93392,102.93532,0.0014000000000038426,3884.7016077589624,bench_cmp_abs_to_reg
103.13562,103.13702,0.0014000000000038426,3854.876079139855,bench_cmp_abs_to_reg
103.3373,103.3387,0.0014000000000038426,3874.445531994309,bench_cmp_abs_to_reg
103.539,103.5404,0.0014000000000038426,3858.833676214396,bench_cmp_abs_to_reg
103.74068,103.74208,0.0014000000000038426,3844.158130243259,bench_cmp_abs_to_reg
103.94238,103.94378,0.0014000000000038426,3828.1363481766825,bench_cmp_abs_to_reg
104.14406,104.14546,0.0014000000000038426,3832.3192671056136,bench_cmp_abs_to_reg
104.34576,104.34716,0.0014000000000038426,3849.213451623939,bench_cmp_abs_to_reg
104.54744,104.54884,0.0014000000000038426,3867.488543049077,bench_cmp_abs_to_reg
104.74914,104.75054,0.0014000000000038426,3874.6813964209614,bench_cmp_abs_to_reg
104.95082,104.95222,0.0014000000000038426,3884.828488821075,bench_cmp_abs_to_reg
105.15252,105.15392,0.0014000000000038426,3865.6025054054753,bench_cmp_abs_to_reg
105.3542,105.3556,0.0013999999999896318,3857.7130436591233,bench_cmp_abs_to_reg
105.5559,105.5573,0.0014000000000038426,3852.0657434255677,bench_cmp_abs_to_reg
105.7576,105.759,0.0014000000000038426,3853.317343175645,bench_cmp_abs_to_reg
105.95928,105.96068,0.0013999999999896318,3852.4984614623386,bench_cmp_abs_to_reg
106.16098,106.16238,0.0014000000000038426,3842.687339068459,bench_cmp_abs_to_reg
106.36268,106.36408,0.0014000000000038426,3857.808294717041,bench_cmp_abs_to_reg
106.56438,106.56578,0.0014000000000038426,3854.371521167093,bench_cmp_abs_to_reg
106.76608,106.76748,0.0014000000000038426,3870.5548457889986,bench_cmp_abs_to_reg
106.96778,106.96918,0.0013999999999896318,3876.175519514368,bench_cmp_abs_to_reg
107.16948,107.17086,0.0013800000000117052,3809.7174954945795,bench_cmp_abs_to_reg
107.37118,107.37258,0.0014000000000038426,3849.957857758531,bench_cmp_abs_to_reg
107.57288,107.57428,0.0014000000000038426,3854.035541892461,bench_cmp_abs_to_reg
107.77458,107.77598,0.0014000000000038426,3854.939683816612,bench_cmp_abs_to_reg
107.9763,107.9777,0.0014000000000038426,3846.0247777524173,bench_cmp_abs_to_reg
108.178,108.1794,0.0014000000000038426,3848.986409150249,bench_cmp_abs_to_reg
108.3797,108.3811,0.0014000000000038426,3862.9650394541663,bench_cmp_abs_to_reg
108.5814,108.5828,0.0014000000000038426,3868.336421447396,bench_cmp_abs_to_reg
108.7831,108.7845,0.0013999999999896318,3868.002279165654,bench_cmp_abs_to_reg
108.9848,108.98618,0.0013799999999974943,3818.9357239669102,bench_cmp_abs_to_reg
109.18648,109.18788,0.0014000000000038426,3878.365356949713,bench_cmp_abs_to_reg
109.38818,109.38958,0.0013999999999896318,3854.9574510818506,bench_cmp_abs_to_reg
109.58988,109.59128,0.0014000000000038426,3846.2125021164734,bench_cmp_abs_to_reg
109.79158,109.79298,0.0014000000000038426,3839.9135205077323,bench_cmp_abs_to_reg
109.99328,109.99468,0.0014000000000038426,3834.0569893012353,bench_cmp_abs_to_reg
110.19498,110.19638,0.0014000000000038426,3848.017926803717,bench_cmp_abs_to_reg
110.39668,110.39808,0.0013999999999896318,3870.7470288200575,bench_cmp_abs_to_reg
110.59838,110.59916,0.0007799999999917873,2438.5252012620763,bench_cmp_ind_to_reg
110.79946,110.80026,0.0007999999999981355,2504.925876849796,bench_cmp_ind_to_reg
111.00056,111.00134,0.0007800000000059981,2441.2492453308996,bench_cmp_ind_to_reg
111.20164,111.20242,0.0007800000000059981,2451.953594591936,bench_cmp_ind_to_reg
111.40272,111.40352,0.0007999999999981355,2521.4624404845567,bench_cmp_ind_to_reg
111.60382,111.6046,0.0007800000000059981,2443.205148466314,bench_cmp_ind_to_reg
111.8049,111.80568,0.0007799999999917873,2453.4480343311957,bench_cmp_ind_to_reg
112.00598,112.00678,0.0008000000000123464,2498.8522846637943,bench_cmp_ind_to_reg
112.20706,112.20786,0.0007999999999981355,2490.6136258446404,bench_cmp_ind_to_reg
112.40814,112.40894,0.0007999999999981355,2499.2103595235417,bench_cmp_ind_to_reg
112.60922,112.61002,0.0008000000000123464,2498.313658908563,bench_cmp_ind_to_reg
112.81032,112.8111,0.0007799999999917873,2442.2422609972477,bench_cmp_ind_to_reg
113.0114,113.0122,0.0008000000000123464,2494.592082259345,bench_cmp_ind_to_reg
113.21248,113.21328,0.0007999999999981355,2504.4481689052413,bench_cmp_ind_to_reg
113.41358,113.41436,0.0007800000000059981,2457.1028514952955,bench_cmp_ind_to_reg
113.61466,113.61546,0.0007999999999981355,2502.968995826277,bench_cmp_ind_to_reg
113.81574,113.81654,0.0007999999999981355,2515.1080964080475,bench_cmp_ind_to_reg
114.01684,114.01764,0.0007999999999981355,2515.968673390857,bench_cmp_ind_to_reg
114.21794,114.21872,0.0007800000000059981,2451.564352977874,bench_cmp_ind_to_reg
114.41902,114.41982,0.0007999999999981355,2518.0719606519615,bench_cmp_ind_to_reg
114.62012,114.6209,0.0007800000000059981,2451.999180503203,bench_cmp_ind_to_reg
114.8212,114.822,0.0007999999999981355,2496.88540817644,bench_cmp_ind_to_reg
115.0223,115.0231,0.0007999999999981355,2502.8789183066738,bench_cmp_ind_to_reg
115.2234,115.22418,0.0007800000000059981,2435.060839653118,bench_cmp_ind_to_reg
115.42448,115.42528,0.0007999999999981355,2488.2225948329515,bench_cmp_ind_to_reg
115.62558,115.62636,0.0007800000000059981,2434.0307270364287,bench_cmp_ind_to_reg
115.82666,115.82744,0.0007799999999917873,2438.7648910963,bench_cmp_ind_to_reg
116.02774,116.02854,0.0008000000000123464,2505.4587074937385,bench_cmp_ind_to_reg
116.22884,116.22962,0.0007799999999917873,2458.8958034039683,bench_cmp_ind_to_reg
116.42992,116.43072,0.0007999999999981355,2509.033149102249,bench_cmp_ind_to_reg
116.63102,116.63182,0.0007999999999981355,2514.2221525253863,bench_cmp_ind_to_reg
116.83212,116.8329,0.0007799999999917873,2441.8654944487826,bench_cmp_ind_to_reg
117.0332,117.034,0.0008000000000123464,2503.0793925193516,bench_cmp_ind_to_reg
117.2343,117.2351,0.0007999999999981355,2519.114245655107,bench_cmp_ind_to_reg
117.4354,117.43618,0.0007799999999917873,2443.073063597351,bench_cmp_ind_to_reg
117.6365,117.63728,0.0007800000000059981,2440.69343434636,bench_cmp_ind_to_reg
117.83758,117.83838,0.0007999999999981355,2513.5273230204994,bench_cmp_ind_to_reg
118.03868,118.03948,0.0007999999999981355,2487.9850563535724,bench_cmp_ind_to_reg
118.23978,118.24058,0.0007999999999981355,2488.1386244610135,bench_cmp_ind_to_reg
118.44088,118.44168,0.0007999999999981355,2483.2811974866854,bench_cmp_ind_to_reg
118.64198,118.64278,0.0007999999999981355,2485.358361148985,bench_cmp_ind_to_reg
118.84308,118.84386,0.0007800000000059981,2434.244554042558,bench_cmp_ind_to_reg
119.04416,119.04496,0.0007999999999981355,2489.4277867803303,bench_cmp_ind_to_reg
119.24524,119.24604,0.0007999999999981355,2492.554471821994,bench_cmp_ind_to_reg
119.44634,119.44712,0.0007799999999917873,2452.4304270488255,bench_cmp_ind_to_reg
119.64742,119.64822,0.0007999999999981355,2503.2759318066846,bench_cmp_ind_to_reg
119.84852,119.84932,0.0008000000000123464,2509.68405282283,bench_cmp_ind_to_reg
120.04962,120.0504,0.0007799999999917873,2455.891650144488,bench_cmp_ind_to_reg
120.2507,120.2515,0.0007999999999981355,2525.2105295592023,bench_cmp_ind_to_reg
120.4518,120.45258,0.0007799999999917873,2457.487450421375,bench_cmp_ind_to_reg
120.6529,120.65368,0.0007799999999917873,2446.488330580479,bench_cmp_ind_to_reg
120.85398,120.85478,0.0007999999999981355,2509.4053684676896,bench_cmp_ind_to_reg
121.05508,121.05588,0.0007999999999981355,2497.478988947059,bench_cmp_ind_to_reg
121.25618,121.25696,0.0007800000000059981,2438.614815492278,bench_cmp_ind_to_reg
121.45726,121.45806,0.0007999999999981355,2486.1866375372674,bench_cmp_ind_to_reg
121.65836,121.65914,0.0007799999999917873,2438.1272960203823,bench_cmp_ind_to_reg
121.85944,121.86024,0.0007999999999981355,2480.738973239604,bench_cmp_ind_to_reg
122.06054,122.06132,0.0007799999999917873,2433.7743501856608,bench_cmp_ind_to_reg
122.26162,122.26242,0.0008000000000123464,2516.7371170041915,bench_cmp_ind_to_reg
122.46272,122.46352,0.0007999999999981355,2498.89920232226,bench_cmp_ind_to_reg
122.6638,122.6646,0.0007999999999981355,2505.132369690582,bench_cmp_ind_to_reg
122.8649,122.86568,0.0007799999999917873,2441.790201676205,bench_cmp_ind_to_reg
123.06598,123.06678,0.0007999999999981355,2522.259284736325,bench_cmp_ind_to_reg
123.26708,123.26786,0.0007799999999917873,2448.777570363911,bench_cmp_ind_to_reg
123.46816,123.46894,0.0007800000000059981,2452.0244146880996,bench_cmp_ind_to_reg
123.66924,123.67004,0.0007999999999981355,2509.32669499311,bench_cmp_ind_to_reg
123.87034,123.87112,0.0007800000000059981,2449.0210600382075,bench_cmp_ind_to_reg
124.07142,124.07222,0.0007999999999981355,2503.3436948376857,bench_cmp_ind_to_reg
124.27252,124.2733,0.0007800000000059981,2436.66922675455,bench_cmp_ind_to_reg
124.4736,124.4744,0.0007999999999981355,2504.795510316539,bench_cmp_ind_to_reg
124.67468,124.67548,0.0007999999999981355,2495.0073868911486,bench_cmp_ind_to_reg
124.87578,124.87658,0.0007999999999981355,2481.419302051967,bench_cmp_ind_to_reg
125.07688,125.07766,0.0007799999999917873,2432.681890178973,bench_cmp_ind_to_reg
125.27796,125.27876,0.0008000000000123464,2504.6929577749393,bench_cmp_ind_to_reg
125.47904,125.47984,0.0007999999999981355,2509.661228390242,bench_cmp_ind_to_reg
125.68014,125.68092,0.0007800000000059981,2447.1809249551025,bench_cmp_ind_to_reg
125.88122,125.882,0.0007800000000059981,2464.0731699954226,bench_cmp_ind_to_reg
126.08228,126.08308,0.0007999999999981355,2506.790747859979,bench_cmp_ind_to_reg
126.28336,126.28416,0.0007999999999981355,2516.5215390673366,bench_cmp_ind_to_reg
126.48444,126.48524,0.0007999999999981355,2516.7357502451487,bench_cmp_ind_to_reg
126.68552,126.68632,0.0007999999999981355,2521.7382307106695,bench_cmp_ind_to_reg
126.8866,126.8874,0.0007999999999981355,2514.5001755969015,bench_cmp_ind_to_reg
127.08768,127.08848,0.0007999999999981355,2501.3435003294476,bench_cmp_ind_to_reg
127.28876,127.28956,0.0007999999999981355,2509.546966751703,bench_cmp_ind_to_reg
127.48986,127.49064,0.0007800000000059981,2428.1152850200165,bench_cmp_ind_to_reg
127.69094,127.69172,0.0007800000000059981,2429.5209767483475,bench_cmp_ind_to_reg
127.89202,127.8928,0.0007799999999917873,2429.018372178418,bench_cmp_ind_to_reg
128.09308,128.09388,0.0008000000000265572,2501.1161855325936,bench_cmp_ind_to_reg
128.29416,128.29496,0.0007999999999981355,2494.887090282964,bench_cmp_ind_to_reg
128.49526,128.49604,0.0007799999999917873,2444.5040290911647,bench_cmp_ind_to_reg
128.69634,128.69712,0.000780000000020209,2435.480654302337,bench_cmp_ind_to_reg
128.89742,128.89822,0.0007999999999981355,2513.1866242691876,bench_cmp_ind_to_reg
129.0985,129.09928,0.0007799999999917873,2447.7610666977585,bench_cmp_ind_to_reg
129.29958,129.30036,0.000780000000020209,2448.5070934215983,bench_cmp_ind_to_reg
129.50066,129.50144,0.0007799999999917873,2452.80391534197,bench_cmp_ind_to_reg
129.70172,129.70252,0.0007999999999981355,2514.537731180118,bench_cmp_ind_to_reg
129.9028,129.9036,0.0007999999999981355,2515.38489711905,bench_cmp_ind_to_reg
130.10388,130.10466,0.0007799999999917873,2458.9719786048818,bench_cmp_ind_to_reg
130.30496,130.30574,0.0007799999999917873,2444.376796457199,bench_cmp_ind_to_reg
130.50602,130.50682,0.0007999999999981355,2489.5517039065753,bench_cmp_ind_to_reg
130.70712,130.70792,0.0007999999999981355,2492.6495877966963,bench_cmp_aut_to_reg
130.9082,130.90902,0.0008200000000044838,2550.2781989183036,bench_cmp_aut_to_reg
131.1093,131.1101,0.0007999999999981355,2485.0648385413815,bench_cmp_aut_to_reg
131.3104,131.3112,0.0008000000000265572,2482.84587644893,bench_cmp_aut_to_reg
131.51148,131.51228,0.0007999999999981355,2486.6686738045028,bench_cmp_aut_to_reg
131.71258,131.71338,0.0007999999999981355,2489.3668992396265,bench_cmp_aut_to_reg
131.91366,131.91448,0.0008200000000044838,2552.7542410559176,bench_cmp_aut_to_reg
132.11476,132.11556,0.0007999999999981355,2512.7001968155273,bench_cmp_aut_to_reg
132.31586,132.31666,0.0008000000000265572,2509.2653139385934,bench_cmp_aut_to_reg
132.51694,132.51776,0.0008200000000044838,2560.03765390804,bench_cmp_aut_to_reg
132.71804,132.71884,0.0007999999999981355,2510.3921559575474,bench_cmp_aut_to_reg
132.91912,132.91994,0.0008200000000044838,2574.789454243633,bench_cmp_aut_to_reg
133.12022,133.12104,0.0008200000000044838,2562.603431301616,bench_cmp_aut_to_reg
133.32132,133.32212,0.0008000000000265572,2497.4765606121555,bench_cmp_aut_to_reg
133.5224,133.52322,0.0008200000000044838,2558.3131634781025,bench_cmp_aut_to_reg
133.7235,133.7243,0.0007999999999981355,2493.393272155706,bench_cmp_aut_to_reg
133.9246,133.9254,0.0007999999999981355,2493.0658377644495,bench_cmp_aut_to_reg
134.1257,134.1265,0.0007999999999981355,2490.7906749220865,bench_cmp_aut_to_reg
134.32678,134.3276,0.0008199999999760621,2545.024806093375,bench_cmp_aut_to_reg
134.52788,134.52868,0.0007999999999981355,2485.703423147202,bench_cmp_aut_to_reg
134.72898,134.72978,0.0007999999999981355,2498.17144357989,bench_cmp_aut_to_reg
134.93006,134.93088,0.0008200000000044838,2557.360981605086,bench_cmp_aut_to_reg
135.13116,135.13196,0.0007999999999981355,2511.633930256622,bench_cmp_aut_to_reg
135.33226,135.33306,0.0007999999999981355,2493.5014126756046,bench_cmp_aut_to_reg
135.53336,135.53418,0.0008200000000044838,2564.436281114557,bench_cmp_aut_to_reg
135.73446,135.73528,0.0008199999999760621,2559.0297881697984,bench_cmp_aut_to_reg
135.93556,135.93638,0.0008200000000044838,2557.591027593694,bench_cmp_aut_to_reg
136.13666,136.13748,0.0008200000000044838,2551.919405828748,bench_cmp_aut_to_reg
136.33776,136.33858,0.0008200000000044838,2563.4748977750874,bench_cmp_aut_to_reg
136.53886,136.53968,0.0008200000000044838,2563.2282276772185,bench_cmp_aut_to_reg
136.73996,136.74078,0.0008200000000044838,2557.620175661885,bench_cmp_aut_to_reg
136.94106,136.94188,0.0008200000000044838,2546.2451251355824,bench_cmp_aut_to_reg
137.14216,137.14298,0.0008200000000044838,2555.0396531025035,bench_cmp_aut_to_reg
137.34326,137.34406,0.0008000000000265572,2478.4687488222876,bench_cmp_aut_to_reg
137.54436,137.54516,0.0007999999999981355,2490.5155273096893,bench_cmp_aut_to_reg
137.74546,137.74626,0.0007999999999981355,2481.051376083838,bench_cmp_aut_to_reg
137.94656,137.94736,0.0007999999999981355,2493.5233592934687,bench_cmp_aut_to_reg
138.14766,138.14846,0.0007999999999981355,2511.6379163172865,bench_cmp_aut_to_reg
138.34874,138.34956,0.0008200000000044838,2558.002800228712,bench_cmp_aut_to_reg
138.54984,138.55066,0.0008200000000044838,2573.679666978901,bench_cmp_aut_to_reg
138.75094,138.75174,0.0007999999999981355,2499.6412731652695,bench_cmp_aut_to_reg
138.95204,138.95284,0.0007999999999981355,2500.709027512014,bench_cmp_aut_to_reg
139.15312,139.15394,0.0008200000000044838,2563.842933173596,bench_cmp_aut_to_reg
139.35422,139.35502,0.0007999999999981355,2511.2947099777803,bench_cmp_aut_to_reg
139.55532,139.55612,0.0007999999999981355,2505.593176460131,bench_cmp_aut_to_reg
139.7564,139.75722,0.0008199999999760621,2569.5049878401474,bench_cmp_aut_to_reg
139.9575,139.9583,0.0007999999999981355,2504.259725097301,bench_cmp_aut_to_reg
140.1586,140.1594,0.0007999999999981355,2483.5479143021207,bench_cmp_aut_to_reg
140.35968,140.3605,0.0008200000000044838,2545.902053838976,bench_cmp_aut_to_reg
140.56078,140.56158,0.0007999999999981355,2482.2927033471483,bench_cmp_aut_to_reg
140.76186,140.76268,0.0008199999999760621,2543.9143482787676,bench_cmp_aut_to_reg
140.96296,140.96376,0.0007999999999981355,2491.310806939313,bench_cmp_aut_to_reg
141.16404,141.16486,0.0008200000000044838,2548.385045970322,bench_cmp_aut_to_reg
141.36514,141.36594,0.0007999999999981355,2495.8295863989815,bench_cmp_aut_to_reg
141.56622,141.56704,0.0008200000000044838,2569.548878832228,bench_cmp_aut_to_reg
141.76732,141.76812,0.0007999999999981355,2514.813162847233,bench_cmp_aut_to_reg
141.9684,141.96922,0.0008200000000044838,2567.5148912844174,bench_cmp_aut_to_reg
142.1695,142.1703,0.0007999999999981355,2504.887133830765,bench_cmp_aut_to_reg
142.37058,142.3714,0.0008200000000044838,2570.907713393134,bench_cmp_aut_to_reg
142.57168,142.57248,0.0008000000000265572,2503.375667229677,bench_cmp_aut_to_reg
142.77276,142.77358,0.0008200000000044838,2556.905786056485,bench_cmp_aut_to_reg
142.97386,142.97466,0.0007999999999981355,2508.9679658354607,bench_cmp_aut_to_reg
143.17494,143.17576,0.0008200000000044838,2573.4703662006323,bench_cmp_aut_to_reg
143.37604,143.37686,0.0008200000000044838,2568.3536264257336,bench_cmp_aut_to_reg
143.57714,143.57794,0.0007999999999981355,2528.2052997443957,bench_cmp_aut_to_reg
143.77824,143.77904,0.0007999999999981355,2547.4024563972544,bench_cmp_aut_to_reg
143.97932,143.98012,0.0007999999999981355,2556.3830416596593,bench_cmp_aut_to_reg
144.1804,144.18122,0.0008200000000044838,2687.8738054212836,bench_cmp_aut_to_reg
144.3815,144.3823,0.0007999999999981355,2619.6586759681163,bench_cmp_aut_to_reg
144.58258,144.5834,0.0008200000000044838,2606.8058377282105,bench_cmp_aut_to_reg
144.78366,144.78448,0.0008200000000044838,2591.0412706573948,bench_cmp_aut_to_reg
144.98476,144.98556,0.0007999999999981355,2532.316583667575,bench_cmp_aut_to_reg
145.18584,145.18666,0.0008199999999760621,2585.1971911449787,bench_cmp_aut_to_reg
145.38694,145.38774,0.0007999999999981355,2507.461246564564,bench_cmp_aut_to_reg
145.58802,145.58884,0.0008200000000044838,2580.7748106448075,bench_cmp_aut_to_reg
145.78912,145.78992,0.0007999999999981355,2524.6726232519914,bench_cmp_aut_to_reg
145.99022,145.99102,0.0007999999999981355,2503.163809882879,bench_cmp_aut_to_reg
146.19132,146.19212,0.0007999999999981355,2515.347623258806,bench_cmp_aut_to_reg
146.39242,146.39322,0.0008000000000265572,2509.6038310685476,bench_cmp_aut_to_reg
146.5935,146.59432,0.0008200000000044838,2568.7797484142125,bench_cmp_aut_to_reg
146.7946,146.7954,0.0007999999999981355,2473.716572852574,bench_cmp_aut_to_reg
146.9957,146.9965,0.0007999999999981355,2496.519105037575,bench_cmp_aut_to_reg
147.1968,147.1976,0.0007999999999981355,2501.1168396968874,bench_cmp_aut_to_reg
147.39788,147.39868,0.0008000000000265572,2492.72190508224,bench_cmp_aut_to_reg
147.59898,147.59978,0.0007999999999981355,2495.0662604485997,bench_cmp_aut_to_reg
147.80006,147.80088,0.0008200000000044838,2554.2128342352876,bench_cmp_aut_to_reg
148.00116,148.00196,0.0007999999999981355,2513.0615360050406,bench_cmp_aut_to_reg
148.20226,148.20306,0.0007999999999981355,2495.3930103163993,bench_cmp_aut_to_reg
148.40334,148.40416,0.0008200000000044838,2574.6995280639417,bench_cmp_aut_to_reg
148.60444,148.60524,0.0007999999999981355,2499.923731660172,bench_cmp_aut_to_reg
148.80554,148.80634,0.0007999999999981355,2507.1060052081853,bench_cmp_aut_to_reg
149.00662,149.00744,0.0008200000000044838,2582.7723019888253,bench_cmp_aut_to_reg
149.20772,149.20852,0.0007999999999981355,2501.5136413211776,bench_cmp_aut_to_reg
149.4088,149.40962,0.0008199999999760621,2562.830101160124,bench_cmp_aut_to_reg
149.6099,149.6107,0.0007999999999981355,2502.470777829012,bench_cmp_aut_to_reg
149.811,149.8118,0.0007999999999981355,2495.0933572781855,bench_cmp_aut_to_reg
150.0121,150.0129,0.0007999999999981355,2497.2624797320514,bench_cmp_aut_to_reg
150.21318,150.214,0.0008200000000044838,2553.636573733805,bench_cmp_aut_to_reg
150.41428,150.41508,0.0007999999999981355,2478.9361213267557,bench_cmp_aut_to_reg
150.61538,150.61618,0.0008000000000265572,2488.7752766600147,bench_cmp_aut_to_reg
150.81648,150.81788,0.0013999999999896318,3924.2052263260753,bench_cmp_reg_to_idx
151.01816,151.01956,0.0014000000000180535,3932.710783609217,bench_cmp_reg_to_idx
151.21986,151.22126,0.0013999999999896318,3928.8138015796426,bench_cmp_reg_to_idx
151.42154,151.42296,0.00141999999999598,3995.3519543540842,bench_cmp_reg_to_idx
151.62324,151.62464,0.0013999999999896318,3917.7523390064357,bench_cmp_reg_to_idx
151.82494,151.82634,0.0013999999999896318,3924.968834007454,bench_cmp_reg_to_idx
152.02662,152.02804,0.00141999999999598,3966.789264216582,bench_cmp_reg_to_idx
152.22832,152.22972,0.0013999999999896318,3905.6676509506774,bench_cmp_reg_to_idx
152.43002,152.43142,0.0013999999999896318,3893.4678840118363,bench_cmp_reg_to_idx
152.6317,152.6331,0.0014000000000180535,3905.494546106024,bench_cmp_reg_to_idx
152.8334,152.8348,0.0013999999999896318,3910.715987407831,bench_cmp_reg_to_idx
153.03508,153.03648,0.0014000000000180535,3918.1617135695546,bench_cmp_reg_to_idx
153.23678,153.23818,0.0013999999999896318,3926.014408901714,bench_cmp_reg_to_idx
153.43846,153.43986,0.0014000000000180535,3921.787578199766,bench_cmp_reg_to_idx
153.64016,153.64156,0.0013999999999896318,3917.55146902515,bench_cmp_reg_to_idx
153.84186,153.84326,0.0013999999999896318,3913.913089753642,bench_cmp_reg_to_idx
154.04354,154.04494,0.0013999999999896318,3922.60674384223,bench_cmp_reg_to_idx
154.24524,154.24664,0.0014000000000180535,3896.139031327901,bench_cmp_reg_to_idx
154.44694,154.44834,0.0013999999999896318,3874.6060081432797,bench_cmp_reg_to_idx
154.64864,154.65004,0.0013999999999896318,3882.9791382604153,bench_cmp_reg_to_idx
154.85034,154.85174,0.0014000000000180535,3912.8485508805356,bench_cmp_reg_to_idx
155.05204,155.05344,0.0013999999999896318,3926.8242031956147,bench_cmp_reg_to_idx
155.25372,155.25514,0.0014200000000244017,3992.348364627418,bench_cmp_reg_to_idx
155.45542,155.45682,0.0013999999999896318,3932.7660249244573,bench_cmp_reg_to_idx
155.65712,155.65852,0.0014000000000180535,3923.646793753041,bench_cmp_reg_to_idx
155.8588,155.86022,0.00141999999999598,3997.1845061399263,bench_cmp_reg_to_idx
156.0605,156.0619,0.0014000000000180535,3916.324290966405,bench_cmp_reg_to_idx
156.2622,156.2636,0.0013999999999896318,3912.643324553378,bench_cmp_reg_to_idx
156.46388,156.46528,0.0014000000000180535,3895.6130762190082,bench_cmp_reg_to_idx
156.66558,156.66698,0.0013999999999896318,3881.235702396627,bench_cmp_reg_to_idx
156.86726,156.86866,0.0014000000000180535,3902.6007452580225,bench_cmp_reg_to_idx
157.06894,157.07034,0.0013999999999896318,3911.7867848549813,bench_cmp_reg_to_idx
157.27062,157.27202,0.0013999999999896318,3926.8912817026107,bench_cmp_reg_to_idx
157.47232,157.47372,0.0013999999999896318,3938.308113693098,bench_cmp_reg_to_idx
157.674,157.6754,0.0013999999999896318,3928.0239678621065,bench_cmp_reg_to_idx
157.87568,157.87708,0.0014000000000180535,3932.327639831062,bench_cmp_reg_to_idx
158.07738,158.07878,0.0013999999999896318,3914.4429517618587,bench_cmp_reg_to_idx
158.27906,158.28046,0.0014000000000180535,3893.6135382923585,bench_cmp_reg_to_idx
158.48074,158.48214,0.0013999999999896318,3894.2883466103067,bench_cmp_reg_to_idx
158.68244,158.68384,0.0013999999999896318,3905.3177972926114,bench_cmp_reg_to_idx
158.88412,158.88552,0.0014000000000180535,3918.2710950777214,bench_cmp_reg_to_idx
159.0858,159.0872,0.0013999999999896318,3923.173940245297,bench_cmp_reg_to_idx
159.28748,159.28888,0.0014000000000180535,3928.8442442720066,bench_cmp_reg_to_idx
159.48916,159.49056,0.0013999999999896318,3939.683455945939,bench_cmp_reg_to_idx
159.69086,159.69226,0.0014000000000180535,3933.857446589045,bench_cmp_reg_to_idx
159.89254,159.89394,0.0013999999999896318,3921.929888863481,bench_cmp_reg_to_idx
160.09422,160.09562,0.0013999999999896318,3923.0263977939835,bench_cmp_reg_to_idx
160.2959,160.2973,0.0014000000000180535,3900.7432782618985,bench_cmp_reg_to_idx
160.49758,160.49898,0.0013999999999896318,3888.7589168459162,bench_cmp_reg_to_idx
160.69926,160.70066,0.0013999999999896318,3901.760366246888,bench_cmp_reg_to_idx
160.90094,160.90234,0.0014000000000180535,3895.498272084527,bench_cmp_reg_to_idx
161.10262,161.10402,0.0013999999999896318,3917.9216674229406,bench_cmp_reg_to_idx
161.3043,161.3057,0.0013999999999896318,3922.4187284365703,bench_cmp_reg_to_idx
161.50598,161.50738,0.0014000000000180535,3943.9542755086045,bench_cmp_reg_to_idx
161.70766,161.70906,0.0013999999999896318,3923.8075818567363,bench_cmp_reg_to_idx
161.90936,161.91076,0.0014000000000180535,3928.38348872582,bench_cmp_reg_to_idx
162.11104,162.11244,0.0013999999999896318,3912.0865589638997,bench_cmp_reg_to_idx
162.31272,162.31412,0.0013999999999896318,3917.2429730776776,bench_cmp_reg_to_idx
162.51442,162.51582,0.0013999999999896318,3893.2654051763907,bench_cmp_reg_to_idx
162.7161,162.7175,0.0013999999999896318,3888.739943472004,bench_cmp_reg_to_idx
162.91778,162.91918,0.0014000000000180535,3906.8747032957704,bench_cmp_reg_to_idx
163.11948,163.12088,0.0013999999999896318,3916.4434419614754,bench_cmp_reg_to_idx
163.32116,163.32258,0.00141999999999598,3991.7707326743525,bench_cmp_reg_to_idx
163.52286,163.52426,0.0013999999999896318,3926.3618783704214,bench_cmp_reg_to_idx
163.72454,163.72594,0.0014000000000180535,3925.074769702781,bench_cmp_reg_to_idx
163.92622,163.92764,0.00141999999999598,3978.5786066090554,bench_cmp_reg_to_idx
164.12792,164.12932,0.0014000000000180535,3921.9864062554143,bench_cmp_reg_to_idx
164.3296,164.331,0.0013999999999896318,3906.734033924878,bench_cmp_reg_to_idx
164.5313,164.5327,0.0014000000000180535,3883.91292892074,bench_cmp_reg_to_idx
164.73298,164.73438,0.0013999999999896318,3882.0794713415103,bench_cmp_reg_to_idx
164.93466,164.93606,0.0013999999999896318,3884.836120964283,bench_cmp_reg_to_idx
165.13636,165.13776,0.0013999999999896318,3906.224649371348,bench_cmp_reg_to_idx
165.33804,165.33944,0.0013999999999896318,3923.9552174387727,bench_cmp_reg_to_idx
165.53972,165.54114,0.0014200000000244017,3967.1239164450926,bench_cmp_reg_to_idx
165.74142,165.74282,0.0013999999999896318,3914.621635308341,bench_cmp_reg_to_idx
165.9431,165.9445,0.0014000000000180535,3918.107142725186,bench_cmp_reg_to_idx
166.1448,166.1462,0.0013999999999896318,3919.842804286499,bench_cmp_reg_to_idx
166.34648,166.34788,0.0013999999999896318,3899.349642418461,bench_cmp_reg_to_idx
166.54816,166.54956,0.0014000000000180535,3886.044411971396,bench_cmp_reg_to_idx
166.74986,166.75126,0.0013999999999896318,3885.4542397569103,bench_cmp_reg_to_idx
166.95154,166.95294,0.0014000000000180535,3884.171587466812,bench_cmp_reg_to_idx
167.15322,167.15462,0.0013999999999896318,3908.115697528804,bench_cmp_reg_to_idx
167.3549,167.35632,0.0014200000000244017,3982.532636800461,bench_cmp_reg_to_idx
167.5566,167.558,0.0013999999999896318,3915.8897683652704,bench_cmp_reg_to_idx
167.75828,167.75968,0.0013999999999896318,3919.753404301144,bench_cmp_reg_to_idx
167.95996,167.96136,0.0014000000000180535,3926.073191736968,bench_cmp_reg_to_idx
168.16164,168.16304,0.0013999999999896318,3933.7672129894418,bench_cmp_reg_to_idx
168.36334,168.36474,0.0014000000000180535,3893.5550069958913,bench_cmp_reg_to_idx
168.56504,168.56644,0.0013999999999896318,3884.2146750229504,bench_cmp_reg_to_idx
168.76672,168.76812,0.0014000000000180535,3896.1353316490045,bench_cmp_reg_to_idx
168.96842,168.96982,0.0013999999999896318,3889.5963900394945,bench_cmp_reg_to_idx
169.17012,169.17152,0.0013999999999896318,3911.522298558126,bench_cmp_reg_to_idx
169.3718,169.3732,0.0013999999999896318,3900.612064141429,bench_cmp_reg_to_idx
169.57348,169.5749,0.0014200000000244017,3972.4648488458006,bench_cmp_reg_to_idx
169.77518,169.77658,0.0013999999999896318,3934.1799425584895,bench_cmp_reg_to_idx
169.97686,169.97826,0.0014000000000180535,3926.1172107029256,bench_cmp_reg_to_idx
170.17854,170.17994,0.0013999999999896318,3905.4312323869412,bench_cmp_reg_to_idx
170.38022,170.38162,0.0013999999999896318,3902.96021473139,bench_cmp_reg_to_idx
170.5819,170.58332,0.00141999999999598,3954.050838938043,bench_cmp_reg_to_idx
170.7836,170.785,0.0013999999999896318,3890.9938558639856,bench_cmp_reg_to_idx
170.98528,170.98726,0.0019800000000032014,5438.031505337867,bench_cmp_imm_to_idx
171.18754,171.1895,0.001959999999996853,5408.663605327549,bench_cmp_imm_to_idx
171.3898,171.39176,0.001959999999996853,5423.170719282746,bench_cmp_imm_to_idx
171.59206,171.59402,0.001959999999996853,5411.189938884917,bench_cmp_imm_to_idx
171.7943,171.79628,0.0019800000000032014,5478.911867842652,bench_cmp_imm_to_idx
171.99656,171.99854,0.0019800000000032014,5435.423357424751,bench_cmp_imm_to_idx
172.1988,172.20078,0.0019800000000032014,5430.890272844531,bench_cmp_imm_to_idx
172.40106,172.40304,0.0019800000000032014,5434.868058664508,bench_cmp_imm_to_idx
172.6033,172.60528,0.0019800000000032014,5448.985919367514,bench_cmp_imm_to_idx
172.80556,172.80752,0.001959999999996853,5406.810191912618,bench_cmp_imm_to_idx
173.0078,173.00978,0.0019800000000032014,5482.478525961615,bench_cmp_imm_to_idx
173.21006,173.21202,0.001959999999996853,5409.93441128375,bench_cmp_imm_to_idx
173.4123,173.41428,0.0019800000000032014,5444.329536998967,bench_cmp_imm_to_idx
173.61456,173.61652,0.001959999999996853,5364.36023422201,bench_cmp_imm_to_idx
173.8168,173.81878,0.0019800000000032014,5420.965780512729,bench_cmp_imm_to_idx
174.01906,174.02104,0.0019800000000032014,5431.3518968498265,bench_cmp_imm_to_idx
174.2213,174.22328,0.0019799999999747797,5450.876175817136,bench_cmp_imm_to_idx
174.42356,174.42552,0.001959999999996853,5401.240240304883,bench_cmp_imm_to_idx
174.6258,174.62778,0.0019800000000032014,5484.254155318524,bench_cmp_imm_to_idx
174.82806,174.83004,0.0019800000000032014,5469.078484468896,bench_cmp_imm_to_idx
175.03032,175.0323,0.0019800000000032014,5436.412806166891,bench_cmp_imm_to_idx
175.23258,175.23454,0.001959999999996853,5361.773059690851,bench_cmp_imm_to_idx
175.43482,175.4368,0.0019800000000032014,5444.436012775276,bench_cmp_imm_to_idx
175.63708,175.63904,0.001959999999996853,5396.968000561007,bench_cmp_imm_to_idx
175.83932,175.8413,0.0019800000000032014,5478.1589587341705,bench_cmp_imm_to_idx
176.04158,176.04354,0.001959999999996853,5418.288288624821,bench_cmp_imm_to_idx
176.24382,176.2458,0.0019800000000032014,5495.189239746148,bench_cmp_imm_to_idx
176.44608,176.44804,0.001959999999996853,5383.636667387167,bench_cmp_imm_to_idx
176.64832,176.6503,0.0019799999999747797,5429.515002687811,bench_cmp_imm_to_idx
176.85058,176.85256,0.0019800000000032014,5415.170632773824,bench_cmp_imm_to_idx
177.05284,177.0548,0.001959999999996853,5374.575634478019,bench_cmp_imm_to_idx
177.2551,177.25706,0.001959999999996853,5413.662244092331,bench_cmp_imm_to_idx
177.45734,177.45932,0.0019800000000032014,5480.317282503038,bench_cmp_imm_to_idx
177.6596,177.66158,0.0019799999999747797,5478.608631453701,bench_cmp_imm_to_idx
177.86186,177.86382,0.001959999999996853,5409.245002074805,bench_cmp_imm_to_idx
178.0641,178.06608,0.0019800000000032014,5438.498915183502,bench_cmp_imm_to_idx
178.26636,178.26834,0.0019800000000032014,5426.382222223958,bench_cmp_imm_to_idx
178.46862,178.47058,0.001960000000025275,5378.684448151948,bench_cmp_imm_to_idx
178.67086,178.67284,0.0019800000000032014,5460.825790658238,bench_cmp_imm_to_idx
178.8731,178.87508,0.0019800000000032014,5463.4342179747755,bench_cmp_imm_to_idx
179.07536,179.07734,0.0019800000000032014,5469.497430616627,bench_cmp_imm_to_idx
179.27762,179.27958,0.001959999999996853,5411.725863799821,bench_cmp_imm_to_idx
179.47986,179.48184,0.0019800000000032014,5469.129642013223,bench_cmp_imm_to_idx
179.68212,179.68408,0.001959999999996853,5350.012807169124,bench_cmp_imm_to_idx
179.88436,179.88632,0.001960000000025275,5353.980599974999,bench_cmp_imm_to_idx
180.0866,180.08858,0.0019800000000032014,5421.825000092644,bench_cmp_imm_to_idx
180.28884,180.29082,0.0019800000000032014,5457.397121949131,bench_cmp_imm_to_idx
180.4911,180.49306,0.001960000000025275,5414.901005642998,bench_cmp_imm_to_idx
180.69334,180.69532,0.0019800000000032014,5463.307669858972,bench_cmp_imm_to_idx
180.89558,180.89756,0.0019800000000032014,5462.284779651356,bench_cmp_imm_to_idx
181.09784,181.09982,0.0019800000000032014,5430.396937311148,bench_cmp_imm_to_idx
181.3001,181.30206,0.001960000000025275,5366.766383011854,bench_cmp_imm_to_idx
181.50234,181.50432,0.0019800000000032014,5435.017645366286,bench_cmp_imm_to_idx
181.7046,181.70658,0.0019800000000032014,5441.065533096162,bench_cmp_imm_to_idx
181.90686,181.90882,0.001959999999996853,5404.944082250018,bench_cmp_imm_to_idx
182.1091,182.11108,0.0019799999999747797,5461.63797371066,bench_cmp_imm_to_idx
182.31136,182.31334,0.0019800000000032014,5464.038264478294,bench_cmp_imm_to_idx
182.51362,182.5156,0.0019800000000032014,5445.471303544745,bench_cmp_imm_to_idx
182.71588,182.71786,0.0019800000000032014,5429.006821953253,bench_cmp_imm_to_idx
182.91816,182.92014,0.0019800000000032014,5422.635907317016,bench_cmp_imm_to_idx
183.12042,183.1224,0.0019800000000032014,5455.847408167211,bench_cmp_imm_to_idx
183.32268,183.32466,0.0019800000000032014,5458.988065376752,bench_cmp_imm_to_idx
183.52494,183.52692,0.0019800000000032014,5473.525670835369,bench_cmp_imm_to_idx
183.7272,183.72918,0.0019800000000032014,5461.040665401039,bench_cmp_imm_to_idx
183.92946,183.93144,0.0019800000000032014,5452.293970164493,bench_cmp_imm_to_idx
184.13172,184.1337,0.0019800000000032014,5421.186222237251,bench_cmp_imm_to_idx
184.33398,184.33596,0.0019800000000032014,5430.974967322741,bench_cmp_imm_to_idx
184.53624,184.5382,0.001959999999996853,5370.524523307348,bench_cmp_imm_to_idx
184.7385,184.74046,0.001960000000025275,5396.36586567273,bench_cmp_imm_to_idx
184.94076,184.94274,0.0019799999999747797,5461.1547406952295,bench_cmp_imm_to_idx
185.14302,185.145,0.0019800000000032014,5443.316409372476,bench_cmp_imm_to_idx
185.34528,185.34726,0.0019800000000032014,5405.400367461214,bench_cmp_imm_to_idx
185.54754,185.54952,0.0019800000000032014,5343.358221008517,bench_cmp_imm_to_idx
185.7498,185.75178,0.0019800000000032014,5303.461432933355,bench_cmp_imm_to_idx
185.95206,185.95404,0.0019800000000032014,5307.251124189769,bench_cmp_imm_to_idx
186.15432,186.1563,0.0019799999999747797,5304.416834770945,bench_cmp_imm_to_idx
186.3566,186.35856,0.001960000000025275,5280.618446483523,bench_cmp_imm_to_idx
186.55886,186.56084,0.0019800000000032014,5354.073357307038,bench_cmp_imm_to_idx
186.76114,186.76312,0.0019799999999747797,5357.080115865434,bench_cmp_imm_to_idx
186.9634,186.96538,0.0019800000000032014,5376.375392086769,bench_cmp_imm_to_idx
187.16566,187.16764,0.0019800000000032014,5384.231072391854,bench_cmp_imm_to_idx
187.36792,187.3699,0.0019800000000032014,5400.8640465427,bench_cmp_imm_to_idx
187.57018,187.57216,0.0019800000000032014,5418.1510815507445,bench_cmp_imm_to_idx
187.77244,187.77442,0.0019800000000032014,5458.37935061378,bench_cmp_imm_to_idx
187.9747,187.97668,0.0019799999999747797,5456.666599418065,bench_cmp_imm_to_idx
188.17696,188.17894,0.0019800000000032014,5471.237371681918,bench_cmp_imm_to_idx
188.37924,188.3812,0.001959999999996853,5381.476383179445,bench_cmp_imm_to_idx
188.5815,188.58346,0.001959999999996853,5360.313237168372,bench_cmp_imm_to_idx
188.78376,188.78572,0.001959999999996853,5368.0290700790065,bench_cmp_imm_to_idx
188.98602,188.988,0.0019800000000032014,5440.595608678789,bench_cmp_imm_to_idx
189.18828,189.19026,0.0019800000000032014,5472.712679777601,bench_cmp_imm_to_idx
189.39054,189.39252,0.0019800000000032014,5472.640180973414,bench_cmp_imm_to_idx
189.5928,189.59478,0.0019799999999747797,5489.095875452685,bench_cmp_imm_to_idx
189.79506,189.79704,0.0019800000000032014,5472.031708348912,bench_cmp_imm_to_idx
189.99734,189.9993,0.001959999999996853,5392.417570098784,bench_cmp_imm_to_idx
190.1996,190.20156,0.001959999999996853,5366.730871602131,bench_cmp_imm_to_idx
190.40184,190.40382,0.0019800000000032014,5457.153313338814,bench_cmp_imm_to_idx
190.6041,190.60608,0.0019800000000032014,5462.335748610894,bench_cmp_imm_to_idx
190.80636,190.80834,0.0019799999999747797,5497.802630924344,bench_cmp_imm_to_idx
191.00862,191.01058,0.001959999999996853,5425.381704689838,bench_cmp_imm_to_idx
191.21088,191.213,0.002119999999990796,5855.4144645771175,bench_cmp_idx_to_idx
191.41328,191.4154,0.0021200000000192176,5833.7417105788845,bench_cmp_idx_to_idx
191.61568,191.61782,0.002139999999997144,5878.595656243484,bench_cmp_idx_to_idx
191.8181,191.82022,0.0021200000000192176,5822.3020914580275,bench_cmp_idx_to_idx
192.0205,192.02262,0.002119999999990796,5842.508715553226,bench_cmp_idx_to_idx
192.22292,192.22504,0.0021200000000192176,5859.883243740174,bench_cmp_idx_to_idx
192.42534,192.42746,0.002119999999990796,5864.341682729669,bench_cmp_idx_to_idx
192.62774,192.62988,0.002140000000025566,5912.013307752549,bench_cmp_idx_to_idx
192.83016,192.83228,0.002119999999990796,5837.510609972275,bench_cmp_idx_to_idx
193.03258,193.0347,0.002119999999990796,5823.610667113973,bench_cmp_idx_to_idx
193.23498,193.2371,0.002119999999990796,5816.643324188129,bench_cmp_idx_to_idx
193.4374,193.43952,0.002119999999990796,5857.307841046229,bench_cmp_idx_to_idx
193.6398,193.64192,0.002119999999990796,5882.5922966642565,bench_cmp_idx_to_idx
193.8422,193.84432,0.0021200000000192176,5874.053600766848,bench_cmp_idx_to_idx
194.04462,194.04674,0.002119999999990796,5860.122316487226,bench_cmp_idx_to_idx
194.24704,194.24916,0.002119999999990796,5830.462754214006,bench_cmp_idx_to_idx
194.44944,194.45158,0.002139999999997144,5878.614068485107,bench_cmp_idx_to_idx
194.65186,194.65398,0.002119999999990796,5822.693130442734,bench_cmp_idx_to_idx
194.85428,194.8564,0.0021200000000192176,5848.652701882331,bench_cmp_idx_to_idx
195.0567,195.05882,0.002119999999990796,5868.496410520957,bench_cmp_idx_to_idx
195.2591,195.26122,0.0021200000000192176,5853.820692337929,bench_cmp_idx_to_idx
195.46152,195.46364,0.002119999999990796,5850.71773032797,bench_cmp_idx_to_idx
195.66392,195.66604,0.0021200000000192176,5824.358270094113,bench_cmp_idx_to_idx
195.86634,195.86846,0.002119999999990796,5806.591515402017,bench_cmp_idx_to_idx
196.06874,196.07086,0.0021200000000192176,5837.080734837443,bench_cmp_idx_to_idx
196.27114,196.27326,0.002119999999990796,5854.58231854489,bench_cmp_idx_to_idx
196.47356,196.47568,0.0021200000000192176,5867.753997500453,bench_cmp_idx_to_idx
196.67596,196.67808,0.002119999999990796,5865.846751232018,bench_cmp_idx_to_idx
196.87836,196.88048,0.0021200000000192176,5853.206554951955,bench_cmp_idx_to_idx
197.08078,197.0829,0.002119999999990796,5815.567981891177,bench_cmp_idx_to_idx
197.28318,197.2853,0.0021200000000192176,5804.190659020166,bench_cmp_idx_to_idx
197.48558,197.4877,0.002119999999990796,5829.289376246239,bench_cmp_idx_to_idx
197.688,197.69012,0.0021200000000192176,5857.561819776754,bench_cmp_idx_to_idx
197.8904,197.89252,0.002119999999990796,5872.576222730834,bench_cmp_idx_to_idx
198.09282,198.09494,0.0021200000000192176,5856.6533751403485,bench_cmp_idx_to_idx
198.29522,198.29736,0.002139999999997144,5881.798043840358,bench_cmp_idx_to_idx
198.49764,198.49976,0.0021200000000192176,5828.581410515776,bench_cmp_idx_to_idx
198.70006,198.70218,0.002119999999990796,5812.267598204195,bench_cmp_idx_to_idx
198.90246,198.9046,0.002139999999997144,5891.311920708633,bench_cmp_idx_to_idx
199.10488,199.107,0.002119999999990796,5860.392944858165,bench_cmp_idx_to_idx
199.30728,199.3094,0.0021200000000192176,5867.903167437727,bench_cmp_idx_to_idx
199.5097,199.51182,0.002119999999990796,5853.547679698086,bench_cmp_idx_to_idx
199.7121,199.71422,0.0021200000000192176,5855.352014823959,bench_cmp_idx_to_idx
199.91452,199.91664,0.002119999999990796,5804.304140591476,bench_cmp_idx_to_idx
200.11692,200.11904,0.0021200000000192176,5829.747919979432,bench_cmp_idx_to_idx
200.31932,200.32144,0.002119999999990796,5833.957525874385,bench_cmp_idx_to_idx
200.52174,200.52386,0.0021200000000192176,5868.909007461016,bench_cmp_idx_to_idx
200.72414,200.72628,0.002139999999997144,5929.158539500609,bench_cmp_idx_to_idx
200.92656,200.92868,0.0021200000000192176,5858.255974072317,bench_cmp_idx_to_idx
201.12898,201.1311,0.002119999999990796,5821.987872447943,bench_cmp_idx_to_idx
201.33138,201.33352,0.002139999999997144,5869.579229032024,bench_cmp_idx_to_idx
201.5338,201.53592,0.002119999999990796,5814.333925925399,bench_cmp_idx_to_idx
201.7362,201.73832,0.002119999999990796,5832.830732664524,bench_cmp_idx_to_idx
201.93862,201.94074,0.0021200000000192176,5860.28065305084,bench_cmp_idx_to_idx
202.14102,202.14314,0.002119999999990796,5869.738045123814,bench_cmp_idx_to_idx
202.34344,202.34556,0.0021200000000192176,5850.830667242789,bench_cmp_idx_to_idx
202.54586,202.54798,0.002119999999990796,5821.869811015604,bench_cmp_idx_to_idx
202.74826,202.75038,0.0021200000000192176,5803.521825056721,bench_cmp_idx_to_idx
202.95068,202.9528,0.002119999999990796,5819.827462518905,bench_cmp_idx_to_idx
203.1531,203.15522,0.0021200000000192176,5836.995740011603,bench_cmp_idx_to_idx
203.35552,203.35764,0.002119999999990796,5865.653580957148,bench_cmp_idx_to_idx
203.55792,203.56004,0.002119999999990796,5871.982006330997,bench_cmp_idx_to_idx
203.76034,203.76246,0.002119999999990796,5854.161847352929,bench_cmp_idx_to_idx
203.96274,203.96488,0.002139999999997144,5874.563145911409,bench_cmp_idx_to_idx
204.16516,204.16728,0.0021200000000192176,5813.5022805626795,bench_cmp_idx_to_idx
204.36756,204.3697,0.002139999999997144,5878.584913437582,bench_cmp_idx_to_idx
204.56998,204.5721,0.0021200000000192176,5851.398955620942,bench_cmp_idx_to_idx
204.7724,204.77452,0.002119999999990796,5853.206408183939,bench_cmp_idx_to_idx
204.9748,204.97692,0.0021200000000192176,5861.675879041498,bench_cmp_idx_to_idx
205.1772,205.17934,0.002139999999997144,5901.565935921061,bench_cmp_idx_to_idx
205.37962,205.38174,0.0021200000000192176,5815.941025560826,bench_cmp_idx_to_idx
205.58204,205.58416,0.002119999999990796,5822.893572013283,bench_cmp_idx_to_idx
205.78446,205.78658,0.002119999999990796,5819.742234865345,bench_cmp_idx_to_idx
205.98686,205.98898,0.002119999999990796,5855.434322703006,bench_cmp_idx_to_idx
206.18928,206.1914,0.002119999999990796,5853.477558095938,bench_cmp_idx_to_idx
206.39168,206.3938,0.002119999999990796,5863.34833406558,bench_cmp_idx_to_idx
206.5941,206.59622,0.002119999999990796,5848.493324568577,bench_cmp_idx_to_idx
206.7965,206.79862,0.002119999999990796,5837.888158827952,bench_cmp_idx_to_idx
206.99892,207.00104,0.002119999999990796,5807.834218696499,bench_cmp_idx_to_idx
207.20132,207.20346,0.002139999999997144,5899.4774287452365,bench_cmp_idx_to_idx
207.40374,207.40586,0.002119999999990796,5845.332215515636,bench_cmp_idx_to_idx
207.60616,207.60828,0.0021200000000192176,5851.947716493512,bench_cmp_idx_to_idx
207.80856,207.81068,0.002119999999990796,5870.794318591462,bench_cmp_idx_to_idx
208.01098,208.0131,0.0021200000000192176,5829.97741881723,bench_cmp_idx_to_idx
208.21338,208.21552,0.002139999999997144,5878.063242409241,bench_cmp_idx_to_idx
208.4158,208.41792,0.0021200000000192176,5816.638479063397,bench_cmp_idx_to_idx
208.6182,208.62032,0.002119999999990796,5827.674712027526,bench_cmp_idx_to_idx
208.82062,208.82274,0.0021200000000192176,5858.522180988813,bench_cmp_idx_to_idx
209.02302,209.02514,0.002119999999990796,5858.864311567388,bench_cmp_idx_to_idx
209.22542,209.22754,0.002119999999990796,5858.4570022931075,bench_cmp_idx_to_idx
209.42784,209.42996,0.002119999999990796,5827.326762930479,bench_cmp_idx_to_idx
209.63024,209.63236,0.0021200000000192176,5814.848206991954,bench_cmp_idx_to_idx
209.83266,209.83478,0.002119999999990796,5808.662869941808,bench_cmp_idx_to_idx
210.03506,210.03718,0.0021200000000192176,5841.394767686907,bench_cmp_idx_to_idx
210.23748,210.2396,0.002119999999990796,5847.425127840056,bench_cmp_idx_to_idx
210.4399,210.44202,0.0021200000000192176,5875.712977777571,bench_cmp_idx_to_idx
210.64232,210.64444,0.002119999999990796,5874.0149880473755,bench_cmp_idx_to_idx
210.84472,210.84684,0.002119999999990796,5827.610616083062,bench_cmp_idx_to_idx
211.04712,211.04926,0.002139999999997144,5875.581181599635,bench_cmp_idx_to_idx
211.24954,211.25166,0.002119999999990796,5822.963502699079,bench_cmp_idx_to_idx
211.45196,211.45406,0.0020999999999844476,5908.883805339689,bench_cmp_sym_to_idx
211.65436,211.65648,0.002119999999990796,5987.541556798669,bench_cmp_sym_to_idx
211.85676,211.85888,0.002119999999990796,5987.329154712333,bench_cmp_sym_to_idx
212.05916,212.06128,0.0021200000000192176,5977.061183712798,bench_cmp_sym_to_idx
212.26158,212.26368,0.0020999999999844476,5893.968916451251,bench_cmp_sym_to_idx
212.46398,212.4661,0.0021200000000192176,5936.455761603646,bench_cmp_sym_to_idx
212.66638,212.6685,0.002119999999990796,5951.840907773661,bench_cmp_sym_to_idx
212.86878,212.8709,0.0021200000000192176,5983.686412275737,bench_cmp_sym_to_idx
213.07118,213.0733,0.002119999999990796,5979.912143642809,bench_cmp_sym_to_idx
213.2736,213.2757,0.0021000000000128694,5935.780974144237,bench_cmp_sym_to_idx
213.476,213.4781,0.0021000000000128694,5908.955095837317,bench_cmp_sym_to_idx
213.6784,213.68052,0.002119999999990796,5949.057305668176,bench_cmp_sym_to_idx
213.8808,213.88292,0.0021200000000192176,5940.040783081884,bench_cmp_sym_to_idx
214.0832,214.08532,0.002119999999990796,5955.579257541517,bench_cmp_sym_to_idx
214.28562,214.28774,0.0021200000000192176,5979.9242718688065,bench_cmp_sym_to_idx
214.48802,214.49014,0.002119999999990796,5981.5381304088005,bench_cmp_sym_to_idx
214.69042,214.69254,0.0021200000000192176,5984.998196419382,bench_cmp_sym_to_idx
214.89282,214.89494,0.002119999999990796,5959.741931848734,bench_cmp_sym_to_idx
215.09522,215.09734,0.002119999999990796,5940.269997778781,bench_cmp_sym_to_idx
215.29764,215.29974,0.0021000000000128694,5890.057701653076,bench_cmp_sym_to_idx
215.50004,215.50214,0.0020999999999844476,5903.975756326684,bench_cmp_sym_to_idx
215.70244,215.70456,0.002119999999990796,5988.74978718628,bench_cmp_sym_to_idx
215.90484,215.90696,0.002119999999990796,5980.080701384813,bench_cmp_sym_to_idx
216.10722,216.10934,0.002119999999990796,5987.183907970269,bench_cmp_sym_to_idx
216.30962,216.31174,0.002119999999990796,5960.016266884654,bench_cmp_sym_to_idx
216.51202,216.51412,0.0020999999999844476,5872.412496199816,bench_cmp_sym_to_idx
216.7144,216.71652,0.002119999999990796,5934.080244012122,bench_cmp_sym_to_idx
216.9168,216.91892,0.0021200000000192176,5967.2622243503265,bench_cmp_sym_to_idx
217.1192,217.12132,0.002119999999990796,5978.7396178302515,bench_cmp_sym_to_idx
217.3216,217.32372,0.0021200000000192176,5975.062139387745,bench_cmp_sym_to_idx
217.524,217.52612,0.002119999999990796,5983.200496968906,bench_cmp_sym_to_idx
217.7264,217.72852,0.002119999999990796,5957.078307372099,bench_cmp_sym_to_idx
217.9288,217.93092,0.002119999999990796,5927.017477780431,bench_cmp_sym_to_idx
218.1312,218.13332,0.002119999999990796,5938.581107158059,bench_cmp_sym_to_idx
218.3336,218.33572,0.0021200000000192176,5960.708407275187,bench_cmp_sym_to_idx
218.536,218.53812,0.002119999999990796,5979.602904965101,bench_cmp_sym_to_idx
218.7384,218.74052,0.002119999999990796,6001.239090662035,bench_cmp_sym_to_idx
218.9408,218.94292,0.002119999999990796,5983.931526981531,bench_cmp_sym_to_idx
219.1432,219.14532,0.002119999999990796,5951.696142992348,bench_cmp_sym_to_idx
219.3456,219.34772,0.0021200000000192176,5949.582993107842,bench_cmp_sym_to_idx
219.548,219.55012,0.002119999999990796,5933.10566616444,bench_cmp_sym_to_idx
219.7504,219.7525,0.0020999999999844476,5920.816729729669,bench_cmp_sym_to_idx
219.95278,219.9549,0.0021200000000192176,5980.737044067272,bench_cmp_sym_to_idx
220.15518,220.1573,0.002119999999990796,5992.073842763037,bench_cmp_sym_to_idx
220.35758,220.3597,0.002119999999990796,5971.652439300862,bench_cmp_sym_to_idx
220.55998,220.5621,0.002119999999990796,5935.461732999897,bench_cmp_sym_to_idx
220.76238,220.7645,0.002119999999990796,5917.568893609397,bench_cmp_sym_to_idx
220.96478,220.9669,0.0021200000000192176,5964.591205175786,bench_cmp_sym_to_idx
221.16718,221.1693,0.002119999999990796,5975.72835625284,bench_cmp_sym_to_idx
221.36958,221.3717,0.002119999999990796,5988.87095457605,bench_cmp_sym_to_idx
221.57198,221.5741,0.002119999999990796,5982.2048526013,bench_cmp_sym_to_idx
221.77438,221.7765,0.002119999999990796,5953.069720389897,bench_cmp_sym_to_idx
221.97678,221.9789,0.0021200000000192176,5937.531169094471,bench_cmp_sym_to_idx
222.17918,222.1813,0.002119999999990796,5926.881667665263,bench_cmp_sym_to_idx
222.38158,222.3837,0.002119999999990796,5964.816305756337,bench_cmp_sym_to_idx
222.58398,222.5861,0.002119999999990796,5983.169793592912,bench_cmp_sym_to_idx
222.7864,222.78852,0.0021200000000192176,5990.727064256529,bench_cmp_sym_to_idx
222.9888,222.99092,0.002119999999990796,5977.573494867763,bench_cmp_sym_to_idx
223.1912,223.19332,0.002119999999990796,5945.956699986518,bench_cmp_sym_to_idx
223.3936,223.39572,0.0021200000000192176,5925.806693323503,bench_cmp_sym_to_idx
223.596,223.59812,0.002119999999990796,5948.495259482847,bench_cmp_sym_to_idx
223.7984,223.80052,0.0021200000000192176,5981.03867616671,bench_cmp_sym_to_idx
224.0008,224.00292,0.002119999999990796,5986.042735142017,bench_cmp_sym_to_idx
224.20322,224.20532,0.0021000000000128694,5932.672682722967,bench_cmp_sym_to_idx
224.4056,224.40772,0.0021200000000192176,5972.87698887369,bench_cmp_sym_to_idx
224.608,224.61012,0.002119999999990796,5943.347234252122,bench_cmp_sym_to_idx
224.8104,224.81252,0.0021200000000192176,5927.069000956918,bench_cmp_sym_to_idx
225.01282,225.01494,0.002119999999990796,5952.005011468536,bench_cmp_sym_to_idx
225.21522,225.21734,0.0021200000000192176,5981.8694927362785,bench_cmp_sym_to_idx
225.41762,225.41974,0.002119999999990796,5991.844683860404,bench_cmp_sym_to_idx
225.62002,225.62214,0.002119999999990796,5992.317504684823,bench_cmp_sym_to_idx
225.82242,225.82454,0.0021200000000192176,5961.049301605212,bench_cmp_sym_to_idx
226.02482,226.02694,0.002119999999990796,5925.044745644652,bench_cmp_sym_to_idx
226.22724,226.22934,0.0021000000000128694,5884.291408620873,bench_cmp_sym_to_idx
226.42964,226.43176,0.002119999999990796,5946.203961475111,bench_cmp_sym_to_idx
226.63204,226.63416,0.0021200000000192176,5988.716108314227,bench_cmp_sym_to_idx
226.83444,226.83656,0.002119999999990796,5986.555244282928,bench_cmp_sym_to_idx
227.03684,227.03896,0.002119999999990796,5981.892684910453,bench_cmp_sym_to_idx
227.23924,227.24136,0.002119999999990796,5954.636977961059,bench_cmp_sym_to_idx
227.44164,227.44376,0.002119999999990796,5935.896949350557,bench_cmp_sym_to_idx
227.64404,227.64616,0.0021200000000192176,5955.126686078042,bench_cmp_sym_to_idx
227.84644,227.84856,0.002119999999990796,5966.059830946146,bench_cmp_sym_to_idx
228.04884,228.05096,0.002119999999990796,5985.142854013457,bench_cmp_sym_to_idx
228.25124,228.25336,0.002119999999990796,5984.894272380892,bench_cmp_sym_to_idx
228.45364,228.45576,0.002119999999990796,5965.8158546970035,bench_cmp_sym_to_idx
228.65604,228.65816,0.0021200000000192176,5940.341742300434,bench_cmp_sym_to_idx
228.85846,228.86058,0.002119999999990796,5941.096267168886,bench_cmp_sym_to_idx
229.06086,229.06298,0.0021200000000192176,5957.042498102818,bench_cmp_sym_to_idx
229.26326,229.26538,0.002119999999990796,5969.818537096843,bench_cmp_sym_to_idx
229.46566,229.46778,0.002119999999990796,5991.050675482583,bench_cmp_sym_to_idx
229.66806,229.67018,0.002119999999990796,5992.070648328871,bench_cmp_sym_to_idx
229.87046,229.87258,0.002119999999990796,5965.473230435496,bench_cmp_sym_to_idx
230.07286,230.07498,0.0021200000000192176,5937.360571754924,bench_cmp_sym_to_idx
230.27526,230.27738,0.002119999999990796,5934.667505762953,bench_cmp_sym_to_idx
230.47768,230.4798,0.0021200000000192176,5954.449495822287,bench_cmp_sym_to_idx
230.68008,230.6822,0.002119999999990796,5977.084976594271,bench_cmp_sym_to_idx
230.88248,230.8846,0.0021200000000192176,5977.985789124408,bench_cmp_sym_to_idx
231.08488,231.087,0.002119999999990796,5969.360782740042,bench_cmp_sym_to_idx
231.28728,231.2894,0.002119999999990796,5948.456812154969,bench_cmp_sym_to_idx
231.4897,231.49182,0.002119999999990796,5923.425175690312,bench_cmp_sym_to_idx
231.6921,231.69422,0.002119999999990796,5902.131723676225,bench_cmp_abs_to_idx
231.8945,231.89662,0.0021200000000192176,5918.820034768501,bench_cmp_abs_to_idx
232.09692,232.09902,0.0020999999999844476,5863.172586494579,bench_cmp_abs_to_idx
232.29932,232.30144,0.0021200000000192176,5912.181318328478,bench_cmp_abs_to_idx
232.50172,232.50384,0.002119999999990796,5917.943890645158,bench_cmp_abs_to_idx
232.70412,232.70624,0.0021200000000192176,5874.30423363924,bench_cmp_abs_to_idx
232.90652,232.90864,0.002119999999990796,5887.501193184851,bench_cmp_abs_to_idx
233.10894,233.11104,0.0021000000000128694,5838.135099076598,bench_cmp_abs_to_idx
233.31134,233.31346,0.002119999999990796,5935.42875020898,bench_cmp_abs_to_idx
233.51372,233.51584,0.002119999999990796,5925.321970107532,bench_cmp_abs_to_idx
233.71614,233.71824,0.0021000000000128694,5862.80811814632,bench_cmp_abs_to_idx
233.91854,233.92066,0.002119999999990796,5898.660656503866,bench_cmp_abs_to_idx
234.12094,234.12306,0.0021200000000192176,5882.420348991481,bench_cmp_abs_to_idx
234.32334,234.32546,0.002119999999990796,5875.581465633764,bench_cmp_abs_to_idx
234.52574,234.52786,0.002119999999990796,5903.8668754214095,bench_cmp_abs_to_idx
234.72814,234.73026,0.002119999999990796,5931.067233879599,bench_cmp_abs_to_idx
234.93056,234.93266,0.0020999999999844476,5877.08106725414,bench_cmp_abs_to_idx
235.13296,235.13508,0.002119999999990796,5920.80920466592,bench_cmp_abs_to_idx
235.33536,235.33748,0.002119999999990796,5884.427544630762,bench_cmp_abs_to_idx
235.53776,235.53988,0.0021200000000192176,5874.515797532308,bench_cmp_abs_to_idx
235.74016,235.74228,0.002119999999990796,5886.075431455007,bench_cmp_abs_to_idx
235.94256,235.94468,0.0021200000000192176,5916.390938276268,bench_cmp_abs_to_idx
236.14496,236.14708,0.002119999999990796,5931.625200876889,bench_cmp_abs_to_idx
236.34738,236.3495,0.0021200000000192176,5924.308595770081,bench_cmp_abs_to_idx
236.54978,236.5519,0.002119999999990796,5896.039991613442,bench_cmp_abs_to_idx
236.75218,236.7543,0.002119999999990796,5883.314411592142,bench_cmp_abs_to_idx
236.95458,236.9567,0.0021200000000192176,5870.55123416718,bench_cmp_abs_to_idx
237.15698,237.1591,0.002119999999990796,5895.8939392781185,bench_cmp_abs_to_idx
237.35938,237.3615,0.0021200000000192176,5918.3391533410995,bench_cmp_abs_to_idx
237.56178,237.5639,0.002119999999990796,5935.294504717238,bench_cmp_abs_to_idx
237.76418,237.7663,0.002119999999990796,5927.425271337047,bench_cmp_abs_to_idx
237.96658,237.9687,0.0021200000000192176,5910.13701172445,bench_cmp_abs_to_idx
238.169,238.17112,0.002119999999990796,5877.057628211216,bench_cmp_abs_to_idx
238.3714,238.3735,0.0021000000000128694,5831.856746263831,bench_cmp_abs_to_idx
238.5738,238.57592,0.002119999999990796,5895.443595918522,bench_cmp_abs_to_idx
238.7762,238.77832,0.0021200000000192176,5918.22013031851,bench_cmp_abs_to_idx
238.9786,238.98072,0.002119999999990796,5924.878495254303,bench_cmp_abs_to_idx
239.181,239.18312,0.002119999999990796,5919.871621269418,bench_cmp_abs_to_idx
239.3834,239.38552,0.0021200000000192176,5884.639015475634,bench_cmp_abs_to_idx
239.5858,239.58792,0.002119999999990796,5877.659735243409,bench_cmp_abs_to_idx
239.7882,239.79032,0.0021200000000192176,5894.218983649992,bench_cmp_abs_to_idx
239.9906,239.99272,0.002119999999990796,5913.171586557161,bench_cmp_abs_to_idx
240.193,240.19512,0.002119999999990796,5927.944036637451,bench_cmp_abs_to_idx
240.3954,240.39752,0.002119999999990796,5915.369626576779,bench_cmp_abs_to_idx
240.5978,240.59992,0.002119999999990796,5915.43362240451,bench_cmp_abs_to_idx
240.8002,240.80232,0.0021200000000192176,5876.1955611965295,bench_cmp_abs_to_idx
241.0026,241.00472,0.002119999999990796,5873.95625652175,bench_cmp_abs_to_idx
241.205,241.20712,0.002119999999990796,5904.9362083617425,bench_cmp_abs_to_idx
241.4074,241.4095,0.0021000000000128694,5875.236024185883,bench_cmp_abs_to_idx
241.6098,241.61192,0.002119999999990796,5919.935340036155,bench_cmp_abs_to_idx
241.8122,241.81432,0.0021200000000192176,5919.810517281184,bench_cmp_abs_to_idx
242.0146,242.01672,0.002119999999990796,5888.607334321184,bench_cmp_abs_to_idx
242.217,242.21912,0.002119999999990796,5883.825169848121,bench_cmp_abs_to_idx
242.4194,242.42152,0.002119999999990796,5881.157952801006,bench_cmp_abs_to_idx
242.62182,242.62394,0.002119999999990796,5896.719435666113,bench_cmp_abs_to_idx
242.82422,242.82634,0.002119999999990796,5919.439448019295,bench_cmp_abs_to_idx
243.02662,243.02874,0.002119999999990796,5940.547832258921,bench_cmp_abs_to_idx
243.22904,243.23116,0.002119999999990796,5927.304320478432,bench_cmp_abs_to_idx
243.43144,243.43356,0.002119999999990796,5892.684559773719,bench_cmp_abs_to_idx
243.63384,243.63596,0.0021200000000192176,5864.841537606141,bench_cmp_abs_to_idx
243.83624,243.83836,0.002119999999990796,5885.593560497764,bench_cmp_abs_to_idx
244.03864,244.04076,0.0021200000000192176,5922.495292091038,bench_cmp_abs_to_idx
244.24104,244.24316,0.002119999999990796,5935.920064777409,bench_cmp_abs_to_idx
244.44344,244.44556,0.002119999999990796,5936.694042729772,bench_cmp_abs_to_idx
244.64586,244.64798,0.002119999999990796,5915.249141374534,bench_cmp_abs_to_idx
244.84826,244.85038,0.002119999999990796,5891.950356279887,bench_cmp_abs_to_idx
245.05068,245.0528,0.002119999999990796,5868.730954799725,bench_cmp_abs_to_idx
245.25308,245.2552,0.002119999999990796,5914.3679844846365,bench_cmp_abs_to_idx
245.45548,245.4576,0.0021200000000192176,5923.922020066376,bench_cmp_abs_to_idx
245.65788,245.66,0.002119999999990796,5930.937165366326,bench_cmp_abs_to_idx
245.8603,245.86242,0.002119999999990796,5922.198658784056,bench_cmp_abs_to_idx
246.0627,246.06482,0.002119999999990796,5900.687635849574,bench_cmp_abs_to_idx
246.26512,246.26724,0.002119999999990796,5883.9692896933875,bench_cmp_abs_to_idx
246.46752,246.46964,0.002119999999990796,5898.306677092048,bench_cmp_abs_to_idx
246.66992,246.67204,0.0021200000000192176,5902.264763191645,bench_cmp_abs_to_idx
246.87232,246.87444,0.002119999999990796,5932.455905686063,bench_cmp_abs_to_idx
247.07474,247.07686,0.0021200000000192176,5931.832918486712,bench_cmp_abs_to_idx
247.27716,247.27926,0.0020999999999844476,5863.040143111382,bench_cmp_abs_to_idx
247.47956,247.48168,0.0021200000000192176,5893.9704043434995,bench_cmp_abs_to_idx
247.68198,247.6841,0.002119999999990796,5873.4116726275,bench_cmp_abs_to_idx
247.88438,247.8865,0.0021200000000192176,5893.835667577644,bench_cmp_abs_to_idx
248.0868,248.08892,0.002119999999990796,5919.07739636317,bench_cmp_abs_to_idx
248.2892,248.29132,0.0021200000000192176,5935.516883674133,bench_cmp_abs_to_idx
248.49162,248.49374,0.002119999999990796,5933.804206985801,bench_cmp_abs_to_idx
248.69402,248.69614,0.0021200000000192176,5892.7091165074435,bench_cmp_abs_to_idx
248.89642,248.89854,0.002119999999990796,5879.812804023997,bench_cmp_abs_to_idx
249.09884,249.10096,0.002119999999990796,5874.762418654698,bench_cmp_abs_to_idx
249.30124,249.30336,0.002119999999990796,5895.002561128722,bench_cmp_abs_to_idx
249.50364,249.50576,0.0021200000000192176,5908.91171950844,bench_cmp_abs_to_idx
249.70604,249.70816,0.002119999999990796,5926.205622937139,bench_cmp_abs_to_idx
249.90844,249.91056,0.002119999999990796,5929.5243653157295,bench_cmp_abs_to_idx
250.11084,250.11296,0.002119999999990796,5901.7611923390195,bench_cmp_abs_to_idx
250.31324,250.31536,0.002119999999990796,5875.829167172026,bench_cmp_abs_to_idx
250.51564,250.51776,0.0021200000000192176,5892.3084592062005,bench_cmp_abs_to_idx
250.71804,250.72016,0.002119999999990796,5917.366740732813,bench_cmp_abs_to_idx
250.92044,250.92256,0.002119999999990796,5932.813868827912,bench_cmp_abs_to_idx
251.12286,251.12498,0.002119999999990796,5934.633291298163,bench_cmp_abs_to_idx
251.32526,251.32738,0.0021200000000192176,5922.200898696065,bench_cmp_abs_to_idx
251.52766,251.52978,0.002119999999990796,5875.5208458496,bench_cmp_abs_to_idx
251.73006,251.73218,0.002119999999990796,5891.231589455685,bench_cmp_abs_to_idx
251.93248,251.93398,0.0014999999999929514,4472.497040383926,bench_cmp_ind_to_idx
252.13428,252.13578,0.0015000000000213731,4496.3708148059995,bench_cmp_ind_to_idx
252.33608,252.33758,0.0014999999999929514,4494.326240361595,bench_cmp_ind_to_idx
252.53786,252.53938,0.0015199999999992997,4559.642754028122,bench_cmp_ind_to_idx
252.73966,252.74116,0.0015000000000213731,4514.014588269877,bench_cmp_ind_to_idx
252.94146,252.94296,0.0014999999999929514,4497.696012235998,bench_cmp_ind_to_idx
253.14324,253.14476,0.0015199999999992997,4548.271344973399,bench_cmp_ind_to_idx
253.34504,253.34656,0.0015199999999992997,4532.333225940119,bench_cmp_ind_to_idx
253.54684,253.54834,0.0014999999999929514,4469.860838705404,bench_cmp_ind_to_idx
253.74864,253.75014,0.0014999999999929514,4481.616655810803,bench_cmp_ind_to_idx
253.95042,253.95194,0.0015199999999992997,4557.055721520997,bench_cmp_ind_to_idx
254.15222,254.15374,0.0015199999999992997,4558.157606514561,bench_cmp_ind_to_idx
254.35402,254.35554,0.0015199999999992997,4567.452420013016,bench_cmp_ind_to_idx
254.55582,254.55734,0.0015199999999992997,4580.911074295979,bench_cmp_ind_to_idx
254.75762,254.75914,0.0015199999999992997,4568.807126486163,bench_cmp_ind_to_idx
254.95942,254.96094,0.0015199999999992997,4538.654414934953,bench_cmp_ind_to_idx
255.16122,255.16274,0.0015200000000277214,4532.413028728435,bench_cmp_ind_to_idx
255.36302,255.36454,0.0015199999999992997,4522.260893134423,bench_cmp_ind_to_idx
255.56482,255.56632,0.0014999999999929514,4488.401371034042,bench_cmp_ind_to_idx
255.7666,255.7681,0.0014999999999929514,4489.466659703254,bench_cmp_ind_to_idx
255.96838,255.9699,0.0015199999999992997,4566.845207006974,bench_cmp_ind_to_idx
256.17018,256.17168,0.0014999999999645297,4515.19517915913,bench_cmp_ind_to_idx
256.37196,256.37348,0.001519999999970878,4577.659908592437,bench_cmp_ind_to_idx
256.57374,256.57526,0.0015200000000277214,4552.954840557178,bench_cmp_ind_to_idx
256.77554,256.77704,0.0015000000000213731,4479.144546268371,bench_cmp_ind_to_idx
256.97732,256.97884,0.001519999999970878,4524.4455266798805,bench_cmp_ind_to_idx
257.1791,257.18062,0.001519999999970878,4533.574362196278,bench_cmp_ind_to_idx
257.3809,257.3824,0.0015000000000213731,4476.277311394394,bench_cmp_ind_to_idx
257.58268,257.58418,0.0015000000000213731,4499.1762797078345,bench_cmp_ind_to_idx
257.78446,257.78598,0.001519999999970878,4570.379289707533,bench_cmp_ind_to_idx
257.98624,257.98776,0.001519999999970878,4565.505459816503,bench_cmp_ind_to_idx
258.18804,258.18954,0.0015000000000213731,4493.642831288492,bench_cmp_ind_to_idx
258.38982,258.39134,0.0015200000000277214,4560.068368529472,bench_cmp_ind_to_idx
258.59162,258.59314,0.0015200000000277214,4544.995699624405,bench_cmp_ind_to_idx
258.79342,258.79492,0.0014999999999645297,4476.974136090116,bench_cmp_ind_to_idx
258.9952,258.99672,0.001519999999970878,4536.996900480854,bench_cmp_ind_to_idx
259.197,259.1985,0.0015000000000213731,4477.14658926002,bench_cmp_ind_to_idx
259.39878,259.4003,0.0015200000000277214,4562.036360228719,bench_cmp_ind_to_idx
259.60058,259.60208,0.0015000000000213731,4515.303275611826,bench_cmp_ind_to_idx
259.80236,259.80388,0.001519999999970878,4564.2948056621,bench_cmp_ind_to_idx
260.00416,260.00568,0.001519999999970878,4565.949309527475,bench_cmp_ind_to_idx
260.20596,260.20746,0.0015000000000213731,4490.5563747219885,bench_cmp_ind_to_idx
260.40776,260.40926,0.0015000000000213731,4484.255835478772,bench_cmp_ind_to_idx
260.60954,260.61106,0.0015200000000277214,4533.4762102815175,bench_cmp_ind_to_idx
260.81134,260.81286,0.0015200000000277214,4532.078381247329,bench_cmp_ind_to_idx
261.01314,261.01464,0.0014999999999645297,4490.944316970613,bench_cmp_ind_to_idx
261.21494,261.21644,0.0014999999999645297,4502.4062738616785,bench_cmp_ind_to_idx
261.41672,261.41824,0.0015200000000277214,4568.853960461284,bench_cmp_ind_to_idx
261.61852,261.62004,0.0015200000000277214,4566.830478226445,bench_cmp_ind_to_idx
261.82032,261.82182,0.0015000000000213731,4509.600414957891,bench_cmp_ind_to_idx
262.0221,262.0236,0.0014999999999645297,4507.838315222676,bench_cmp_ind_to_idx
262.2239,262.2254,0.0014999999999645297,4475.264497925027,bench_cmp_ind_to_idx
262.42568,262.4272,0.0015200000000277214,4526.264257811819,bench_cmp_ind_to_idx
262.62748,262.62898,0.0015000000000213731,4474.7716026054095,bench_cmp_ind_to_idx
262.82926,262.83078,0.0015200000000277214,4550.827250433994,bench_cmp_ind_to_idx
263.03106,263.03258,0.001519999999970878,4564.117288591573,bench_cmp_ind_to_idx
263.23286,263.23436,0.0014999999999645297,4501.813526622079,bench_cmp_ind_to_idx
263.43466,263.43616,0.0014999999999645297,4515.369608890436,bench_cmp_ind_to_idx
263.63644,263.63796,0.0015200000000277214,4578.38990734124,bench_cmp_ind_to_idx
263.83824,263.83974,0.0015000000000213731,4491.589528104401,bench_cmp_ind_to_idx
264.04004,264.04154,0.0015000000000213731,4470.369964903399,bench_cmp_ind_to_idx
264.24182,264.24334,0.001519999999970878,4532.121107825829,bench_cmp_ind_to_idx
264.44362,264.44514,0.001519999999970878,4530.5033376484225,bench_cmp_ind_to_idx
264.64542,264.64692,0.0015000000000213731,4475.629068977473,bench_cmp_ind_to_idx
264.84722,264.84872,0.0015000000000213731,4506.2874467738175,bench_cmp_ind_to_idx
265.04902,265.05052,0.0015000000000213731,4502.019900892621,bench_cmp_ind_to_idx
265.25082,265.25232,0.0015000000000213731,4497.6566150476765,bench_cmp_ind_to_idx
265.45262,265.45412,0.0014999999999645297,4509.402017465939,bench_cmp_ind_to_idx
265.65442,265.65592,0.0014999999999645297,4496.672884454475,bench_cmp_ind_to_idx
265.85622,265.85772,0.0014999999999645297,4480.595628158943,bench_cmp_ind_to_idx
266.05802,266.05952,0.0015000000000213731,4469.343733575482,bench_cmp_ind_to_idx
266.25982,266.26134,0.0015200000000277214,4528.420630460728,bench_cmp_ind_to_idx
266.46162,266.46312,0.0015000000000213731,4495.480218966232,bench_cmp_ind_to_idx
266.66342,266.66494,0.0015200000000277214,4544.466433665011,bench_cmp_ind_to_idx
266.86522,266.86674,0.001519999999970878,4567.21461835122,bench_cmp_ind_to_idx
267.06702,267.06854,0.001519999999970878,4575.174008404996,bench_cmp_ind_to_idx
267.26882,267.27032,0.0015000000000213731,4519.062677926732,bench_cmp_ind_to_idx
267.47062,267.47212,0.0015000000000213731,4488.32480010384,bench_cmp_ind_to_idx
267.6724,267.67392,0.0015200000000277214,4546.946673736763,bench_cmp_ind_to_idx
267.8742,267.87572,0.0015200000000277214,4542.61980726298,bench_cmp_ind_to_idx
268.076,268.0775,0.0014999999999645297,4492.322264595367,bench_cmp_ind_to_idx
268.2778,268.2793,0.0014999999999645297,4490.699972852076,bench_cmp_ind_to_idx
268.4796,268.4811,0.0015000000000213731,4501.874782210027,bench_cmp_ind_to_idx
268.6814,268.6829,0.0015000000000213731,4499.558147575959,bench_cmp_ind_to_idx
268.8832,268.8847,0.0015000000000213731,4521.266426952856,bench_cmp_ind_to_idx
269.08498,269.0865,0.0015200000000277214,4556.675292635618,bench_cmp_ind_to_idx
269.28678,269.2883,0.001519999999970878,4544.803155498048,bench_cmp_ind_to_idx
269.48858,269.49008,0.0014999999999645297,4481.944676849382,bench_cmp_ind_to_idx
269.69038,269.69188,0.0015000000000213731,4468.517149858669,bench_cmp_ind_to_idx
269.89216,269.89368,0.0015200000000277214,4529.234394514542,bench_cmp_ind_to_idx
270.09396,270.09546,0.0015000000000213731,4488.83112526509,bench_cmp_ind_to_idx
270.29574,270.29726,0.001519999999970878,4562.9557849838975,bench_cmp_ind_to_idx
270.49754,270.49906,0.001519999999970878,4571.152669288967,bench_cmp_ind_to_idx
270.69934,270.70086,0.001519999999970878,4560.5544395768975,bench_cmp_ind_to_idx
270.90114,270.90266,0.0015200000000277214,4566.074160476975,bench_cmp_ind_to_idx
271.10296,271.10446,0.0015000000000213731,4481.195763282456,bench_cmp_ind_to_idx
271.30476,271.30626,0.0015000000000213731,4475.536448941941,bench_cmp_ind_to_idx
271.50656,271.50806,0.0015000000000213731,4457.297413674624,bench_cmp_ind_to_idx
271.70836,271.70986,0.0014999999999645297,4468.026007413994,bench_cmp_ind_to_idx
271.91016,271.91166,0.0014999999999645297,4494.703260605054,bench_cmp_ind_to_idx
272.11196,272.1135,0.0015399999999772263,4690.420101327426,bench_cmp_aut_to_idx
272.31378,272.31532,0.0015399999999772263,4703.17916006403,bench_cmp_aut_to_idx
272.51562,272.51714,0.001519999999970878,4636.1659349888205,bench_cmp_aut_to_idx
272.71744,272.71896,0.001519999999970878,4615.531198128219,bench_cmp_aut_to_idx
272.91928,272.9208,0.001519999999970878,4617.748751681601,bench_cmp_aut_to_idx
273.1211,273.12262,0.001519999999970878,4600.438612890997,bench_cmp_aut_to_idx
273.32292,273.32444,0.001519999999970878,4576.96652962447,bench_cmp_aut_to_idx
273.52474,273.52628,0.0015399999999772263,4658.496226116283,bench_cmp_aut_to_idx
273.72658,273.7281,0.001519999999970878,4618.734393646332,bench_cmp_aut_to_idx
273.9284,273.92992,0.001519999999970878,4628.575432490706,bench_cmp_aut_to_idx
274.13022,274.13174,0.001519999999970878,4642.6219515559305,bench_cmp_aut_to_idx
274.33204,274.33356,0.001519999999970878,4630.236907308145,bench_cmp_aut_to_idx
274.53386,274.53538,0.001519999999970878,4621.350536963275,bench_cmp_aut_to_idx
274.73568,274.73722,0.0015399999999772263,4667.523282044922,bench_cmp_aut_to_idx
274.9375,274.93904,0.0015399999999772263,4663.728026135664,bench_cmp_aut_to_idx
275.13932,275.14086,0.0015399999999772263,4651.1841192124375,bench_cmp_aut_to_idx
275.34114,275.34268,0.0015399999999772263,4666.034164767665,bench_cmp_aut_to_idx
275.54296,275.54448,0.0015200000000277214,4624.852354258123,bench_cmp_aut_to_idx
275.74476,275.7463,0.0015400000000340697,4691.0080198292835,bench_cmp_aut_to_idx
275.94658,275.9481,0.0015200000000277214,4634.180832738726,bench_cmp_aut_to_idx
276.14838,276.1499,0.0015200000000277214,4637.521135242761,bench_cmp_aut_to_idx
276.3502,276.35172,0.0015200000000277214,4622.796387496592,bench_cmp_aut_to_idx
276.55202,276.55354,0.001519999999970878,4605.90319698939,bench_cmp_aut_to_idx
276.75382,276.75536,0.0015399999999772263,4662.716828684571,bench_cmp_aut_to_idx
276.95564,276.95716,0.001519999999970878,4605.508295265245,bench_cmp_aut_to_idx
277.15746,277.15898,0.001519999999970878,4611.640062559435,bench_cmp_aut_to_idx
277.35928,277.3608,0.001519999999970878,4636.621028093842,bench_cmp_aut_to_idx
277.56108,277.56262,0.0015399999999772263,4725.486840984067,bench_cmp_aut_to_idx
277.7629,277.76444,0.0015399999999772263,4745.321657903677,bench_cmp_aut_to_idx
277.96472,277.96624,0.0015200000000277214,4692.094454161418,bench_cmp_aut_to_idx
278.16654,278.16806,0.0015200000000277214,4697.618056173007,bench_cmp_aut_to_idx
278.36836,278.36988,0.0015200000000277214,4682.819666428053,bench_cmp_aut_to_idx
278.57018,278.5717,0.0015200000000277214,4641.721532765881,bench_cmp_aut_to_idx
278.772,278.77352,0.0015200000000277214,4620.69175680217,bench_cmp_aut_to_idx
278.97382,278.97534,0.0015200000000277214,4658.988069359298,bench_cmp_aut_to_idx
279.17562,279.17716,0.0015400000000340697,4737.420787674742,bench_cmp_aut_to_idx
279.37744,279.37898,0.0015400000000340697,4697.470674398453,bench_cmp_aut_to_idx
279.57926,279.5808,0.0015400000000340697,4692.415970019144,bench_cmp_aut_to_idx
279.7811,279.78262,0.0015200000000277214,4653.980818197211,bench_cmp_aut_to_idx
279.98292,279.98444,0.0015200000000277214,4685.3950434288145,bench_cmp_aut_to_idx
280.18474,280.18626,0.0015200000000277214,4635.891530283782,bench_cmp_aut_to_idx
280.38656,280.38808,0.0015200000000277214,4613.464099905351,bench_cmp_aut_to_idx
280.58838,280.58992,0.0015400000000340697,4655.146757239367,bench_cmp_aut_to_idx
280.7902,280.79174,0.0015399999999772263,4654.373007290851,bench_cmp_aut_to_idx
280.99204,280.99356,0.0015200000000277214,4620.065311984976,bench_cmp_aut_to_idx
281.19386,281.1954,0.0015400000000340697,4675.316535971985,bench_cmp_aut_to_idx
281.39568,281.39722,0.0015399999999772263,4678.193104848794,bench_cmp_aut_to_idx
281.5975,281.59904,0.0015399999999772263,4698.52171365773,bench_cmp_aut_to_idx
281.79932,281.80086,0.0015399999999772263,4674.522723000553,bench_cmp_aut_to_idx
282.00114,282.00268,0.0015399999999772263,4649.805976007707,bench_cmp_aut_to_idx
282.20296,282.2045,0.0015399999999772263,4634.4073721426,bench_cmp_aut_to_idx
282.40478,282.40632,0.0015399999999772263,4637.233407633827,bench_cmp_aut_to_idx
282.6066,282.60814,0.0015399999999772263,4661.71762666128,bench_cmp_aut_to_idx
282.80844,282.80996,0.001519999999970878,4600.412207562521,bench_cmp_aut_to_idx
283.01026,283.01178,0.001519999999970878,4608.473966274072,bench_cmp_aut_to_idx
283.21208,283.2136,0.001519999999970878,4611.5412934726655,bench_cmp_aut_to_idx
283.41388,283.41542,0.0015399999999772263,4665.2554207719495,bench_cmp_aut_to_idx
283.6157,283.61724,0.0015399999999772263,4652.8742321992795,bench_cmp_aut_to_idx
283.81752,283.81904,0.001519999999970878,4549.4756194795455,bench_cmp_aut_to_idx
284.01934,284.02086,0.0015200000000277214,4551.19562343507,bench_cmp_aut_to_idx
284.22114,284.22268,0.0015400000000340697,4601.373730793685,bench_cmp_aut_to_idx
284.42296,284.4245,0.0015400000000340697,4621.084218479413,bench_cmp_aut_to_idx
284.62478,284.62632,0.0015400000000340697,4631.728476484274,bench_cmp_aut_to_idx
284.8266,284.82814,0.0015400000000340697,4658.956024898744,bench_cmp_aut_to_idx
285.02842,285.02994,0.0015200000000277214,4602.788982534725,bench_cmp_aut_to_idx
285.23022,285.23176,0.0015400000000340697,4665.6769282272235,bench_cmp_aut_to_idx
285.43204,285.43356,0.0015200000000277214,4602.65671144344,bench_cmp_aut_to_idx
285.63386,285.63538,0.001519999999970878,4583.936084437435,bench_cmp_aut_to_idx
285.83568,285.8372,0.001519999999970878,4584.263947236437,bench_cmp_aut_to_idx
286.0375,286.03902,0.001519999999970878,4598.137733903682,bench_cmp_aut_to_idx
286.23932,286.24084,0.001519999999970878,4606.017952227364,bench_cmp_aut_to_idx
286.44112,286.44266,0.0015399999999772263,4671.875189455241,bench_cmp_aut_to_idx
286.64294,286.64446,0.001519999999970878,4629.766433412741,bench_cmp_aut_to_idx
286.84476,286.84628,0.001519999999970878,4634.538155425083,bench_cmp_aut_to_idx
287.04658,287.0481,0.001519999999970878,4637.1641661104395,bench_cmp_aut_to_idx
287.2484,287.24992,0.001519999999970878,4609.045681922499,bench_cmp_aut_to_idx
287.45022,287.45174,0.001519999999970878,4591.947987121386,bench_cmp_aut_to_idx
287.65204,287.65356,0.0015200000000277214,4597.9592088532145,bench_cmp_aut_to_idx
287.85386,287.8554,0.0015399999999772263,4664.122601900061,bench_cmp_aut_to_idx
288.05568,288.05722,0.0015399999999772263,4672.964815912149,bench_cmp_aut_to_idx
288.2575,288.25902,0.0015200000000277214,4636.900166600607,bench_cmp_aut_to_idx
288.45932,288.46084,0.0015200000000277214,4636.587288777867,bench_cmp_aut_to_idx
288.66114,288.66266,0.0015200000000277214,4637.896225408631,bench_cmp_aut_to_idx
288.86296,288.86448,0.0015200000000277214,4632.90143300781,bench_cmp_aut_to_idx
289.06478,289.0663,0.0015200000000277214,4598.89756524183,bench_cmp_aut_to_idx
289.26658,289.26812,0.0015400000000340697,4655.309014593257,bench_cmp_aut_to_idx
289.4684,289.46994,0.0015400000000340697,4653.078783406457,bench_cmp_aut_to_idx
289.67022,289.67174,0.0015200000000277214,4608.234171841698,bench_cmp_aut_to_idx
289.87204,289.87356,0.001519999999970878,4627.189170482018,bench_cmp_aut_to_idx
290.07384,290.07538,0.0015399999999772263,4688.149210925413,bench_cmp_aut_to_idx
290.27566,290.27718,0.001519999999970878,4625.438509882479,bench_cmp_aut_to_idx
290.47746,290.47898,0.001519999999970878,4631.677125491527,bench_cmp_aut_to_idx
290.67926,290.68078,0.0015200000000277214,4627.714788160975,bench_cmp_aut_to_idx
290.88106,290.8826,0.0015400000000340697,4669.548489723999,bench_cmp_aut_to_idx
291.08288,291.0844,0.0015200000000277214,4602.62395915944,bench_cmp_aut_to_idx
291.2847,291.28622,0.0015200000000277214,4591.965149242209,bench_cmp_aut_to_idx
291.4865,291.48804,0.0015400000000340697,4657.556694103222,bench_cmp_aut_to_idx
291.68832,291.68984,0.0015200000000277214,4616.384371266614,bench_cmp_aut_to_idx
291.89012,291.89166,0.0015399999999772263,4684.880201170683,bench_cmp_aut_to_idx
292.09194,292.09346,0.001519999999970878,4627.107994073824,bench_cmp_aut_to_idx
292.29376,292.29514,0.0013799999999832835,3840.583038929745,bench_cmp_reg_to_sym
292.49542,292.49682,0.0013999999999896318,3905.753556133498,bench_cmp_reg_to_sym
292.6971,292.6985,0.0014000000000464752,3899.722024935287,bench_cmp_reg_to_sym
292.89878,292.90018,0.0013999999999896318,3866.2614766285824,bench_cmp_reg_to_sym
293.10044,293.10184,0.0013999999999896318,3873.5402864145185,bench_cmp_reg_to_sym
293.30214,293.30352,0.0013799999999832835,3835.2881092137864,bench_cmp_reg_to_sym
293.50382,293.50522,0.0013999999999896318,3900.1736067839624,bench_cmp_reg_to_sym
293.7055,293.7069,0.0014000000000464752,3895.123389220073,bench_cmp_reg_to_sym
293.90718,293.90858,0.0013999999999896318,3914.580801476967,bench_cmp_reg_to_sym
294.10884,294.11024,0.0013999999999896318,3923.3840582640623,bench_cmp_reg_to_sym
294.31052,294.31192,0.0013999999999896318,3913.3414323171824,bench_cmp_reg_to_sym
294.5122,294.5136,0.0013999999999896318,3923.0180321883986,bench_cmp_reg_to_sym
294.71388,294.71528,0.0013999999999896318,3874.5686132085475,bench_cmp_reg_to_sym
294.91556,294.91696,0.0013999999999896318,3875.1559890395292,bench_cmp_reg_to_sym
295.11726,295.11864,0.001380000000040127,3813.14394075238,bench_cmp_reg_to_sym
295.31892,295.32032,0.0013999999999896318,3908.127725567193,bench_cmp_reg_to_sym
295.52062,295.52202,0.0013999999999896318,3907.6397823817433,bench_cmp_reg_to_sym
295.7223,295.72368,0.0013799999999832835,3850.417416491292,bench_cmp_reg_to_sym
295.92396,295.92536,0.0013999999999896318,3921.534323559403,bench_cmp_reg_to_sym
296.12564,296.12704,0.0014000000000464752,3911.2668718636373,bench_cmp_reg_to_sym
296.32732,296.32872,0.0013999999999896318,3913.9617723191664,bench_cmp_reg_to_sym
296.529,296.5304,0.0013999999999896318,3899.2512179289033,bench_cmp_reg_to_sym
296.73066,296.73206,0.0013999999999896318,3897.131502137098,bench_cmp_reg_to_sym
296.93234,296.93374,0.0013999999999896318,3876.425893946486,bench_cmp_reg_to_sym
297.13402,297.13542,0.0013999999999896318,3875.560469424618,bench_cmp_reg_to_sym
297.3357,297.3371,0.0014000000000464752,3918.630243414215,bench_cmp_reg_to_sym
297.53738,297.53878,0.0013999999999896318,3943.427172460804,bench_cmp_reg_to_sym
297.73906,297.74046,0.0013999999999896318,3914.699836141757,bench_cmp_reg_to_sym
297.94074,297.94214,0.0013999999999896318,3917.330366064685,bench_cmp_reg_to_sym
298.14242,298.14382,0.0013999999999896318,3917.071383880156,bench_cmp_reg_to_sym
298.3441,298.3455,0.0013999999999896318,3962.2215041500517,bench_cmp_reg_to_sym
298.54578,298.54718,0.0014000000000464752,3956.9811291511564,bench_cmp_reg_to_sym
298.74746,298.74886,0.0013999999999896318,3957.0299628875387,bench_cmp_reg_to_sym
298.94914,298.95054,0.0013999999999896318,3942.908463040354,bench_cmp_reg_to_sym
299.15082,299.15222,0.0013999999999896318,3952.0931406570985,bench_cmp_reg_to_sym
299.3525,299.3539,0.0013999999999896318,3947.8500256883613,bench_cmp_reg_to_sym
299.55418,299.55558,0.0014000000000464752,3957.029206349369,bench_cmp_reg_to_sym
299.75586,299.75726,0.0013999999999896318,3960.920653745355,bench_cmp_reg_to_sym
299.95756,299.95896,0.0013999999999896318,4039.280288825538,bench_cmp_reg_to_sym
300.15924,300.16064,0.0013999999999896318,4005.1924250689717,bench_cmp_reg_to_sym
300.36092,300.36232,0.0013999999999896318,3924.9156135716557,bench_cmp_reg_to_sym
300.5626,300.564,0.0014000000000464752,3879.3441747693496,bench_cmp_reg_to_sym
300.76428,300.76568,0.0013999999999896318,3833.9792797112677,bench_cmp_reg_to_sym
300.96596,300.96736,0.0013999999999896318,3823.6334873104215,bench_cmp_reg_to_sym
301.16764,301.16904,0.0013999999999896318,3828.2275874818,bench_cmp_reg_to_sym
301.36932,301.37072,0.0013999999999896318,3821.5602724491214,bench_cmp_reg_to_sym
301.571,301.5724,0.0013999999999896318,3830.268708951676,bench_cmp_reg_to_sym
301.77268,301.77406,0.001380000000040127,3797.9362650065214,bench_cmp_reg_to_sym
301.97436,301.97574,0.0013799999999832835,3821.1371795778314,bench_cmp_reg_to_sym
302.17604,302.17742,0.0013799999999832835,3831.0114526666275,bench_cmp_reg_to_sym
302.3777,302.3791,0.0013999999999896318,3865.308067731778,bench_cmp_reg_to_sym
302.5794,302.58078,0.0013799999999832835,3832.555757783097,bench_cmp_reg_to_sym
302.78108,302.78248,0.0014000000000464752,3875.2521482648735,bench_cmp_reg_to_sym
302.98276,302.98416,0.0013999999999896318,3912.041315316022,bench_cmp_reg_to_sym
303.18444,303.18584,0.0013999999999896318,3935.7068738630724,bench_cmp_reg_to_sym
303.38612,303.38752,0.0013999999999896318,3934.859556583526,bench_cmp_reg_to_sym
303.5878,303.5892,0.0013999999999896318,3936.4820043247355,bench_cmp_reg_to_sym
303.78948,303.79088,0.0013999999999896318,3943.7541807588896,bench_cmp_reg_to_sym
303.99116,303.99256,0.0014000000000464752,3924.22011135711,bench_cmp_reg_to_sym
304.19284,304.19424,0.0013999999999896318,3919.377108077796,bench_cmp_reg_to_sym
304.39454,304.39594,0.0013999999999896318,3891.33701796674,bench_cmp_reg_to_sym
304.59622,304.59762,0.0013999999999896318,3889.269796164301,bench_cmp_reg_to_sym
304.79792,304.79932,0.0014000000000464752,3882.639235948803,bench_cmp_reg_to_sym
304.9996,305.001,0.0013999999999896318,3900.446842861466,bench_cmp_reg_to_sym
305.20128,305.20268,0.0013999999999896318,3918.5491995626535,bench_cmp_reg_to_sym
305.40298,305.40438,0.0013999999999896318,3918.0673332561173,bench_cmp_reg_to_sym
305.60466,305.60606,0.0013999999999896318,3915.6456407698806,bench_cmp_reg_to_sym
305.80636,305.80776,0.0013999999999896318,3906.982468883161,bench_cmp_reg_to_sym
306.00804,306.00944,0.0013999999999896318,3915.449248132673,bench_cmp_reg_to_sym
306.20974,306.21112,0.0013799999999832835,3826.7096364370577,bench_cmp_reg_to_sym
306.41142,306.41282,0.0013999999999896318,3882.0563954895824,bench_cmp_reg_to_sym
306.6131,306.6145,0.0014000000000464752,3875.9329241174046,bench_cmp_reg_to_sym
306.8148,306.8162,0.0013999999999896318,3887.952314663515,bench_cmp_reg_to_sym
307.01648,307.01788,0.0013999999999896318,3897.141490567229,bench_cmp_reg_to_sym
307.21818,307.21956,0.0013799999999832835,3850.8546724393777,bench_cmp_reg_to_sym
307.41986,307.42124,0.0013799999999832835,3855.778260568067,bench_cmp_reg_to_sym
307.62154,307.62292,0.001380000000040127,3861.0231225616276,bench_cmp_reg_to_sym
307.82322,307.82462,0.0013999999999896318,3921.000130912364,bench_cmp_reg_to_sym
308.0249,308.0263,0.0013999999999896318,3912.3955787823465,bench_cmp_reg_to_sym
308.22658,308.22798,0.0013999999999896318,3896.317130387923,bench_cmp_reg_to_sym
308.42826,308.42966,0.0013999999999896318,3899.5311362290768,bench_cmp_reg_to_sym
308.62994,308.63134,0.0014000000000464752,3893.056477087914,bench_cmp_reg_to_sym
308.83164,308.83304,0.0013999999999896318,3893.6269934972483,bench_cmp_reg_to_sym
309.03332,309.03472,0.0013999999999896318,3905.1897031905805,bench_cmp_reg_to_sym
309.235,309.2364,0.0013999999999896318,3902.722126773469,bench_cmp_reg_to_sym
309.43668,309.43808,0.0013999999999896318,3923.0175013234593,bench_cmp_reg_to_sym
309.63838,309.63978,0.0013999999999896318,3920.0472505526463,bench_cmp_reg_to_sym
309.84006,309.84146,0.0013999999999896318,3902.6682218290493,bench_cmp_reg_to_sym
310.04174,310.04314,0.0013999999999896318,3902.592607744201,bench_cmp_reg_to_sym
310.24344,310.24482,0.0013799999999832835,3825.152602459934,bench_cmp_reg_to_sym
310.44512,310.44652,0.0014000000000464752,3881.6621295583122,bench_cmp_reg_to_sym
310.64682,310.64822,0.0013999999999896318,3895.9516305194165,bench_cmp_reg_to_sym
310.8485,310.8499,0.0013999999999896318,3901.256492798486,bench_cmp_reg_to_sym
311.0502,311.0516,0.0013999999999896318,3908.475555911418,bench_cmp_reg_to_sym
311.25188,311.25328,0.0013999999999896318,3907.98536125396,bench_cmp_reg_to_sym
311.45356,311.45496,0.0014000000000464752,3915.300415961135,bench_cmp_reg_to_sym
311.65524,311.65664,0.0013999999999896318,3931.4763271004554,bench_cmp_reg_to_sym
311.85694,311.85832,0.0013799999999832835,3862.126420670842,bench_cmp_reg_to_sym
312.05862,312.06002,0.0013999999999896318,3892.3160382213932,bench_cmp_reg_to_sym
312.2603,312.2617,0.0014000000000464752,3887.6866573850098,bench_cmp_reg_to_sym
312.462,312.46396,0.001959999999996853,5381.5079154383,bench_cmp_imm_to_sym
312.66426,312.66622,0.001959999999996853,5417.307782912534,bench_cmp_imm_to_sym
312.8665,312.86848,0.0019800000000032014,5476.008406854383,bench_cmp_imm_to_sym
313.06876,313.07072,0.001959999999996853,5431.0308187192895,bench_cmp_imm_to_sym
313.27102,313.27298,0.001959999999996853,5438.613942813627,bench_cmp_imm_to_sym
313.47328,313.47524,0.001959999999996853,5441.966366484266,bench_cmp_imm_to_sym
313.67554,313.6775,0.001959999999996853,5398.4013991304455,bench_cmp_imm_to_sym
313.8778,313.87976,0.001959999999996853,5378.843820652062,bench_cmp_imm_to_sym
314.08004,314.08202,0.0019800000000032014,5464.786037347642,bench_cmp_imm_to_sym
314.2823,314.28428,0.0019800000000032014,5462.7259960403135,bench_cmp_imm_to_sym
314.48456,314.48652,0.001959999999996853,5455.760119942879,bench_cmp_imm_to_sym
314.6868,314.68878,0.0019800000000032014,5503.018223687423,bench_cmp_imm_to_sym
314.88906,314.89104,0.0019800000000032014,5480.036947425372,bench_cmp_imm_to_sym
315.09132,315.09328,0.001959999999996853,5409.033880562359,bench_cmp_imm_to_sym
315.29358,315.29554,0.001959999999996853,5381.698801635034,bench_cmp_imm_to_sym
315.49582,315.4978,0.0019800000000032014,5458.90753391645,bench_cmp_imm_to_sym
315.6981,315.70006,0.001959999999996853,5410.2429933764815,bench_cmp_imm_to_sym
315.90034,315.90232,0.001979999999946358,5477.648412184603,bench_cmp_imm_to_sym
316.1026,316.10458,0.0019800000000032014,5489.931264904471,bench_cmp_imm_to_sym
316.30486,316.30682,0.001959999999996853,5416.136698313038,bench_cmp_imm_to_sym
316.50712,316.50908,0.001959999999996853,5409.602443680537,bench_cmp_imm_to_sym
316.70938,316.71134,0.001959999999996853,5383.011668442938,bench_cmp_imm_to_sym
316.91164,316.91362,0.0019800000000032014,5438.141771607147,bench_cmp_imm_to_sym
317.1139,317.11588,0.0019800000000032014,5480.493151128728,bench_cmp_imm_to_sym
317.31616,317.31814,0.0019800000000032014,5482.379668390413,bench_cmp_imm_to_sym
317.51844,317.5204,0.001959999999996853,5421.2634870698885,bench_cmp_imm_to_sym
317.7207,317.72266,0.001959999999996853,5430.23871489141,bench_cmp_imm_to_sym
317.92296,317.92494,0.0019800000000032014,5471.2430853539545,bench_cmp_imm_to_sym
318.12522,318.1272,0.0019800000000032014,5456.892638470241,bench_cmp_imm_to_sym
318.32748,318.32946,0.0019800000000032014,5442.293796238727,bench_cmp_imm_to_sym
318.52974,318.53172,0.0019800000000032014,5454.106035186988,bench_cmp_imm_to_sym
318.732,318.73398,0.001979999999946358,5482.136974883838,bench_cmp_imm_to_sym
318.93426,318.93622,0.001959999999996853,5429.131393315417,bench_cmp_imm_to_sym
319.13652,319.13848,0.001959999999996853,5421.127004068124,bench_cmp_imm_to_sym
319.33878,319.34076,0.0019800000000032014,5472.515439625274,bench_cmp_imm_to_sym
319.54106,319.54302,0.001959999999996853,5391.367459654146,bench_cmp_imm_to_sym
319.74332,319.74528,0.001959999999996853,5381.942654489382,bench_cmp_imm_to_sym
319.94558,319.94754,0.001959999999996853,5398.211402342426,bench_cmp_imm_to_sym
320.14784,320.1498,0.0019600000000536966,5421.12348616421,bench_cmp_imm_to_sym
320.3501,320.35208,0.0019800000000032014,5488.610672774963,bench_cmp_imm_to_sym
320.55236,320.55434,0.0019800000000032014,5495.599296415195,bench_cmp_imm_to_sym
320.75464,320.7566,0.001959999999996853,5409.624392626231,bench_cmp_imm_to_sym
320.9569,320.95886,0.001959999999996853,5392.189749967521,bench_cmp_imm_to_sym
321.15916,321.16114,0.0019800000000032014,5459.815496591768,bench_cmp_imm_to_sym
321.36142,321.3634,0.0019800000000032014,5475.423154427587,bench_cmp_imm_to_sym
321.5637,321.56566,0.001959999999996853,5425.732226572428,bench_cmp_imm_to_sym
321.76596,321.76794,0.0019800000000032014,5484.786897441679,bench_cmp_imm_to_sym
321.96824,321.9702,0.001959999999996853,5433.9039418786615,bench_cmp_imm_to_sym
322.17052,322.17248,0.001959999999996853,5415.752290271257,bench_cmp_imm_to_sym
322.37278,322.37474,0.001959999999996853,5390.137624923451,bench_cmp_imm_to_sym
322.57504,322.57702,0.0019800000000032014,5447.9755251750885,bench_cmp_imm_to_sym
322.77732,322.77928,0.0019600000000536966,5397.640399321336,bench_cmp_imm_to_sym
322.97958,322.98154,0.001959999999996853,5422.422452825397,bench_cmp_imm_to_sym
323.18184,323.18382,0.0019800000000032014,5492.109220940021,bench_cmp_imm_to_sym
323.3841,323.38606,0.001959999999996853,5441.12906558144,bench_cmp_imm_to_sym
323.58636,323.58834,0.0019800000000032014,5477.056647657177,bench_cmp_imm_to_sym
323.78864,323.7906,0.001959999999996853,5401.721915691835,bench_cmp_imm_to_sym
323.9909,323.99286,0.001959999999996853,5375.4497691856195,bench_cmp_imm_to_sym
324.19316,324.19514,0.0019800000000032014,5451.20707947332,bench_cmp_imm_to_sym
324.39544,324.3974,0.001959999999996853,5408.918305757931,bench_cmp_imm_to_sym
324.5977,324.59966,0.001959999999996853,5418.595487711683,bench_cmp_imm_to_sym
324.79996,324.80194,0.0019800000000032014,5481.080494368598,bench_cmp_imm_to_sym
325.00222,325.0042,0.0019800000000032014,5482.503266539083,bench_cmp_imm_to_sym
325.20448,325.20646,0.0019800000000032014,5470.237254643873,bench_cmp_imm_to_sym
325.40674,325.40872,0.0019800000000032014,5449.979403064562,bench_cmp_imm_to_sym
325.60902,325.61098,0.001959999999996853,5386.264878318995,bench_cmp_imm_to_sym
325.81128,325.81324,0.001959999999996853,5417.835616958605,bench_cmp_imm_to_sym
326.01354,326.0155,0.001959999999996853,5426.708455190583,bench_cmp_imm_to_sym
326.2158,326.21776,0.001959999999996853,5445.464490905716,bench_cmp_imm_to_sym
326.41806,326.42004,0.001979999999946358,5499.986742926687,bench_cmp_imm_to_sym
326.62034,326.6223,0.001959999999996853,5419.359048821569,bench_cmp_imm_to_sym
326.8226,326.82458,0.0019800000000032014,5442.7273711194,bench_cmp_imm_to_sym
327.02488,327.02684,0.001959999999996853,5400.408843990688,bench_cmp_imm_to_sym
327.22714,327.2291,0.001959999999996853,5402.6699461814815,bench_cmp_imm_to_sym
327.4294,327.43136,0.001959999999996853,5428.394263142358,bench_cmp_imm_to_sym
327.63166,327.63364,0.0019800000000032014,5493.316254585398,bench_cmp_imm_to_sym
327.83392,327.8359,0.0019800000000032014,5492.754385354417,bench_cmp_imm_to_sym
328.0362,328.03816,0.001959999999996853,5425.072244824545,bench_cmp_imm_to_sym
328.23846,328.24044,0.0019800000000032014,5455.249948446017,bench_cmp_imm_to_sym
328.44074,328.4427,0.001959999999996853,5383.368297470533,bench_cmp_imm_to_sym
328.643,328.64496,0.0019600000000536966,5407.757575312962,bench_cmp_imm_to_sym
328.84526,328.84722,0.001959999999996853,5411.147275005516,bench_cmp_imm_to_sym
329.04752,329.04948,0.001959999999996853,5433.626351865388,bench_cmp_imm_to_sym
329.24978,329.25174,0.001959999999996853,5423.987752288387,bench_cmp_imm_to_sym
329.45204,329.454,0.001959999999996853,5410.884425498191,bench_cmp_imm_to_sym
329.6543,329.65626,0.001959999999996853,5398.708004499344,bench_cmp_imm_to_sym
329.85656,329.85852,0.001959999999996853,5389.897068957363,bench_cmp_imm_to_sym
330.05882,330.06078,0.001959999999996853,5407.621930337618,bench_cmp_imm_to_sym
330.26108,330.26304,0.001959999999996853,5424.051638687845,bench_cmp_imm_to_sym
330.46334,330.46532,0.0019800000000032014,5494.730563373588,bench_cmp_imm_to_sym
330.6656,330.66758,0.0019800000000032014,5498.357058978626,bench_cmp_imm_to_sym
330.86786,330.86984,0.0019800000000032014,5487.385368914638,bench_cmp_imm_to_sym
331.07014,331.0721,0.001959999999996853,5403.0801122984285,bench_cmp_imm_to_sym
331.2724,331.27436,0.001959999999996853,5387.98951543364,bench_cmp_imm_to_sym
331.47466,331.47664,0.0019800000000032014,5447.415797986928,bench_cmp_imm_to_sym
331.67692,331.6789,0.0019800000000032014,5506.453458232599,bench_cmp_imm_to_sym
331.87918,331.88116,0.0019800000000032014,5491.905547679352,bench_cmp_imm_to_sym
332.08144,332.08342,0.0019800000000032014,5495.792506278449,bench_cmp_imm_to_sym
332.2837,332.28568,0.0019800000000032014,5482.136686339549,bench_cmp_imm_to_sym
332.48596,332.48794,0.0019800000000032014,5471.510211953668,bench_cmp_imm_to_sym
332.68824,332.69034,0.0020999999999844476,5898.156941358936,bench_cmp_idx_to_sym
332.89064,332.89272,0.0020799999999780994,5870.6352672815265,bench_cmp_idx_to_sym
333.09302,333.09512,0.0020999999999844476,5948.034224513339,bench_cmp_idx_to_sym
333.29542,333.29752,0.002100000000041291,5953.40042620097,bench_cmp_idx_to_sym
333.49782,333.49992,0.0020999999999844476,5967.477636836139,bench_cmp_idx_to_sym
333.70022,333.70232,0.0020999999999844476,5945.385303307021,bench_cmp_idx_to_sym
333.90262,333.90472,0.0020999999999844476,5903.268158386844,bench_cmp_idx_to_sym
334.10502,334.10712,0.0020999999999844476,5898.884194849701,bench_cmp_idx_to_sym
334.30742,334.30952,0.002100000000041291,5923.382956656356,bench_cmp_idx_to_sym
334.5098,334.5119,0.002100000000041291,5933.163266284123,bench_cmp_idx_to_sym
334.7122,334.7143,0.0020999999999844476,5959.073491351929,bench_cmp_idx_to_sym
334.9146,334.9167,0.0020999999999844476,5940.473412582858,bench_cmp_idx_to_sym
335.117,335.1191,0.0020999999999844476,5930.526589461441,bench_cmp_idx_to_sym
335.3194,335.3215,0.002100000000041291,5932.729782190009,bench_cmp_idx_to_sym
335.52178,335.52388,0.002100000000041291,5910.998748268331,bench_cmp_idx_to_sym
335.72418,335.72628,0.0020999999999844476,5927.721918516953,bench_cmp_idx_to_sym
335.92658,335.92868,0.0020999999999844476,5947.652468414972,bench_cmp_idx_to_sym
336.12898,336.13108,0.0020999999999844476,5944.637258025863,bench_cmp_idx_to_sym
336.33136,336.33346,0.0020999999999844476,5953.6473499136555,bench_cmp_idx_to_sym
336.53376,336.53586,0.002100000000041291,5920.230979221374,bench_cmp_idx_to_sym
336.73614,336.73824,0.002100000000041291,5890.68892889904,bench_cmp_idx_to_sym
336.93854,336.94064,0.0020999999999844476,5892.404399308876,bench_cmp_idx_to_sym
337.14094,337.14304,0.0020999999999844476,5920.164803928666,bench_cmp_idx_to_sym
337.34332,337.34542,0.0020999999999844476,5947.103742465467,bench_cmp_idx_to_sym
337.54572,337.54782,0.0020999999999844476,5950.948870695827,bench_cmp_idx_to_sym
337.7481,337.7502,0.0020999999999844476,5945.041051546137,bench_cmp_idx_to_sym
337.95048,337.95258,0.0020999999999844476,5913.779353669297,bench_cmp_idx_to_sym
338.15286,338.15496,0.002100000000041291,5909.562057469738,bench_cmp_idx_to_sym
338.35526,338.35736,0.002100000000041291,5909.161616700408,bench_cmp_idx_to_sym
338.55764,338.55974,0.0020999999999844476,5926.979377360172,bench_cmp_idx_to_sym
338.76004,338.76214,0.0020999999999844476,5933.652121994648,bench_cmp_idx_to_sym
338.96242,338.96452,0.0020999999999844476,5947.22896111601,bench_cmp_idx_to_sym
339.1648,339.1669,0.0020999999999844476,5943.32690811764,bench_cmp_idx_to_sym
339.36718,339.36928,0.0020999999999844476,5930.070432317676,bench_cmp_idx_to_sym
339.56958,339.57168,0.002100000000041291,5899.210015896779,bench_cmp_idx_to_sym
339.77196,339.77406,0.002100000000041291,5932.682280083127,bench_cmp_idx_to_sym
339.97434,339.97644,0.002100000000041291,5961.6413434319975,bench_cmp_idx_to_sym
340.17674,340.17884,0.0020999999999844476,5957.6904936251985,bench_cmp_idx_to_sym
340.37912,340.38122,0.0020999999999844476,5952.895588664135,bench_cmp_idx_to_sym
340.5815,340.5836,0.0020999999999844476,5953.545845067874,bench_cmp_idx_to_sym
340.7839,340.786,0.0020999999999844476,5918.399146710358,bench_cmp_idx_to_sym
340.98628,340.98838,0.0020999999999844476,5920.598176256489,bench_cmp_idx_to_sym
341.18868,341.19078,0.002100000000041291,5929.098294701817,bench_cmp_idx_to_sym
341.39106,341.39316,0.002100000000041291,5958.672957618824,bench_cmp_idx_to_sym
341.59344,341.59554,0.002100000000041291,5973.977807563719,bench_cmp_idx_to_sym
341.79584,341.79794,0.0020999999999844476,5971.369005230696,bench_cmp_idx_to_sym
341.99822,342.00032,0.0020999999999844476,5941.515678959983,bench_cmp_idx_to_sym
342.20062,342.20272,0.0020999999999844476,5913.438126398101,bench_cmp_idx_to_sym
342.403,342.4051,0.0020999999999844476,5909.155397626606,bench_cmp_idx_to_sym
342.6054,342.6075,0.002100000000041291,5920.484031206974,bench_cmp_idx_to_sym
342.8078,342.8099,0.002100000000041291,5953.538906882079,bench_cmp_idx_to_sym
343.0102,343.0123,0.0020999999999844476,5950.425483710589,bench_cmp_idx_to_sym
343.21258,343.21468,0.0020999999999844476,5944.621649063818,bench_cmp_idx_to_sym
343.41498,343.41706,0.0020799999999780994,5865.994749994155,bench_cmp_idx_to_sym
343.61736,343.61946,0.0020999999999844476,5916.623678006,bench_cmp_idx_to_sym
343.81974,343.82184,0.0020999999999844476,5929.287522974415,bench_cmp_idx_to_sym
344.02214,344.02424,0.002100000000041291,5924.7751348899765,bench_cmp_idx_to_sym
344.22452,344.22662,0.002100000000041291,5956.000788259478,bench_cmp_idx_to_sym
344.42692,344.42902,0.0020999999999844476,5952.951908069287,bench_cmp_idx_to_sym
344.6293,344.6314,0.0020999999999844476,5962.918857069203,bench_cmp_idx_to_sym
344.8317,344.8338,0.0020999999999844476,5921.799044544401,bench_cmp_idx_to_sym
345.0341,345.0362,0.0020999999999844476,5902.070018874993,bench_cmp_idx_to_sym
345.23648,345.23858,0.002100000000041291,5928.225102957493,bench_cmp_idx_to_sym
345.43888,345.44098,0.002100000000041291,5948.4995064591985,bench_cmp_idx_to_sym
345.64128,345.64338,0.0020999999999844476,5966.347923926944,bench_cmp_idx_to_sym
345.84368,345.84578,0.0020999999999844476,5957.429155193879,bench_cmp_idx_to_sym
346.04606,346.04816,0.0020999999999844476,5951.277075752965,bench_cmp_idx_to_sym
346.24846,346.25056,0.0020999999999844476,5921.057879407268,bench_cmp_idx_to_sym
346.45086,346.45296,0.002100000000041291,5891.397446513437,bench_cmp_idx_to_sym
346.65324,346.65534,0.002100000000041291,5925.128853533748,bench_cmp_idx_to_sym
346.85562,346.85772,0.0020999999999844476,5946.327412924428,bench_cmp_idx_to_sym
347.05802,347.06012,0.0020999999999844476,5959.356343327955,bench_cmp_idx_to_sym
347.2604,347.2625,0.0020999999999844476,5958.061192606318,bench_cmp_idx_to_sym
347.4628,347.4649,0.0020999999999844476,5943.852057636522,bench_cmp_idx_to_sym
347.6652,347.6673,0.0020999999999844476,5907.736062021024,bench_cmp_idx_to_sym
347.8676,347.8697,0.002100000000041291,5918.798842587483,bench_cmp_idx_to_sym
348.06998,348.07208,0.002100000000041291,5926.305314179297,bench_cmp_idx_to_sym
348.27238,348.27448,0.0020999999999844476,5954.415465197557,bench_cmp_idx_to_sym
348.47478,348.47688,0.0020999999999844476,5951.461598697491,bench_cmp_idx_to_sym
348.67716,348.67926,0.0020999999999844476,5963.267423165781,bench_cmp_idx_to_sym
348.87956,348.88166,0.0020999999999844476,5933.4905514851425,bench_cmp_idx_to_sym
349.08194,349.08404,0.002100000000041291,5910.116208373653,bench_cmp_idx_to_sym
349.28434,349.28644,0.002100000000041291,5899.104529646461,bench_cmp_idx_to_sym
349.48674,349.48884,0.0020999999999844476,5931.380009238423,bench_cmp_idx_to_sym
349.68914,349.69124,0.0020999999999844476,5959.5013875046725,bench_cmp_idx_to_sym
349.89152,349.89362,0.0020999999999844476,5962.3601613121955,bench_cmp_idx_to_sym
350.09392,350.09602,0.0020999999999844476,5970.0901898939055,bench_cmp_idx_to_sym
350.29632,350.29842,0.002100000000041291,5925.660526967142,bench_cmp_idx_to_sym
350.4987,350.5008,0.002100000000041291,5909.76447577351,bench_cmp_idx_to_sym
350.7011,350.7032,0.0020999999999844476,5911.355838140278,bench_cmp_idx_to_sym
350.9035,350.9056,0.0020999999999844476,5942.15100393888,bench_cmp_idx_to_sym
351.1059,351.108,0.0020999999999844476,5963.107973755304,bench_cmp_idx_to_sym
351.3083,351.3104,0.002100000000041291,5960.163271642646,bench_cmp_idx_to_sym
351.5107,351.5128,0.002100000000041291,5960.856843858776,bench_cmp_idx_to_sym
351.7131,351.7152,0.0020999999999844476,5913.967066402922,bench_cmp_idx_to_sym
351.9155,351.9176,0.0020999999999844476,5920.609193810376,bench_cmp_idx_to_sym
352.1179,352.12,0.0020999999999844476,5919.687773515815,bench_cmp_idx_to_sym
352.3203,352.3224,0.002100000000041291,5952.122318675189,bench_cmp_idx_to_sym
352.52268,352.52478,0.002100000000041291,5963.204642878434,bench_cmp_idx_to_sym
352.72508,352.72718,0.0020999999999844476,5958.557333759532,bench_cmp_idx_to_sym
352.92748,352.92956,0.0020799999999780994,5777.601606619386,bench_cmp_sym_to_sym
353.12986,353.13196,0.0020999999999844476,5810.078463942762,bench_cmp_sym_to_sym
353.33224,353.33434,0.0020999999999844476,5804.121273059902,bench_cmp_sym_to_sym
353.53464,353.53674,0.0020999999999844476,5818.296151648326,bench_cmp_sym_to_sym
353.73702,353.73912,0.002100000000041291,5839.431346513471,bench_cmp_sym_to_sym
353.93942,353.9415,0.002080000000034943,5791.879638666048,bench_cmp_sym_to_sym
354.1418,354.1439,0.0020999999999844476,5847.21773392896,bench_cmp_sym_to_sym
354.3442,354.34628,0.0020799999999780994,5784.490776652955,bench_cmp_sym_to_sym
354.54658,354.54868,0.0020999999999844476,5803.41070653229,bench_cmp_sym_to_sym
354.74898,354.75108,0.0020999999999844476,5787.295242722068,bench_cmp_sym_to_sym
354.95138,354.95346,0.002080000000034943,5765.892544395727,bench_cmp_sym_to_sym
355.15376,355.15586,0.002100000000041291,5837.687649886615,bench_cmp_sym_to_sym
355.35616,355.35824,0.002080000000034943,5793.982923601587,bench_cmp_sym_to_sym
355.55854,355.56064,0.0020999999999844476,5858.406184664917,bench_cmp_sym_to_sym
355.76092,355.76302,0.0020999999999844476,5824.225330680443,bench_cmp_sym_to_sym
355.9633,355.9654,0.0020999999999844476,5821.791291191903,bench_cmp_sym_to_sym
356.16568,356.16778,0.0020999999999844476,5808.184114242721,bench_cmp_sym_to_sym
356.36808,356.37016,0.0020799999999780994,5763.969130278107,bench_cmp_sym_to_sym
356.57046,356.57256,0.0020999999999844476,5840.811361509347,bench_cmp_sym_to_sym
356.77284,356.77494,0.002100000000041291,5865.352018858657,bench_cmp_sym_to_sym
356.97522,356.97732,0.002100000000041291,5852.957447178651,bench_cmp_sym_to_sym
357.17762,357.1797,0.002080000000034943,5748.387773154281,bench_cmp_sym_to_sym
357.38,357.3821,0.0020999999999844476,5797.216126193424,bench_cmp_sym_to_sym
357.58238,357.58446,0.0020799999999780994,5749.269754100708,bench_cmp_sym_to_sym
357.78476,357.78684,0.0020799999999780994,5772.240012823087,bench_cmp_sym_to_sym
357.98714,357.98922,0.0020799999999780994,5780.320733257307,bench_cmp_sym_to_sym
358.1895,358.1916,0.0020999999999844476,5858.335923358152,bench_cmp_sym_to_sym
358.39188,358.39398,0.0020999999999844476,5845.084511628287,bench_cmp_sym_to_sym
358.59426,358.59636,0.0020999999999844476,5808.29176581307,bench_cmp_sym_to_sym
358.79664,358.79872,0.0020799999999780994,5744.773582485985,bench_cmp_sym_to_sym
358.99902,359.0011,0.002080000000034943,5770.162041398641,bench_cmp_sym_to_sym
359.2014,359.20348,0.002080000000034943,5781.205375778013,bench_cmp_sym_to_sym
359.40378,359.40588,0.002100000000041291,5849.117275913921,bench_cmp_sym_to_sym
359.60616,359.60826,0.0020999999999844476,5843.656160831394,bench_cmp_sym_to_sym
359.80856,359.81064,0.0020799999999780994,5777.732145445098,bench_cmp_sym_to_sym
360.01094,360.01302,0.0020799999999780994,5744.947043652426,bench_cmp_sym_to_sym
360.2133,360.2154,0.0020999999999844476,5796.29424256454,bench_cmp_sym_to_sym
360.41568,360.41778,0.0020999999999844476,5794.264380778302,bench_cmp_sym_to_sym
360.61806,360.62016,0.0020999999999844476,5822.438336863587,bench_cmp_sym_to_sym
360.82044,360.82252,0.0020799999999780994,5792.7726441329305,bench_cmp_sym_to_sym
361.02282,361.0249,0.0020799999999780994,5791.004234853199,bench_cmp_sym_to_sym
361.2252,361.22728,0.002080000000034943,5772.847698634605,bench_cmp_sym_to_sym
361.42758,361.42968,0.002100000000041291,5805.672335088618,bench_cmp_sym_to_sym
361.62996,361.63204,0.002080000000034943,5736.403071887439,bench_cmp_sym_to_sym
361.83234,361.83444,0.0020999999999844476,5813.6970759012775,bench_cmp_sym_to_sym
362.03472,362.03682,0.0020999999999844476,5832.9665101650635,bench_cmp_sym_to_sym
362.2371,362.2392,0.0020999999999844476,5832.967283162815,bench_cmp_sym_to_sym
362.4395,362.44158,0.0020799999999780994,5793.420176426857,bench_cmp_sym_to_sym
362.64188,362.64398,0.0020999999999844476,5829.26783007362,bench_cmp_sym_to_sym
362.84426,362.84636,0.0020999999999844476,5816.386004396568,bench_cmp_sym_to_sym
363.04664,363.04874,0.0020999999999844476,5798.154435996083,bench_cmp_sym_to_sym
363.24902,363.25112,0.002100000000041291,5834.4267659195,bench_cmp_sym_to_sym
363.45142,363.4535,0.002080000000034943,5779.826776229699,bench_cmp_sym_to_sym
363.6538,363.6559,0.0020999999999844476,5852.975069971688,bench_cmp_sym_to_sym
363.85618,363.85828,0.0020999999999844476,5861.691757998699,bench_cmp_sym_to_sym
364.05856,364.06066,0.0020999999999844476,5841.3639873778175,bench_cmp_sym_to_sym
364.26096,364.26304,0.0020799999999780994,5748.532111694133,bench_cmp_sym_to_sym
364.46334,364.46542,0.0020799999999780994,5745.257805037154,bench_cmp_sym_to_sym
364.66572,364.6678,0.0020799999999780994,5745.272149730383,bench_cmp_sym_to_sym
364.8681,364.87018,0.0020799999999780994,5793.498216593476,bench_cmp_sym_to_sym
365.07048,365.07256,0.002080000000034943,5802.735753925111,bench_cmp_sym_to_sym
365.27286,365.27496,0.002100000000041291,5856.412917034535,bench_cmp_sym_to_sym
365.47524,365.47734,0.002100000000041291,5843.911699604437,bench_cmp_sym_to_sym
365.67764,365.67972,0.0020799999999780994,5753.781089967918,bench_cmp_sym_to_sym
365.88002,365.8821,0.0020799999999780994,5741.1237898614945,bench_cmp_sym_to_sym
366.08238,366.08448,0.0020999999999844476,5838.297340044647,bench_cmp_sym_to_sym
366.28476,366.28686,0.0020999999999844476,5844.955684105616,bench_cmp_sym_to_sym
366.48714,366.48924,0.0020999999999844476,5857.302201864996,bench_cmp_sym_to_sym
366.68952,366.69162,0.0020999999999844476,5846.794149789814,bench_cmp_sym_to_sym
366.8919,366.894,0.0020999999999844476,5823.045624370573,bench_cmp_sym_to_sym
367.09428,367.09638,0.0020999999999844476,5803.639704777073,bench_cmp_sym_to_sym
367.29666,367.29876,0.002100000000041291,5804.645968721684,bench_cmp_sym_to_sym
367.49904,367.50114,0.002100000000041291,5829.8711433327835,bench_cmp_sym_to_sym
367.70142,367.70352,0.002100000000041291,5845.9367487823165,bench_cmp_sym_to_sym
367.90382,367.9059,0.0020799999999780994,5783.940697957832,bench_cmp_sym_to_sym
368.1062,368.10828,0.0020799999999780994,5782.309973088828,bench_cmp_sym_to_sym
368.30858,368.31066,0.0020799999999780994,5763.214128030173,bench_cmp_sym_to_sym
368.51096,368.51304,0.0020799999999780994,5742.5936776469325,bench_cmp_sym_to_sym
368.71334,368.71544,0.0020999999999844476,5809.3412965038515,bench_cmp_sym_to_sym
368.91572,368.91782,0.0020999999999844476,5841.236379881109,bench_cmp_sym_to_sym
369.1181,369.1202,0.0020999999999844476,5832.6395856632225,bench_cmp_sym_to_sym
369.3205,369.32258,0.002080000000034943,5786.094751775759,bench_cmp_sym_to_sym
369.52288,369.52498,0.002100000000041291,5826.397689641637,bench_cmp_sym_to_sym
369.72526,369.72736,0.0020999999999844476,5797.760819510155,bench_cmp_sym_to_sym
369.92766,369.92974,0.0020799999999780994,5745.738181225457,bench_cmp_sym_to_sym
370.13004,370.13214,0.0020999999999844476,5809.400428507927,bench_cmp_sym_to_sym
370.33244,370.33452,0.0020799999999780994,5776.714980534254,bench_cmp_sym_to_sym
370.53482,370.53692,0.0020999999999844476,5841.141429208941,bench_cmp_sym_to_sym
370.73722,370.7393,0.002080000000034943,5784.733810095124,bench_cmp_sym_to_sym
370.9396,370.9417,0.002100000000041291,5828.5149770086555,bench_cmp_sym_to_sym
371.14198,371.14408,0.0020999999999844476,5819.648366850559,bench_cmp_sym_to_sym
371.34438,371.34646,0.0020799999999780994,5747.427388500246,bench_cmp_sym_to_sym
371.54676,371.54886,0.0020999999999844476,5814.45096987662,bench_cmp_sym_to_sym
371.74916,371.75124,0.0020799999999780994,5781.415810275176,bench_cmp_sym_to_sym
371.95154,371.95364,0.0020999999999844476,5851.572861376488,bench_cmp_sym_to_sym
372.15394,372.15602,0.002080000000034943,5793.093098430819,bench_cmp_sym_to_sym
372.35632,372.35842,0.002100000000041291,5834.504871280109,bench_cmp_sym_to_sym
372.55872,372.5608,0.0020799999999780994,5729.80939637887,bench_cmp_sym_to_sym
372.7611,372.7632,0.0020999999999844476,5798.760966818137,bench_cmp_sym_to_sym
372.9635,372.96558,0.0020799999999780994,5771.533287998016,bench_cmp_sym_to_sym
373.16588,373.16796,0.0020799999999780994,5829.000936288656,bench_cmp_abs_to_sym
373.36826,373.37034,0.0020799999999780994,5819.471715882452,bench_cmp_abs_to_sym
373.57062,373.5727,0.0020799999999780994,5825.1678384140005,bench_cmp_abs_to_sym
373.773,373.77508,0.0020799999999780994,5795.2027045393825,bench_cmp_abs_to_sym
373.97538,373.97744,0.0020600000000285945,5719.448654063582,bench_cmp_abs_to_sym
374.17774,374.17982,0.002080000000034943,5786.066989046959,bench_cmp_abs_to_sym
374.38012,374.38218,0.0020600000000285945,5760.905083821525,bench_cmp_abs_to_sym
374.58248,374.58456,0.002080000000034943,5823.899319034233,bench_cmp_abs_to_sym
374.78484,374.78692,0.002080000000034943,5823.627712770527,bench_cmp_abs_to_sym
374.9872,374.98928,0.002080000000034943,5828.762592386837,bench_cmp_abs_to_sym
375.18958,375.19164,0.0020600000000285945,5727.893484374115,bench_cmp_abs_to_sym
375.39194,375.39402,0.002080000000034943,5764.890753302283,bench_cmp_abs_to_sym
375.5943,375.59638,0.002080000000034943,5782.818226248767,bench_cmp_abs_to_sym
375.79668,375.79876,0.002080000000034943,5803.00049167747,bench_cmp_abs_to_sym
375.99904,376.00112,0.002080000000034943,5835.702307622865,bench_cmp_abs_to_sym
376.20142,376.20348,0.0020600000000285945,5765.866385854851,bench_cmp_abs_to_sym
376.40378,376.40586,0.002080000000034943,5809.313107849349,bench_cmp_abs_to_sym
376.60614,376.60822,0.002080000000034943,5779.881749869234,bench_cmp_abs_to_sym
376.8085,376.81058,0.002080000000034943,5766.988559730385,bench_cmp_abs_to_sym
377.01086,377.01294,0.002080000000034943,5798.668128075868,bench_cmp_abs_to_sym
377.21324,377.21532,0.002080000000034943,5811.569288008191,bench_cmp_abs_to_sym
377.4156,377.41768,0.002080000000034943,5825.957262521393,bench_cmp_abs_to_sym
377.61796,377.62004,0.002080000000034943,5818.9074649602635,bench_cmp_abs_to_sym
377.82032,377.8224,0.002080000000034943,5807.711719639709,bench_cmp_abs_to_sym
378.0227,378.02476,0.0020600000000285945,5715.091556858827,bench_cmp_abs_to_sym
378.22506,378.22714,0.002080000000034943,5769.427633008647,bench_cmp_abs_to_sym
378.42744,378.42952,0.002080000000034943,5799.881147788173,bench_cmp_abs_to_sym
378.6298,378.63188,0.002080000000034943,5809.556974662378,bench_cmp_abs_to_sym
378.83216,378.83424,0.002080000000034943,5835.252807110673,bench_cmp_abs_to_sym
379.03454,379.0366,0.0020600000000285945,5759.888547555382,bench_cmp_abs_to_sym
379.2369,379.23896,0.0020600000000285945,5751.80618333533,bench_cmp_abs_to_sym
379.43926,379.44134,0.002080000000034943,5778.14575993291,bench_cmp_abs_to_sym
379.64162,379.6437,0.002080000000034943,5782.5553301763,bench_cmp_abs_to_sym
379.844,379.84608,0.0020799999999780994,5809.511307106521,bench_cmp_abs_to_sym
380.04638,380.04846,0.0020799999999780994,5821.007264254364,bench_cmp_abs_to_sym
380.24876,380.25082,0.002059999999971751,5775.937291248821,bench_cmp_abs_to_sym
380.45112,380.4532,0.0020799999999780994,5821.485849967929,bench_cmp_abs_to_sym
380.6535,380.65558,0.0020799999999780994,5806.269098477873,bench_cmp_abs_to_sym
380.85586,380.85794,0.0020799999999780994,5767.3445785749755,bench_cmp_abs_to_sym
381.05824,381.06032,0.0020799999999780994,5774.9605038524005,bench_cmp_abs_to_sym
381.2606,381.26268,0.0020799999999780994,5813.526308565267,bench_cmp_abs_to_sym
381.46298,381.46504,0.002059999999971751,5760.891127779044,bench_cmp_abs_to_sym
381.66534,381.66742,0.0020799999999780994,5819.936457490879,bench_cmp_abs_to_sym
381.8677,381.86978,0.0020799999999780994,5810.39880395709,bench_cmp_abs_to_sym
382.07006,382.07214,0.0020799999999780994,5779.226613166066,bench_cmp_abs_to_sym
382.27244,382.2745,0.002059999999971751,5704.864119097134,bench_cmp_abs_to_sym
382.4748,382.47688,0.0020799999999780994,5782.986986385871,bench_cmp_abs_to_sym
382.67716,382.67924,0.0020799999999780994,5813.827221216353,bench_cmp_abs_to_sym
382.87952,382.8816,0.0020799999999780994,5817.204108397504,bench_cmp_abs_to_sym
383.08188,383.08396,0.0020799999999780994,5825.556062564818,bench_cmp_abs_to_sym
383.28424,383.28632,0.0020799999999780994,5814.2149145098065,bench_cmp_abs_to_sym
383.48662,383.4887,0.0020799999999780994,5780.379217982676,bench_cmp_abs_to_sym
383.68898,383.69106,0.0020799999999780994,5769.42145585242,bench_cmp_abs_to_sym
383.89134,383.89342,0.0020799999999780994,5799.069721187219,bench_cmp_abs_to_sym
384.09372,384.0958,0.0020799999999780994,5815.8271922040185,bench_cmp_abs_to_sym
384.29608,384.29816,0.0020799999999780994,5831.587675425744,bench_cmp_abs_to_sym
384.49844,384.50052,0.0020799999999780994,5832.542939975859,bench_cmp_abs_to_sym
384.7008,384.70288,0.0020799999999780994,5797.919374826904,bench_cmp_abs_to_sym
384.90316,384.90524,0.0020799999999780994,5783.1049151051475,bench_cmp_abs_to_sym
385.10554,385.1076,0.002059999999971751,5725.90360176605,bench_cmp_abs_to_sym
385.3079,385.30998,0.0020799999999780994,5816.100879971,bench_cmp_abs_to_sym
385.51026,385.51234,0.0020799999999780994,5827.478894429656,bench_cmp_abs_to_sym
385.71264,385.7147,0.002059999999971751,5755.75482790318,bench_cmp_abs_to_sym
385.915,385.91708,0.0020799999999780994,5815.273637351347,bench_cmp_abs_to_sym
386.11736,386.11944,0.0020799999999780994,5789.58401449806,bench_cmp_abs_to_sym
386.31972,386.3218,0.0020799999999780994,5786.812088848984,bench_cmp_abs_to_sym
386.5221,386.52418,0.0020799999999780994,5784.540297390835,bench_cmp_abs_to_sym
386.72448,386.72654,0.002059999999971751,5750.826664652059,bench_cmp_abs_to_sym
386.92684,386.92892,0.0020799999999780994,5808.385934145829,bench_cmp_abs_to_sym
387.1292,387.13128,0.0020799999999780994,5838.0426326041525,bench_cmp_abs_to_sym
387.33156,387.33364,0.0020799999999780994,5821.427656264861,bench_cmp_abs_to_sym
387.53394,387.53602,0.002080000000034943,5791.773651829716,bench_cmp_abs_to_sym
387.7363,387.73838,0.0020799999999780994,5770.383430571705,bench_cmp_abs_to_sym
387.93866,387.94074,0.0020799999999780994,5802.7957611948195,bench_cmp_abs_to_sym
388.14104,388.14312,0.002080000000034943,5809.245843073353,bench_cmp_abs_to_sym
388.3434,388.34548,0.002080000000034943,5817.9211384692535,bench_cmp_abs_to_sym
388.54578,388.54784,0.0020600000000285945,5765.896402386522,bench_cmp_abs_to_sym
388.74814,388.75022,0.002080000000034943,5804.381498704844,bench_cmp_abs_to_sym
388.95052,388.95258,0.0020600000000285945,5715.545145875836,bench_cmp_abs_to_sym
389.15288,389.15496,0.002080000000034943,5791.138704035202,bench_cmp_abs_to_sym
389.35526,389.35732,0.0020600000000285945,5739.748766724442,bench_cmp_abs_to_sym
389.55762,389.5597,0.002080000000034943,5804.971975840217,bench_cmp_abs_to_sym
389.76,389.76208,0.002080000000034943,5816.784286973457,bench_cmp_abs_to_sym
389.96236,389.96444,0.002080000000034943,5808.520750246083,bench_cmp_abs_to_sym
390.16474,390.16682,0.0020799999999780994,5786.403953042865,bench_cmp_abs_to_sym
390.3671,390.36918,0.0020799999999780994,5770.892307570471,bench_cmp_abs_to_sym
390.56948,390.57156,0.0020799999999780994,5761.810631898528,bench_cmp_abs_to_sym
390.77184,390.77392,0.0020799999999780994,5804.936378201687,bench_cmp_abs_to_sym
390.97422,390.97628,0.002059999999971751,5752.209674023176,bench_cmp_abs_to_sym
391.17658,391.17866,0.0020799999999780994,5831.2509767146275,bench_cmp_abs_to_sym
391.37894,391.38102,0.0020799999999780994,5812.0332680976135,bench_cmp_abs_to_sym
391.58132,391.5834,0.0020799999999780994,5797.733419974804,bench_cmp_abs_to_sym
391.7837,391.78578,0.0020799999999780994,5781.12839481724,bench_cmp_abs_to_sym
391.98606,391.98814,0.0020799999999780994,5782.484339955586,bench_cmp_abs_to_sym
392.18844,392.19052,0.0020799999999780994,5813.706710401105,bench_cmp_abs_to_sym
392.39082,392.39288,0.002059999999971751,5758.865952875543,bench_cmp_abs_to_sym
392.59318,392.59526,0.0020799999999780994,5819.229928243564,bench_cmp_abs_to_sym
392.79556,392.79762,0.002059999999971751,5751.109807664678,bench_cmp_abs_to_sym
392.99792,393.0,0.0020799999999780994,5791.3252594224,bench_cmp_abs_to_sym
393.20028,393.20236,0.0020799999999780994,5773.624915100222,bench_cmp_abs_to_sym
393.40266,393.40416,0.0014999999999645297,4617.451168483582,bench_cmp_ind_to_sym
393.60446,393.60596,0.0014999999999645297,4641.655012855193,bench_cmp_ind_to_sym
393.80624,393.80776,0.001519999999970878,4709.726688360286,bench_cmp_ind_to_sym
394.00804,394.00954,0.0015000000000213731,4659.665532008726,bench_cmp_ind_to_sym
394.20984,394.21134,0.0015000000000213731,4642.568139888222,bench_cmp_ind_to_sym
394.41162,394.41314,0.001519999999970878,4699.186158742957,bench_cmp_ind_to_sym
394.61342,394.61492,0.0014999999999645297,4620.619807284596,bench_cmp_ind_to_sym
394.81522,394.81672,0.0014999999999645297,4610.974856076044,bench_cmp_ind_to_sym
395.017,395.01852,0.0015200000000277214,4677.441634788197,bench_cmp_ind_to_sym
395.2188,395.22032,0.0015200000000277214,4692.444524348469,bench_cmp_ind_to_sym
395.4206,395.4221,0.0015000000000213731,4638.355858690802,bench_cmp_ind_to_sym
395.6224,395.6239,0.0014999999999645297,4652.744852828403,bench_cmp_ind_to_sym
395.8242,395.8257,0.0014999999999645297,4649.689502438324,bench_cmp_ind_to_sym
396.026,396.0275,0.0014999999999645297,4643.418178783807,bench_cmp_ind_to_sym
396.2278,396.2293,0.0015000000000213731,4630.977048139356,bench_cmp_ind_to_sym
396.4296,396.4311,0.0015000000000213731,4627.141561422757,bench_cmp_ind_to_sym
396.63138,396.63288,0.0015000000000213731,4609.659158224142,bench_cmp_ind_to_sym
396.83318,396.83468,0.0014999999999645297,4612.195964331142,bench_cmp_ind_to_sym
397.03498,397.03648,0.0014999999999645297,4621.393487211967,bench_cmp_ind_to_sym
397.23676,397.23828,0.001519999999970878,4678.280912248272,bench_cmp_ind_to_sym
397.43856,397.44006,0.0015000000000213731,4637.072682447663,bench_cmp_ind_to_sym
397.64036,397.64186,0.0015000000000213731,4654.356902533954,bench_cmp_ind_to_sym
397.84214,397.84364,0.0015000000000213731,4637.975480941298,bench_cmp_ind_to_sym
398.04394,398.04544,0.0014999999999645297,4624.383596130445,bench_cmp_ind_to_sym
398.24574,398.24724,0.0014999999999645297,4622.417080575473,bench_cmp_ind_to_sym
398.44752,398.44904,0.0015200000000277214,4668.538612398617,bench_cmp_ind_to_sym
398.64932,398.65084,0.0015200000000277214,4663.386892148573,bench_cmp_ind_to_sym
398.85112,398.85262,0.0015000000000213731,4618.581857131003,bench_cmp_ind_to_sym
399.05292,399.05442,0.0015000000000213731,4630.195181881398,bench_cmp_ind_to_sym
399.25472,399.25622,0.0014999999999645297,4634.385995922044,bench_cmp_ind_to_sym
399.4565,399.45802,0.001519999999970878,4704.955506514356,bench_cmp_ind_to_sym
399.6583,399.65982,0.0015200000000277214,4714.840084862355,bench_cmp_ind_to_sym
399.8601,399.8616,0.0015000000000213731,4628.593793668418,bench_cmp_ind_to_sym
400.0619,400.0634,0.0015000000000213731,4608.222404558096,bench_cmp_ind_to_sym
400.2637,400.2652,0.0015000000000213731,4606.631093258638,bench_cmp_ind_to_sym
400.4655,400.467,0.0014999999999645297,4611.077546031994,bench_cmp_ind_to_sym
400.6673,400.6688,0.0014999999999645297,4627.819177586889,bench_cmp_ind_to_sym
400.86908,400.8706,0.0015200000000277214,4699.782964391022,bench_cmp_ind_to_sym
401.07088,401.07238,0.0015000000000213731,4649.821706182137,bench_cmp_ind_to_sym
401.27266,401.27416,0.0015000000000213731,4633.386621780062,bench_cmp_ind_to_sym
401.47446,401.47596,0.0014999999999645297,4650.6389415676995,bench_cmp_ind_to_sym
401.67626,401.67776,0.0014999999999645297,4636.645058524869,bench_cmp_ind_to_sym
401.87804,401.87956,0.0015200000000277214,4681.564990983962,bench_cmp_ind_to_sym
402.07984,402.08134,0.0015000000000213731,4613.977242324577,bench_cmp_ind_to_sym
402.28164,402.28314,0.0015000000000213731,4611.397886248727,bench_cmp_ind_to_sym
402.48342,402.48494,0.001519999999970878,4695.152165280436,bench_cmp_ind_to_sym
402.68522,402.68674,0.001519999999970878,4694.7924861725905,bench_cmp_ind_to_sym
402.88702,402.88852,0.0015000000000213731,4632.8979801133255,bench_cmp_ind_to_sym
403.08882,403.09032,0.0015000000000213731,4645.463209664099,bench_cmp_ind_to_sym
403.29062,403.29212,0.0015000000000213731,4650.795289844267,bench_cmp_ind_to_sym
403.4924,403.49392,0.0015200000000277214,4702.86094359456,bench_cmp_ind_to_sym
403.6942,403.69572,0.001519999999970878,4673.914010544653,bench_cmp_ind_to_sym
403.89602,403.89752,0.0014999999999645297,4604.654253817116,bench_cmp_ind_to_sym
404.0978,404.09932,0.001519999999970878,4667.394249610778,bench_cmp_ind_to_sym
404.2996,404.3011,0.0015000000000213731,4622.995774326241,bench_cmp_ind_to_sym
404.5014,404.5029,0.0015000000000213731,4640.982821648439,bench_cmp_ind_to_sym
404.7032,404.7047,0.0015000000000213731,4631.465533811395,bench_cmp_ind_to_sym
404.90498,404.9065,0.001519999999970878,4701.74026899287,bench_cmp_ind_to_sym
405.10678,405.10828,0.0014999999999645297,4638.39277148598,bench_cmp_ind_to_sym
405.30858,405.31008,0.0015000000000213731,4623.319953747352,bench_cmp_ind_to_sym
405.51038,405.51188,0.0015000000000213731,4619.547929680313,bench_cmp_ind_to_sym
405.71218,405.71368,0.0015000000000213731,4615.956055996971,bench_cmp_ind_to_sym
405.91398,405.91548,0.0015000000000213731,4607.335173124823,bench_cmp_ind_to_sym
406.11578,406.11728,0.0015000000000213731,4623.307308716237,bench_cmp_ind_to_sym
406.31758,406.31908,0.0014999999999645297,4630.6979655135565,bench_cmp_ind_to_sym
406.51938,406.52088,0.0014999999999645297,4641.585049577152,bench_cmp_ind_to_sym
406.72118,406.72268,0.0015000000000213731,4645.664719927723,bench_cmp_ind_to_sym
406.92296,406.92446,0.0015000000000213731,4654.227516212415,bench_cmp_ind_to_sym
407.12476,407.12626,0.0015000000000213731,4621.7408660569945,bench_cmp_ind_to_sym
407.32656,407.32806,0.0015000000000213731,4612.3431414084325,bench_cmp_ind_to_sym
407.52836,407.52986,0.0014999999999645297,4612.952214557241,bench_cmp_ind_to_sym
407.73016,407.73168,0.001519999999970878,4674.224827814986,bench_cmp_ind_to_sym
407.93198,407.93348,0.0014999999999645297,4643.857492953386,bench_cmp_ind_to_sym
408.13378,408.13528,0.0015000000000213731,4644.240080444858,bench_cmp_ind_to_sym
408.33558,408.33708,0.0015000000000213731,4636.209749216223,bench_cmp_ind_to_sym
408.53738,408.53888,0.0015000000000213731,4629.5594587627575,bench_cmp_ind_to_sym
408.73916,408.74068,0.001519999999970878,4694.35397293591,bench_cmp_ind_to_sym
408.94096,408.94246,0.0014999999999645297,4636.343733763446,bench_cmp_ind_to_sym
409.14276,409.14426,0.0014999999999645297,4619.015448153248,bench_cmp_ind_to_sym
409.34454,409.34604,0.0015000000000213731,4604.140869408149,bench_cmp_ind_to_sym
409.54634,409.54784,0.0015000000000213731,4609.151778343031,bench_cmp_ind_to_sym
409.74814,409.74964,0.0015000000000213731,4626.658081609102,bench_cmp_ind_to_sym
409.94992,409.95142,0.0014999999999645297,4632.8776817601465,bench_cmp_ind_to_sym
410.1517,410.15322,0.001519999999970878,4723.4675915915195,bench_cmp_ind_to_sym
410.3535,410.355,0.0015000000000213731,4650.939281628362,bench_cmp_ind_to_sym
410.5553,410.5568,0.0015000000000213731,4629.943175309794,bench_cmp_ind_to_sym
410.75708,410.75858,0.0015000000000213731,4620.3048970260925,bench_cmp_ind_to_sym
410.95886,410.96038,0.001519999999970878,4668.44129832716,bench_cmp_ind_to_sym
411.16066,411.16216,0.0014999999999645297,4590.858805351058,bench_cmp_ind_to_sym
411.36244,411.36394,0.0015000000000213731,4617.721922763337,bench_cmp_ind_to_sym
411.56422,411.56574,0.0015200000000277214,4688.02585275579,bench_cmp_ind_to_sym
411.76602,411.76752,0.0014999999999645297,4640.74225386656,bench_cmp_ind_to_sym
411.9678,411.9693,0.0014999999999645297,4664.494239148082,bench_cmp_ind_to_sym
412.16958,412.1711,0.0015200000000277214,4717.092418661331,bench_cmp_ind_to_sym
412.37138,412.37288,0.0015000000000213731,4636.343808445773,bench_cmp_ind_to_sym
412.57316,412.57466,0.0015000000000213731,4626.0518022556425,bench_cmp_ind_to_sym
412.77494,412.77644,0.0014999999999645297,4615.408002757058,bench_cmp_ind_to_sym
412.97674,412.97824,0.0015000000000213731,4600.929627257683,bench_cmp_ind_to_sym
413.17852,413.18002,0.0015000000000213731,4621.2423290801025,bench_cmp_ind_to_sym
413.38032,413.38182,0.0015000000000213731,4633.187044013079,bench_cmp_ind_to_sym
413.5821,413.5836,0.0014999999999645297,4700.849125984544,bench_cmp_aut_to_sym
413.7839,413.7854,0.0014999999999645297,4702.844924647976,bench_cmp_aut_to_sym
413.98568,413.98718,0.0015000000000213731,4685.281508204422,bench_cmp_aut_to_sym
414.18746,414.18898,0.0015200000000277214,4758.6525302322325,bench_cmp_aut_to_sym
414.38926,414.39076,0.0015000000000213731,4676.977475243263,bench_cmp_aut_to_sym
414.59106,414.59256,0.0014999999999645297,4665.871444049223,bench_cmp_aut_to_sym
414.79284,414.79434,0.0014999999999645297,4665.698758213655,bench_cmp_aut_to_sym
414.99464,414.99614,0.0015000000000213731,4681.629061299509,bench_cmp_aut_to_sym
415.19642,415.19794,0.0015200000000277214,4739.917724011838,bench_cmp_aut_to_sym
415.39822,415.39972,0.0015000000000213731,4694.279781610028,bench_cmp_aut_to_sym
415.6,415.60152,0.001519999999970878,4763.167528345529,bench_cmp_aut_to_sym
415.8018,415.8033,0.0014999999999645297,4691.387095842776,bench_cmp_aut_to_sym
416.0036,416.0051,0.0015000000000213731,4698.730378941741,bench_cmp_aut_to_sym
416.20538,416.20688,0.0015000000000213731,4682.223124030777,bench_cmp_aut_to_sym
416.40718,416.40868,0.0015000000000213731,4660.2423606178,bench_cmp_aut_to_sym
416.60896,416.61048,0.001519999999970878,4730.779575095296,bench_cmp_aut_to_sym
416.81076,416.81226,0.0014999999999645297,4665.991701074693,bench_cmp_aut_to_sym
417.01254,417.01406,0.001519999999970878,4750.434122888537,bench_cmp_aut_to_sym
417.21434,417.21584,0.0015000000000213731,4701.086047640308,bench_cmp_aut_to_sym
417.41614,417.41764,0.0015000000000213731,4692.89698644798,bench_cmp_aut_to_sym
417.61794,417.61944,0.0015000000000213731,4707.394884965285,bench_cmp_aut_to_sym
417.81972,417.82124,0.001519999999970878,4765.113070519013,bench_cmp_aut_to_sym
418.02154,418.02304,0.0014999999999645297,4681.627040153558,bench_cmp_aut_to_sym
418.22334,418.22484,0.0014999999999645297,4662.396202221185,bench_cmp_aut_to_sym
418.42514,418.42664,0.0015000000000213731,4664.165934145244,bench_cmp_aut_to_sym
418.62694,418.62844,0.0015000000000213731,4675.107239810579,bench_cmp_aut_to_sym
418.82874,418.83024,0.0015000000000213731,4680.466067579037,bench_cmp_aut_to_sym
419.03054,419.03204,0.0015000000000213731,4681.582194817472,bench_cmp_aut_to_sym
419.23234,419.23384,0.0014999999999645297,4690.53384603931,bench_cmp_aut_to_sym
419.43412,419.43562,0.0014999999999645297,4696.549686958474,bench_cmp_aut_to_sym
419.63592,419.63742,0.0015000000000213731,4695.870073112925,bench_cmp_aut_to_sym
419.83772,419.83922,0.0015000000000213731,4666.591489287304,bench_cmp_aut_to_sym
420.03952,420.04102,0.0015000000000213731,4667.475882520826,bench_cmp_aut_to_sym
420.2413,420.24282,0.001519999999970878,4728.818191125654,bench_cmp_aut_to_sym
420.4431,420.4446,0.0014999999999645297,4660.967578999279,bench_cmp_aut_to_sym
420.6449,420.6464,0.0015000000000213731,4693.087502448406,bench_cmp_aut_to_sym
420.84668,420.84818,0.0015000000000213731,4693.050887500859,bench_cmp_aut_to_sym
421.04846,421.04998,0.0015200000000277214,4761.464840355616,bench_cmp_aut_to_sym
421.25026,421.25176,0.0014999999999645297,4697.507459095795,bench_cmp_aut_to_sym
421.45204,421.45354,0.0014999999999645297,4702.406278699697,bench_cmp_aut_to_sym
421.65382,421.65532,0.0015000000000213731,4687.948122220114,bench_cmp_aut_to_sym
421.85562,421.85712,0.0015000000000213731,4664.691016140513,bench_cmp_aut_to_sym
422.05742,422.05892,0.0015000000000213731,4662.529027623769,bench_cmp_aut_to_sym
422.2592,422.2607,0.0014999999999645297,4670.601084254397,bench_cmp_aut_to_sym
422.461,422.4625,0.0014999999999645297,4686.3827224681445,bench_cmp_aut_to_sym
422.66278,422.66428,0.0015000000000213731,4689.15371464023,bench_cmp_aut_to_sym
422.86458,422.86608,0.0015000000000213731,4708.73628749303,bench_cmp_aut_to_sym
423.06638,423.06788,0.0015000000000213731,4688.630609372277,bench_cmp_aut_to_sym
423.26816,423.26966,0.0014999999999645297,4703.086565602142,bench_cmp_aut_to_sym
423.46994,423.47146,0.001519999999970878,4735.243231900057,bench_cmp_aut_to_sym
423.67174,423.67324,0.0015000000000213731,4661.314657490148,bench_cmp_aut_to_sym
423.87352,423.87502,0.0015000000000213731,4658.457583348408,bench_cmp_aut_to_sym
424.07532,424.07682,0.0015000000000213731,4670.304555978291,bench_cmp_aut_to_sym
424.2771,424.2786,0.0014999999999645297,4681.268150343323,bench_cmp_aut_to_sym
424.4789,424.4804,0.0014999999999645297,4688.134130442977,bench_cmp_aut_to_sym
424.68068,424.68218,0.0015000000000213731,4696.033094141124,bench_cmp_aut_to_sym
424.88248,424.88398,0.0015000000000213731,4696.010525871511,bench_cmp_aut_to_sym
425.08428,425.08578,0.0015000000000213731,4681.250723145121,bench_cmp_aut_to_sym
425.28608,425.28758,0.0014999999999645297,4677.308818682699,bench_cmp_aut_to_sym
425.48786,425.48936,0.0014999999999645297,4655.274178257877,bench_cmp_aut_to_sym
425.68966,425.69116,0.0015000000000213731,4670.367534338433,bench_cmp_aut_to_sym
425.89146,425.89296,0.0015000000000213731,4666.858227058748,bench_cmp_aut_to_sym
426.09324,426.09476,0.0015200000000277214,4756.54196235453,bench_cmp_aut_to_sym
426.29504,426.29656,0.0015200000000277214,4745.515226471605,bench_cmp_aut_to_sym
426.49684,426.49836,0.001519999999970878,4761.998953673192,bench_cmp_aut_to_sym
426.69866,426.70016,0.0014999999999645297,4701.378592180604,bench_cmp_aut_to_sym
426.90044,426.90194,0.0015000000000213731,4701.769594169897,bench_cmp_aut_to_sym
427.10224,427.10374,0.0015000000000213731,4686.441936127927,bench_cmp_aut_to_sym
427.30402,427.30554,0.0015200000000277214,4721.6563789100965,bench_cmp_aut_to_sym
427.50582,427.50732,0.0014999999999645297,4667.391935252077,bench_cmp_aut_to_sym
427.70762,427.70914,0.001519999999970878,4727.965388354233,bench_cmp_aut_to_sym
427.90942,427.91094,0.001519999999970878,4764.351765539288,bench_cmp_aut_to_sym
428.11122,428.11272,0.0015000000000213731,4694.3919384582,bench_cmp_aut_to_sym
428.31302,428.31452,0.0015000000000213731,4704.821005065619,bench_cmp_aut_to_sym
428.51482,428.51632,0.0015000000000213731,4696.120682703129,bench_cmp_aut_to_sym
428.7166,428.7181,0.0014999999999645297,4715.350416840781,bench_cmp_aut_to_sym
428.91838,428.91988,0.0014999999999645297,4685.546064173544,bench_cmp_aut_to_sym
429.12018,429.12168,0.0015000000000213731,4680.493976987413,bench_cmp_aut_to_sym
429.32196,429.32346,0.0015000000000213731,4673.052607169056,bench_cmp_aut_to_sym
429.52374,429.52526,0.0015200000000277214,4730.082568795787,bench_cmp_aut_to_sym
429.72554,429.72704,0.0014999999999645297,4692.527931074927,bench_cmp_aut_to_sym
429.92732,429.92882,0.0014999999999645297,4690.2234199289305,bench_cmp_aut_to_sym
430.12912,430.13062,0.0015000000000213731,4703.769870172184,bench_cmp_aut_to_sym
430.33092,430.33242,0.0015000000000213731,4697.554074294775,bench_cmp_aut_to_sym
430.5327,430.5342,0.0015000000000213731,4693.585380513573,bench_cmp_aut_to_sym
430.7345,430.736,0.0014999999999645297,4692.059941479592,bench_cmp_aut_to_sym
430.93628,430.93778,0.0014999999999645297,4679.935262425132,bench_cmp_aut_to_sym
431.13806,431.13956,0.0015000000000213731,4665.779126874507,bench_cmp_aut_to_sym
431.33984,431.34134,0.0015000000000213731,4668.422937460071,bench_cmp_aut_to_sym
431.54164,431.54314,0.0015000000000213731,4683.4484395305835,bench_cmp_aut_to_sym
431.74342,431.74494,0.001519999999970878,4750.05782665629,bench_cmp_aut_to_sym
431.94522,431.94672,0.0015000000000213731,4709.864165700274,bench_cmp_aut_to_sym
432.14702,432.14852,0.0015000000000213731,4702.941435455349,bench_cmp_aut_to_sym
432.3488,432.35032,0.0015200000000277214,4753.907462667707,bench_cmp_aut_to_sym
432.5506,432.5521,0.0015000000000213731,4683.589341650251,bench_cmp_aut_to_sym
432.7524,432.7539,0.0014999999999645297,4666.891996638005,bench_cmp_aut_to_sym
432.9542,432.9557,0.0014999999999645297,4671.454087256777,bench_cmp_aut_to_sym
433.15598,433.1575,0.0015200000000277214,4732.830019290552,bench_cmp_aut_to_sym
433.35778,433.35928,0.0015000000000213731,4685.26586664207,bench_cmp_aut_to_sym
433.55958,433.56108,0.0015000000000213731,4685.945245504548,bench_cmp_aut_to_sym
433.76136,433.76274,0.0013799999999832835,3868.4210366926754,bench_cmp_reg_to_abs
433.96304,433.96442,0.001380000000040127,3879.488238715467,bench_cmp_reg_to_abs
434.1647,434.16608,0.001380000000040127,3873.6648532809804,bench_cmp_reg_to_abs
434.36636,434.36774,0.001380000000040127,3872.328321565529,bench_cmp_reg_to_abs
434.56802,434.5694,0.0013799999999832835,3846.896181305822,bench_cmp_reg_to_abs
434.76968,434.77106,0.0013799999999832835,3845.5545529277106,bench_cmp_reg_to_abs
434.97134,434.97272,0.0013799999999832835,3846.580889031015,bench_cmp_reg_to_abs
435.17302,435.1744,0.0013799999999832835,3849.238252684002,bench_cmp_reg_to_abs
435.37468,435.37606,0.0013799999999832835,3873.366278080625,bench_cmp_reg_to_abs
435.57636,435.57774,0.0013799999999832835,3873.592032993687,bench_cmp_reg_to_abs
435.77804,435.77942,0.001380000000040127,3864.5661274207923,bench_cmp_reg_to_abs
435.9797,435.98108,0.001380000000040127,3879.7632745718465,bench_cmp_reg_to_abs
436.18138,436.18276,0.0013799999999832835,3863.9263133094064,bench_cmp_reg_to_abs
436.38304,436.38442,0.0013799999999832835,3871.340241702352,bench_cmp_reg_to_abs
436.5847,436.58608,0.0013799999999832835,3854.165666226981,bench_cmp_reg_to_abs
436.78638,436.78776,0.0013799999999832835,3857.31321289299,bench_cmp_reg_to_abs
436.98804,436.98942,0.0013799999999832835,3851.5876652184006,bench_cmp_reg_to_abs
437.1897,437.19108,0.0013799999999832835,3845.1110477997217,bench_cmp_reg_to_abs
437.39138,437.39276,0.0013799999999832835,3872.959650996735,bench_cmp_reg_to_abs
437.59304,437.59442,0.001380000000040127,3879.978454322396,bench_cmp_reg_to_abs
437.79472,437.7961,0.001380000000040127,3868.910097634397,bench_cmp_reg_to_abs
437.99638,437.99776,0.001380000000040127,3879.0373295791314,bench_cmp_reg_to_abs
438.19804,438.19942,0.0013799999999832835,3870.8345731251343,bench_cmp_reg_to_abs
438.3997,438.40108,0.0013799999999832835,3868.937245529382,bench_cmp_reg_to_abs
438.60138,438.60276,0.0013799999999832835,3838.521498208532,bench_cmp_reg_to_abs
438.80304,438.80442,0.0013799999999832835,3838.8717872518914,bench_cmp_reg_to_abs
439.00472,439.0061,0.0013799999999832835,3839.5265046936256,bench_cmp_reg_to_abs
439.20638,439.20776,0.0013799999999832835,3845.4838655346225,bench_cmp_reg_to_abs
439.40804,439.40942,0.0013799999999832835,3860.9801977310563,bench_cmp_reg_to_abs
439.6097,439.61108,0.001380000000040127,3875.251605758609,bench_cmp_reg_to_abs
439.81138,439.81276,0.001380000000040127,3895.4589563639524,bench_cmp_reg_to_abs
440.01304,440.01442,0.0013799999999832835,3893.634790978674,bench_cmp_reg_to_abs
440.21472,440.2161,0.0013799999999832835,3852.5074463818305,bench_cmp_reg_to_abs
440.41638,440.41776,0.0013799999999832835,3857.430445452635,bench_cmp_reg_to_abs
440.61806,440.61944,0.0013799999999832835,3851.2490153748445,bench_cmp_reg_to_abs
440.81972,440.8211,0.0013799999999832835,3853.784059120179,bench_cmp_reg_to_abs
441.0214,441.02278,0.0013799999999832835,3863.6122946073306,bench_cmp_reg_to_abs
441.22306,441.22444,0.001380000000040127,3859.834226427993,bench_cmp_reg_to_abs
441.42472,441.4261,0.001380000000040127,3871.966600535209,bench_cmp_reg_to_abs
441.6264,441.62778,0.0013799999999832835,3876.0190177271875,bench_cmp_reg_to_abs
441.82806,441.82944,0.0013799999999832835,3878.627363549742,bench_cmp_reg_to_abs
442.02972,442.0311,0.0013799999999832835,3874.7397646773443,bench_cmp_reg_to_abs
442.2314,442.23278,0.0013799999999832835,3872.4007876113883,bench_cmp_reg_to_abs
442.43306,442.43444,0.0013799999999832835,3863.0966073339887,bench_cmp_reg_to_abs
442.63472,442.6361,0.0013799999999832835,3852.965605860128,bench_cmp_reg_to_abs
442.83638,442.83776,0.0013799999999832835,3842.017655211282,bench_cmp_reg_to_abs
443.03804,443.03942,0.0013799999999832835,3846.1311789565075,bench_cmp_reg_to_abs
443.2397,443.24108,0.0013799999999832835,3856.8745832330715,bench_cmp_reg_to_abs
443.44138,443.44276,0.001380000000040127,3873.2634625651554,bench_cmp_reg_to_abs
443.64304,443.64442,0.001380000000040127,3879.768909071367,bench_cmp_reg_to_abs
443.8447,443.84608,0.0013799999999832835,3871.4317092238307,bench_cmp_reg_to_abs
444.04638,444.04776,0.0013799999999832835,3865.069320844725,bench_cmp_reg_to_abs
444.24806,444.24942,0.0013599999999769352,3794.2100478602492,bench_cmp_reg_to_abs
444.44972,444.4511,0.0013799999999832835,3842.8633519883206,bench_cmp_reg_to_abs
444.65138,444.65276,0.0013799999999832835,3852.169478724817,bench_cmp_reg_to_abs
444.85304,444.85442,0.0013799999999832835,3853.2192119784763,bench_cmp_reg_to_abs
445.05472,445.0561,0.001380000000040127,3860.9101368362826,bench_cmp_reg_to_abs
445.25638,445.25776,0.001380000000040127,3848.7889432570346,bench_cmp_reg_to_abs
445.45804,445.45942,0.001380000000040127,3875.3313688788394,bench_cmp_reg_to_abs
445.6597,445.66108,0.001380000000040127,3887.2452384088515,bench_cmp_reg_to_abs
445.86138,445.86276,0.0013799999999832835,3870.1767427417885,bench_cmp_reg_to_abs
446.06304,446.06442,0.0013799999999832835,3862.2389710052516,bench_cmp_reg_to_abs
446.2647,446.26608,0.0013799999999832835,3855.6926161523224,bench_cmp_reg_to_abs
446.46636,446.46774,0.0013799999999832835,3852.597172325754,bench_cmp_reg_to_abs
446.66804,446.66942,0.0013799999999832835,3832.899632348242,bench_cmp_reg_to_abs
446.8697,446.87108,0.0013799999999832835,3843.5594131619027,bench_cmp_reg_to_abs
447.07136,447.07274,0.0013799999999832835,3860.4306615348237,bench_cmp_reg_to_abs
447.27302,447.2744,0.001380000000040127,3870.790740590975,bench_cmp_reg_to_abs
447.4747,447.47608,0.001380000000040127,3856.895968901187,bench_cmp_reg_to_abs
447.67636,447.67774,0.0013799999999832835,3876.206173983223,bench_cmp_reg_to_abs
447.87804,447.87942,0.0013799999999832835,3866.130157796292,bench_cmp_reg_to_abs
448.0797,448.08108,0.0013799999999832835,3867.204119406013,bench_cmp_reg_to_abs
448.28136,448.28274,0.0013799999999832835,3854.8614200696,bench_cmp_reg_to_abs
448.48304,448.48442,0.0013799999999832835,3853.3586495978298,bench_cmp_reg_to_abs
448.6847,448.68608,0.0013799999999832835,3835.155265352044,bench_cmp_reg_to_abs
448.88638,448.88776,0.001380000000040127,3845.12538800635,bench_cmp_reg_to_abs
449.08804,449.08942,0.001380000000040127,3853.8809377917337,bench_cmp_reg_to_abs
449.28972,449.2911,0.0013799999999832835,3872.826697727876,bench_cmp_reg_to_abs
449.49138,449.49276,0.0013799999999832835,3870.7215594596414,bench_cmp_reg_to_abs
449.69304,449.69442,0.0013799999999832835,3862.302740992978,bench_cmp_reg_to_abs
449.89472,449.8961,0.0013799999999832835,3857.3603773956647,bench_cmp_reg_to_abs
450.09638,450.09776,0.0013799999999832835,3852.258801876729,bench_cmp_reg_to_abs
450.29804,450.29942,0.0013799999999832835,3865.618512449445,bench_cmp_reg_to_abs
450.4997,450.50108,0.0013799999999832835,3842.0568848452963,bench_cmp_reg_to_abs
450.70138,450.70276,0.001380000000040127,3836.3969676426386,bench_cmp_reg_to_abs
450.90304,450.90442,0.001380000000040127,3849.5471073553913,bench_cmp_reg_to_abs
451.10472,451.1061,0.001380000000040127,3853.7311694801692,bench_cmp_reg_to_abs
451.30638,451.30776,0.0013799999999832835,3870.5121888361023,bench_cmp_reg_to_abs
451.50806,451.50944,0.0013799999999832835,3870.598701715648,bench_cmp_reg_to_abs
451.70972,451.7111,0.0013799999999832835,3878.0232215751594,bench_cmp_reg_to_abs
451.9114,451.91278,0.0013799999999832835,3870.082127347168,bench_cmp_reg_to_abs
452.11306,452.11444,0.0013799999999832835,3875.839719496728,bench_cmp_reg_to_abs
452.31472,452.3161,0.0013799999999832835,3855.917442067525,bench_cmp_reg_to_abs
452.5164,452.51778,0.001380000000040127,3856.161981937883,bench_cmp_reg_to_abs
452.71806,452.71944,0.001380000000040127,3833.7715041126744,bench_cmp_reg_to_abs
452.91972,452.9211,0.001380000000040127,3859.463743981294,bench_cmp_reg_to_abs
453.1214,453.12278,0.0013799999999832835,3854.5604142832817,bench_cmp_reg_to_abs
453.32306,453.32444,0.0013799999999832835,3866.699552118283,bench_cmp_reg_to_abs
453.52472,453.5261,0.0013799999999832835,3875.9739417129877,bench_cmp_reg_to_abs
453.7264,453.72778,0.0013799999999832835,3873.882668511502,bench_cmp_reg_to_abs
453.92808,453.93004,0.001959999999996853,5445.3398310427865,bench_cmp_imm_to_abs
454.13032,454.1323,0.0019800000000032014,5483.251553977299,bench_cmp_imm_to_abs
454.3326,454.33456,0.001959999999996853,5403.2824723889435,bench_cmp_imm_to_abs
454.53486,454.53682,0.001959999999996853,5385.949411427283,bench_cmp_imm_to_abs
454.73712,454.73908,0.001959999999996853,5401.726400004792,bench_cmp_imm_to_abs
454.93936,454.94134,0.0019800000000032014,5480.8050743311105,bench_cmp_imm_to_abs
455.14162,455.1436,0.0019800000000032014,5488.009105916601,bench_cmp_imm_to_abs
455.34388,455.34586,0.0019800000000032014,5482.258293783508,bench_cmp_imm_to_abs
455.54614,455.54812,0.0019800000000032014,5487.007745556245,bench_cmp_imm_to_abs
455.7484,455.75038,0.0019800000000032014,5467.768448879059,bench_cmp_imm_to_abs
455.95066,455.95264,0.001979999999946358,5432.788715537355,bench_cmp_imm_to_abs
456.15292,456.1549,0.0019800000000032014,5458.492904447213,bench_cmp_imm_to_abs
456.35518,456.35714,0.001959999999996853,5416.034900102082,bench_cmp_imm_to_abs
456.55744,456.55942,0.0019800000000032014,5481.889992968211,bench_cmp_imm_to_abs
456.7597,456.76168,0.0019800000000032014,5506.69285003817,bench_cmp_imm_to_abs
456.96198,456.96394,0.001959999999996853,5425.694431172128,bench_cmp_imm_to_abs
457.16424,457.16622,0.0019800000000032014,5460.443298806881,bench_cmp_imm_to_abs
457.3665,457.36846,0.0019600000000536966,5400.34417543719,bench_cmp_imm_to_abs
457.56876,457.57074,0.0019800000000032014,5446.792996963905,bench_cmp_imm_to_abs
457.77104,457.773,0.001959999999996853,5404.567520579442,bench_cmp_imm_to_abs
457.9733,457.97526,0.001959999999996853,5411.709621542967,bench_cmp_imm_to_abs
458.17556,458.17752,0.001959999999996853,5434.379312199552,bench_cmp_imm_to_abs
458.37782,458.37978,0.001959999999996853,5432.764070567739,bench_cmp_imm_to_abs
458.58008,458.58206,0.0019800000000032014,5482.872384605647,bench_cmp_imm_to_abs
458.78234,458.78432,0.0019800000000032014,5451.21422271803,bench_cmp_imm_to_abs
458.9846,458.98658,0.0019800000000032014,5441.741950354993,bench_cmp_imm_to_abs
459.18686,459.18884,0.0019800000000032014,5462.073788511344,bench_cmp_imm_to_abs
459.38912,459.39108,0.001959999999996853,5408.638513178429,bench_cmp_imm_to_abs
459.59138,459.59334,0.001959999999996853,5433.986096167064,bench_cmp_imm_to_abs
459.79364,459.7956,0.001959999999996853,5443.688216612796,bench_cmp_imm_to_abs
459.9959,459.99786,0.001959999999996853,5433.092862360024,bench_cmp_imm_to_abs
460.19816,460.20012,0.0019600000000536966,5404.002608421369,bench_cmp_imm_to_abs
460.40042,460.40238,0.001959999999996853,5386.324808925802,bench_cmp_imm_to_abs
460.60268,460.60464,0.001959999999996853,5386.693375169691,bench_cmp_imm_to_abs
460.80494,460.8069,0.001959999999996853,5413.431061890481,bench_cmp_imm_to_abs
461.00718,461.00916,0.0019800000000032014,5481.095991573237,bench_cmp_imm_to_abs
461.20946,461.21142,0.001959999999996853,5434.599868020854,bench_cmp_imm_to_abs
461.41172,461.41368,0.001959999999996853,5426.664615508202,bench_cmp_imm_to_abs
461.61398,461.61596,0.001979999999946358,5464.638017421029,bench_cmp_imm_to_abs
461.81624,461.81822,0.0019800000000032014,5461.640562871531,bench_cmp_imm_to_abs
462.0185,462.02048,0.0019800000000032014,5452.8623353711855,bench_cmp_imm_to_abs
462.22078,462.22274,0.001959999999996853,5402.003759508629,bench_cmp_imm_to_abs
462.42304,462.42502,0.0019800000000032014,5480.231961705917,bench_cmp_imm_to_abs
462.62532,462.62728,0.001959999999996853,5445.324960158507,bench_cmp_imm_to_abs
462.82758,462.82956,0.0019800000000032014,5493.96843184268,bench_cmp_imm_to_abs
463.02984,463.03182,0.0019800000000032014,5481.892069814931,bench_cmp_imm_to_abs
463.2321,463.23408,0.0019800000000032014,5470.035353219264,bench_cmp_imm_to_abs
463.43438,463.43634,0.001959999999996853,5388.298009054309,bench_cmp_imm_to_abs
463.63664,463.6386,0.001959999999996853,5392.7680151452905,bench_cmp_imm_to_abs
463.83888,463.84086,0.0019800000000032014,5476.047273260046,bench_cmp_imm_to_abs
464.04114,464.04312,0.0019800000000032014,5490.074984275325,bench_cmp_imm_to_abs
464.2434,464.24536,0.001959999999996853,5431.927992022871,bench_cmp_imm_to_abs
464.44564,464.44762,0.001979999999946358,5490.043915183319,bench_cmp_imm_to_abs
464.6479,464.64986,0.001959999999996853,5425.278840114427,bench_cmp_imm_to_abs
464.85014,464.85212,0.0019800000000032014,5450.153055141749,bench_cmp_imm_to_abs
465.0524,465.05436,0.001959999999996853,5401.512808165471,bench_cmp_imm_to_abs
465.25466,465.25662,0.001959999999996853,5409.373342983092,bench_cmp_imm_to_abs
465.4569,465.45888,0.0019800000000032014,5496.231610889156,bench_cmp_imm_to_abs
465.65916,465.66112,0.001959999999996853,5427.1263559284625,bench_cmp_imm_to_abs
465.8614,465.86338,0.0019800000000032014,5496.6311296540625,bench_cmp_imm_to_abs
466.06366,466.06564,0.001979999999946358,5489.53943869597,bench_cmp_imm_to_abs
466.26592,466.2679,0.0019800000000032014,5458.887626894646,bench_cmp_imm_to_abs
466.46818,466.47014,0.001959999999996853,5403.91976943914,bench_cmp_imm_to_abs
466.67044,466.6724,0.001959999999996853,5396.408054503605,bench_cmp_imm_to_abs
466.8727,466.87466,0.001959999999996853,5421.728962093103,bench_cmp_imm_to_abs
467.07496,467.07692,0.001959999999996853,5425.238991153901,bench_cmp_imm_to_abs
467.27722,467.27918,0.001959999999996853,5431.090102059245,bench_cmp_imm_to_abs
467.47948,467.48144,0.001959999999996853,5430.03076918285,bench_cmp_imm_to_abs
467.68174,467.6837,0.001959999999996853,5409.3743418285985,bench_cmp_imm_to_abs
467.884,467.88596,0.001959999999996853,5386.602224305279,bench_cmp_imm_to_abs
468.08626,468.08824,0.0019800000000032014,5442.632182982204,bench_cmp_imm_to_abs
468.28852,468.2905,0.0019800000000032014,5461.856918417349,bench_cmp_imm_to_abs
468.49078,468.49276,0.0019800000000032014,5478.823313037298,bench_cmp_imm_to_abs
468.69304,468.695,0.001959999999996853,5437.960524571826,bench_cmp_imm_to_abs
468.8953,468.89726,0.001959999999996853,5437.3123845859,bench_cmp_imm_to_abs
469.09756,469.09952,0.001959999999996853,5414.0274086918525,bench_cmp_imm_to_abs
469.29982,469.30178,0.001959999999996853,5398.523889007916,bench_cmp_imm_to_abs
469.50208,469.50406,0.0019800000000032014,5449.893805217653,bench_cmp_imm_to_abs
469.70434,469.70632,0.0019800000000032014,5459.858928819363,bench_cmp_imm_to_abs
469.9066,469.90858,0.001979999999946358,5472.442603043788,bench_cmp_imm_to_abs
470.10888,470.11084,0.001959999999996853,5434.618978754012,bench_cmp_imm_to_abs
470.31114,470.3131,0.001959999999996853,5434.8277300446125,bench_cmp_imm_to_abs
470.5134,470.51538,0.0019800000000032014,5480.547843048994,bench_cmp_imm_to_abs
470.71568,470.71764,0.001959999999996853,5422.657569855356,bench_cmp_imm_to_abs
470.91794,470.9199,0.001959999999996853,5396.242556157743,bench_cmp_imm_to_abs
471.1202,471.12218,0.0019800000000032014,5447.761921681605,bench_cmp_imm_to_abs
471.32246,471.32444,0.0019800000000032014,5469.482212802273,bench_cmp_imm_to_abs
471.52472,471.5267,0.0019800000000032014,5481.258623778083,bench_cmp_imm_to_abs
471.72698,471.72896,0.001979999999946358,5490.126719073831,bench_cmp_imm_to_abs
471.92926,471.93122,0.001959999999996853,5428.110712666104,bench_cmp_imm_to_abs
472.1315,472.13348,0.0019800000000032014,5472.389173230892,bench_cmp_imm_to_abs
472.33376,472.33574,0.0019800000000032014,5461.288443780057,bench_cmp_imm_to_abs
472.53602,472.538,0.0019800000000032014,5436.215491507163,bench_cmp_imm_to_abs
472.73828,472.74024,0.001959999999996853,5400.3479843895775,bench_cmp_imm_to_abs
472.94054,472.9425,0.001959999999996853,5408.185839182991,bench_cmp_imm_to_abs
473.1428,473.14476,0.001959999999996853,5432.640870551443,bench_cmp_imm_to_abs
473.34506,473.34702,0.001959999999996853,5434.886491851685,bench_cmp_imm_to_abs
473.5473,473.54928,0.0019800000000032014,5494.1875324696375,bench_cmp_imm_to_abs
473.74956,473.75154,0.0019800000000032014,5475.7716390461865,bench_cmp_imm_to_abs
473.95182,473.95378,0.001959999999996853,5377.148000984626,bench_cmp_imm_to_abs
474.15408,474.15618,0.0020999999999844476,5867.377866475772,bench_cmp_idx_to_abs
474.35646,474.35856,0.0020999999999844476,5890.489155374139,bench_cmp_idx_to_abs
474.55886,474.56096,0.002100000000041291,5920.5183225020855,bench_cmp_idx_to_abs
474.76124,474.76334,0.002100000000041291,5920.783807646313,bench_cmp_idx_to_abs
474.96362,474.96572,0.0020999999999844476,5916.502471042724,bench_cmp_idx_to_abs
475.16602,475.16812,0.0020999999999844476,5889.094166879746,bench_cmp_idx_to_abs
475.3684,475.3705,0.0020999999999844476,5852.984448385092,bench_cmp_idx_to_abs
475.57078,475.57288,0.0020999999999844476,5880.11511596876,bench_cmp_idx_to_abs
475.77318,475.77528,0.0020999999999844476,5896.076990704733,bench_cmp_idx_to_abs
475.97558,475.97768,0.002100000000041291,5916.434442747426,bench_cmp_idx_to_abs
476.17796,476.18006,0.002100000000041291,5928.2607563143665,bench_cmp_idx_to_abs
476.38034,476.38244,0.0020999999999844476,5918.342657348877,bench_cmp_idx_to_abs
476.58274,476.58484,0.0020999999999844476,5890.757348346381,bench_cmp_idx_to_abs
476.78514,476.78724,0.0020999999999844476,5866.281413427008,bench_cmp_idx_to_abs
476.98752,476.98962,0.0020999999999844476,5872.862564814205,bench_cmp_idx_to_abs
477.18992,477.19202,0.002100000000041291,5887.627133750536,bench_cmp_idx_to_abs
477.3923,477.3944,0.002100000000041291,5905.03529657671,bench_cmp_idx_to_abs
477.59468,477.59678,0.002100000000041291,5909.969580947301,bench_cmp_idx_to_abs
477.79708,477.79918,0.0020999999999844476,5909.597708336162,bench_cmp_idx_to_abs
477.99946,478.00156,0.0020999999999844476,5891.8476802804125,bench_cmp_idx_to_abs
478.20186,478.20396,0.0020999999999844476,5869.7466761344485,bench_cmp_idx_to_abs
478.40424,478.40634,0.0020999999999844476,5871.251397719661,bench_cmp_idx_to_abs
478.60662,478.60872,0.0020999999999844476,5888.272258402054,bench_cmp_idx_to_abs
478.80902,478.81112,0.002100000000041291,5910.177179728937,bench_cmp_idx_to_abs
479.0114,479.0135,0.002100000000041291,5916.6390100759745,bench_cmp_idx_to_abs
479.21378,479.21588,0.002100000000041291,5919.653270510161,bench_cmp_idx_to_abs
479.41616,479.41826,0.0020999999999844476,5895.022246945845,bench_cmp_idx_to_abs
479.61856,479.62066,0.0020999999999844476,5865.825291216238,bench_cmp_idx_to_abs
479.82094,479.82304,0.0020999999999844476,5863.685223696527,bench_cmp_idx_to_abs
480.02334,480.02544,0.0020999999999844476,5902.362007132454,bench_cmp_idx_to_abs
480.22572,480.22782,0.0020999999999844476,5904.77620245997,bench_cmp_idx_to_abs
480.4281,480.4302,0.002100000000041291,5914.285986339546,bench_cmp_idx_to_abs
480.6305,480.6326,0.002100000000041291,5899.632973717757,bench_cmp_idx_to_abs
480.83288,480.83498,0.0020999999999844476,5870.723584627822,bench_cmp_idx_to_abs
481.03528,481.03736,0.0020799999999780994,5806.251706033795,bench_cmp_idx_to_abs
481.23766,481.23976,0.0020999999999844476,5873.63142748843,bench_cmp_idx_to_abs
481.44006,481.44216,0.0020999999999844476,5880.139213938926,bench_cmp_idx_to_abs
481.64244,481.64454,0.0020999999999844476,5904.961489092444,bench_cmp_idx_to_abs
481.84484,481.84694,0.002100000000041291,5918.1839671273165,bench_cmp_idx_to_abs
482.04722,482.04932,0.002100000000041291,5899.872228155156,bench_cmp_idx_to_abs
482.2496,482.2517,0.002100000000041291,5896.328147618096,bench_cmp_idx_to_abs
482.452,482.4541,0.0020999999999844476,5871.150793931303,bench_cmp_idx_to_abs
482.65438,482.65648,0.0020999999999844476,5868.167616382295,bench_cmp_idx_to_abs
482.85676,482.85886,0.0020999999999844476,5886.470386715637,bench_cmp_idx_to_abs
483.05916,483.06126,0.0020999999999844476,5898.571819951092,bench_cmp_idx_to_abs
483.26154,483.26364,0.0020999999999844476,5931.911806057351,bench_cmp_idx_to_abs
483.46394,483.46604,0.002100000000041291,5924.404922526941,bench_cmp_idx_to_abs
483.66632,483.66842,0.002100000000041291,5907.748146101595,bench_cmp_idx_to_abs
483.8687,483.8708,0.0020999999999844476,5871.363773437031,bench_cmp_idx_to_abs
484.0711,484.0732,0.0020999999999844476,5852.459643459704,bench_cmp_idx_to_abs
484.2735,484.2756,0.0020999999999844476,5880.268502466868,bench_cmp_idx_to_abs
484.47588,484.47798,0.0020999999999844476,5908.364739687261,bench_cmp_idx_to_abs
484.67828,484.68038,0.002100000000041291,5914.072799616248,bench_cmp_idx_to_abs
484.88066,484.88276,0.002100000000041291,5906.2506445970575,bench_cmp_idx_to_abs
485.08306,485.08516,0.0020999999999844476,5890.114554164054,bench_cmp_idx_to_abs
485.28544,485.28754,0.0020999999999844476,5869.980594104246,bench_cmp_idx_to_abs
485.48784,485.48994,0.0020999999999844476,5867.801490197217,bench_cmp_idx_to_abs
485.69022,485.69232,0.0020999999999844476,5905.319412658086,bench_cmp_idx_to_abs
485.89262,485.89472,0.0020999999999844476,5908.714528139544,bench_cmp_idx_to_abs
486.09502,486.09712,0.002100000000041291,5904.798545066412,bench_cmp_idx_to_abs
486.29742,486.29952,0.0020999999999844476,5913.5523042221075,bench_cmp_idx_to_abs
486.49982,486.50192,0.0020999999999844476,5884.339369325096,bench_cmp_idx_to_abs
486.7022,486.7043,0.0020999999999844476,5871.933575204628,bench_cmp_idx_to_abs
486.9046,486.9067,0.0020999999999844476,5859.650783190019,bench_cmp_idx_to_abs
487.10698,487.10908,0.0020999999999844476,5895.862074050804,bench_cmp_idx_to_abs
487.30938,487.31148,0.002100000000041291,5917.495179575828,bench_cmp_idx_to_abs
487.51176,487.51386,0.002100000000041291,5924.318975423312,bench_cmp_idx_to_abs
487.71416,487.71626,0.0020999999999844476,5916.5170555546565,bench_cmp_idx_to_abs
487.91656,487.91866,0.0020999999999844476,5886.481965383252,bench_cmp_idx_to_abs
488.11894,488.12104,0.0020999999999844476,5863.561856052206,bench_cmp_idx_to_abs
488.32134,488.32344,0.0020999999999844476,5856.61845509735,bench_cmp_idx_to_abs
488.52372,488.52582,0.0020999999999844476,5903.22377387748,bench_cmp_idx_to_abs
488.7261,488.7282,0.002100000000041291,5919.840633991432,bench_cmp_idx_to_abs
488.9285,488.9306,0.002100000000041291,5921.750636895864,bench_cmp_idx_to_abs
489.13088,489.13298,0.0020999999999844476,5921.628228350198,bench_cmp_idx_to_abs
489.33328,489.33538,0.0020999999999844476,5890.490522100707,bench_cmp_idx_to_abs
489.53566,489.53776,0.0020999999999844476,5866.598328531514,bench_cmp_idx_to_abs
489.73806,489.74016,0.0020999999999844476,5859.991451679248,bench_cmp_idx_to_abs
489.94046,489.94256,0.002100000000041291,5884.5801582837385,bench_cmp_idx_to_abs
490.14284,490.14494,0.002100000000041291,5912.12694545316,bench_cmp_idx_to_abs
490.34522,490.34732,0.002100000000041291,5913.975711567705,bench_cmp_idx_to_abs
490.54762,490.54972,0.0020999999999844476,5923.865321050419,bench_cmp_idx_to_abs
490.75,490.7521,0.0020999999999844476,5897.138039537343,bench_cmp_idx_to_abs
490.9524,490.9545,0.0020999999999844476,5856.8058185762075,bench_cmp_idx_to_abs
491.15478,491.15688,0.0020999999999844476,5863.805301436658,bench_cmp_idx_to_abs
491.35716,491.35926,0.0020999999999844476,5900.785983493484,bench_cmp_idx_to_abs
491.55956,491.56166,0.002100000000041291,5905.6862072345575,bench_cmp_idx_to_abs
491.76194,491.76404,0.002100000000041291,5917.490376278048,bench_cmp_idx_to_abs
491.96432,491.96642,0.002100000000041291,5911.730053023181,bench_cmp_idx_to_abs
492.16672,492.16882,0.0020999999999844476,5878.715198442529,bench_cmp_idx_to_abs
492.3691,492.3712,0.0020999999999844476,5879.155783871717,bench_cmp_idx_to_abs
492.5715,492.5736,0.0020999999999844476,5858.595571433354,bench_cmp_idx_to_abs
492.77388,492.77598,0.0020999999999844476,5885.644713367616,bench_cmp_idx_to_abs
492.97628,492.97838,0.002100000000041291,5895.615441379889,bench_cmp_idx_to_abs
493.17866,493.18076,0.002100000000041291,5907.9533770034095,bench_cmp_idx_to_abs
493.38106,493.38316,0.0020999999999844476,5925.475028302914,bench_cmp_idx_to_abs
493.58344,493.58554,0.0020999999999844476,5895.377481316513,bench_cmp_idx_to_abs
493.78582,493.78792,0.0020999999999844476,5856.283600403232,bench_cmp_idx_to_abs
493.9882,493.9903,0.0020999999999844476,5877.758089875543,bench_cmp_idx_to_abs
494.1906,494.1927,0.0020999999999844476,5885.471501338706,bench_cmp_idx_to_abs
494.39298,494.39508,0.0020999999999844476,5909.028274416955,bench_cmp_sym_to_abs
494.59536,494.59746,0.0020999999999844476,5908.177744074606,bench_cmp_sym_to_abs
494.79774,494.79984,0.002100000000041291,5925.779889922836,bench_cmp_sym_to_abs
495.0001,495.0022,0.002100000000041291,5898.239873470808,bench_cmp_sym_to_abs
495.20248,495.20458,0.002100000000041291,5884.921639345842,bench_cmp_sym_to_abs
495.40488,495.40696,0.002080000000034943,5806.707183467386,bench_cmp_sym_to_abs
495.60726,495.60936,0.0020999999999844476,5902.361429720182,bench_cmp_sym_to_abs
495.80964,495.81174,0.0020999999999844476,5914.238570216297,bench_cmp_sym_to_abs
496.01202,496.01412,0.0020999999999844476,5917.955434372136,bench_cmp_sym_to_abs
496.2144,496.2165,0.0020999999999844476,5925.506104203173,bench_cmp_sym_to_abs
496.41678,496.41888,0.0020999999999844476,5910.28270539851,bench_cmp_sym_to_abs
496.61916,496.62126,0.0020999999999844476,5877.376501398438,bench_cmp_sym_to_abs
496.82154,496.82362,0.0020799999999780994,5821.399989002818,bench_cmp_sym_to_abs
497.0239,497.026,0.0020999999999844476,5903.018815389667,bench_cmp_sym_to_abs
497.22628,497.22838,0.002100000000041291,5909.936051002396,bench_cmp_sym_to_abs
497.42866,497.43074,0.002080000000034943,5861.151795933971,bench_cmp_sym_to_abs
497.63104,497.63314,0.002100000000041291,5914.378974239156,bench_cmp_sym_to_abs
497.83342,497.83552,0.0020999999999844476,5898.254867600985,bench_cmp_sym_to_abs
498.0358,498.0379,0.0020999999999844476,5874.088341332951,bench_cmp_sym_to_abs
498.2382,498.24028,0.0020799999999780994,5802.142315019083,bench_cmp_sym_to_abs
498.44058,498.44268,0.0020999999999844476,5901.499867862143,bench_cmp_sym_to_abs
498.64296,498.64506,0.0020999999999844476,5913.433905174687,bench_cmp_sym_to_abs
498.84536,498.84744,0.0020799999999780994,5877.28005593846,bench_cmp_sym_to_abs
499.04774,499.04982,0.002080000000034943,5861.257389289929,bench_cmp_sym_to_abs
499.25012,499.25222,0.002100000000041291,5905.538448250672,bench_cmp_sym_to_abs
499.4525,499.4546,0.002100000000041291,5887.547491704023,bench_cmp_sym_to_abs
499.65488,499.65698,0.0020999999999844476,5860.488996798439,bench_cmp_sym_to_abs
499.85728,499.85936,0.0020799999999780994,5841.47474256672,bench_cmp_sym_to_abs
500.05964,500.06174,0.0020999999999844476,5921.53744535298,bench_cmp_sym_to_abs
500.26204,500.26412,0.0020799999999780994,5860.113073077587,bench_cmp_sym_to_abs
500.46442,500.46652,0.0020999999999844476,5917.799791739094,bench_cmp_sym_to_abs
500.66682,500.6689,0.002080000000034943,5862.568800900798,bench_cmp_sym_to_abs
500.8692,500.8713,0.002100000000041291,5874.325996387969,bench_cmp_sym_to_abs
501.07158,501.07368,0.002100000000041291,5864.4410293798255,bench_cmp_sym_to_abs
501.27396,501.27606,0.0020999999999844476,5891.289426905642,bench_cmp_sym_to_abs
501.47636,501.47846,0.0020999999999844476,5906.997728119326,bench_cmp_sym_to_abs
501.67874,501.68084,0.0020999999999844476,5929.432772053897,bench_cmp_sym_to_abs
501.88112,501.88322,0.0020999999999844476,5915.199879044526,bench_cmp_sym_to_abs
502.0835,502.0856,0.0020999999999844476,5910.4808000400835,bench_cmp_sym_to_abs
502.2859,502.28798,0.0020799999999780994,5812.065333521826,bench_cmp_sym_to_abs
502.48828,502.49038,0.002100000000041291,5868.155765465734,bench_cmp_sym_to_abs
502.69066,502.69276,0.002100000000041291,5902.6006913088495,bench_cmp_sym_to_abs
502.89304,502.89514,0.002100000000041291,5920.546681274301,bench_cmp_sym_to_abs
503.09544,503.09752,0.0020799999999780994,5864.070544426305,bench_cmp_sym_to_abs
503.29782,503.29992,0.0020999999999844476,5916.393052279094,bench_cmp_sym_to_abs
503.5002,503.5023,0.0020999999999844476,5909.782038026368,bench_cmp_sym_to_abs
503.7026,503.7047,0.0020999999999844476,5878.432255651731,bench_cmp_sym_to_abs
503.90498,503.90708,0.0020999999999844476,5873.273878767906,bench_cmp_sym_to_abs
504.10738,504.10946,0.002080000000034943,5839.357590403544,bench_cmp_sym_to_abs
504.30976,504.31186,0.002100000000041291,5914.01874798083,bench_cmp_sym_to_abs
504.51214,504.51424,0.0020999999999844476,5931.235197893939,bench_cmp_sym_to_abs
504.71454,504.71664,0.0020999999999844476,5921.31831679043,bench_cmp_sym_to_abs
504.91692,504.91902,0.0020999999999844476,5903.71719557142,bench_cmp_sym_to_abs
505.11932,505.12142,0.0020999999999844476,5870.038927484508,bench_cmp_sym_to_abs
505.32172,505.3238,0.0020799999999780994,5803.990962377073,bench_cmp_sym_to_abs
505.5241,505.5262,0.002100000000041291,5897.985405875439,bench_cmp_sym_to_abs
505.7265,505.7286,0.0020999999999844476,5917.785463345468,bench_cmp_sym_to_abs
505.92888,505.93098,0.0020999999999844476,5907.978804277431,bench_cmp_sym_to_abs
506.13126,506.13336,0.0020999999999844476,5916.136668483387,bench_cmp_sym_to_abs
506.33364,506.33574,0.0020999999999844476,5911.912764376051,bench_cmp_sym_to_abs
506.53602,506.53812,0.0020999999999844476,5878.874277653445,bench_cmp_sym_to_abs
506.73842,506.7405,0.0020799999999780994,5806.36561143332,bench_cmp_sym_to_abs
506.9408,506.94288,0.0020799999999780994,5835.3410427697145,bench_cmp_sym_to_abs
507.14318,507.14528,0.002100000000041291,5897.604688191244,bench_cmp_sym_to_abs
507.34556,507.34766,0.002100000000041291,5920.309270851617,bench_cmp_sym_to_abs
507.54794,507.55004,0.002100000000041291,5915.855916806067,bench_cmp_sym_to_abs
507.75032,507.75242,0.0020999999999844476,5891.0770783761745,bench_cmp_sym_to_abs
507.95272,507.9548,0.0020799999999780994,5801.481273898746,bench_cmp_sym_to_abs
508.1551,508.1572,0.0020999999999844476,5865.388419435657,bench_cmp_sym_to_abs
508.35748,508.35958,0.0020999999999844476,5890.268145548207,bench_cmp_sym_to_abs
508.55986,508.56196,0.0020999999999844476,5913.8231211823395,bench_cmp_sym_to_abs
508.76224,508.76434,0.0020999999999844476,5922.408220308545,bench_cmp_sym_to_abs
508.96462,508.96672,0.0020999999999844476,5926.550789682689,bench_cmp_sym_to_abs
509.167,509.1691,0.002100000000041291,5913.408142634686,bench_cmp_sym_to_abs
509.3694,509.37148,0.002080000000034943,5814.299094590811,bench_cmp_sym_to_abs
509.57178,509.57388,0.0020999999999844476,5890.585116537799,bench_cmp_sym_to_abs
509.77416,509.77626,0.0020999999999844476,5889.063239985864,bench_cmp_sym_to_abs
509.97656,509.97864,0.0020799999999780994,5858.1644622033555,bench_cmp_sym_to_abs
510.17894,510.18104,0.0020999999999844476,5922.07661127044,bench_cmp_sym_to_abs
510.38132,510.38342,0.0020999999999844476,5912.579304956117,bench_cmp_sym_to_abs
510.5837,510.5858,0.0020999999999844476,5902.177651830705,bench_cmp_sym_to_abs
510.78608,510.78818,0.0020999999999844476,5882.785280645169,bench_cmp_sym_to_abs
510.98846,510.99056,0.002100000000041291,5862.515755119646,bench_cmp_sym_to_abs
511.19084,511.19294,0.002100000000041291,5889.848347406994,bench_cmp_sym_to_abs
511.39322,511.39532,0.002100000000041291,5904.440686690268,bench_cmp_sym_to_abs
511.5956,511.5977,0.0020999999999844476,5928.956461097361,bench_cmp_sym_to_abs
511.79798,511.80008,0.0020999999999844476,5921.9273412189605,bench_cmp_sym_to_abs
512.00036,512.00246,0.002100000000041291,5902.968782578982,bench_cmp_sym_to_abs
512.20274,512.20484,0.002100000000041291,5883.3244746864975,bench_cmp_sym_to_abs
512.4051,512.4072,0.002100000000041291,5873.586533252754,bench_cmp_sym_to_abs
512.60748,512.60958,0.002100000000041291,5881.715337862678,bench_cmp_sym_to_abs
512.80986,512.81196,0.002100000000041291,5924.461099912585,bench_cmp_sym_to_abs
513.01224,513.01432,0.0020799999999780994,5871.288732094703,bench_cmp_sym_to_abs
513.21462,513.2167,0.0020799999999780994,5858.6703566291435,bench_cmp_sym_to_abs
513.41698,513.41908,0.002100000000041291,5919.56790782043,bench_cmp_sym_to_abs
513.61936,513.62146,0.0020999999999276042,5870.633579121502,bench_cmp_sym_to_abs
513.82172,513.82382,0.0020999999999276042,5868.753182962563,bench_cmp_sym_to_abs
514.0241,514.0262,0.002100000000041291,5889.762854329027,bench_cmp_sym_to_abs
514.22648,514.22858,0.0020999999999276042,5913.170692300258,bench_cmp_sym_to_abs
514.42886,514.43096,0.002100000000041291,5911.7874504348265,bench_cmp_sym_to_abs
514.63124,514.63334,0.0020999999999276042,5797.640650778519,bench_cmp_abs_to_abs
514.83364,514.83572,0.002080000000091786,5703.341984457621,bench_cmp_abs_to_abs
515.03602,515.0381,0.0020799999999780994,5669.846541647087,bench_cmp_abs_to_abs
515.2384,515.24048,0.002080000000091786,5677.377195356378,bench_cmp_abs_to_abs
515.44078,515.44286,0.0020799999999780994,5700.943844795585,bench_cmp_abs_to_abs
515.64316,515.64526,0.002100000000041291,5778.502302839748,bench_cmp_abs_to_abs
515.84556,515.84764,0.0020799999999780994,5712.553029833467,bench_cmp_abs_to_abs
516.04794,516.05004,0.0020999999999276042,5781.37471086946,bench_cmp_abs_to_abs
516.25032,516.25242,0.002100000000041291,5774.529338935378,bench_cmp_abs_to_abs
516.45272,516.4548,0.0020799999999780994,5685.4549748169275,bench_cmp_abs_to_abs
516.6551,516.6572,0.002100000000041291,5726.987191140135,bench_cmp_abs_to_abs
516.85748,516.85958,0.002100000000041291,5734.677335819667,bench_cmp_abs_to_abs
517.05988,517.06196,0.0020799999999780994,5698.5196843091135,bench_cmp_abs_to_abs
517.26226,517.26436,0.002100000000041291,5781.930862118289,bench_cmp_abs_to_abs
517.46466,517.46674,0.0020799999999780994,5737.229611208835,bench_cmp_abs_to_abs
517.66704,517.66914,0.0020999999999276042,5780.838138674845,bench_cmp_abs_to_abs
517.86944,517.87152,0.0020799999999780994,5707.468751274987,bench_cmp_abs_to_abs
518.07182,518.07392,0.002100000000041291,5741.972834916312,bench_cmp_abs_to_abs
518.2742,518.2763,0.002100000000041291,5741.720395292433,bench_cmp_abs_to_abs
518.47658,518.47868,0.002100000000041291,5752.122006489657,bench_cmp_abs_to_abs
518.67896,518.68106,0.002100000000041291,5789.58001931554,bench_cmp_abs_to_abs
518.88134,518.88344,0.0020999999999276042,5782.154057896312,bench_cmp_abs_to_abs
519.08372,519.08582,0.002100000000041291,5774.5859796491495,bench_cmp_abs_to_abs
519.28612,519.2882,0.0020799999999780994,5716.408172100909,bench_cmp_abs_to_abs
519.4885,519.4906,0.0020999999999276042,5748.6884060928,bench_cmp_abs_to_abs
519.69088,519.69298,0.002100000000041291,5720.047394393808,bench_cmp_abs_to_abs
519.89326,519.89536,0.0020999999999276042,5765.5133840323515,bench_cmp_abs_to_abs
520.09566,520.09774,0.002080000000091786,5723.6822184985385,bench_cmp_abs_to_abs
520.29804,520.30014,0.002100000000041291,5781.2682423968,bench_cmp_abs_to_abs
520.50042,520.5025,0.002080000000091786,5733.1385535957115,bench_cmp_abs_to_abs
520.70278,520.70488,0.002100000000041291,5762.515214862821,bench_cmp_abs_to_abs
520.90516,520.90726,0.0020999999999276042,5731.3368118176395,bench_cmp_abs_to_abs
521.10756,521.10964,0.0020799999999780994,5670.902456551928,bench_cmp_abs_to_abs
521.30994,521.31202,0.0020799999999780994,5700.564470553281,bench_cmp_abs_to_abs
521.51232,521.51442,0.0020999999999276042,5773.8757806529675,bench_cmp_abs_to_abs
521.7147,521.7168,0.002100000000041291,5789.279602585645,bench_cmp_abs_to_abs
521.91708,521.91918,0.0020999999999276042,5772.43370215062,bench_cmp_abs_to_abs
522.11948,522.12158,0.002100000000041291,5772.242555524938,bench_cmp_abs_to_abs
522.32186,522.32396,0.002100000000041291,5741.139177809402,bench_cmp_abs_to_abs
522.52424,522.52634,0.002100000000041291,5751.820372079869,bench_cmp_abs_to_abs
522.72662,522.72872,0.0020999999999276042,5747.755015989929,bench_cmp_abs_to_abs
522.929,522.9311,0.002100000000041291,5773.756443646276,bench_cmp_abs_to_abs
523.13138,523.13348,0.0020999999999276042,5774.075959129895,bench_cmp_abs_to_abs
523.33376,523.33586,0.002100000000041291,5790.7242049751285,bench_cmp_abs_to_abs
523.53614,523.53824,0.0020999999999276042,5773.7748695240325,bench_cmp_abs_to_abs
523.73852,523.74062,0.002100000000041291,5755.5873134351195,bench_cmp_abs_to_abs
523.94092,523.943,0.0020799999999780994,5673.007713566303,bench_cmp_abs_to_abs
524.1433,524.14538,0.002080000000091786,5679.93185276562,bench_cmp_abs_to_abs
524.34568,524.34778,0.0020999999999276042,5761.464638429193,bench_cmp_abs_to_abs
524.54806,524.55016,0.002100000000041291,5771.649833897616,bench_cmp_abs_to_abs
524.75044,524.75254,0.0020999999999276042,5783.860189629871,bench_cmp_abs_to_abs
524.95282,524.95492,0.002100000000041291,5773.673190395111,bench_cmp_abs_to_abs
525.1552,525.1573,0.0020999999999276042,5749.620145445956,bench_cmp_abs_to_abs
525.35758,525.35968,0.002100000000041291,5729.092559895489,bench_cmp_abs_to_abs
525.55996,525.56206,0.0020999999999276042,5745.427110013682,bench_cmp_abs_to_abs
525.76236,525.76444,0.002080000000091786,5714.564780038301,bench_cmp_abs_to_abs
525.96474,525.96684,0.002100000000041291,5773.765242301076,bench_cmp_abs_to_abs
526.16712,526.16922,0.002100000000041291,5771.783325021503,bench_cmp_abs_to_abs
526.36952,526.3716,0.0020799999999780994,5724.683168764754,bench_cmp_abs_to_abs
526.5719,526.574,0.0020999999999276042,5752.308186869921,bench_cmp_abs_to_abs
526.7743,526.7764,0.0020999999999276042,5736.158233855651,bench_cmp_abs_to_abs
526.97668,526.97878,0.002100000000041291,5741.492738138579,bench_cmp_abs_to_abs
527.17906,527.18116,0.0020999999999276042,5760.792349240624,bench_cmp_abs_to_abs
527.38146,527.38354,0.002080000000091786,5732.804530103176,bench_cmp_abs_to_abs
527.58384,527.58594,0.002100000000041291,5790.42718057942,bench_cmp_abs_to_abs
527.78622,527.78832,0.002100000000041291,5785.464246420728,bench_cmp_abs_to_abs
527.98862,527.9907,0.0020799999999780994,5696.832828642222,bench_cmp_abs_to_abs
528.191,528.1931,0.0020999999999276042,5737.561967478627,bench_cmp_abs_to_abs
528.3934,528.3955,0.0020999999999276042,5737.340159040996,bench_cmp_abs_to_abs
528.59578,528.59788,0.002100000000041291,5769.666743116366,bench_cmp_abs_to_abs
528.79818,528.80026,0.0020799999999780994,5711.085309672275,bench_cmp_abs_to_abs
529.00056,529.00264,0.002080000000091786,5734.606413434026,bench_cmp_abs_to_abs
529.20294,529.20502,0.0020799999999780994,5717.782271031779,bench_cmp_abs_to_abs
529.40532,529.40742,0.002100000000041291,5755.0284244468985,bench_cmp_abs_to_abs
529.6077,529.6098,0.0020999999999276042,5746.577102486569,bench_cmp_abs_to_abs
529.81008,529.81218,0.002100000000041291,5730.962793004054,bench_cmp_abs_to_abs
530.01246,530.01456,0.0020999999999276042,5771.069242407124,bench_cmp_abs_to_abs
530.21486,530.21694,0.0020799999999780994,5735.7486010685225,bench_cmp_abs_to_abs
530.41724,530.41934,0.002100000000041291,5791.380377602361,bench_cmp_abs_to_abs
530.61964,530.62174,0.002100000000041291,5790.601815207498,bench_cmp_abs_to_abs
530.82202,530.82412,0.002100000000041291,5769.8936063237825,bench_cmp_abs_to_abs
531.02442,531.0265,0.002080000000091786,5677.934407989962,bench_cmp_abs_to_abs
531.2268,531.2289,0.0020999999999276042,5732.511663604529,bench_cmp_abs_to_abs
531.42918,531.43128,0.002100000000041291,5745.303533163857,bench_cmp_abs_to_abs
531.63158,531.63368,0.002100000000041291,5768.815088204591,bench_cmp_abs_to_abs
531.83396,531.83606,0.0020999999999276042,5789.118457827556,bench_cmp_abs_to_abs
532.03634,532.03844,0.002100000000041291,5793.033423939566,bench_cmp_abs_to_abs
532.23874,532.24082,0.0020799999999780994,5722.5099298474515,bench_cmp_abs_to_abs
532.44112,532.44322,0.002100000000041291,5731.322441840865,bench_cmp_abs_to_abs
532.6435,532.6456,0.0020999999999276042,5734.2231225021105,bench_cmp_abs_to_abs
532.84588,532.84798,0.002100000000041291,5753.2648557214725,bench_cmp_abs_to_abs
533.04828,533.05036,0.0020799999999780994,5716.397911258792,bench_cmp_abs_to_abs
533.25066,533.25274,0.0020799999999780994,5743.414049428607,bench_cmp_abs_to_abs
533.45304,533.45514,0.002100000000041291,5785.924224301355,bench_cmp_abs_to_abs
533.65542,533.65752,0.0020999999999276042,5779.191232065508,bench_cmp_abs_to_abs
533.85782,533.8599,0.002080000000091786,5690.6355850210475,bench_cmp_abs_to_abs
534.0602,534.0623,0.002100000000041291,5721.912793927719,bench_cmp_abs_to_abs
534.26258,534.26468,0.002100000000041291,5751.156159800365,bench_cmp_abs_to_abs
534.46496,534.46706,0.0020999999999276042,5762.710228818192,bench_cmp_abs_to_abs
534.66736,534.66946,0.0020999999999276042,5779.501732697453,bench_cmp_abs_to_abs
534.86974,534.87126,0.0015200000000277214,4620.294631546026,bench_cmp_ind_to_abs
535.07156,535.07308,0.0015200000000277214,4611.81268337013,bench_cmp_ind_to_abs
535.27336,535.27488,0.0015200000000277214,4602.293993894675,bench_cmp_ind_to_abs
535.47516,535.47668,0.0015200000000277214,4594.549927950421,bench_cmp_ind_to_abs
535.67698,535.6785,0.0015200000000277214,4578.607291996236,bench_cmp_ind_to_abs
535.87878,535.88032,0.0015399999999772263,4664.026631442859,bench_cmp_ind_to_abs
536.0806,536.08212,0.0015200000000277214,4593.717374459436,bench_cmp_ind_to_abs
536.28242,536.28394,0.0015200000000277214,4601.262812586999,bench_cmp_ind_to_abs
536.48422,536.48574,0.0015199999999140346,4616.568358351103,bench_cmp_ind_to_abs
536.68604,536.68756,0.0015199999999140346,4620.6249084467745,bench_cmp_ind_to_abs
536.88784,536.88936,0.0015200000000277214,4636.356888890455,bench_cmp_ind_to_abs
537.08966,537.09118,0.0015200000000277214,4613.707114563249,bench_cmp_ind_to_abs
537.29148,537.293,0.0015200000000277214,4590.077845000515,bench_cmp_ind_to_abs
537.4933,537.49482,0.0015200000000277214,4589.181421410748,bench_cmp_ind_to_abs
537.6951,537.69662,0.0015200000000277214,4574.900679374263,bench_cmp_ind_to_abs
537.89692,537.89844,0.0015200000000277214,4572.676555336631,bench_cmp_ind_to_abs
538.09872,538.10024,0.0015200000000277214,4587.924559689695,bench_cmp_ind_to_abs
538.30054,538.30206,0.0015200000000277214,4612.622917718958,bench_cmp_ind_to_abs
538.50236,538.50388,0.0015200000000277214,4622.130622245064,bench_cmp_ind_to_abs
538.70416,538.7057,0.0015399999999772263,4672.516232753866,bench_cmp_ind_to_abs
538.90598,538.9075,0.0015200000000277214,4623.567608733381,bench_cmp_ind_to_abs
539.1078,539.10932,0.0015200000000277214,4601.509310387418,bench_cmp_ind_to_abs
539.3096,539.31112,0.0015199999999140346,4602.015721344166,bench_cmp_ind_to_abs
539.5114,539.51294,0.0015399999999772263,4643.076686122578,bench_cmp_ind_to_abs
539.71322,539.71474,0.0015200000000277214,4566.773467316035,bench_cmp_ind_to_abs
539.91502,539.91654,0.0015200000000277214,4579.494425644163,bench_cmp_ind_to_abs
540.11684,540.11836,0.0015200000000277214,4616.222416601617,bench_cmp_ind_to_abs
540.31864,540.32018,0.001540000000090913,4677.7933117008815,bench_cmp_ind_to_abs
540.52046,540.52198,0.0015200000000277214,4604.069646533522,bench_cmp_ind_to_abs
540.72226,540.72378,0.0015200000000277214,4621.532822574631,bench_cmp_ind_to_abs
540.92406,540.92558,0.0015199999999140346,4601.9302887982785,bench_cmp_ind_to_abs
541.12586,541.12738,0.0015200000000277214,4599.664039066393,bench_cmp_ind_to_abs
541.32766,541.3292,0.0015399999999772263,4640.102935883868,bench_cmp_ind_to_abs
541.52948,541.531,0.0015199999999140346,4585.444188883673,bench_cmp_ind_to_abs
541.73128,541.7328,0.0015200000000277214,4590.667297684775,bench_cmp_ind_to_abs
541.9331,541.93462,0.0015200000000277214,4602.60333967725,bench_cmp_ind_to_abs
542.1349,542.13642,0.0015200000000277214,4609.993235292526,bench_cmp_ind_to_abs
542.33672,542.33824,0.0015200000000277214,4625.142517115409,bench_cmp_ind_to_abs
542.53852,542.54006,0.001540000000090913,4682.6596188353915,bench_cmp_ind_to_abs
542.74034,542.74186,0.0015200000000277214,4624.534754634244,bench_cmp_ind_to_abs
542.94214,542.94368,0.0015399999999772263,4664.183682689588,bench_cmp_ind_to_abs
543.14396,543.1455,0.0015399999999772263,4649.726278083268,bench_cmp_ind_to_abs
543.34578,543.3473,0.0015200000000277214,4589.127232402261,bench_cmp_ind_to_abs
543.54758,543.5491,0.0015199999999140346,4586.369634806073,bench_cmp_ind_to_abs
543.7494,543.75092,0.0015199999999140346,4587.396816088134,bench_cmp_ind_to_abs
543.95122,543.95274,0.0015199999999140346,4609.6249667205275,bench_cmp_ind_to_abs
544.15302,544.15456,0.0015399999999772263,4669.188770860608,bench_cmp_ind_to_abs
544.35484,544.35636,0.0015200000000277214,4620.085945436494,bench_cmp_ind_to_abs
544.55666,544.55818,0.0015200000000277214,4593.947166660733,bench_cmp_ind_to_abs
544.75848,544.76,0.0015200000000277214,4609.379773113862,bench_cmp_ind_to_abs
544.9603,544.96182,0.0015200000000277214,4593.678009778206,bench_cmp_ind_to_abs
545.1621,545.16362,0.0015200000000277214,4573.995005419733,bench_cmp_ind_to_abs
545.36392,545.36544,0.0015200000000277214,4575.536537532787,bench_cmp_ind_to_abs
545.56574,545.56726,0.0015200000000277214,4597.250905435431,bench_cmp_ind_to_abs
545.76754,545.76906,0.0015199999999140346,4600.090067566045,bench_cmp_ind_to_abs
545.96936,545.97088,0.0015199999999140346,4606.854722104928,bench_cmp_ind_to_abs
546.17116,546.17268,0.0015200000000277214,4617.677461443228,bench_cmp_ind_to_abs
546.37296,546.3745,0.0015399999999772263,4676.187743824588,bench_cmp_ind_to_abs
546.57478,546.5763,0.0015199999999140346,4616.822427802488,bench_cmp_ind_to_abs
546.77658,546.7781,0.0015200000000277214,4598.808148961923,bench_cmp_ind_to_abs
546.9784,546.97992,0.0015200000000277214,4593.039273839223,bench_cmp_ind_to_abs
547.1802,547.18172,0.0015200000000277214,4573.868110396418,bench_cmp_ind_to_abs
547.382,547.38352,0.0015200000000277214,4597.378869160127,bench_cmp_ind_to_abs
547.5838,547.58534,0.0015399999999772263,4650.808658846545,bench_cmp_ind_to_abs
547.78562,547.78714,0.0015200000000277214,4612.689418798248,bench_cmp_ind_to_abs
547.98742,547.98894,0.0015199999999140346,4611.757434637145,bench_cmp_ind_to_abs
548.18924,548.19076,0.0015199999999140346,4622.549605290642,bench_cmp_ind_to_abs
548.39106,548.39258,0.0015199999999140346,4609.377197659185,bench_cmp_ind_to_abs
548.59286,548.59438,0.0015200000000277214,4592.352483970996,bench_cmp_ind_to_abs
548.79468,548.7962,0.0015200000000277214,4582.342139998657,bench_cmp_ind_to_abs
548.99648,548.998,0.0015200000000277214,4581.2343061805195,bench_cmp_ind_to_abs
549.19828,549.1998,0.0015200000000277214,4589.864211243821,bench_cmp_ind_to_abs
549.4001,549.40162,0.0015200000000277214,4595.662644218855,bench_cmp_ind_to_abs
549.6019,549.60344,0.0015399999999772263,4673.69179234107,bench_cmp_ind_to_abs
549.80372,549.80524,0.0015200000000277214,4626.515940843996,bench_cmp_ind_to_abs
550.00554,550.00706,0.0015200000000277214,4619.38390284037,bench_cmp_ind_to_abs
550.20734,550.20886,0.0015199999999140346,4616.545375639058,bench_cmp_ind_to_abs
550.40916,550.41068,0.0015199999999140346,4598.125831425833,bench_cmp_ind_to_abs
550.61096,550.6125,0.0015399999999772263,4634.849030922022,bench_cmp_ind_to_abs
550.81278,550.8143,0.0015200000000277214,4582.375155378009,bench_cmp_ind_to_abs
551.01458,551.01612,0.0015399999999772263,4646.522167532741,bench_cmp_ind_to_abs
551.2164,551.21792,0.0015200000000277214,4599.138293499346,bench_cmp_ind_to_abs
551.4182,551.41972,0.0015200000000277214,4624.676841862508,bench_cmp_ind_to_abs
551.62,551.62154,0.0015399999999772263,4672.0490394403805,bench_cmp_ind_to_abs
551.82182,551.82334,0.0015200000000277214,4615.3313876919,bench_cmp_ind_to_abs
552.02362,552.02516,0.0015399999999772263,4674.147118277722,bench_cmp_ind_to_abs
552.22544,552.22696,0.0015199999999140346,4618.9867912040945,bench_cmp_ind_to_abs
552.42724,552.42876,0.0015200000000277214,4595.904264220611,bench_cmp_ind_to_abs
552.62906,552.63058,0.0015200000000277214,4598.223613663138,bench_cmp_ind_to_abs
552.83088,552.8324,0.0015200000000277214,4595.570685426342,bench_cmp_ind_to_abs
553.03268,553.0342,0.0015200000000277214,4604.513219173006,bench_cmp_ind_to_abs
553.2345,553.23602,0.0015200000000277214,4635.92901834563,bench_cmp_ind_to_abs
553.4363,553.43784,0.001540000000090913,4678.195403234445,bench_cmp_ind_to_abs
553.63812,553.63964,0.0015200000000277214,4624.157832093043,bench_cmp_ind_to_abs
553.83994,553.84146,0.0015200000000277214,4600.244045812673,bench_cmp_ind_to_abs
554.04176,554.04328,0.0015200000000277214,4609.136942394768,bench_cmp_ind_to_abs
554.24356,554.24508,0.0015200000000277214,4601.114122283485,bench_cmp_ind_to_abs
554.44538,554.4469,0.0015200000000277214,4587.569704830222,bench_cmp_ind_to_abs
554.6472,554.64872,0.0015200000000277214,4580.844177483438,bench_cmp_ind_to_abs
554.849,554.85052,0.0015199999999140346,4592.494261186505,bench_cmp_ind_to_abs
555.05082,555.05232,0.0014999999999645297,4594.46440439764,bench_cmp_aut_to_abs
555.25262,555.25412,0.0014999999999645297,4601.299182867127,bench_cmp_aut_to_abs
555.4544,555.4559,0.0015000000000782165,4603.594630264169,bench_cmp_aut_to_abs
555.6562,555.6577,0.0014999999999645297,4597.503007282474,bench_cmp_aut_to_abs
555.85798,555.8595,0.0015200000000277214,4637.890588575488,bench_cmp_aut_to_abs
556.05978,556.06128,0.0014999999999645297,4562.599812528211,bench_cmp_aut_to_abs
556.26158,556.26308,0.0014999999999645297,4556.143092819603,bench_cmp_aut_to_abs
556.46336,556.46486,0.0015000000000782165,4578.897657576169,bench_cmp_aut_to_abs
556.66516,556.66666,0.0014999999999645297,4580.899646856353,bench_cmp_aut_to_abs
556.86694,556.86846,0.0015200000000277214,4662.483260120878,bench_cmp_aut_to_abs
557.06874,557.07024,0.0014999999999645297,4597.245354557491,bench_cmp_aut_to_abs
557.27054,557.27204,0.0014999999999645297,4603.5355049007,bench_cmp_aut_to_abs
557.47234,557.47384,0.0014999999999645297,4594.033888895581,bench_cmp_aut_to_abs
557.67412,557.67562,0.0014999999999645297,4576.7760741335305,bench_cmp_aut_to_abs
557.87592,557.87742,0.0015000000000782165,4573.303407760676,bench_cmp_aut_to_abs
558.0777,558.0792,0.0014999999999645297,4570.75244270496,bench_cmp_aut_to_abs
558.2795,558.281,0.0014999999999645297,4569.087787425218,bench_cmp_aut_to_abs
558.4813,558.4828,0.0014999999999645297,4580.174074394977,bench_cmp_aut_to_abs
558.68308,558.68458,0.0014999999999645297,4593.396512680573,bench_cmp_aut_to_abs
558.88486,558.88638,0.0015200000000277214,4668.932689901038,bench_cmp_aut_to_abs
559.08666,559.08816,0.0014999999999645297,4606.788055856712,bench_cmp_aut_to_abs
559.28844,559.28994,0.0014999999999645297,4596.418663746953,bench_cmp_aut_to_abs
559.49024,559.49174,0.0015000000000782165,4589.21123320402,bench_cmp_aut_to_abs
559.69202,559.69352,0.0015000000000782165,4562.278066532694,bench_cmp_aut_to_abs
559.89382,559.89532,0.0014999999999645297,4565.907686373081,bench_cmp_aut_to_abs
560.0956,560.0971,0.0014999999999645297,4563.354952151654,bench_cmp_aut_to_abs
560.29738,560.2989,0.0015200000000277214,4646.35310005008,bench_cmp_aut_to_abs
560.49918,560.50068,0.0014999999999645297,4592.739534451729,bench_cmp_aut_to_abs
560.70098,560.70248,0.0015000000000782165,4609.922685433803,bench_cmp_aut_to_abs
560.90276,560.90426,0.0015000000000782165,4601.688371280328,bench_cmp_aut_to_abs
561.10456,561.10606,0.0014999999999645297,4598.144693191689,bench_cmp_aut_to_abs
561.30636,561.30786,0.0014999999999645297,4583.195152116557,bench_cmp_aut_to_abs
561.50814,561.50964,0.0014999999999645297,4565.250370543372,bench_cmp_aut_to_abs
561.70994,561.71144,0.0015000000000782165,4553.187603834465,bench_cmp_aut_to_abs
561.91172,561.91324,0.0015200000000277214,4639.733992601214,bench_cmp_aut_to_abs
562.11352,562.11502,0.0014999999999645297,4586.65823786357,bench_cmp_aut_to_abs
562.31532,562.31682,0.0014999999999645297,4587.897658235257,bench_cmp_aut_to_abs
562.5171,562.51862,0.0015200000000277214,4668.757435946455,bench_cmp_aut_to_abs
562.7189,562.7204,0.0015000000000782165,4604.6743707372125,bench_cmp_aut_to_abs
562.9207,562.9222,0.0014999999999645297,4595.2697935339565,bench_cmp_aut_to_abs
563.1225,563.124,0.0015000000000782165,4583.455729536143,bench_cmp_aut_to_abs
563.3243,563.3258,0.0014999999999645297,4561.557357554211,bench_cmp_aut_to_abs
563.52608,563.5276,0.0015200000000277214,4630.226355595161,bench_cmp_aut_to_abs
563.72788,563.7294,0.0015200000000277214,4630.002570420578,bench_cmp_aut_to_abs
563.92968,563.93118,0.0015000000000782165,4603.736575470245,bench_cmp_aut_to_abs
564.13148,564.13298,0.0014999999999645297,4589.673820773357,bench_cmp_aut_to_abs
564.33328,564.33478,0.0015000000000782165,4601.4791030965725,bench_cmp_aut_to_abs
564.53508,564.53658,0.0014999999999645297,4613.813431825792,bench_cmp_aut_to_abs
564.73688,564.7384,0.0015199999999140346,4660.495505402699,bench_cmp_aut_to_abs
564.93868,564.9402,0.0015200000000277214,4643.324606675207,bench_cmp_aut_to_abs
565.1405,565.142,0.0015000000000782165,4563.636756743562,bench_cmp_aut_to_abs
565.3423,565.3438,0.0014999999999645297,4558.918347940713,bench_cmp_aut_to_abs
565.5441,565.5456,0.0015000000000782165,4583.4143089673325,bench_cmp_aut_to_abs
565.7459,565.7474,0.0014999999999645297,4598.214924227132,bench_cmp_aut_to_abs
565.9477,565.9492,0.0014999999999645297,4599.4551711572,bench_cmp_aut_to_abs
566.1495,566.151,0.0014999999999645297,4612.123109287649,bench_cmp_aut_to_abs
566.3513,566.3528,0.0014999999999645297,4598.037509602367,bench_cmp_aut_to_abs
566.5531,566.5546,0.0015000000000782165,4589.337033925901,bench_cmp_aut_to_abs
566.7549,566.7564,0.0014999999999645297,4580.776786790879,bench_cmp_aut_to_abs
566.9567,566.9582,0.0015000000000782165,4577.41778833407,bench_cmp_aut_to_abs
567.1585,567.16,0.0014999999999645297,4571.312270021708,bench_cmp_aut_to_abs
567.3603,567.3618,0.0014999999999645297,4570.045319743744,bench_cmp_aut_to_abs
567.5621,567.5636,0.0014999999999645297,4595.464172201134,bench_cmp_aut_to_abs
567.7639,567.7654,0.0014999999999645297,4606.987901387036,bench_cmp_aut_to_abs
567.9657,567.96722,0.0015200000000277214,4665.149790321483,bench_cmp_aut_to_abs
568.1675,568.16902,0.0015200000000277214,4653.040133496044,bench_cmp_aut_to_abs
568.3693,568.3708,0.0015000000000782165,4582.641700058184,bench_cmp_aut_to_abs
568.5711,568.5726,0.0014999999999645297,4577.837015858112,bench_cmp_aut_to_abs
568.7729,568.7744,0.0014999999999645297,4561.360622641483,bench_cmp_aut_to_abs
568.97468,568.9762,0.0015199999999140346,4612.796294707856,bench_cmp_aut_to_abs
569.17648,569.178,0.0015200000000277214,4643.236773637564,bench_cmp_aut_to_abs
569.37828,569.37978,0.0014999999999645297,4595.0388395047285,bench_cmp_aut_to_abs
569.58008,569.58158,0.0015000000000782165,4600.943550709244,bench_cmp_aut_to_abs
569.78188,569.78338,0.0014999999999645297,4591.788656434108,bench_cmp_aut_to_abs
569.98368,569.98518,0.0014999999999645297,4588.9342877805475,bench_cmp_aut_to_abs
570.18546,570.18696,0.0014999999999645297,4586.303043068311,bench_cmp_aut_to_abs
570.38726,570.38876,0.0015000000000782165,4566.6067188234365,bench_cmp_aut_to_abs
570.58906,570.59056,0.0014999999999645297,4561.038284923528,bench_cmp_aut_to_abs
570.79084,570.79234,0.0014999999999645297,4565.0844018789585,bench_cmp_aut_to_abs
570.99262,570.99414,0.0015200000000277214,4663.273573474249,bench_cmp_aut_to_abs
571.19442,571.19592,0.0014999999999645297,4604.699693045413,bench_cmp_aut_to_abs
571.39622,571.39772,0.0015000000000782165,4607.357571610298,bench_cmp_aut_to_abs
571.598,571.59952,0.0015200000000277214,4668.222386472308,bench_cmp_aut_to_abs
571.7998,571.8013,0.0014999999999645297,4595.665575363484,bench_cmp_aut_to_abs
572.0016,572.0031,0.0014999999999645297,4594.8883657151955,bench_cmp_aut_to_abs
572.20338,572.20488,0.0014999999999645297,4564.652747831712,bench_cmp_aut_to_abs
572.40518,572.40668,0.0015000000000782165,4561.673845399765,bench_cmp_aut_to_abs
572.60698,572.60848,0.0014999999999645297,4573.011146750329,bench_cmp_aut_to_abs
572.80876,572.81026,0.0014999999999645297,4596.120023523018,bench_cmp_aut_to_abs
573.01056,573.01206,0.0014999999999645297,4592.013265828631,bench_cmp_aut_to_abs
573.21234,573.21386,0.0015199999999140346,4661.527718150989,bench_cmp_aut_to_abs
573.41414,573.41564,0.0015000000000782165,4602.609281668801,bench_cmp_aut_to_abs
573.61592,573.61742,0.0015000000000782165,4598.15511038619,bench_cmp_aut_to_abs
573.8177,573.8192,0.0015000000000782165,4582.041967900111,bench_cmp_aut_to_abs
574.0195,574.021,0.0014999999999645297,4580.677081722281,bench_cmp_aut_to_abs
574.22128,574.22278,0.0014999999999645297,4559.396828882213,bench_cmp_aut_to_abs
574.42308,574.42458,0.0014999999999645297,4579.288216664644,bench_cmp_aut_to_abs
574.62486,574.62636,0.0014999999999645297,4591.368252765572,bench_cmp_aut_to_abs
574.82666,574.82816,0.0015000000000782165,4592.061816024123,bench_cmp_aut_to_abs
575.02844,575.02994,0.0014999999999645297,4613.26735781691,bench_cmp_aut_to_abs
