t_start_s,t_end_s,duration_s,energy_nJ,event_label
9.829,9.83038,0.0013799999999992707,3785.3610166325957,bench_mov_reg_to_idx
10.03066,10.03204,0.001380000000001047,3805.2199152329017,bench_mov_reg_to_idx
10.23232,10.2337,0.001380000000001047,3784.7956386423834,bench_mov_reg_to_idx
10.43398,10.43538,0.00140000000000029,3840.4755410745042,bench_mov_reg_to_idx
10.63566,10.63704,0.001380000000001047,3767.7613482839092,bench_mov_reg_to_idx
10.83732,10.8387,0.0013799999999992707,3768.6812062727276,bench_mov_reg_to_idx
11.03898,11.04036,0.0013799999999992707,3816.7062844126913,bench_mov_reg_to_idx
11.24064,11.24204,0.0013999999999985135,3899.0920758760667,bench_mov_reg_to_idx
11.44232,11.4437,0.0013799999999992707,3835.166627538962,bench_mov_reg_to_idx
11.64398,11.64536,0.0013799999999992707,3850.807612759531,bench_mov_reg_to_idx
11.84564,11.84702,0.001380000000001047,3843.5716042325826,bench_mov_reg_to_idx
12.04732,12.0487,0.001380000000001047,3872.7074628725986,bench_mov_reg_to_idx
12.24898,12.25036,0.001380000000001047,3843.1645510748326,bench_mov_reg_to_idx
12.45064,12.45202,0.0013799999999992707,3818.926510864578,bench_mov_reg_to_idx
12.65232,12.6537,0.001380000000001047,3778.4930574737828,bench_mov_reg_to_idx
12.85398,12.85536,0.0013799999999992707,3757.924290837552,bench_mov_reg_to_idx
13.05564,13.05702,0.0013799999999992707,3761.246011124673,bench_mov_reg_to_idx
13.2573,13.2587,0.0013999999999985135,3834.9961489394345,bench_mov_reg_to_idx
13.45898,13.46036,0.0013799999999992707,3770.43698448469,bench_mov_reg_to_idx
13.66064,13.66204,0.0013999999999985135,3829.01040603901,bench_mov_reg_to_idx
13.86232,13.8637,0.0013799999999992707,3784.335807429245,bench_mov_reg_to_idx
14.06398,14.06536,0.0013799999999992707,3782.347147350663,bench_mov_reg_to_idx
14.26564,14.26704,0.00140000000000029,3831.017503981529,bench_mov_reg_to_idx
14.4673,14.4687,0.00140000000000029,3823.2600688942744,bench_mov_reg_to_idx
14.66898,14.67036,0.001380000000001047,3750.733756463177,bench_mov_reg_to_idx
14.87064,14.87202,0.0013799999999992707,3737.8596421311267,bench_mov_reg_to_idx
15.0723,15.07368,0.0013799999999992707,3749.2153956533225,bench_mov_reg_to_idx
15.27396,15.27536,0.0013999999999985135,3813.0853674330215,bench_mov_reg_to_idx
15.47564,15.47702,0.0013799999999992707,3769.94958380025,bench_mov_reg_to_idx
15.6773,15.67868,0.0013799999999992707,3778.677701482085,bench_mov_reg_to_idx
15.87896,15.88034,0.001380000000001047,3777.3372349359834,bench_mov_reg_to_idx
16.08062,16.082,0.001380000000001047,3775.7245195125165,bench_mov_reg_to_idx
16.28228,16.28366,0.001380000000001047,3778.4584751379134,bench_mov_reg_to_idx
16.48394,16.48532,0.001380000000001047,3762.9896821479942,bench_mov_reg_to_idx
16.6856,16.68698,0.0013799999999974943,3745.4709247615046,bench_mov_reg_to_idx
16.88726,16.88866,0.00140000000000029,3801.0162347930636,bench_mov_reg_to_idx
17.08892,17.0903,0.0013799999999974943,3751.199229147313,bench_mov_reg_to_idx
17.29058,17.29198,0.00140000000000029,3831.994619687419,bench_mov_reg_to_idx
17.49224,17.49364,0.00140000000000029,3842.235540506629,bench_mov_reg_to_idx
17.69392,17.6953,0.001380000000001047,3782.0766400579205,bench_mov_reg_to_idx
17.89558,17.89696,0.001380000000001047,3764.163798190157,bench_mov_reg_to_idx
18.09724,18.09862,0.001380000000001047,3775.3958464629727,bench_mov_reg_to_idx
18.2989,18.30028,0.001380000000001047,3760.4834232510398,bench_mov_reg_to_idx
18.50056,18.50194,0.001380000000001047,3757.7014416483707,bench_mov_reg_to_idx
18.70222,18.7036,0.001380000000001047,3746.3871180105366,bench_mov_reg_to_idx
18.90388,18.90526,0.0013799999999974943,3745.054868042795,bench_mov_reg_to_idx
19.10554,19.10692,0.0013799999999974943,3766.739417325796,bench_mov_reg_to_idx
19.3072,19.3086,0.0013999999999967372,3822.7164070027757,bench_mov_reg_to_idx
19.50886,19.51024,0.001380000000001047,3779.0542421893874,bench_mov_reg_to_idx
19.71052,19.7119,0.001380000000001047,3769.2126003126436,bench_mov_reg_to_idx
19.91218,19.91356,0.001380000000001047,3779.791451527821,bench_mov_reg_to_idx
20.11384,20.11522,0.001380000000001047,3779.3250521673285,bench_mov_reg_to_idx
20.3155,20.31688,0.001380000000001047,3776.637951380441,bench_mov_reg_to_idx
20.51716,20.51854,0.001380000000001047,3751.6437843465205,bench_mov_reg_to_idx
20.71882,20.7202,0.0013799999999974943,3741.0705326983516,bench_mov_reg_to_idx
20.92048,20.92186,0.0013799999999974943,3749.349175479482,bench_mov_reg_to_idx
21.12214,21.12352,0.0013799999999974943,3750.474085092704,bench_mov_reg_to_idx
21.3238,21.32518,0.001380000000001047,3775.597496427137,bench_mov_reg_to_idx
21.52546,21.52684,0.001380000000001047,3771.5661036815154,bench_mov_reg_to_idx
21.72712,21.7285,0.001380000000001047,3799.072117547686,bench_mov_reg_to_idx
21.92878,21.93016,0.001380000000001047,3791.088068394987,bench_mov_reg_to_idx
22.13044,22.13182,0.001380000000001047,3769.836344293072,bench_mov_reg_to_idx
22.3321,22.33348,0.001380000000001047,3776.638142301231,bench_mov_reg_to_idx
22.53376,22.53514,0.0013799999999974943,3757.993730243541,bench_mov_reg_to_idx
22.73542,22.7368,0.0013799999999974943,3746.3148985916628,bench_mov_reg_to_idx
22.93708,22.93846,0.0013799999999974943,3744.7287002504204,bench_mov_reg_to_idx
23.13874,23.14012,0.001380000000001047,3758.4408978034744,bench_mov_reg_to_idx
23.3404,23.34178,0.001380000000001047,3769.911527637113,bench_mov_reg_to_idx
23.54206,23.54344,0.001380000000001047,3778.2199354870468,bench_mov_reg_to_idx
23.74372,23.7451,0.001380000000001047,3780.758744108684,bench_mov_reg_to_idx
23.94538,23.94676,0.001380000000001047,3775.5641597348317,bench_mov_reg_to_idx
24.14704,24.14842,0.001380000000001047,3777.3936637701568,bench_mov_reg_to_idx
24.3487,24.35008,0.0013799999999974943,3779.389678959204,bench_mov_reg_to_idx
24.55036,24.55174,0.0013799999999974943,3737.1985241696984,bench_mov_reg_to_idx
24.75202,24.7534,0.0013799999999974943,3751.351002130645,bench_mov_reg_to_idx
24.95366,24.95504,0.001380000000001047,3755.991172514162,bench_mov_reg_to_idx
25.15532,25.1567,0.001380000000001047,3761.214315894106,bench_mov_reg_to_idx
25.35698,25.35836,0.001380000000001047,3774.0476778735274,bench_mov_reg_to_idx
25.55864,25.56002,0.001380000000001047,3776.9311014590544,bench_mov_reg_to_idx
25.7603,25.7617,0.00140000000000029,3847.389565781317,bench_mov_reg_to_idx
25.96198,25.96336,0.001380000000001047,3773.08094175781,bench_mov_reg_to_idx
26.16364,26.16504,0.00140000000000029,3847.738280892792,bench_mov_reg_to_idx
26.36532,26.3667,0.001380000000001047,3755.2579119828024,bench_mov_reg_to_idx
26.56698,26.56836,0.0013799999999974943,3744.181315407498,bench_mov_reg_to_idx
26.76864,26.77002,0.0013799999999974943,3743.5083021338796,bench_mov_reg_to_idx
26.9703,26.97168,0.0013799999999974943,3760.9394732788896,bench_mov_reg_to_idx
27.17196,27.17334,0.001380000000001047,3768.0261931415735,bench_mov_reg_to_idx
27.37362,27.375,0.001380000000001047,3767.703217457689,bench_mov_reg_to_idx
27.57528,27.57666,0.001380000000001047,3787.3893766693195,bench_mov_reg_to_idx
27.77694,27.77832,0.001380000000001047,3782.655985563001,bench_mov_reg_to_idx
27.9786,27.97998,0.001380000000001047,3773.2865405295424,bench_mov_reg_to_idx
28.18026,28.18164,0.001380000000001047,3793.884436602282,bench_mov_reg_to_idx
28.38192,28.3833,0.0013799999999974943,3770.159978877921,bench_mov_reg_to_idx
28.58358,28.58496,0.0013799999999974943,3762.5616579244474,bench_mov_reg_to_idx
28.78524,28.78662,0.0013799999999974943,3744.658029165352,bench_mov_reg_to_idx
28.98688,28.98828,0.00140000000000029,3802.2820418710958,bench_mov_reg_to_idx
29.18854,29.18994,0.00140000000000029,3835.762636736918,bench_mov_reg_to_idx
29.3902,29.3916,0.00140000000000029,3828.6357815383453,bench_mov_reg_to_idx
29.59188,29.59326,0.001380000000001047,3790.4375162935266,bench_mov_reg_to_idx
29.79354,29.79492,0.001380000000001047,3786.4164053489253,bench_mov_reg_to_idx
29.9952,29.99718,0.0019799999999996487,5389.461149460279,bench_mov_imm_to_idx
30.19746,30.19944,0.0019799999999996487,5374.513873829477,bench_mov_imm_to_idx
30.39972,30.4017,0.0019800000000032014,5332.588697792571,bench_mov_imm_to_idx
30.60198,30.60394,0.001960000000000406,5268.905207049852,bench_mov_imm_to_idx
30.80422,30.8062,0.0019799999999996487,5341.833271084748,bench_mov_imm_to_idx
31.00648,31.00844,0.001960000000000406,5312.494188548118,bench_mov_imm_to_idx
31.20872,31.2107,0.0019799999999996487,5375.2818237981555,bench_mov_imm_to_idx
31.41098,31.41296,0.0019800000000032014,5366.778001198184,bench_mov_imm_to_idx
31.61324,31.61522,0.0019799999999996487,5358.090256339439,bench_mov_imm_to_idx
31.8155,31.81748,0.0019799999999996487,5342.114297671891,bench_mov_imm_to_idx
32.01774,32.01972,0.001979999999996096,5316.305044095417,bench_mov_imm_to_idx
32.22,32.22196,0.0019600000000039586,5268.217714048298,bench_mov_imm_to_idx
32.42224,32.42422,0.001979999999996096,5353.036248113335,bench_mov_imm_to_idx
32.6245,32.62648,0.0019800000000032014,5369.909333540232,bench_mov_imm_to_idx
32.82676,32.82874,0.0019800000000032014,5373.393716298695,bench_mov_imm_to_idx
33.029,33.03098,0.001979999999996096,5374.402834556858,bench_mov_imm_to_idx
33.23126,33.23324,0.0019800000000032014,5360.478307129145,bench_mov_imm_to_idx
33.43352,33.43548,0.001959999999996853,5279.837185508051,bench_mov_imm_to_idx
33.63576,33.63774,0.0019800000000032014,5331.925845248731,bench_mov_imm_to_idx
33.83802,33.83998,0.001959999999996853,5291.162230996891,bench_mov_imm_to_idx
34.04028,34.04224,0.001959999999996853,5309.273260636269,bench_mov_imm_to_idx
34.24252,34.2445,0.0019800000000032014,5383.927731318124,bench_mov_imm_to_idx
34.44478,34.44674,0.001959999999996853,5324.812454628252,bench_mov_imm_to_idx
34.64702,34.649,0.0019800000000032014,5364.475741526513,bench_mov_imm_to_idx
34.84928,34.85126,0.0019800000000032014,5335.899451755391,bench_mov_imm_to_idx
35.05152,35.0535,0.0019800000000032014,5338.361884943245,bench_mov_imm_to_idx
35.25378,35.25576,0.0019800000000032014,5344.708065976396,bench_mov_imm_to_idx
35.45604,35.45802,0.001979999999996096,5356.763422012114,bench_mov_imm_to_idx
35.6583,35.66028,0.0019800000000032014,5392.619522764034,bench_mov_imm_to_idx
35.86056,35.86252,0.0019600000000039586,5316.880925103719,bench_mov_imm_to_idx
36.06282,36.06478,0.001959999999996853,5318.1490930635355,bench_mov_imm_to_idx
36.26506,36.26704,0.0019800000000032014,5340.785647285858,bench_mov_imm_to_idx
36.46732,36.4693,0.001979999999996096,5324.86979150061,bench_mov_imm_to_idx
36.66958,36.67156,0.001979999999996096,5328.796422097382,bench_mov_imm_to_idx
36.87184,36.87382,0.0019800000000032014,5359.206465081418,bench_mov_imm_to_idx
37.0741,37.07608,0.001979999999996096,5375.339824229494,bench_mov_imm_to_idx
37.27636,37.27832,0.0019600000000039586,5326.604428713509,bench_mov_imm_to_idx
37.47862,37.48058,0.0019600000000039586,5310.414654679038,bench_mov_imm_to_idx
37.68088,37.68284,0.001959999999996853,5301.080495109782,bench_mov_imm_to_idx
37.88314,37.88512,0.0019800000000032014,5340.981101626902,bench_mov_imm_to_idx
38.0854,38.08738,0.0019800000000032014,5330.442145941078,bench_mov_imm_to_idx
38.28766,38.28962,0.001959999999996853,5302.64786443681,bench_mov_imm_to_idx
38.48992,38.49188,0.0019600000000039586,5315.167491801513,bench_mov_imm_to_idx
38.69218,38.69416,0.001979999999996096,5381.620689284313,bench_mov_imm_to_idx
38.89444,38.89642,0.001979999999996096,5372.423653013795,bench_mov_imm_to_idx
39.09672,39.09868,0.0019600000000039586,5314.760894991775,bench_mov_imm_to_idx
39.29898,39.30094,0.001959999999996853,5287.61073247584,bench_mov_imm_to_idx
39.50124,39.50322,0.001979999999996096,5328.558736935359,bench_mov_imm_to_idx
39.7035,39.70548,0.0019800000000032014,5342.713345317073,bench_mov_imm_to_idx
39.90578,39.90776,0.0019800000000032014,5363.163279843456,bench_mov_imm_to_idx
40.10804,40.11002,0.001979999999996096,5377.052295941474,bench_mov_imm_to_idx
40.3103,40.31228,0.0019800000000032014,5385.268908003601,bench_mov_imm_to_idx
40.51258,40.51454,0.001959999999996853,5314.723518668096,bench_mov_imm_to_idx
40.71484,40.71682,0.001979999999996096,5348.214253305994,bench_mov_imm_to_idx
40.9171,40.91908,0.0019800000000032014,5328.0112915774735,bench_mov_imm_to_idx
41.11936,41.12134,0.001979999999996096,5336.0470896478555,bench_mov_imm_to_idx
41.32162,41.3236,0.001979999999996096,5358.645482908608,bench_mov_imm_to_idx
41.5239,41.52586,0.0019600000000039586,5318.411502533272,bench_mov_imm_to_idx
41.72616,41.72814,0.0019800000000032014,5371.278296233043,bench_mov_imm_to_idx
41.92844,41.9304,0.001959999999996853,5319.820151189137,bench_mov_imm_to_idx
42.1307,42.13268,0.0019800000000032014,5338.388520768183,bench_mov_imm_to_idx
42.33296,42.33494,0.0019800000000032014,5331.613449388224,bench_mov_imm_to_idx
42.53524,42.5372,0.001959999999996853,5275.469131293395,bench_mov_imm_to_idx
42.7375,42.73948,0.0019800000000032014,5346.72068665812,bench_mov_imm_to_idx
42.93976,42.94174,0.0019800000000032014,5363.7316892939725,bench_mov_imm_to_idx
43.14202,43.144,0.001979999999996096,5380.452356755145,bench_mov_imm_to_idx
43.3443,43.34626,0.0019600000000039586,5321.727595304354,bench_mov_imm_to_idx
43.54656,43.54852,0.0019600000000039586,5296.413823972513,bench_mov_imm_to_idx
43.74882,43.7508,0.001979999999996096,5344.762580923651,bench_mov_imm_to_idx
43.95108,43.95306,0.0019800000000032014,5346.8593629171455,bench_mov_imm_to_idx
44.15334,44.15532,0.0019800000000032014,5336.539256394302,bench_mov_imm_to_idx
44.35562,44.35758,0.001959999999996853,5311.729751983502,bench_mov_imm_to_idx
44.55788,44.55984,0.0019600000000039586,5332.308055378277,bench_mov_imm_to_idx
44.76014,44.76212,0.0019800000000032014,5390.559814413222,bench_mov_imm_to_idx
44.9624,44.96438,0.001979999999996096,5366.3407359158355,bench_mov_imm_to_idx
45.16466,45.16664,0.0019800000000032014,5352.206053221413,bench_mov_imm_to_idx
45.36692,45.3689,0.001979999999996096,5325.6359044348055,bench_mov_imm_to_idx
45.5692,45.57116,0.001959999999996853,5265.95980393729,bench_mov_imm_to_idx
45.77146,45.77344,0.0019800000000032014,5357.972679203826,bench_mov_imm_to_idx
45.97372,45.9757,0.0019800000000032014,5370.924388998039,bench_mov_imm_to_idx
46.17598,46.17796,0.001979999999996096,5389.854938245199,bench_mov_imm_to_idx
46.37824,46.38022,0.0019800000000032014,5379.794125919781,bench_mov_imm_to_idx
46.58052,46.58248,0.001959999999996853,5297.278279895296,bench_mov_imm_to_idx
46.78278,46.78476,0.001979999999996096,5321.295801538687,bench_mov_imm_to_idx
46.98504,46.98702,0.0019800000000032014,5332.1241657341925,bench_mov_imm_to_idx
47.18732,47.18928,0.001959999999996853,5300.157358861325,bench_mov_imm_to_idx
47.38958,47.39156,0.001979999999996096,5368.330709158987,bench_mov_imm_to_idx
47.59184,47.59382,0.0019800000000032014,5382.089696368712,bench_mov_imm_to_idx
47.7941,47.79608,0.0019800000000032014,5364.591735423258,bench_mov_imm_to_idx
47.99636,47.99834,0.001979999999996096,5354.982092965069,bench_mov_imm_to_idx
48.19862,48.2006,0.0019800000000032014,5339.185125203667,bench_mov_imm_to_idx
48.40088,48.40284,0.001959999999996853,5263.015127266304,bench_mov_imm_to_idx
48.60314,48.6051,0.001959999999996853,5289.505880782213,bench_mov_imm_to_idx
48.80538,48.80736,0.0019800000000032014,5369.658749558956,bench_mov_imm_to_idx
49.00764,49.00962,0.001979999999996096,5376.313622097896,bench_mov_imm_to_idx
49.2099,49.21186,0.0019600000000039586,5322.995907638415,bench_mov_imm_to_idx
49.41214,49.41412,0.001979999999996096,5360.128558229804,bench_mov_imm_to_idx
49.6144,49.61636,0.001959999999996853,5282.852901136169,bench_mov_imm_to_idx
49.81664,49.81862,0.0019800000000032014,5339.001959663562,bench_mov_imm_to_idx
50.0189,50.02088,0.001979999999996096,5366.118990339314,bench_mov_imm_to_idx
50.22116,50.22328,0.0021200000000050068,6016.3389705267,bench_mov_idx_to_idx
50.42356,50.42568,0.0021199999999979013,6031.3275013980765,bench_mov_idx_to_idx
50.62598,50.6281,0.0021200000000050068,6030.597251388481,bench_mov_idx_to_idx
50.82838,50.8305,0.0021199999999979013,6019.9161805146505,bench_mov_idx_to_idx
51.03078,51.0329,0.0021199999999979013,5982.148668256862,bench_mov_idx_to_idx
51.23318,51.2353,0.0021200000000050068,5983.349531903715,bench_mov_idx_to_idx
51.43558,51.4377,0.0021199999999979013,6009.012197603716,bench_mov_idx_to_idx
51.638,51.64012,0.0021200000000050068,6027.518077767577,bench_mov_idx_to_idx
51.8404,51.84252,0.0021199999999979013,6029.87503399437,bench_mov_idx_to_idx
52.0428,52.04494,0.002139999999997144,6076.565298709103,bench_mov_idx_to_idx
52.24522,52.24734,0.0021199999999979013,6009.923506056025,bench_mov_idx_to_idx
52.44762,52.44974,0.0021199999999979013,5986.043447622428,bench_mov_idx_to_idx
52.65002,52.65216,0.0021400000000042496,6031.888413721204,bench_mov_idx_to_idx
52.85244,52.85456,0.0021199999999979013,6003.1947493489415,bench_mov_idx_to_idx
53.05484,53.05698,0.0021400000000042496,6078.407366306817,bench_mov_idx_to_idx
53.25726,53.25938,0.0021199999999979013,6024.837861762586,bench_mov_idx_to_idx
53.45966,53.46178,0.0021199999999979013,6022.178058040207,bench_mov_idx_to_idx
53.66206,53.66418,0.0021200000000050068,6014.0271810965505,bench_mov_idx_to_idx
53.86448,53.8666,0.0021199999999979013,5978.576368645769,bench_mov_idx_to_idx
54.06688,54.069,0.0021200000000050068,5973.5409589631045,bench_mov_idx_to_idx
54.26928,54.2714,0.0021199999999979013,6015.388730441484,bench_mov_idx_to_idx
54.47168,54.47382,0.0021400000000042496,6091.753817175662,bench_mov_idx_to_idx
54.6741,54.67622,0.0021199999999979013,6027.569156133343,bench_mov_idx_to_idx
54.8765,54.87862,0.0021199999999979013,6022.20149244482,bench_mov_idx_to_idx
55.0789,55.08102,0.0021200000000050068,5994.497467778911,bench_mov_idx_to_idx
55.2813,55.28342,0.0021199999999979013,5980.860616539729,bench_mov_idx_to_idx
55.4837,55.48582,0.0021199999999979013,5986.786428832822,bench_mov_idx_to_idx
55.6861,55.68822,0.0021199999999979013,6001.9236709854395,bench_mov_idx_to_idx
55.8885,55.89062,0.0021199999999979013,6011.997417074639,bench_mov_idx_to_idx
56.0909,56.09302,0.0021200000000050068,6039.832429975079,bench_mov_idx_to_idx
56.2933,56.29542,0.0021199999999979013,6039.989741978058,bench_mov_idx_to_idx
56.4957,56.49782,0.0021199999999979013,5998.990768560114,bench_mov_idx_to_idx
56.6981,56.70024,0.0021400000000042496,6043.576980023082,bench_mov_idx_to_idx
56.9005,56.90264,0.002139999999997144,6042.8323084401,bench_mov_idx_to_idx
57.1029,57.10502,0.0021200000000050068,6023.139583426665,bench_mov_idx_to_idx
57.3053,57.30742,0.0021199999999979013,6006.162478581655,bench_mov_idx_to_idx
57.50768,57.50982,0.002139999999997144,6085.547734975029,bench_mov_idx_to_idx
57.71008,57.7122,0.0021200000000050068,6022.646103534989,bench_mov_idx_to_idx
57.91248,57.9146,0.0021199999999979013,5990.339992560987,bench_mov_idx_to_idx
58.11488,58.117,0.0021199999999979013,5964.655140408879,bench_mov_idx_to_idx
58.31728,58.3194,0.0021200000000050068,5992.434509113585,bench_mov_idx_to_idx
58.51966,58.52178,0.0021199999999979013,6016.522056882487,bench_mov_idx_to_idx
58.72206,58.72418,0.0021199999999979013,6025.169722263904,bench_mov_idx_to_idx
58.92446,58.92658,0.0021199999999979013,6032.442885910326,bench_mov_idx_to_idx
59.12684,59.12896,0.0021199999999979013,6035.077054978399,bench_mov_idx_to_idx
59.32924,59.33136,0.0021199999999979013,5980.392480263477,bench_mov_idx_to_idx
59.53164,59.53376,0.0021199999999979013,5983.9218831558765,bench_mov_idx_to_idx
59.73404,59.73616,0.0021199999999979013,5972.449479152348,bench_mov_idx_to_idx
59.93644,59.93856,0.0021200000000050068,6011.313365321612,bench_mov_idx_to_idx
60.13884,60.14096,0.0021199999999979013,6030.411638778801,bench_mov_idx_to_idx
60.34124,60.34336,0.0021199999999979013,6028.317615849792,bench_mov_idx_to_idx
60.54362,60.54574,0.0021200000000050068,6015.075990013852,bench_mov_idx_to_idx
60.74602,60.74814,0.0021199999999979013,5983.738135539992,bench_mov_idx_to_idx
60.94842,60.95054,0.0021199999999979013,5968.550965184211,bench_mov_idx_to_idx
61.15082,61.15294,0.0021199999999979013,6008.470919907837,bench_mov_idx_to_idx
61.35322,61.35534,0.0021199999999979013,6033.332913642119,bench_mov_idx_to_idx
61.55562,61.55774,0.0021200000000050068,6032.114555142342,bench_mov_idx_to_idx
61.75802,61.76014,0.0021199999999979013,6018.28751852059,bench_mov_idx_to_idx
61.96042,61.96254,0.0021199999999979013,6028.594153461799,bench_mov_idx_to_idx
62.16282,62.16494,0.0021199999999979013,5990.466729265706,bench_mov_idx_to_idx
62.36522,62.36734,0.0021199999999979013,5983.157879666851,bench_mov_idx_to_idx
62.56762,62.56974,0.0021200000000050068,5993.178838412956,bench_mov_idx_to_idx
62.77002,62.77214,0.0021199999999979013,6030.0857224435895,bench_mov_idx_to_idx
62.97242,62.97454,0.0021199999999979013,6034.246778575427,bench_mov_idx_to_idx
63.17482,63.17694,0.0021200000000050068,6024.020419005456,bench_mov_idx_to_idx
63.37722,63.37936,0.002139999999997144,6062.537641256016,bench_mov_idx_to_idx
63.57962,63.58176,0.0021400000000042496,6047.764308763152,bench_mov_idx_to_idx
63.78202,63.78414,0.0021199999999979013,5991.628239856177,bench_mov_idx_to_idx
63.98442,63.98656,0.002139999999997144,6049.96013454293,bench_mov_idx_to_idx
64.18682,64.18896,0.002139999999997144,6079.331696957785,bench_mov_idx_to_idx
64.38924,64.39136,0.0021200000000050068,6027.19207761275,bench_mov_idx_to_idx
64.59164,64.59376,0.0021200000000050068,6015.830750126489,bench_mov_idx_to_idx
64.79404,64.79616,0.0021200000000050068,6005.826930064436,bench_mov_idx_to_idx
64.99644,64.99856,0.002119999999990796,5974.638687884401,bench_mov_idx_to_idx
65.19884,65.20096,0.002119999999990796,5980.315241004424,bench_mov_idx_to_idx
65.40124,65.40336,0.0021200000000050068,5987.424848149012,bench_mov_idx_to_idx
65.60364,65.60576,0.0021200000000050068,6024.125255659404,bench_mov_idx_to_idx
65.80604,65.80816,0.0021200000000050068,6035.425954047747,bench_mov_idx_to_idx
66.00846,66.01058,0.0021200000000050068,6031.802280354753,bench_mov_idx_to_idx
66.21086,66.21298,0.0021200000000050068,5997.072546757209,bench_mov_idx_to_idx
66.41326,66.41538,0.0021200000000050068,5981.372266557812,bench_mov_idx_to_idx
66.61568,66.6178,0.0021200000000050068,5976.520758136606,bench_mov_idx_to_idx
66.81808,66.8202,0.0021200000000050068,5997.643875904494,bench_mov_idx_to_idx
67.02048,67.0226,0.002119999999990796,6019.782770862996,bench_mov_idx_to_idx
67.22288,67.22502,0.002139999999997144,6079.398381980377,bench_mov_idx_to_idx
67.42528,67.42742,0.002139999999997144,6091.144483061566,bench_mov_idx_to_idx
67.6277,67.62982,0.002119999999990796,6000.744220773557,bench_mov_idx_to_idx
67.83008,67.83222,0.002140000000011355,6039.7944948968725,bench_mov_idx_to_idx
68.0325,68.03462,0.0021200000000050068,5974.729075110509,bench_mov_idx_to_idx
68.2349,68.23702,0.0021200000000050068,6003.876442570082,bench_mov_idx_to_idx
68.43732,68.43944,0.0021200000000050068,6010.063486188652,bench_mov_idx_to_idx
68.63972,68.64184,0.0021200000000050068,6016.588381040667,bench_mov_idx_to_idx
68.84212,68.84424,0.0021200000000050068,6018.060822986748,bench_mov_idx_to_idx
69.04452,69.04664,0.002119999999990796,5989.710267139467,bench_mov_idx_to_idx
69.24692,69.24906,0.002139999999997144,6042.920530298865,bench_mov_idx_to_idx
69.44934,69.45146,0.002119999999990796,5965.614749557018,bench_mov_idx_to_idx
69.65174,69.65386,0.002119999999990796,6002.927429481132,bench_mov_idx_to_idx
69.85416,69.85628,0.0021200000000050068,6025.886088624962,bench_mov_idx_to_idx
70.05656,70.0587,0.002139999999997144,6085.502267805144,bench_mov_idx_to_idx
70.25898,70.2611,0.0021200000000050068,6019.084439629621,bench_mov_idx_to_idx
70.4614,70.4635,0.0020999999999986585,6026.30923967454,bench_mov_sym_to_idx
70.6638,70.66588,0.002080000000006521,5944.981987141763,bench_mov_sym_to_idx
70.86618,70.86828,0.0020999999999986585,6018.843022171704,bench_mov_sym_to_idx
71.06856,71.07066,0.0020999999999986585,6048.173527228316,bench_mov_sym_to_idx
71.27094,71.27304,0.0020999999999986585,6052.959121295085,bench_mov_sym_to_idx
71.47334,71.47542,0.002080000000006521,5991.929075700275,bench_mov_sym_to_idx
71.67572,71.67782,0.0020999999999986585,6038.582257457205,bench_mov_sym_to_idx
71.8781,71.8802,0.0020999999999986585,6032.272940497084,bench_mov_sym_to_idx
72.08048,72.08258,0.0020999999999986585,6021.2994762672,bench_mov_sym_to_idx
72.28286,72.28496,0.0020999999999986585,6005.2613983823285,bench_mov_sym_to_idx
72.48524,72.48734,0.0020999999999986585,6042.692083860197,bench_mov_sym_to_idx
72.68762,72.68972,0.0020999999999986585,6071.312429846157,bench_mov_sym_to_idx
72.89002,72.89212,0.0020999999999986585,6051.3614001628885,bench_mov_sym_to_idx
73.0924,73.0945,0.0020999999999986585,6063.184461086903,bench_mov_sym_to_idx
73.29478,73.29688,0.0020999999999986585,6048.2638771601605,bench_mov_sym_to_idx
73.49716,73.49926,0.0021000000000128694,6023.034635038731,bench_mov_sym_to_idx
73.69952,73.70162,0.0020999999999986585,6035.6181603800005,bench_mov_sym_to_idx
73.9019,73.904,0.0020999999999986585,6042.749276381814,bench_mov_sym_to_idx
74.1043,74.10638,0.002080000000006521,5995.2966426696,bench_mov_sym_to_idx
74.30668,74.30876,0.002080000000006521,5999.3675537595345,bench_mov_sym_to_idx
74.50906,74.51116,0.0020999999999986585,6053.072181525328,bench_mov_sym_to_idx
74.71144,74.71354,0.0020999999999986585,6055.879520714753,bench_mov_sym_to_idx
74.91382,74.91592,0.0020999999999986585,6019.515497605632,bench_mov_sym_to_idx
75.1162,75.1183,0.0020999999999986585,6003.247157199125,bench_mov_sym_to_idx
75.3186,75.3207,0.0020999999999986585,6030.649754680002,bench_mov_sym_to_idx
75.52098,75.52308,0.0020999999999986585,6052.533907346692,bench_mov_sym_to_idx
75.72338,75.72548,0.0020999999999986585,6058.252097568442,bench_mov_sym_to_idx
75.92576,75.92786,0.0020999999999986585,6057.094330896054,bench_mov_sym_to_idx
76.12814,76.13024,0.0020999999999986585,6058.818697924583,bench_mov_sym_to_idx
76.33052,76.33262,0.0020999999999986585,6023.009894410049,bench_mov_sym_to_idx
76.5329,76.535,0.0020999999999986585,6022.931004405044,bench_mov_sym_to_idx
76.73528,76.73738,0.0020999999999986585,6017.479021097169,bench_mov_sym_to_idx
76.93766,76.93976,0.0021000000000128694,6052.980700080278,bench_mov_sym_to_idx
77.14004,77.14214,0.0020999999999986585,6065.230234522564,bench_mov_sym_to_idx
77.34242,77.34452,0.0020999999999986585,6076.797265555276,bench_mov_sym_to_idx
77.5448,77.5469,0.0020999999999986585,6061.5256358833385,bench_mov_sym_to_idx
77.74718,77.74928,0.0020999999999986585,6031.933205664531,bench_mov_sym_to_idx
77.94958,77.95168,0.0020999999999986585,5997.838957697852,bench_mov_sym_to_idx
78.15196,78.15406,0.0020999999999986585,6003.367425869307,bench_mov_sym_to_idx
78.35436,78.35646,0.0020999999999986585,6021.937446199613,bench_mov_sym_to_idx
78.55674,78.55884,0.0020999999999986585,6061.360076995771,bench_mov_sym_to_idx
78.75912,78.76122,0.0020999999999986585,6054.522576739394,bench_mov_sym_to_idx
78.9615,78.9636,0.0020999999999986585,6046.885407990747,bench_mov_sym_to_idx
79.16388,79.16598,0.0020999999999986585,6032.0104192897315,bench_mov_sym_to_idx
79.36626,79.36836,0.0020999999999986585,6013.269857499897,bench_mov_sym_to_idx
79.56864,79.57074,0.0020999999999986585,6019.7045979976765,bench_mov_sym_to_idx
79.77102,79.77312,0.0021000000000128694,6053.745425343979,bench_mov_sym_to_idx
79.97342,79.97552,0.0020999999999986585,6063.519984012991,bench_mov_sym_to_idx
80.1758,80.1779,0.0020999999999986585,6055.373586711121,bench_mov_sym_to_idx
80.37818,80.38028,0.0020999999999986585,6049.880268979554,bench_mov_sym_to_idx
80.58056,80.58266,0.0020999999999986585,6033.417435823303,bench_mov_sym_to_idx
80.78294,80.78504,0.0020999999999986585,6018.849764947413,bench_mov_sym_to_idx
80.98532,80.98742,0.0020999999999986585,6018.3537332297565,bench_mov_sym_to_idx
81.1877,81.1898,0.0020999999999986585,6038.855244400248,bench_mov_sym_to_idx
81.39008,81.39218,0.0020999999999986585,6042.024162594443,bench_mov_sym_to_idx
81.59246,81.59456,0.0020999999999986585,6063.662101509844,bench_mov_sym_to_idx
81.79484,81.79694,0.0021000000000128694,6065.275003241073,bench_mov_sym_to_idx
81.99722,81.99932,0.0020999999999986585,6024.689879264903,bench_mov_sym_to_idx
82.1996,82.2017,0.0020999999999986585,6007.776369801367,bench_mov_sym_to_idx
82.40198,82.40408,0.0020999999999986585,6013.332318977056,bench_mov_sym_to_idx
82.60436,82.60646,0.0020999999999986585,6025.399114001118,bench_mov_sym_to_idx
82.80672,82.80882,0.0020999999999986585,6061.897082251257,bench_mov_sym_to_idx
83.0091,83.0112,0.0020999999999986585,6057.3132196396145,bench_mov_sym_to_idx
83.21148,83.21358,0.0020999999999986585,6058.325560294927,bench_mov_sym_to_idx
83.41386,83.41596,0.0020999999999986585,6044.215471480042,bench_mov_sym_to_idx
83.61624,83.61834,0.0020999999999986585,6010.435293423203,bench_mov_sym_to_idx
83.81862,83.82072,0.0020999999999986585,6012.1275903628475,bench_mov_sym_to_idx
84.021,84.0231,0.0020999999999986585,6038.652951824947,bench_mov_sym_to_idx
84.22338,84.22548,0.0020999999999986585,6059.7671172531855,bench_mov_sym_to_idx
84.42576,84.42786,0.0020999999999986585,6053.524382874376,bench_mov_sym_to_idx
84.62814,84.63024,0.0020999999999986585,6059.700883920463,bench_mov_sym_to_idx
84.83052,84.83262,0.0020999999999986585,6032.123474865034,bench_mov_sym_to_idx
85.0329,85.035,0.0020999999999986585,6007.644983470529,bench_mov_sym_to_idx
85.23528,85.23738,0.0020999999999986585,5997.562564438757,bench_mov_sym_to_idx
85.43766,85.43976,0.0021000000000128694,6030.9278197041385,bench_mov_sym_to_idx
85.64004,85.64214,0.0020999999999986585,6049.232596993194,bench_mov_sym_to_idx
85.84242,85.84452,0.0020999999999986585,6056.661705947001,bench_mov_sym_to_idx
86.0448,86.0469,0.0020999999999986585,6046.082947865771,bench_mov_sym_to_idx
86.24718,86.24928,0.0020999999999986585,6049.970537420636,bench_mov_sym_to_idx
86.44956,86.45166,0.0020999999999986585,6032.310388977614,bench_mov_sym_to_idx
86.65194,86.65404,0.0020999999999986585,5992.167408109028,bench_mov_sym_to_idx
86.85432,86.85642,0.0020999999999986585,6040.450246068422,bench_mov_sym_to_idx
87.0567,87.0588,0.0020999999999986585,6042.8483923836175,bench_mov_sym_to_idx
87.25908,87.26118,0.0020999999999986585,6060.809432526277,bench_mov_sym_to_idx
87.46148,87.46358,0.0020999999999986585,6057.751274198822,bench_mov_sym_to_idx
87.66386,87.66596,0.0020999999999986585,6060.103832274783,bench_mov_sym_to_idx
87.86624,87.86834,0.0020999999999986585,6022.947356099581,bench_mov_sym_to_idx
88.06862,88.07072,0.0020999999999986585,5995.887506284617,bench_mov_sym_to_idx
88.27102,88.27312,0.0021000000000128694,6022.471590005932,bench_mov_sym_to_idx
88.4734,88.4755,0.0020999999999986585,6039.861512832461,bench_mov_sym_to_idx
88.67578,88.67788,0.0020999999999986585,6057.725050481494,bench_mov_sym_to_idx
88.87816,88.88026,0.0021000000000128694,6067.940616087563,bench_mov_sym_to_idx
89.08054,89.08264,0.0020999999999986585,6036.820509467851,bench_mov_sym_to_idx
89.28294,89.28504,0.0020999999999986585,6032.832851630069,bench_mov_sym_to_idx
89.48532,89.48742,0.0020999999999986585,6020.22125850939,bench_mov_sym_to_idx
89.6877,89.6898,0.0020999999999986585,6022.1551335364775,bench_mov_sym_to_idx
89.89008,89.89218,0.0020999999999986585,6056.352981828647,bench_mov_sym_to_idx
90.09248,90.09458,0.0020999999999986585,6052.406581581156,bench_mov_sym_to_idx
90.29486,90.29696,0.0020999999999986585,6071.936024814399,bench_mov_sym_to_idx
90.49724,90.49934,0.0020999999999986585,6051.101484330888,bench_mov_sym_to_idx
90.69962,90.70172,0.0020999999999986585,5946.166177743289,bench_mov_abs_to_idx
90.90202,90.90412,0.0021000000000128694,5940.419472792272,bench_mov_abs_to_idx
91.1044,91.1065,0.0020999999999986585,5945.676004045288,bench_mov_abs_to_idx
91.30678,91.30888,0.0020999999999986585,5961.117560504681,bench_mov_abs_to_idx
91.50916,91.51126,0.0020999999999986585,5974.121037868742,bench_mov_abs_to_idx
91.71156,91.71366,0.0020999999999986585,5987.658135122303,bench_mov_abs_to_idx
91.91394,91.91604,0.0020999999999986585,5976.226171475696,bench_mov_abs_to_idx
92.11632,92.11842,0.0020999999999986585,5965.428207996191,bench_mov_abs_to_idx
92.3187,92.3208,0.0020999999999986585,5933.382206125382,bench_mov_abs_to_idx
92.52108,92.52318,0.0020999999999986585,5947.552984576346,bench_mov_abs_to_idx
92.72346,92.72556,0.0020999999999986585,5956.809613848423,bench_mov_abs_to_idx
92.92586,92.92796,0.0020999999999986585,5975.737248078572,bench_mov_abs_to_idx
93.12824,93.13034,0.0020999999999986585,5988.865380635891,bench_mov_abs_to_idx
93.33062,93.33272,0.0020999999999986585,5976.951878980342,bench_mov_abs_to_idx
93.533,93.5351,0.0020999999999986585,5981.438553421648,bench_mov_abs_to_idx
93.73538,93.73748,0.0020999999999986585,5942.4350131250485,bench_mov_abs_to_idx
93.93776,93.93986,0.0020999999999986585,5931.30094464563,bench_mov_abs_to_idx
94.14014,94.14224,0.0020999999999986585,5956.767059392028,bench_mov_abs_to_idx
94.34254,94.34464,0.0020999999999986585,5967.08685624989,bench_mov_abs_to_idx
94.54492,94.54702,0.0020999999999986585,5981.678548263165,bench_mov_abs_to_idx
94.7473,94.7494,0.0020999999999986585,5974.695668553148,bench_mov_abs_to_idx
94.94968,94.95178,0.0020999999999986585,5976.943355049955,bench_mov_abs_to_idx
95.15206,95.15416,0.0020999999999986585,5941.177245690021,bench_mov_abs_to_idx
95.35444,95.35654,0.0020999999999986585,5936.412282750848,bench_mov_abs_to_idx
95.55682,95.55892,0.0020999999999986585,5939.369851253194,bench_mov_abs_to_idx
95.7592,95.7613,0.0020999999999986585,5981.694501818488,bench_mov_abs_to_idx
95.96158,95.96368,0.0020999999999986585,5990.128167901521,bench_mov_abs_to_idx
96.16396,96.16606,0.0020999999999986585,5985.935351340448,bench_mov_abs_to_idx
96.36634,96.36844,0.0021000000000128694,5982.145261989608,bench_mov_abs_to_idx
96.56874,96.57084,0.0020999999999986585,5958.19976180288,bench_mov_abs_to_idx
96.77112,96.77322,0.0020999999999986585,5933.811166320621,bench_mov_abs_to_idx
96.9735,96.9756,0.0020999999999986585,5951.608014289314,bench_mov_abs_to_idx
97.17588,97.17798,0.0020999999999986585,5957.1399353395,bench_mov_abs_to_idx
97.37826,97.38036,0.0020999999999986585,5975.342674643342,bench_mov_abs_to_idx
97.58066,97.58276,0.0020999999999986585,5999.390699432303,bench_mov_abs_to_idx
97.78304,97.78514,0.0020999999999986585,5984.536935571935,bench_mov_abs_to_idx
97.98544,97.98754,0.0020999999999986585,5951.106655409051,bench_mov_abs_to_idx
98.18782,98.18992,0.0020999999999986585,5953.64116597515,bench_mov_abs_to_idx
98.3902,98.3923,0.0021000000000128694,5940.08348187543,bench_mov_abs_to_idx
98.59258,98.59468,0.0020999999999986585,5959.9581477201555,bench_mov_abs_to_idx
98.79498,98.79708,0.0020999999999986585,5982.715445567224,bench_mov_abs_to_idx
98.99736,98.99946,0.0020999999999986585,5984.83580164233,bench_mov_abs_to_idx
99.19976,99.20186,0.0020999999999986585,5976.342954669159,bench_mov_abs_to_idx
99.40214,99.40424,0.0020999999999986585,5947.077772575215,bench_mov_abs_to_idx
99.60452,99.60662,0.0021000000000128694,5936.576805581851,bench_mov_abs_to_idx
99.8069,99.809,0.0020999999999986585,5937.141296450705,bench_mov_abs_to_idx
100.00928,100.01138,0.0020999999999986585,5949.793506873464,bench_mov_abs_to_idx
100.21168,100.21378,0.0020999999999986585,5980.351986359011,bench_mov_abs_to_idx
100.41406,100.41616,0.0020999999999986585,5988.201899448327,bench_mov_abs_to_idx
100.61644,100.61854,0.0020999999999986585,5997.23248276507,bench_mov_abs_to_idx
100.81884,100.82094,0.0020999999999986585,5972.08601422347,bench_mov_abs_to_idx
101.02122,101.02332,0.0020999999999986585,5917.765095361126,bench_mov_abs_to_idx
101.22362,101.2257,0.002080000000006521,5887.648356166039,bench_mov_abs_to_idx
101.426,101.4281,0.0020999999999986585,5952.941409773464,bench_mov_abs_to_idx
101.62838,101.63048,0.0020999999999986585,5987.716484809397,bench_mov_abs_to_idx
101.83078,101.83288,0.0020999999999986585,5976.220860607069,bench_mov_abs_to_idx
102.03316,102.03526,0.0020999999999986585,5977.599201721091,bench_mov_abs_to_idx
102.23556,102.23766,0.0020999999999986585,5952.531134239407,bench_mov_abs_to_idx
102.43796,102.44006,0.0020999999999986585,5932.337623084439,bench_mov_abs_to_idx
102.64034,102.64244,0.0020999999999986585,5926.941835784268,bench_mov_abs_to_idx
102.84274,102.84484,0.0020999999999986585,5948.410795530682,bench_mov_abs_to_idx
103.04512,103.04722,0.0020999999999986585,5972.673047796541,bench_mov_abs_to_idx
103.2475,103.2496,0.0020999999999986585,5979.908914300511,bench_mov_abs_to_idx
103.4499,103.452,0.0020999999999986585,5985.515909266346,bench_mov_abs_to_idx
103.65228,103.65438,0.0020999999999986585,5955.105496099648,bench_mov_abs_to_idx
103.85466,103.85676,0.0020999999999986585,5942.953641057703,bench_mov_abs_to_idx
104.05706,104.05916,0.0020999999999986585,5931.956956623714,bench_mov_abs_to_idx
104.25944,104.26154,0.0020999999999986585,5956.099363971528,bench_mov_abs_to_idx
104.46184,104.46394,0.0020999999999986585,5978.949668349162,bench_mov_abs_to_idx
104.66422,104.66632,0.0020999999999986585,5987.57484927412,bench_mov_abs_to_idx
104.8666,104.8687,0.0020999999999986585,5995.4990376662345,bench_mov_abs_to_idx
105.069,105.0711,0.0020999999999986585,5976.515975776244,bench_mov_abs_to_idx
105.2714,105.2735,0.0020999999999986585,5952.112555965721,bench_mov_abs_to_idx
105.47378,105.47588,0.0020999999999986585,5938.78658255031,bench_mov_abs_to_idx
105.67618,105.67828,0.0020999999999986585,5947.72209645754,bench_mov_abs_to_idx
105.87856,105.88066,0.0021000000000128694,5971.454284191523,bench_mov_abs_to_idx
106.08096,106.08306,0.0020999999999986585,5970.897770015441,bench_mov_abs_to_idx
106.28334,106.28544,0.0020999999999986585,5970.394003667621,bench_mov_abs_to_idx
106.48574,106.48784,0.0020999999999986585,5954.781130416439,bench_mov_abs_to_idx
106.68812,106.69022,0.0020999999999986585,5941.216598727464,bench_mov_abs_to_idx
106.8905,106.8926,0.0020999999999986585,5920.056093013395,bench_mov_abs_to_idx
107.0929,107.095,0.0020999999999986585,5935.011589896173,bench_mov_abs_to_idx
107.29528,107.29738,0.0020999999999986585,5953.599521884796,bench_mov_abs_to_idx
107.49766,107.49976,0.0020999999999986585,5968.219868369881,bench_mov_abs_to_idx
107.70004,107.70214,0.0020999999999986585,5968.16028467891,bench_mov_abs_to_idx
107.90242,107.90452,0.0020999999999986585,5958.951525384615,bench_mov_abs_to_idx
108.1048,108.1069,0.0020999999999986585,5930.472572797328,bench_mov_abs_to_idx
108.3072,108.3093,0.0020999999999986585,5922.240945507749,bench_mov_abs_to_idx
108.50958,108.51168,0.0020999999999986585,5929.415330752737,bench_mov_abs_to_idx
108.71198,108.71408,0.0020999999999986585,5950.083916537706,bench_mov_abs_to_idx
108.91436,108.91646,0.0020999999999986585,5964.581975709332,bench_mov_abs_to_idx
109.11676,109.11886,0.0020999999999986585,5970.834218893255,bench_mov_abs_to_idx
109.31914,109.32124,0.0020999999999986585,5972.17428031796,bench_mov_abs_to_idx
109.52154,109.52364,0.0020999999999986585,5943.73493454944,bench_mov_abs_to_idx
109.72392,109.72602,0.0020999999999986585,5913.071746467143,bench_mov_abs_to_idx
109.9263,109.9284,0.0020999999999986585,5928.567703809557,bench_mov_abs_to_idx
110.1287,110.1308,0.0020999999999986585,5966.185065915507,bench_mov_abs_to_idx
110.33108,110.33318,0.0020999999999986585,5973.473626651207,bench_mov_abs_to_idx
110.53348,110.53558,0.0020999999999986585,5973.341013301565,bench_mov_abs_to_idx
110.73586,110.73796,0.0020999999999986585,5961.98520855476,bench_mov_abs_to_idx
110.93826,110.93978,0.0015199999999992997,4424.5779328031485,bench_mov_ind_to_idx
111.14008,111.1416,0.0015199999999992997,4405.693905426667,bench_mov_ind_to_idx
111.34188,111.34342,0.001539999999991437,4468.267241001179,bench_mov_ind_to_idx
111.5437,111.54524,0.001540000000005648,4472.5914881726285,bench_mov_ind_to_idx
111.74552,111.74704,0.0015199999999992997,4420.927292665799,bench_mov_ind_to_idx
111.94734,111.94886,0.0015199999999992997,4438.395940231333,bench_mov_ind_to_idx
112.14914,112.15066,0.0015199999999992997,4415.0578370286175,bench_mov_ind_to_idx
112.35094,112.35248,0.001540000000005648,4511.591086647982,bench_mov_ind_to_idx
112.55274,112.55428,0.001540000000005648,4494.339029786815,bench_mov_ind_to_idx
112.75456,112.75608,0.0015199999999992997,4420.434599740642,bench_mov_ind_to_idx
112.95636,112.95788,0.0015199999999992997,4415.748594325956,bench_mov_ind_to_idx
113.15816,113.1597,0.001540000000005648,4457.724725378706,bench_mov_ind_to_idx
113.35996,113.3615,0.001540000000005648,4465.429584977945,bench_mov_ind_to_idx
113.56178,113.5633,0.0015199999999992997,4416.02868726294,bench_mov_ind_to_idx
113.76358,113.7651,0.0015199999999992997,4434.433872808724,bench_mov_ind_to_idx
113.96538,113.96692,0.001540000000005648,4487.101493885858,bench_mov_ind_to_idx
114.1672,114.16872,0.0015199999999992997,4436.977666336223,bench_mov_ind_to_idx
114.369,114.37052,0.0015199999999992997,4419.605641158429,bench_mov_ind_to_idx
114.5708,114.57234,0.001539999999991437,4471.926684465884,bench_mov_ind_to_idx
114.7726,114.77414,0.001540000000005648,4474.085660202514,bench_mov_ind_to_idx
114.97442,114.97594,0.0015199999999992997,4395.49953676629,bench_mov_ind_to_idx
115.17622,115.17774,0.0015199999999992997,4396.89075574073,bench_mov_ind_to_idx
115.37802,115.37956,0.001539999999991437,4475.309676464451,bench_mov_ind_to_idx
115.57982,115.58136,0.001540000000005648,4484.276911260793,bench_mov_ind_to_idx
115.78164,115.78316,0.0015199999999992997,4422.48420556869,bench_mov_ind_to_idx
115.98342,115.98496,0.001540000000005648,4496.521502750379,bench_mov_ind_to_idx
116.18522,116.18676,0.001540000000005648,4507.371657544081,bench_mov_ind_to_idx
116.38702,116.38856,0.001539999999991437,4486.96023316317,bench_mov_ind_to_idx
116.58884,116.59036,0.0015199999999992997,4426.848825529667,bench_mov_ind_to_idx
116.79064,116.79216,0.0015199999999992997,4390.334920024777,bench_mov_ind_to_idx
116.99242,116.99396,0.001540000000005648,4456.198907008626,bench_mov_ind_to_idx
117.19424,117.19576,0.0015200000000135105,4419.801207299349,bench_mov_ind_to_idx
117.39602,117.39756,0.001540000000005648,4494.016072731184,bench_mov_ind_to_idx
117.59784,117.59936,0.0015199999999992997,4412.326260932089,bench_mov_ind_to_idx
117.79964,117.80116,0.0015199999999992997,4435.626098418628,bench_mov_ind_to_idx
118.00144,118.00298,0.001539999999991437,4488.947484616678,bench_mov_ind_to_idx
118.20326,118.20478,0.0015199999999992997,4426.064684519601,bench_mov_ind_to_idx
118.40506,118.40658,0.0015199999999992997,4424.915732812937,bench_mov_ind_to_idx
118.60686,118.6084,0.001540000000005648,4459.400877838927,bench_mov_ind_to_idx
118.80868,118.8102,0.0015199999999992997,4398.838481864639,bench_mov_ind_to_idx
119.01048,119.01202,0.001540000000005648,4456.989087645598,bench_mov_ind_to_idx
119.2123,119.21382,0.0015199999999992997,4423.829258883924,bench_mov_ind_to_idx
119.4141,119.41562,0.0015199999999992997,4438.196134284404,bench_mov_ind_to_idx
119.6159,119.61744,0.001540000000005648,4488.131266569993,bench_mov_ind_to_idx
119.81772,119.81924,0.0015199999999992997,4431.184066923803,bench_mov_ind_to_idx
120.01952,120.02106,0.001540000000005648,4487.839625233748,bench_mov_ind_to_idx
120.22134,120.22286,0.0015199999999992997,4417.674166614568,bench_mov_ind_to_idx
120.42316,120.42468,0.0015199999999992997,4390.542164909059,bench_mov_ind_to_idx
120.62496,120.6265,0.001539999999991437,4445.499519326886,bench_mov_ind_to_idx
120.82678,120.8283,0.0015199999999992997,4409.639271905423,bench_mov_ind_to_idx
121.02858,121.03012,0.001539999999991437,4481.2406087034105,bench_mov_ind_to_idx
121.2304,121.23192,0.0015199999999992997,4431.652955242816,bench_mov_ind_to_idx
121.4322,121.43372,0.0015199999999992997,4442.50693777462,bench_mov_ind_to_idx
121.634,121.63554,0.001540000000005648,4492.945168183442,bench_mov_ind_to_idx
121.8358,121.83734,0.001539999999991437,4501.648866545272,bench_mov_ind_to_idx
122.03762,122.03914,0.0015199999999992997,4423.021734688861,bench_mov_ind_to_idx
122.23942,122.24096,0.001540000000005648,4469.7834784333245,bench_mov_ind_to_idx
122.44124,122.44276,0.0015200000000135105,4406.2020560202245,bench_mov_ind_to_idx
122.64304,122.64458,0.001540000000005648,4471.974326314062,bench_mov_ind_to_idx
122.84486,122.84638,0.0015199999999992997,4409.3979592413625,bench_mov_ind_to_idx
123.04666,123.0482,0.001539999999991437,4500.672279365519,bench_mov_ind_to_idx
123.24848,123.25,0.0015199999999992997,4438.442136159492,bench_mov_ind_to_idx
123.45028,123.4518,0.0015199999999992997,4437.197796065685,bench_mov_ind_to_idx
123.65208,123.65362,0.001540000000005648,4483.557587972087,bench_mov_ind_to_idx
123.8539,123.85542,0.0015199999999992997,4424.788935574336,bench_mov_ind_to_idx
124.0557,124.05724,0.001539999999991437,4468.936191380894,bench_mov_ind_to_idx
124.25752,124.25906,0.001540000000005648,4482.881343008515,bench_mov_ind_to_idx
124.45934,124.46088,0.001540000000005648,4466.188093664066,bench_mov_ind_to_idx
124.66116,124.66268,0.0015199999999992997,4423.483470453068,bench_mov_ind_to_idx
124.86296,124.8645,0.001540000000005648,4490.056042575009,bench_mov_ind_to_idx
125.06478,125.0663,0.0015199999999992997,4444.12250770069,bench_mov_ind_to_idx
125.2666,125.26812,0.0015199999999992997,4435.524838043108,bench_mov_ind_to_idx
125.4684,125.46994,0.001539999999991437,4510.224289234693,bench_mov_ind_to_idx
125.67022,125.67176,0.001540000000005648,4491.566075028861,bench_mov_ind_to_idx
125.87204,125.87358,0.001540000000005648,4464.636072533011,bench_mov_ind_to_idx
126.07386,126.07538,0.0015199999999992997,4395.036529748018,bench_mov_ind_to_idx
126.27568,126.2772,0.0015199999999992997,4396.672830916286,bench_mov_ind_to_idx
126.4775,126.47902,0.0015199999999992997,4413.864745289779,bench_mov_ind_to_idx
126.67932,126.68086,0.001539999999991437,4484.693396344286,bench_mov_ind_to_idx
126.88114,126.88266,0.0015199999999992997,4421.933488918334,bench_mov_ind_to_idx
127.08296,127.08448,0.0015199999999992997,4430.88994361295,bench_mov_ind_to_idx
127.28478,127.2863,0.0015199999999992997,4417.48108947435,bench_mov_ind_to_idx
127.4866,127.48812,0.0015199999999992997,4424.227059351315,bench_mov_ind_to_idx
127.68842,127.68994,0.0015200000000135105,4406.192435457168,bench_mov_ind_to_idx
127.89024,127.89176,0.0015199999999992997,4396.360688839165,bench_mov_ind_to_idx
128.09204,128.09356,0.0015199999999992997,4408.497717230322,bench_mov_ind_to_idx
128.29386,128.29538,0.0015199999999992997,4416.968678123372,bench_mov_ind_to_idx
128.49568,128.4972,0.0015199999999992997,4422.669874037677,bench_mov_ind_to_idx
128.69748,128.69902,0.0015399999999772263,4488.762956976071,bench_mov_ind_to_idx
128.8993,128.90084,0.0015399999999772263,4500.350665697385,bench_mov_ind_to_idx
129.10112,129.10264,0.0015199999999992997,4432.760998603755,bench_mov_ind_to_idx
129.30292,129.30446,0.001540000000005648,4477.562455012026,bench_mov_ind_to_idx
129.50474,129.50626,0.0015199999999992997,4399.747548158458,bench_mov_ind_to_idx
129.70656,129.70808,0.0015199999999992997,4391.296058891021,bench_mov_ind_to_idx
129.90836,129.9099,0.001540000000005648,4455.263959262197,bench_mov_ind_to_idx
130.11018,130.1117,0.0015199999999992997,4400.513342110322,bench_mov_ind_to_idx
130.312,130.31352,0.0015199999999992997,4418.368304610573,bench_mov_ind_to_idx
130.5138,130.51534,0.001540000000005648,4491.303658594263,bench_mov_ind_to_idx
130.71562,130.71714,0.0015199999999992997,4428.666480815716,bench_mov_ind_to_idx
130.91742,130.91894,0.0015199999999992997,4452.044907957386,bench_mov_ind_to_idx
131.11924,131.12076,0.0015199999999992997,4523.823098277644,bench_mov_aut_to_idx
131.32106,131.32258,0.0015199999999992997,4504.3440558941875,bench_mov_aut_to_idx
131.52286,131.52438,0.0015199999999992997,4504.134664307394,bench_mov_aut_to_idx
131.72466,131.7262,0.001540000000005648,4552.7960499916635,bench_mov_aut_to_idx
131.92648,131.928,0.0015199999999992997,4493.357674217445,bench_mov_aut_to_idx
132.1283,132.12982,0.0015199999999992997,4502.376159650753,bench_mov_aut_to_idx
132.3301,132.33162,0.0015199999999992997,4521.555651443966,bench_mov_aut_to_idx
132.53192,132.53344,0.0015199999999992997,4516.43807347509,bench_mov_aut_to_idx
132.73372,132.73526,0.001540000000005648,4588.309912959514,bench_mov_aut_to_idx
132.93554,132.93706,0.0015199999999992997,4516.467689533929,bench_mov_aut_to_idx
133.13736,133.13888,0.0015199999999992997,4519.608607513617,bench_mov_aut_to_idx
133.33918,133.3407,0.0015199999999992997,4474.906646643876,bench_mov_aut_to_idx
133.54098,133.54252,0.001540000000005648,4543.32335853871,bench_mov_aut_to_idx
133.7428,133.74434,0.001540000000005648,4560.4781457395775,bench_mov_aut_to_idx
133.94462,133.94614,0.0015200000000277214,4507.481949487584,bench_mov_aut_to_idx
134.14642,134.14794,0.0015199999999992997,4506.4195268765925,bench_mov_aut_to_idx
134.34822,134.34976,0.001540000000005648,4582.91772056215,bench_mov_aut_to_idx
134.55004,134.55156,0.0015199999999992997,4523.877983446185,bench_mov_aut_to_idx
134.75184,134.75338,0.001540000000005648,4579.563711321995,bench_mov_aut_to_idx
134.95366,134.95518,0.0015199999999992997,4505.584631110624,bench_mov_aut_to_idx
135.15546,135.15698,0.0015199999999992997,4491.228791882309,bench_mov_aut_to_idx
135.35726,135.3588,0.001540000000005648,4554.8457862045725,bench_mov_aut_to_idx
135.55908,135.5606,0.0015199999999992997,4489.077457691443,bench_mov_aut_to_idx
135.76088,135.76242,0.001540000000005648,4572.986026778549,bench_mov_aut_to_idx
135.9627,135.96422,0.0015199999999992997,4515.185097694441,bench_mov_aut_to_idx
136.1645,136.16604,0.001540000000005648,4597.60305240508,bench_mov_aut_to_idx
136.36632,136.36784,0.0015199999999992997,4533.409655557963,bench_mov_aut_to_idx
136.56814,136.56966,0.0015199999999992997,4502.337679730637,bench_mov_aut_to_idx
136.76994,136.77148,0.001540000000005648,4552.604858781521,bench_mov_aut_to_idx
136.97176,136.97328,0.0015199999999992997,4479.815973897939,bench_mov_aut_to_idx
137.17356,137.1751,0.0015399999999772263,4557.724730042162,bench_mov_aut_to_idx
137.37538,137.3769,0.0015199999999992997,4509.404660200952,bench_mov_aut_to_idx
137.5772,137.57872,0.0015199999999992997,4518.87535862347,bench_mov_aut_to_idx
137.779,137.78054,0.001540000000005648,4588.634099364488,bench_mov_aut_to_idx
137.98082,137.98234,0.0015199999999992997,4537.779721430527,bench_mov_aut_to_idx
138.18264,138.18416,0.0015199999999992997,4528.747256845276,bench_mov_aut_to_idx
138.38444,138.38598,0.0015399999999772263,4573.141797375709,bench_mov_aut_to_idx
138.58626,138.5878,0.0015399999999772263,4565.778074251198,bench_mov_aut_to_idx
138.78808,138.7896,0.0015199999999992997,4483.672145284702,bench_mov_aut_to_idx
138.98988,138.99142,0.001540000000005648,4555.250788123851,bench_mov_aut_to_idx
139.1917,139.19322,0.0015199999999992997,4500.6368285951075,bench_mov_aut_to_idx
139.3935,139.39504,0.001540000000005648,4573.497297259979,bench_mov_aut_to_idx
139.59532,139.59684,0.0015199999999992997,4523.975073823972,bench_mov_aut_to_idx
139.79712,139.79864,0.0015199999999992997,4528.542740732932,bench_mov_aut_to_idx
139.99892,140.00044,0.0015199999999992997,4519.257312638425,bench_mov_aut_to_idx
140.20072,140.20226,0.001540000000005648,4581.95544548203,bench_mov_aut_to_idx
140.40252,140.40406,0.0015399999999772263,4560.534707200968,bench_mov_aut_to_idx
140.60434,140.60586,0.0015199999999992997,4497.932645023989,bench_mov_aut_to_idx
140.80614,140.80768,0.001540000000005648,4539.183115137107,bench_mov_aut_to_idx
141.00796,141.00948,0.0015199999999992997,4485.817572565929,bench_mov_aut_to_idx
141.20976,141.2113,0.001540000000005648,4562.567912525484,bench_mov_aut_to_idx
141.41158,141.4131,0.0015199999999992997,4501.33902020596,bench_mov_aut_to_idx
141.61338,141.6149,0.0015199999999992997,4524.2181187461065,bench_mov_aut_to_idx
141.81518,141.81672,0.001540000000005648,4592.678525967725,bench_mov_aut_to_idx
142.017,142.01852,0.0015199999999992997,4521.645409984808,bench_mov_aut_to_idx
142.21882,142.22034,0.0015199999999992997,4508.2611334498,bench_mov_aut_to_idx
142.42062,142.42216,0.0015399999999772263,4544.496678211857,bench_mov_aut_to_idx
142.62244,142.62396,0.0015199999999992997,4487.469459414146,bench_mov_aut_to_idx
142.82424,142.82578,0.001540000000005648,4569.740339663651,bench_mov_aut_to_idx
143.02606,143.02758,0.0015199999999992997,4510.670101734006,bench_mov_aut_to_idx
143.22786,143.2294,0.001540000000005648,4587.077058404573,bench_mov_aut_to_idx
143.42968,143.4312,0.0015199999999992997,4529.396372380671,bench_mov_aut_to_idx
143.63148,143.63302,0.0015399999999772263,4588.100912444338,bench_mov_aut_to_idx
143.83328,143.83482,0.001540000000005648,4585.196711139463,bench_mov_aut_to_idx
144.0351,144.03662,0.0015199999999992997,4498.236565848329,bench_mov_aut_to_idx
144.2369,144.23842,0.0015199999999992997,4493.72746515833,bench_mov_aut_to_idx
144.4387,144.44022,0.0015199999999992997,4487.806628454156,bench_mov_aut_to_idx
144.6405,144.64204,0.001540000000005648,4555.298336799128,bench_mov_aut_to_idx
144.84232,144.84384,0.0015199999999992997,4512.872803023462,bench_mov_aut_to_idx
145.04412,145.04564,0.0015199999999992997,4522.031622470837,bench_mov_aut_to_idx
145.24592,145.24746,0.0015399999999772263,4583.197345419972,bench_mov_aut_to_idx
145.44774,145.44926,0.0015199999999992997,4507.652795870726,bench_mov_aut_to_idx
145.64954,145.65106,0.0015199999999992997,4509.2755928607985,bench_mov_aut_to_idx
145.85136,145.85288,0.0015199999999992997,4497.168650847449,bench_mov_aut_to_idx
146.05316,146.05468,0.0015199999999992997,4486.648880410305,bench_mov_aut_to_idx
146.25496,146.2565,0.0015399999999772263,4551.99139418535,bench_mov_aut_to_idx
146.45678,146.4583,0.0015199999999992997,4486.995604818147,bench_mov_aut_to_idx
146.65858,146.66012,0.001540000000005648,4572.669419011586,bench_mov_aut_to_idx
146.8604,146.86192,0.0015199999999992997,4525.822638532299,bench_mov_aut_to_idx
147.0622,147.06372,0.0015199999999992997,4518.34609499052,bench_mov_aut_to_idx
147.264,147.26554,0.0015399999999772263,4574.950064928938,bench_mov_aut_to_idx
147.46582,147.46734,0.0015199999999992997,4516.5646099443875,bench_mov_aut_to_idx
147.66762,147.66916,0.001540000000005648,4564.382329135059,bench_mov_aut_to_idx
147.86944,147.87096,0.0015199999999992997,4489.881487095671,bench_mov_aut_to_idx
148.07124,148.07276,0.0015199999999992997,4487.550789489792,bench_mov_aut_to_idx
148.27304,148.27458,0.0015399999999772263,4569.526200579361,bench_mov_aut_to_idx
148.47486,148.47638,0.0015199999999992997,4512.4413608540535,bench_mov_aut_to_idx
148.67666,148.67818,0.0015199999999992997,4527.24957139989,bench_mov_aut_to_idx
148.87846,148.88,0.001540000000005648,4597.6480748674985,bench_mov_aut_to_idx
149.08028,149.0818,0.0015199999999992997,4528.835203961532,bench_mov_aut_to_idx
149.28208,149.28362,0.001540000000005648,4574.407557972633,bench_mov_aut_to_idx
149.4839,149.48542,0.0015199999999992997,4499.939694065499,bench_mov_aut_to_idx
149.68572,149.68724,0.0015199999999992997,4487.440441731862,bench_mov_aut_to_idx
149.88752,149.88906,0.001540000000005648,4553.4237916752345,bench_mov_aut_to_idx
150.08934,150.09086,0.0015199999999992997,4506.377396171909,bench_mov_aut_to_idx
150.29116,150.29268,0.0015199999999992997,4511.779234744806,bench_mov_aut_to_idx
150.49298,150.4945,0.0015199999999992997,4525.935268028103,bench_mov_aut_to_idx
150.6948,150.69632,0.0015199999999992997,4527.745153754184,bench_mov_aut_to_idx
150.8966,150.89814,0.001540000000005648,4604.129730740781,bench_mov_aut_to_idx
151.09842,151.09996,0.001540000000005648,4579.670040419245,bench_mov_aut_to_idx
151.30024,151.30162,0.0013800000000117052,3764.394011844157,bench_mov_reg_to_sym
151.5019,151.50328,0.0013799999999832835,3755.392038681359,bench_mov_reg_to_sym
151.70358,151.70496,0.0013800000000117052,3754.785435773925,bench_mov_reg_to_sym
151.90524,151.90662,0.0013800000000117052,3754.2085908698687,bench_mov_reg_to_sym
152.1069,152.10828,0.0013800000000117052,3780.0560170187414,bench_mov_reg_to_sym
152.30856,152.30994,0.0013800000000117052,3783.262190441491,bench_mov_reg_to_sym
152.51022,152.5116,0.0013799999999832835,3766.2253295541723,bench_mov_reg_to_sym
152.71188,152.71326,0.0013799999999832835,3790.2563344206433,bench_mov_reg_to_sym
152.91354,152.91492,0.0013799999999832835,3794.250502199441,bench_mov_reg_to_sym
153.11522,153.1166,0.0013800000000117052,3767.806633874896,bench_mov_reg_to_sym
153.31688,153.31826,0.0013800000000117052,3756.0669472766704,bench_mov_reg_to_sym
153.51856,153.51994,0.0013799999999832835,3750.392063471703,bench_mov_reg_to_sym
153.72024,153.72162,0.0013800000000117052,3742.0126423576653,bench_mov_reg_to_sym
153.9219,153.92328,0.0013800000000117052,3775.650593486617,bench_mov_reg_to_sym
154.12356,154.12494,0.0013800000000117052,3770.244715302925,bench_mov_reg_to_sym
154.32524,154.32662,0.0013799999999832835,3779.4085358704997,bench_mov_reg_to_sym
154.5269,154.52828,0.0013799999999832835,3785.234438204933,bench_mov_reg_to_sym
154.72858,154.72996,0.0013800000000117052,3776.1724228379135,bench_mov_reg_to_sym
154.93024,154.93162,0.0013800000000117052,3785.6693193657306,bench_mov_reg_to_sym
155.1319,155.13328,0.0013800000000117052,3768.938933529387,bench_mov_reg_to_sym
155.33358,155.33496,0.0013799999999832835,3736.8992762131197,bench_mov_reg_to_sym
155.53524,155.53662,0.0013800000000117052,3751.0576146094286,bench_mov_reg_to_sym
155.73692,155.7383,0.0013800000000117052,3749.0570987904425,bench_mov_reg_to_sym
155.93858,155.93996,0.0013800000000117052,3783.263431427923,bench_mov_reg_to_sym
156.14026,156.14164,0.0013799999999832835,3771.5334910404144,bench_mov_reg_to_sym
156.34192,156.3433,0.0013800000000117052,3787.0706175811897,bench_mov_reg_to_sym
156.5436,156.54498,0.0013800000000117052,3788.2032036170017,bench_mov_reg_to_sym
156.74526,156.74664,0.0013800000000117052,3773.549855717834,bench_mov_reg_to_sym
156.94694,156.94832,0.0013799999999832835,3779.9553805465393,bench_mov_reg_to_sym
157.1486,157.14998,0.0013800000000117052,3771.9168444529114,bench_mov_reg_to_sym
157.35026,157.35164,0.0013800000000117052,3765.7284201463763,bench_mov_reg_to_sym
157.55194,157.55332,0.0013800000000117052,3746.2172517859526,bench_mov_reg_to_sym
157.7536,157.75498,0.0013799999999832835,3769.631490529714,bench_mov_reg_to_sym
157.95528,157.95666,0.0013800000000117052,3755.09620414833,bench_mov_reg_to_sym
158.15694,158.15832,0.0013800000000117052,3775.73540670657,bench_mov_reg_to_sym
158.35862,158.36,0.0013800000000117052,3778.097266363049,bench_mov_reg_to_sym
158.56028,158.56166,0.0013799999999832835,3781.81384871697,bench_mov_reg_to_sym
158.76196,158.76334,0.0013800000000117052,3778.235202224236,bench_mov_reg_to_sym
158.96364,158.96502,0.0013800000000117052,3785.7366679557367,bench_mov_reg_to_sym
159.1653,159.16668,0.0013800000000117052,3760.042863463236,bench_mov_reg_to_sym
159.36696,159.36834,0.0013799999999832835,3761.4703340912665,bench_mov_reg_to_sym
159.56864,159.57,0.001360000000005357,3685.9128810646807,bench_mov_reg_to_sym
159.7703,159.77168,0.0013800000000117052,3746.4703363709446,bench_mov_reg_to_sym
159.97196,159.97334,0.0013800000000117052,3785.5751719649656,bench_mov_reg_to_sym
160.17362,160.175,0.0013800000000117052,3784.6413534460708,bench_mov_reg_to_sym
160.3753,160.37668,0.0013799999999832835,3800.6194494168935,bench_mov_reg_to_sym
160.57696,160.57834,0.0013799999999832835,3791.191999283512,bench_mov_reg_to_sym
160.77862,160.78,0.0013800000000117052,3786.2876872874767,bench_mov_reg_to_sym
160.9803,160.98168,0.0013800000000117052,3787.542595560563,bench_mov_reg_to_sym
161.18196,161.18334,0.0013799999999832835,3741.6355078582956,bench_mov_reg_to_sym
161.38362,161.385,0.0013799999999832835,3747.956186950803,bench_mov_reg_to_sym
161.5853,161.58668,0.0013800000000117052,3751.1823303408105,bench_mov_reg_to_sym
161.78696,161.78834,0.0013800000000117052,3766.879744395081,bench_mov_reg_to_sym
161.98862,161.99,0.0013800000000117052,3781.731652594331,bench_mov_reg_to_sym
162.19028,162.19166,0.0013800000000117052,3782.240075557632,bench_mov_reg_to_sym
162.39194,162.39332,0.0013799999999832835,3795.6064287094187,bench_mov_reg_to_sym
162.5936,162.59498,0.0013799999999832835,3785.917435258302,bench_mov_reg_to_sym
162.79526,162.79664,0.0013799999999832835,3783.8798714304216,bench_mov_reg_to_sym
162.99694,162.99832,0.0013800000000117052,3783.0276508229595,bench_mov_reg_to_sym
163.19862,163.19998,0.001360000000005357,3697.793961049985,bench_mov_reg_to_sym
163.40028,163.40166,0.0013799999999832835,3743.2479368955037,bench_mov_reg_to_sym
163.60194,163.60332,0.0013799999999832835,3772.1185944469116,bench_mov_reg_to_sym
163.80362,163.805,0.0013800000000117052,3772.3064539370703,bench_mov_reg_to_sym
164.00528,164.00666,0.0013800000000117052,3768.4928789126907,bench_mov_reg_to_sym
164.20694,164.20832,0.0013799999999832835,3804.8555980893307,bench_mov_reg_to_sym
164.4086,164.40998,0.0013799999999832835,3789.400730700591,bench_mov_reg_to_sym
164.61028,164.61166,0.0013800000000117052,3789.8626248712844,bench_mov_reg_to_sym
164.81194,164.81332,0.0013800000000117052,3801.432631478808,bench_mov_reg_to_sym
165.01362,165.015,0.0013799999999832835,3765.9085401800457,bench_mov_reg_to_sym
165.21528,165.21666,0.0013799999999832835,3741.76561827679,bench_mov_reg_to_sym
165.41694,165.41832,0.0013799999999832835,3752.815558060096,bench_mov_reg_to_sym
165.6186,165.61998,0.0013800000000117052,3766.536784859734,bench_mov_reg_to_sym
165.82028,165.82166,0.0013800000000117052,3783.9529035009914,bench_mov_reg_to_sym
166.02194,166.02332,0.0013800000000117052,3779.1191763579172,bench_mov_reg_to_sym
166.22362,166.225,0.0013799999999832835,3774.529977185959,bench_mov_reg_to_sym
166.42528,166.42666,0.0013800000000117052,3785.043749995212,bench_mov_reg_to_sym
166.62694,166.62832,0.0013800000000117052,3774.158633349129,bench_mov_reg_to_sym
166.8286,166.82998,0.0013800000000117052,3766.825010568537,bench_mov_reg_to_sym
167.03028,167.03166,0.0013799999999832835,3758.7814591341703,bench_mov_reg_to_sym
167.23194,167.23332,0.0013799999999832835,3749.1508549528626,bench_mov_reg_to_sym
167.4336,167.43498,0.0013799999999832835,3739.571846041502,bench_mov_reg_to_sym
167.63526,167.63664,0.0013800000000117052,3766.8504729279152,bench_mov_reg_to_sym
167.83692,167.8383,0.0013800000000117052,3777.8978608882176,bench_mov_reg_to_sym
168.03858,168.03996,0.0013800000000117052,3790.8818503240973,bench_mov_reg_to_sym
168.24026,168.24162,0.001360000000005357,3723.1953581930566,bench_mov_reg_to_sym
168.44192,168.4433,0.0013799999999832835,3788.287602315187,bench_mov_reg_to_sym
168.64358,168.64496,0.0013800000000117052,3787.7670233490676,bench_mov_reg_to_sym
168.84524,168.84662,0.0013800000000117052,3771.2467718300863,bench_mov_reg_to_sym
169.04692,169.0483,0.0013800000000117052,3739.806148255048,bench_mov_reg_to_sym
169.24858,169.24996,0.0013799999999832835,3749.070039439308,bench_mov_reg_to_sym
169.45024,169.45162,0.0013799999999832835,3751.277839715774,bench_mov_reg_to_sym
169.65192,169.6533,0.0013800000000117052,3770.589467637624,bench_mov_reg_to_sym
169.85358,169.85496,0.0013800000000117052,3780.038815492164,bench_mov_reg_to_sym
170.05524,170.05662,0.0013800000000117052,3787.7937523057103,bench_mov_reg_to_sym
170.25692,170.2583,0.0013799999999832835,3777.729212256869,bench_mov_reg_to_sym
170.4586,170.45998,0.0013800000000117052,3777.3034395996206,bench_mov_reg_to_sym
170.66026,170.66164,0.0013800000000117052,3768.3303933926873,bench_mov_reg_to_sym
170.86192,170.8633,0.0013800000000117052,3767.492740913416,bench_mov_reg_to_sym
171.0636,171.06498,0.0013799999999832835,3744.2878889351887,bench_mov_reg_to_sym
171.26528,171.26666,0.0013800000000117052,3752.9423856507087,bench_mov_reg_to_sym
171.46694,171.4689,0.001959999999996853,5296.291736879921,bench_mov_imm_to_sym
171.66918,171.67114,0.001959999999996853,5325.700978268864,bench_mov_imm_to_sym
171.87142,171.87338,0.001959999999996853,5374.365048475659,bench_mov_imm_to_sym
172.07366,172.07562,0.001959999999996853,5408.9252534256575,bench_mov_imm_to_sym
172.2759,172.27786,0.001959999999996853,5330.798141646811,bench_mov_imm_to_sym
172.47814,172.4801,0.001959999999996853,5296.676158897957,bench_mov_imm_to_sym
172.68038,172.68234,0.001959999999996853,5261.896834696147,bench_mov_imm_to_sym
172.8826,172.88456,0.001959999999996853,5271.191133644712,bench_mov_imm_to_sym
173.08484,173.0868,0.001959999999996853,5304.183408137903,bench_mov_imm_to_sym
173.28708,173.28902,0.0019399999999905049,5258.486338398157,bench_mov_imm_to_sym
173.48932,173.49126,0.0019400000000189266,5226.273017523371,bench_mov_imm_to_sym
173.69154,173.6935,0.001959999999996853,5284.184361798799,bench_mov_imm_to_sym
173.89378,173.89574,0.001959999999996853,5264.471792611089,bench_mov_imm_to_sym
174.09604,174.09798,0.0019400000000189266,5184.472950695657,bench_mov_imm_to_sym
174.29828,174.30022,0.0019399999999905049,5179.888340616689,bench_mov_imm_to_sym
174.50052,174.50246,0.0019400000000189266,5199.90131031484,bench_mov_imm_to_sym
174.70276,174.7047,0.0019399999999905049,5205.489117621473,bench_mov_imm_to_sym
174.905,174.90694,0.0019399999999905049,5229.4886694033485,bench_mov_imm_to_sym
175.10724,175.1092,0.001959999999996853,5285.905895284424,bench_mov_imm_to_sym
175.30948,175.31144,0.001959999999996853,5274.188073807301,bench_mov_imm_to_sym
175.51172,175.51366,0.0019399999999905049,5204.60603290501,bench_mov_imm_to_sym
175.71396,175.7159,0.0019400000000189266,5221.455704940035,bench_mov_imm_to_sym
175.9162,175.91814,0.0019399999999905049,5265.574338818704,bench_mov_imm_to_sym
176.11844,176.12038,0.0019400000000189266,5311.57858907973,bench_mov_imm_to_sym
176.32068,176.32262,0.0019399999999905049,5320.664660510663,bench_mov_imm_to_sym
176.52292,176.52486,0.0019399999999905049,5331.161941842195,bench_mov_imm_to_sym
176.72516,176.7271,0.0019400000000189266,5289.77911459327,bench_mov_imm_to_sym
176.92738,176.92934,0.001959999999996853,5309.401114928252,bench_mov_imm_to_sym
177.12962,177.13158,0.001960000000025275,5310.1982642703315,bench_mov_imm_to_sym
177.33186,177.33382,0.001959999999996853,5322.896724091496,bench_mov_imm_to_sym
177.5341,177.53606,0.001959999999996853,5344.3123330307835,bench_mov_imm_to_sym
177.73636,177.7383,0.0019400000000189266,5276.261754388407,bench_mov_imm_to_sym
177.9386,177.94054,0.0019399999999905049,5269.4692671926605,bench_mov_imm_to_sym
178.14084,178.1428,0.001959999999996853,5331.946010694491,bench_mov_imm_to_sym
178.3431,178.34504,0.0019400000000189266,5241.247180437254,bench_mov_imm_to_sym
178.54534,178.5473,0.001959999999996853,5287.405133701443,bench_mov_imm_to_sym
178.74758,178.74954,0.001959999999996853,5314.953513435721,bench_mov_imm_to_sym
178.94982,178.95178,0.001960000000025275,5333.473009595826,bench_mov_imm_to_sym
179.15206,179.15402,0.001959999999996853,5353.071794369433,bench_mov_imm_to_sym
179.3543,179.35626,0.001959999999996853,5374.818127596016,bench_mov_imm_to_sym
179.55654,179.5585,0.001959999999996853,5393.216623912309,bench_mov_imm_to_sym
179.75878,179.76074,0.001959999999996853,5366.480690418537,bench_mov_imm_to_sym
179.96102,179.96296,0.0019400000000189266,5240.504315643192,bench_mov_imm_to_sym
180.16326,180.1652,0.0019399999999905049,5219.133710460294,bench_mov_imm_to_sym
180.36548,180.36744,0.001959999999996853,5279.847541819162,bench_mov_imm_to_sym
180.56772,180.56968,0.001959999999996853,5221.5136098543835,bench_mov_imm_to_sym
180.76996,180.77192,0.001959999999996853,5208.396238733132,bench_mov_imm_to_sym
180.9722,180.97416,0.001960000000025275,5210.002078749073,bench_mov_imm_to_sym
181.17444,181.1764,0.001959999999996853,5189.283788193725,bench_mov_imm_to_sym
181.37668,181.37864,0.001959999999996853,5189.520746931418,bench_mov_imm_to_sym
181.57892,181.58088,0.001959999999996853,5190.084793127512,bench_mov_imm_to_sym
181.78116,181.78312,0.001959999999996853,5199.796846129832,bench_mov_imm_to_sym
181.9834,181.98536,0.001959999999996853,5231.981740793313,bench_mov_imm_to_sym
182.18564,182.1876,0.001959999999996853,5280.988051080531,bench_mov_imm_to_sym
182.38788,182.38984,0.001959999999996853,5302.470771122678,bench_mov_imm_to_sym
182.59012,182.59208,0.001959999999996853,5290.991961940746,bench_mov_imm_to_sym
182.79236,182.79432,0.001959999999996853,5230.117363380138,bench_mov_imm_to_sym
182.9946,182.99656,0.001959999999996853,5222.207736219422,bench_mov_imm_to_sym
183.19684,183.1988,0.001959999999996853,5225.520390073235,bench_mov_imm_to_sym
183.39908,183.40104,0.001959999999996853,5271.835455199452,bench_mov_imm_to_sym
183.60132,183.60326,0.0019400000000189266,5260.972566958152,bench_mov_imm_to_sym
183.80354,183.8055,0.001959999999996853,5308.150923804694,bench_mov_imm_to_sym
184.00578,184.00774,0.001960000000025275,5328.839887007082,bench_mov_imm_to_sym
184.20802,184.20998,0.001959999999996853,5307.176758059154,bench_mov_imm_to_sym
184.41026,184.41222,0.001959999999996853,5284.924604924293,bench_mov_imm_to_sym
184.6125,184.61446,0.001959999999996853,5295.5928630986955,bench_mov_imm_to_sym
184.81474,184.8167,0.001959999999996853,5321.478368707479,bench_mov_imm_to_sym
185.01698,185.01894,0.001959999999996853,5351.324644864381,bench_mov_imm_to_sym
185.21922,185.22118,0.001959999999996853,5349.685878015877,bench_mov_imm_to_sym
185.42146,185.42342,0.001959999999996853,5347.007319789234,bench_mov_imm_to_sym
185.6237,185.62564,0.0019399999999905049,5272.873495676552,bench_mov_imm_to_sym
185.82594,185.8279,0.001959999999996853,5309.427180317709,bench_mov_imm_to_sym
186.02818,186.03012,0.0019400000000189266,5245.903334632622,bench_mov_imm_to_sym
186.23042,186.23236,0.0019399999999905049,5279.854575609012,bench_mov_imm_to_sym
186.43264,186.4346,0.001959999999996853,5357.377512840096,bench_mov_imm_to_sym
186.63488,186.63684,0.001959999999996853,5353.453170960991,bench_mov_imm_to_sym
186.83712,186.83906,0.0019399999999905049,5301.097107560386,bench_mov_imm_to_sym
187.03936,187.0413,0.0019400000000189266,5278.842495809934,bench_mov_imm_to_sym
187.2416,187.24354,0.0019399999999905049,5259.311350501702,bench_mov_imm_to_sym
187.44384,187.44578,0.0019400000000189266,5261.232657411701,bench_mov_imm_to_sym
187.64608,187.64802,0.0019399999999905049,5265.809691013561,bench_mov_imm_to_sym
187.84832,187.85026,0.0019399999999905049,5286.803063910298,bench_mov_imm_to_sym
188.05056,188.0525,0.0019400000000189266,5294.761387685254,bench_mov_imm_to_sym
188.25278,188.25474,0.001959999999996853,5359.557403709671,bench_mov_imm_to_sym
188.45502,188.45698,0.001959999999996853,5332.511013833258,bench_mov_imm_to_sym
188.65726,188.65922,0.001959999999996853,5298.3498992258055,bench_mov_imm_to_sym
188.8595,188.86146,0.001959999999996853,5298.109271091511,bench_mov_imm_to_sym
189.06174,189.0637,0.001960000000025275,5337.651057706992,bench_mov_imm_to_sym
189.26398,189.26594,0.001959999999996853,5399.026013902606,bench_mov_imm_to_sym
189.46622,189.46818,0.001959999999996853,5418.381050689985,bench_mov_imm_to_sym
189.66846,189.67042,0.001959999999996853,5412.846948007497,bench_mov_imm_to_sym
189.87072,189.87266,0.0019399999999905049,5335.618287763372,bench_mov_imm_to_sym
190.07296,190.0749,0.0019400000000189266,5286.619050946622,bench_mov_imm_to_sym
190.2752,190.27714,0.0019399999999905049,5276.713774041812,bench_mov_imm_to_sym
190.47742,190.47938,0.001959999999996853,5335.170454340461,bench_mov_imm_to_sym
190.67966,190.68162,0.001959999999996853,5364.233343847515,bench_mov_imm_to_sym
190.8819,190.88386,0.001959999999996853,5383.976774746821,bench_mov_imm_to_sym
191.08414,191.0861,0.001959999999996853,5385.021895631603,bench_mov_imm_to_sym
191.28638,191.28834,0.001959999999996853,5361.664211364989,bench_mov_imm_to_sym
191.48862,191.49056,0.0019399999999905049,5281.482723052155,bench_mov_imm_to_sym
191.69086,191.69296,0.0021000000000128694,5985.213795250003,bench_mov_idx_to_sym
191.89324,191.89534,0.0021000000000128694,6002.966815178934,bench_mov_idx_to_sym
192.09562,192.09772,0.0021000000000128694,6046.394717452879,bench_mov_idx_to_sym
192.29802,192.30012,0.0020999999999844476,6053.446684918073,bench_mov_idx_to_sym
192.5004,192.5025,0.0020999999999844476,6053.752477696661,bench_mov_idx_to_sym
192.7028,192.7049,0.0021000000000128694,6033.778470047529,bench_mov_idx_to_sym
192.9052,192.9073,0.0020999999999844476,5998.25690961628,bench_mov_idx_to_sym
193.10758,193.10968,0.0020999999999844476,5990.70023740532,bench_mov_idx_to_sym
193.30998,193.31208,0.0021000000000128694,6008.343410250645,bench_mov_idx_to_sym
193.51236,193.51446,0.0021000000000128694,6036.761100440967,bench_mov_idx_to_sym
193.71476,193.71686,0.0020999999999844476,6029.746266964644,bench_mov_idx_to_sym
193.91716,193.91926,0.0021000000000128694,6030.8788228232,bench_mov_idx_to_sym
194.11954,194.12164,0.0021000000000128694,6029.017176516123,bench_mov_idx_to_sym
194.32194,194.32404,0.0020999999999844476,5998.554464846694,bench_mov_idx_to_sym
194.52434,194.52644,0.0021000000000128694,5987.585936711963,bench_mov_idx_to_sym
194.72672,194.72882,0.0021000000000128694,6015.06327515327,bench_mov_idx_to_sym
194.92912,194.93122,0.0020999999999844476,6030.497604467147,bench_mov_idx_to_sym
195.1315,195.1336,0.0021000000000128694,6040.469380134993,bench_mov_idx_to_sym
195.3339,195.336,0.0021000000000128694,6032.967066894949,bench_mov_idx_to_sym
195.5363,195.5384,0.0020999999999844476,6006.418843707268,bench_mov_idx_to_sym
195.73868,195.74078,0.0021000000000128694,5974.642634433024,bench_mov_idx_to_sym
195.94108,195.94318,0.0021000000000128694,5990.545516871456,bench_mov_idx_to_sym
196.14348,196.14556,0.0020799999999780994,5960.111666870546,bench_mov_idx_to_sym
196.34586,196.34796,0.0021000000000128694,6028.983232139007,bench_mov_idx_to_sym
196.54826,196.55036,0.0021000000000128694,6039.382007476326,bench_mov_idx_to_sym
196.75064,196.75274,0.0020999999999844476,6036.516900593909,bench_mov_idx_to_sym
196.95304,196.95514,0.0021000000000128694,6000.146484041843,bench_mov_idx_to_sym
197.15544,197.15754,0.0021000000000128694,5972.5707862904455,bench_mov_idx_to_sym
197.35782,197.35992,0.0020999999999844476,5995.056256607062,bench_mov_idx_to_sym
197.5602,197.5623,0.0020999999999844476,6024.820483242891,bench_mov_idx_to_sym
197.76258,197.76468,0.0020999999999844476,6036.341602400591,bench_mov_idx_to_sym
197.96496,197.96706,0.0021000000000128694,6028.6965570803995,bench_mov_idx_to_sym
198.16734,198.16944,0.0021000000000128694,6025.242882353357,bench_mov_idx_to_sym
198.36972,198.37182,0.0021000000000128694,5987.092994655834,bench_mov_idx_to_sym
198.5721,198.5742,0.0020999999999844476,5981.564808126115,bench_mov_idx_to_sym
198.77448,198.77658,0.0020999999999844476,6005.720314522065,bench_mov_idx_to_sym
198.97686,198.97896,0.0021000000000128694,6029.121286741106,bench_mov_idx_to_sym
199.17926,199.18136,0.0021000000000128694,6029.931325504446,bench_mov_idx_to_sym
199.38164,199.38374,0.0020999999999844476,6040.205894924289,bench_mov_idx_to_sym
199.58402,199.58612,0.0020999999999844476,6012.427795166001,bench_mov_idx_to_sym
199.78642,199.78852,0.0021000000000128694,5989.181548394302,bench_mov_idx_to_sym
199.9888,199.9909,0.0021000000000128694,5970.949800721485,bench_mov_idx_to_sym
200.19118,200.19328,0.0020999999999844476,6009.44845001448,bench_mov_idx_to_sym
200.39356,200.39566,0.0020999999999844476,6034.944131922099,bench_mov_idx_to_sym
200.59596,200.59806,0.0021000000000128694,6024.218546265471,bench_mov_idx_to_sym
200.79834,200.80044,0.0021000000000128694,6023.775965479047,bench_mov_idx_to_sym
201.00074,201.00284,0.0020999999999844476,5990.356698122146,bench_mov_idx_to_sym
201.20312,201.20522,0.0020999999999844476,5974.204249167034,bench_mov_idx_to_sym
201.40552,201.40762,0.0021000000000128694,5974.600594527422,bench_mov_idx_to_sym
201.6079,201.61,0.0021000000000128694,5998.347410970816,bench_mov_idx_to_sym
201.81028,201.81238,0.0020999999999844476,6029.320659534905,bench_mov_idx_to_sym
202.01266,202.01476,0.0020999999999844476,6038.577177046616,bench_mov_idx_to_sym
202.21504,202.21714,0.0021000000000128694,6022.808018644944,bench_mov_idx_to_sym
202.41742,202.41952,0.0021000000000128694,5989.190326110468,bench_mov_idx_to_sym
202.6198,202.6219,0.0021000000000128694,5985.469005573956,bench_mov_idx_to_sym
202.8222,202.8243,0.0020999999999844476,5998.321727335997,bench_mov_idx_to_sym
203.02458,203.02668,0.0021000000000128694,6011.202721895215,bench_mov_idx_to_sym
203.22696,203.22906,0.0021000000000128694,6022.215327286228,bench_mov_idx_to_sym
203.42934,203.43144,0.0021000000000128694,6029.974599406751,bench_mov_idx_to_sym
203.63172,203.63382,0.0020999999999844476,6029.120804697857,bench_mov_idx_to_sym
203.83412,203.83622,0.0020999999999844476,5981.388490135373,bench_mov_idx_to_sym
204.0365,204.0386,0.0021000000000128694,5961.11240567566,bench_mov_idx_to_sym
204.23888,204.24098,0.0021000000000128694,5987.019559872024,bench_mov_idx_to_sym
204.44126,204.44336,0.0021000000000128694,6027.387038376759,bench_mov_idx_to_sym
204.64364,204.64574,0.0020999999999844476,6023.2206223996645,bench_mov_idx_to_sym
204.84602,204.84812,0.0020999999999844476,6006.22330787455,bench_mov_idx_to_sym
205.0484,205.0505,0.0021000000000128694,6005.847000090857,bench_mov_idx_to_sym
205.25078,205.25288,0.0021000000000128694,5983.027666845815,bench_mov_idx_to_sym
205.45316,205.45526,0.0021000000000128694,5961.425416209296,bench_mov_idx_to_sym
205.65554,205.65764,0.0020999999999844476,5989.4111100131395,bench_mov_idx_to_sym
205.85792,205.86002,0.0020999999999844476,6034.88753079552,bench_mov_idx_to_sym
206.0603,206.0624,0.0020999999999844476,6036.632098209315,bench_mov_idx_to_sym
206.2627,206.26478,0.002080000000006521,5954.965555595347,bench_mov_idx_to_sym
206.46508,206.46718,0.0021000000000128694,6005.27272563476,bench_mov_idx_to_sym
206.66744,206.66954,0.0021000000000128694,6000.7136129218425,bench_mov_idx_to_sym
206.86984,206.87194,0.0020999999999844476,5976.231275078966,bench_mov_idx_to_sym
207.07222,207.07432,0.0021000000000128694,6009.412875904037,bench_mov_idx_to_sym
207.2746,207.2767,0.0021000000000128694,6029.610107690999,bench_mov_idx_to_sym
207.47698,207.47908,0.0021000000000128694,6050.693297331902,bench_mov_idx_to_sym
207.67938,207.68148,0.0020999999999844476,6027.4073178406015,bench_mov_idx_to_sym
207.88176,207.88386,0.0020999999999844476,6003.162835210158,bench_mov_idx_to_sym
208.08414,208.08624,0.0021000000000128694,5968.068752010884,bench_mov_idx_to_sym
208.28652,208.28862,0.0021000000000128694,5976.314351466749,bench_mov_idx_to_sym
208.4889,208.491,0.0021000000000128694,5998.259417284702,bench_mov_idx_to_sym
208.69128,208.69338,0.0020999999999844476,6018.965339708894,bench_mov_idx_to_sym
208.89366,208.89576,0.0020999999999844476,6015.113554846812,bench_mov_idx_to_sym
209.09604,209.09814,0.0021000000000128694,6004.290888125912,bench_mov_idx_to_sym
209.29842,209.30052,0.0021000000000128694,5974.981326181091,bench_mov_idx_to_sym
209.5008,209.5029,0.0021000000000128694,5952.8322331979925,bench_mov_idx_to_sym
209.70318,209.70528,0.0020999999999844476,5984.234833112672,bench_mov_idx_to_sym
209.90558,209.90768,0.0021000000000128694,6004.586429371872,bench_mov_idx_to_sym
210.10796,210.11006,0.0021000000000128694,6030.878950880174,bench_mov_idx_to_sym
210.31032,210.31242,0.0021000000000128694,6091.240597928618,bench_mov_idx_to_sym
210.5127,210.5148,0.0021000000000128694,6043.193140106072,bench_mov_idx_to_sym
210.71508,210.71718,0.0021000000000128694,6002.840485926449,bench_mov_idx_to_sym
210.91746,210.91956,0.0020999999999844476,5993.222196075443,bench_mov_idx_to_sym
211.11984,211.12194,0.0020999999999844476,5997.952078422149,bench_mov_idx_to_sym
211.32222,211.32432,0.0021000000000128694,6021.61919003593,bench_mov_idx_to_sym
211.5246,211.5267,0.0021000000000128694,6036.621078420904,bench_mov_idx_to_sym
211.72698,211.72908,0.0021000000000128694,6009.2986259065365,bench_mov_idx_to_sym
211.92938,211.93146,0.0020799999999780994,5887.890134406583,bench_mov_sym_to_sym
212.13174,212.13384,0.0020999999999844476,5924.894448790196,bench_mov_sym_to_sym
212.33412,212.33622,0.0020999999999844476,5914.128620595236,bench_mov_sym_to_sym
212.5365,212.5386,0.0021000000000128694,5946.654505135185,bench_mov_sym_to_sym
212.73888,212.74096,0.002080000000006521,5903.937651330646,bench_mov_sym_to_sym
212.94124,212.94334,0.0021000000000128694,5971.51519967341,bench_mov_sym_to_sym
213.14362,213.1457,0.002080000000006521,5903.6683803619135,bench_mov_sym_to_sym
213.346,213.34808,0.002080000000006521,5899.273427220924,bench_mov_sym_to_sym
213.54838,213.55046,0.0020799999999780994,5873.275981220078,bench_mov_sym_to_sym
213.75074,213.75284,0.0020999999999844476,5927.910737181884,bench_mov_sym_to_sym
213.95312,213.95522,0.0020999999999844476,5943.523619739532,bench_mov_sym_to_sym
214.1555,214.15758,0.002080000000006521,5914.786006342963,bench_mov_sym_to_sym
214.35788,214.35996,0.002080000000006521,5921.767842975727,bench_mov_sym_to_sym
214.56024,214.56234,0.0021000000000128694,5985.580326563339,bench_mov_sym_to_sym
214.76262,214.76472,0.0021000000000128694,5959.26491547283,bench_mov_sym_to_sym
214.965,214.9671,0.0020999999999844476,5938.066940245956,bench_mov_sym_to_sym
215.16738,215.16948,0.0020999999999844476,5934.288348022849,bench_mov_sym_to_sym
215.36976,215.37186,0.0020999999999844476,5961.737867864108,bench_mov_sym_to_sym
215.57214,215.57424,0.0021000000000128694,5980.727267489913,bench_mov_sym_to_sym
215.77452,215.77662,0.0021000000000128694,5990.546636786639,bench_mov_sym_to_sym
215.9769,215.979,0.0021000000000128694,5980.446769427453,bench_mov_sym_to_sym
216.17928,216.18138,0.0020999999999844476,5954.907231454054,bench_mov_sym_to_sym
216.38166,216.38376,0.0020999999999844476,5946.390284178682,bench_mov_sym_to_sym
216.58404,216.58614,0.0021000000000128694,5955.241932571992,bench_mov_sym_to_sym
216.78642,216.78852,0.0021000000000128694,5965.520346109246,bench_mov_sym_to_sym
216.98882,216.9909,0.002080000000006521,5927.905740700221,bench_mov_sym_to_sym
217.1912,217.1933,0.0020999999999844476,6004.1481209459525,bench_mov_sym_to_sym
217.39358,217.39568,0.0021000000000128694,5995.881245510252,bench_mov_sym_to_sym
217.59596,217.59806,0.0021000000000128694,5957.709813995506,bench_mov_sym_to_sym
217.79834,217.80042,0.002080000000006521,5881.203752962652,bench_mov_sym_to_sym
218.00072,218.0028,0.002080000000006521,5897.28148190186,bench_mov_sym_to_sym
218.20308,218.20518,0.0021000000000128694,5984.216679389772,bench_mov_sym_to_sym
218.40546,218.40756,0.0020999999999844476,6001.96362468442,bench_mov_sym_to_sym
218.60784,218.60994,0.0020999999999844476,6001.02205755994,bench_mov_sym_to_sym
218.81024,218.81232,0.002080000000006521,5925.694440976138,bench_mov_sym_to_sym
219.01262,219.0147,0.002080000000006521,5894.2018915146955,bench_mov_sym_to_sym
219.215,219.21708,0.002080000000006521,5889.505434333678,bench_mov_sym_to_sym
219.41738,219.41946,0.0020799999999780994,5905.435571847388,bench_mov_sym_to_sym
219.61976,219.62184,0.0020799999999780994,5919.744053323124,bench_mov_sym_to_sym
219.82214,219.82422,0.002080000000006521,5908.472908214932,bench_mov_sym_to_sym
220.02452,220.0266,0.002080000000006521,5927.805008851692,bench_mov_sym_to_sym
220.2269,220.229,0.0021000000000128694,5972.201565784124,bench_mov_sym_to_sym
220.42928,220.43136,0.002080000000006521,5895.949602144588,bench_mov_sym_to_sym
220.63166,220.63374,0.0020799999999780994,5885.865481041856,bench_mov_sym_to_sym
220.83404,220.83612,0.002080000000006521,5907.219548264732,bench_mov_sym_to_sym
221.03642,221.0385,0.002080000000006521,5934.269533048253,bench_mov_sym_to_sym
221.23878,221.24088,0.0021000000000128694,6006.226076317776,bench_mov_sym_to_sym
221.44116,221.44326,0.0021000000000128694,5976.023434232901,bench_mov_sym_to_sym
221.64354,221.64564,0.0020999999999844476,5982.9965745582995,bench_mov_sym_to_sym
221.84592,221.84802,0.0020999999999844476,5943.795258599124,bench_mov_sym_to_sym
222.0483,222.0504,0.0020999999999844476,5943.151900962229,bench_mov_sym_to_sym
222.25068,222.25278,0.0021000000000128694,5966.662901959604,bench_mov_sym_to_sym
222.45306,222.45514,0.002080000000006521,5933.126600013393,bench_mov_sym_to_sym
222.65544,222.65752,0.002080000000006521,5932.157111839751,bench_mov_sym_to_sym
222.85782,222.8599,0.002080000000006521,5939.95625154937,bench_mov_sym_to_sym
223.06018,223.06228,0.0020999999999844476,5965.20410613222,bench_mov_sym_to_sym
223.26256,223.26466,0.0020999999999844476,5951.420878947265,bench_mov_sym_to_sym
223.46494,223.46704,0.0020999999999844476,5957.343419968141,bench_mov_sym_to_sym
223.66732,223.6694,0.002080000000006521,5930.125485194599,bench_mov_sym_to_sym
223.86968,223.87178,0.0021000000000128694,5984.853082374678,bench_mov_sym_to_sym
224.07206,224.07416,0.0021000000000128694,5994.193062688737,bench_mov_sym_to_sym
224.27444,224.27654,0.0021000000000128694,5988.39794289348,bench_mov_sym_to_sym
224.47682,224.47892,0.0020999999999844476,5970.591027244558,bench_mov_sym_to_sym
224.6792,224.68128,0.0020799999999780994,5877.470362401414,bench_mov_sym_to_sym
224.88156,224.88366,0.0020999999999844476,5944.135193666829,bench_mov_sym_to_sym
225.08394,225.08604,0.0020999999999844476,5978.578349992761,bench_mov_sym_to_sym
225.28634,225.28842,0.002080000000006521,5927.708968537958,bench_mov_sym_to_sym
225.48872,225.4908,0.002080000000006521,5948.662285246214,bench_mov_sym_to_sym
225.69108,225.69318,0.0021000000000128694,5987.0289778709375,bench_mov_sym_to_sym
225.89346,225.89556,0.0020999999999844476,5955.970946186501,bench_mov_sym_to_sym
226.09584,226.09794,0.0020999999999844476,5947.191044642785,bench_mov_sym_to_sym
226.29822,226.30032,0.0021000000000128694,5951.2822470086085,bench_mov_sym_to_sym
226.5006,226.50268,0.002080000000006521,5913.856846765973,bench_mov_sym_to_sym
226.70296,226.70506,0.0021000000000128694,5998.608360571339,bench_mov_sym_to_sym
226.90534,226.90744,0.0021000000000128694,6007.227243427065,bench_mov_sym_to_sym
227.10772,227.1098,0.002080000000006521,5933.601316084155,bench_mov_sym_to_sym
227.3101,227.31218,0.002080000000006521,5906.625171208204,bench_mov_sym_to_sym
227.51246,227.51456,0.0020999999999844476,5941.606273364853,bench_mov_sym_to_sym
227.71484,227.71694,0.0020999999999844476,5949.195038945878,bench_mov_sym_to_sym
227.91722,227.91932,0.0021000000000128694,5980.013273695327,bench_mov_sym_to_sym
228.11958,228.12168,0.0020999999999844476,5981.093367979958,bench_mov_sym_to_sym
228.32196,228.32404,0.002080000000006521,5941.712292862186,bench_mov_sym_to_sym
228.52432,228.52642,0.0021000000000128694,5988.366804124889,bench_mov_sym_to_sym
228.7267,228.7288,0.0021000000000128694,5950.178878885725,bench_mov_sym_to_sym
228.92908,228.93118,0.0021000000000128694,5949.740652031976,bench_mov_sym_to_sym
229.13146,229.13356,0.0020999999999844476,5956.310550637423,bench_mov_sym_to_sym
229.33384,229.33594,0.0020999999999844476,5990.700877687999,bench_mov_sym_to_sym
229.53622,229.53832,0.0021000000000128694,5995.983551295683,bench_mov_sym_to_sym
229.7386,229.7407,0.0021000000000128694,5991.7420358781,bench_mov_sym_to_sym
229.94098,229.94308,0.0021000000000128694,5984.433020967305,bench_mov_sym_to_sym
230.14336,230.14546,0.0021000000000128694,5938.877789340802,bench_mov_sym_to_sym
230.34574,230.34784,0.0020999999999844476,5960.07660492505,bench_mov_sym_to_sym
230.54812,230.55022,0.0020999999999844476,5965.9264469051905,bench_mov_sym_to_sym
230.7505,230.75258,0.002080000000006521,5938.585000133711,bench_mov_sym_to_sym
230.95286,230.95496,0.0021000000000128694,5997.711368878077,bench_mov_sym_to_sym
231.15524,231.15734,0.0021000000000128694,5999.6074717868305,bench_mov_sym_to_sym
231.35762,231.35972,0.0021000000000128694,5979.253696316181,bench_mov_sym_to_sym
231.56,231.5621,0.0020999999999844476,5945.9827164684,bench_mov_sym_to_sym
231.76238,231.76448,0.0020999999999844476,5944.847317832261,bench_mov_sym_to_sym
231.96478,231.96686,0.002080000000006521,5897.0005973425805,bench_mov_sym_to_sym
232.16716,232.16926,0.0021000000000128694,6022.765033450021,bench_mov_abs_to_sym
232.36954,232.37164,0.0021000000000128694,6017.334815152241,bench_mov_abs_to_sym
232.57192,232.57402,0.0020999999999844476,6008.315323806834,bench_mov_abs_to_sym
232.77432,232.77642,0.0021000000000128694,5999.148513694427,bench_mov_abs_to_sym
232.9767,232.9788,0.0021000000000128694,5960.439504162005,bench_mov_abs_to_sym
233.1791,233.1812,0.0020999999999844476,5978.035128165967,bench_mov_abs_to_sym
233.38148,233.38358,0.0020999999999844476,6007.34631991903,bench_mov_abs_to_sym
233.58386,233.58596,0.0021000000000128694,6023.971382567954,bench_mov_abs_to_sym
233.78624,233.78834,0.0021000000000128694,6029.861699827635,bench_mov_abs_to_sym
233.98864,233.99074,0.0020999999999844476,6010.3612299557235,bench_mov_abs_to_sym
234.19102,234.19312,0.0020999999999844476,5964.447876855732,bench_mov_abs_to_sym
234.3934,234.3955,0.0020999999999844476,5969.560295296182,bench_mov_abs_to_sym
234.5958,234.59788,0.002080000000006521,5913.382638264409,bench_mov_abs_to_sym
234.79818,234.80028,0.0020999999999844476,6007.11430884046,bench_mov_abs_to_sym
235.00056,235.00266,0.0020999999999844476,6030.865875027286,bench_mov_abs_to_sym
235.20296,235.20504,0.002080000000006521,5963.5624243145885,bench_mov_abs_to_sym
235.40534,235.40744,0.0021000000000128694,6000.768966077811,bench_mov_abs_to_sym
235.60772,235.60982,0.0021000000000128694,5974.337300323129,bench_mov_abs_to_sym
235.8101,235.8122,0.0020999999999844476,5968.458133238796,bench_mov_abs_to_sym
236.01248,236.01458,0.0020999999999844476,5989.361389026901,bench_mov_abs_to_sym
236.21486,236.21696,0.0021000000000128694,6026.042774359298,bench_mov_abs_to_sym
236.41724,236.41934,0.0021000000000128694,6012.887160797808,bench_mov_abs_to_sym
236.61964,236.62172,0.002080000000006521,5952.985810599386,bench_mov_abs_to_sym
236.82202,236.82412,0.0020999999999844476,5995.464078104057,bench_mov_abs_to_sym
237.0244,237.02648,0.0020799999999780994,5915.4646493784085,bench_mov_abs_to_sym
237.22678,237.22886,0.002080000000006521,5914.3863874684785,bench_mov_abs_to_sym
237.42914,237.43124,0.0021000000000128694,5997.631175016956,bench_mov_abs_to_sym
237.63152,237.63362,0.0021000000000128694,6014.3618868107715,bench_mov_abs_to_sym
237.8339,237.836,0.0021000000000128694,6028.583080079467,bench_mov_abs_to_sym
238.03628,238.03838,0.0020999999999844476,6008.119168647036,bench_mov_abs_to_sym
238.23866,238.24076,0.0020999999999844476,6006.783309809703,bench_mov_abs_to_sym
238.44104,238.44314,0.0021000000000128694,5954.721688796953,bench_mov_abs_to_sym
238.64342,238.64552,0.0021000000000128694,5979.583887422192,bench_mov_abs_to_sym
238.8458,238.8479,0.0021000000000128694,6004.813173822762,bench_mov_abs_to_sym
239.04818,239.05028,0.0020999999999844476,6005.315130997072,bench_mov_abs_to_sym
239.25058,239.25266,0.0020799999999780994,5967.823699982041,bench_mov_abs_to_sym
239.45296,239.45506,0.0021000000000128694,6007.22976265618,bench_mov_abs_to_sym
239.65534,239.65744,0.0021000000000128694,5978.52822396991,bench_mov_abs_to_sym
239.85772,239.85982,0.0021000000000128694,5957.208604123889,bench_mov_abs_to_sym
240.0601,240.0622,0.0020999999999844476,5984.155917494204,bench_mov_abs_to_sym
240.26248,240.26458,0.0020999999999844476,6008.765005925724,bench_mov_abs_to_sym
240.46488,240.46698,0.0021000000000128694,6019.101855384035,bench_mov_abs_to_sym
240.66726,240.66936,0.0021000000000128694,6011.77352484384,bench_mov_abs_to_sym
240.86966,240.87176,0.0020999999999844476,6018.4837970426515,bench_mov_abs_to_sym
241.07206,241.07414,0.002080000000006521,5916.334793457818,bench_mov_abs_to_sym
241.27444,241.27654,0.0021000000000128694,5966.178793496372,bench_mov_abs_to_sym
241.47684,241.47894,0.0020999999999844476,5979.942951769733,bench_mov_abs_to_sym
241.67922,241.68132,0.0021000000000128694,5998.097988817035,bench_mov_abs_to_sym
241.88162,241.8837,0.002080000000006521,5965.274893697782,bench_mov_abs_to_sym
242.084,242.0861,0.0020999999999844476,6028.466254893413,bench_mov_abs_to_sym
242.28638,242.28848,0.0020999999999844476,6005.72979538716,bench_mov_abs_to_sym
242.48878,242.49086,0.002080000000006521,5904.6109230452375,bench_mov_abs_to_sym
242.69116,242.69326,0.0021000000000128694,5972.243794277776,bench_mov_abs_to_sym
242.89356,242.89564,0.0020799999999780994,5945.055233249543,bench_mov_abs_to_sym
243.09594,243.09804,0.0020999999999844476,6007.019132327027,bench_mov_abs_to_sym
243.29832,243.30042,0.0021000000000128694,6015.860431400802,bench_mov_abs_to_sym
243.50072,243.5028,0.002080000000006521,5957.159250994176,bench_mov_abs_to_sym
243.7031,243.7052,0.0020999999999844476,6006.346542808462,bench_mov_abs_to_sym
243.90548,243.90758,0.0020999999999844476,5979.833123225516,bench_mov_abs_to_sym
244.10788,244.10996,0.002080000000006521,5910.302617141133,bench_mov_abs_to_sym
244.31026,244.31234,0.002080000000006521,5936.917939708811,bench_mov_abs_to_sym
244.51264,244.51472,0.002080000000006521,5958.195645380237,bench_mov_abs_to_sym
244.71502,244.7171,0.0020799999999780994,5966.235964958842,bench_mov_abs_to_sym
244.9174,244.9195,0.0021000000000128694,6021.5626121885825,bench_mov_abs_to_sym
245.11978,245.12188,0.0021000000000128694,5985.09302366629,bench_mov_abs_to_sym
245.32218,245.32426,0.002080000000006521,5910.070631670999,bench_mov_abs_to_sym
245.52456,245.52664,0.0020799999999780994,5924.551775613244,bench_mov_abs_to_sym
245.72694,245.72902,0.0020799999999780994,5948.071440149533,bench_mov_abs_to_sym
245.92932,245.9314,0.002080000000006521,5962.212281320314,bench_mov_abs_to_sym
246.13168,246.13378,0.0021000000000128694,6017.026072407178,bench_mov_abs_to_sym
246.33406,246.33616,0.0021000000000128694,6011.410304383399,bench_mov_abs_to_sym
246.53644,246.53854,0.0021000000000128694,5983.86910514974,bench_mov_abs_to_sym
246.73882,246.74092,0.0020999999999844476,5974.971633361049,bench_mov_abs_to_sym
246.9412,246.9433,0.0020999999999844476,5978.129277888876,bench_mov_abs_to_sym
247.14358,247.14568,0.0021000000000128694,6008.407918310006,bench_mov_abs_to_sym
247.34596,247.34806,0.0021000000000128694,6018.1314405436015,bench_mov_abs_to_sym
247.54834,247.55044,0.0021000000000128694,6023.378763386153,bench_mov_abs_to_sym
247.75072,247.75282,0.0021000000000128694,6015.427876302565,bench_mov_abs_to_sym
247.9531,247.9552,0.0020999999999844476,5982.194035268859,bench_mov_abs_to_sym
248.15548,248.15758,0.0020999999999844476,5970.927081022303,bench_mov_abs_to_sym
248.35788,248.35998,0.0021000000000128694,5983.972966243443,bench_mov_abs_to_sym
248.56026,248.56236,0.0021000000000128694,6017.106056716485,bench_mov_abs_to_sym
248.76266,248.76476,0.0020999999999844476,6012.689680743918,bench_mov_abs_to_sym
248.96504,248.96714,0.0021000000000128694,6020.7383754127895,bench_mov_abs_to_sym
249.16744,249.16952,0.002080000000006521,5939.06694093859,bench_mov_abs_to_sym
249.36982,249.37192,0.0020999999999844476,5979.468747926777,bench_mov_abs_to_sym
249.5722,249.5743,0.0020999999999844476,5958.415758748255,bench_mov_abs_to_sym
249.77458,249.77668,0.0021000000000128694,5980.586619154367,bench_mov_abs_to_sym
249.97696,249.97906,0.0021000000000128694,6016.137171575048,bench_mov_abs_to_sym
250.17934,250.18144,0.0021000000000128694,6019.246007819489,bench_mov_abs_to_sym
250.38174,250.38382,0.0020799999999780994,5961.910369743039,bench_mov_abs_to_sym
250.58412,250.5862,0.0020799999999780994,5929.598663866654,bench_mov_abs_to_sym
250.7865,250.7886,0.0021000000000128694,5970.055582040879,bench_mov_abs_to_sym
250.98888,250.99098,0.0021000000000128694,5952.708120496033,bench_mov_abs_to_sym
251.19128,251.19338,0.0020999999999844476,6000.919167372822,bench_mov_abs_to_sym
251.39366,251.39576,0.0020999999999844476,6027.358022935756,bench_mov_abs_to_sym
251.59606,251.59816,0.0021000000000128694,6028.388866725292,bench_mov_abs_to_sym
251.79844,251.80054,0.0021000000000128694,6003.080210686723,bench_mov_abs_to_sym
252.00082,252.00292,0.0020999999999844476,5980.072189079273,bench_mov_abs_to_sym
252.2032,252.2053,0.0020999999999844476,5969.867778428358,bench_mov_abs_to_sym
252.4056,252.4071,0.0015000000000213731,4416.999772720644,bench_mov_ind_to_sym
252.6074,252.6089,0.0014999999999929514,4437.882613832602,bench_mov_ind_to_sym
252.8092,252.8107,0.0014999999999929514,4447.91728395651,bench_mov_ind_to_sym
253.011,253.01252,0.0015199999999992997,4511.928285935755,bench_mov_ind_to_sym
253.21282,253.21432,0.0014999999999929514,4463.450165911106,bench_mov_ind_to_sym
253.41462,253.41612,0.0014999999999929514,4447.378013259507,bench_mov_ind_to_sym
253.61642,253.61792,0.0014999999999929514,4443.046676439134,bench_mov_ind_to_sym
253.81822,253.81972,0.0014999999999929514,4429.218515268224,bench_mov_ind_to_sym
254.02002,254.02152,0.0015000000000213731,4418.502862163367,bench_mov_ind_to_sym
254.22182,254.22334,0.0015199999999992997,4489.5004341337135,bench_mov_ind_to_sym
254.42362,254.42514,0.0015199999999992997,4505.32966293209,bench_mov_ind_to_sym
254.62544,254.62694,0.0014999999999929514,4448.955557288813,bench_mov_ind_to_sym
254.82724,254.82874,0.0015000000000213731,4455.528040481221,bench_mov_ind_to_sym
255.02904,255.03054,0.0014999999999929514,4459.608597658902,bench_mov_ind_to_sym
255.23084,255.23234,0.0014999999999929514,4462.664590661422,bench_mov_ind_to_sym
255.43262,255.43412,0.0015000000000213731,4421.172945360169,bench_mov_ind_to_sym
255.63442,255.63592,0.0014999999999929514,4426.0275992355055,bench_mov_ind_to_sym
255.83624,255.83774,0.0014999999999929514,4418.188557007628,bench_mov_ind_to_sym
256.03804,256.03954,0.0014999999999645297,4427.399588641838,bench_mov_ind_to_sym
256.23984,256.24134,0.0014999999999645297,4454.333376966759,bench_mov_ind_to_sym
256.44164,256.44314,0.0015000000000213731,4449.78298392833,bench_mov_ind_to_sym
256.64344,256.64494,0.0015000000000213731,4458.799776688647,bench_mov_ind_to_sym
256.84524,256.84674,0.0015000000000213731,4461.934093917921,bench_mov_ind_to_sym
257.04704,257.04854,0.0015000000000213731,4442.637020321991,bench_mov_ind_to_sym
257.24884,257.25034,0.0015000000000213731,4434.35909000188,bench_mov_ind_to_sym
257.45062,257.45214,0.001519999999970878,4485.547430725345,bench_mov_ind_to_sym
257.65242,257.65392,0.0015000000000213731,4420.158830536074,bench_mov_ind_to_sym
257.85422,257.85574,0.0015200000000277214,4492.728160774367,bench_mov_ind_to_sym
258.05602,258.05752,0.0015000000000213731,4442.344121699192,bench_mov_ind_to_sym
258.25782,258.25932,0.0015000000000213731,4464.261836906023,bench_mov_ind_to_sym
258.45962,258.46112,0.0015000000000213731,4461.057391081633,bench_mov_ind_to_sym
258.66142,258.66292,0.0014999999999645297,4462.081889978565,bench_mov_ind_to_sym
258.8632,258.86472,0.001519999999970878,4514.423147683618,bench_mov_ind_to_sym
259.065,259.0665,0.0015000000000213731,4420.462078478412,bench_mov_ind_to_sym
259.2668,259.2683,0.0015000000000213731,4416.547804204538,bench_mov_ind_to_sym
259.46858,259.47008,0.0015000000000213731,4421.195364621506,bench_mov_ind_to_sym
259.67038,259.67188,0.0014999999999645297,4433.546317630802,bench_mov_ind_to_sym
259.87216,259.87366,0.0014999999999645297,4446.3990441400465,bench_mov_ind_to_sym
260.07396,260.07546,0.0015000000000213731,4462.180642940027,bench_mov_ind_to_sym
260.27574,260.27724,0.0015000000000213731,4471.05619597424,bench_mov_ind_to_sym
260.47754,260.47904,0.0015000000000213731,4462.097846035042,bench_mov_ind_to_sym
260.67934,260.68084,0.0014999999999645297,4455.983720145152,bench_mov_ind_to_sym
260.88112,260.88262,0.0014999999999645297,4435.41214557571,bench_mov_ind_to_sym
261.08292,261.08442,0.0015000000000213731,4414.379068248439,bench_mov_ind_to_sym
261.2847,261.28622,0.0015200000000277214,4492.699073245188,bench_mov_ind_to_sym
261.4865,261.48802,0.0015200000000277214,4477.791483597637,bench_mov_ind_to_sym
261.6883,261.6898,0.0014999999999645297,4454.6869233106545,bench_mov_ind_to_sym
261.8901,261.8916,0.0014999999999645297,4450.652645793983,bench_mov_ind_to_sym
262.09188,262.0934,0.001519999999970878,4524.143151852166,bench_mov_ind_to_sym
262.29368,262.29518,0.0015000000000213731,4454.845516075815,bench_mov_ind_to_sym
262.49548,262.49698,0.0015000000000213731,4453.613713912407,bench_mov_ind_to_sym
262.69728,262.69878,0.0015000000000213731,4433.254911628657,bench_mov_ind_to_sym
262.89908,262.90058,0.0014999999999645297,4424.802199827635,bench_mov_ind_to_sym
263.10088,263.10238,0.0014999999999645297,4423.418848203086,bench_mov_ind_to_sym
263.30266,263.30418,0.001519999999970878,4497.3597697982295,bench_mov_ind_to_sym
263.50446,263.50596,0.0015000000000213731,4439.495734471294,bench_mov_ind_to_sym
263.70626,263.70776,0.0015000000000213731,4453.995509604937,bench_mov_ind_to_sym
263.90806,263.90956,0.0015000000000213731,4460.9440863809505,bench_mov_ind_to_sym
264.10986,264.11136,0.0014999999999645297,4472.893527595711,bench_mov_ind_to_sym
264.31166,264.31316,0.0014999999999645297,4445.850972442844,bench_mov_ind_to_sym
264.51346,264.51496,0.0014999999999645297,4440.301863838209,bench_mov_ind_to_sym
264.71526,264.71676,0.0015000000000213731,4429.901933826354,bench_mov_ind_to_sym
264.91704,264.91856,0.0015200000000277214,4466.408924281906,bench_mov_ind_to_sym
265.11884,265.12036,0.0015200000000277214,4490.643816616847,bench_mov_ind_to_sym
265.32064,265.32216,0.001519999999970878,4516.14263225413,bench_mov_ind_to_sym
265.52246,265.52396,0.0014999999999645297,4450.076080281277,bench_mov_ind_to_sym
265.72426,265.72576,0.0014999999999645297,4463.652579473782,bench_mov_ind_to_sym
265.92606,265.92756,0.0015000000000213731,4449.109581826486,bench_mov_ind_to_sym
266.12788,266.12938,0.0015000000000213731,4446.470979664068,bench_mov_ind_to_sym
266.32968,266.33118,0.0015000000000213731,4443.880918033023,bench_mov_ind_to_sym
266.53148,266.53298,0.0015000000000213731,4430.002132496482,bench_mov_ind_to_sym
266.73328,266.73478,0.0015000000000213731,4427.945807174205,bench_mov_ind_to_sym
266.93508,266.93658,0.0014999999999645297,4436.8122540248905,bench_mov_ind_to_sym
267.13688,267.13838,0.0014999999999645297,4467.881638452353,bench_mov_ind_to_sym
267.33868,267.34018,0.0014999999999645297,4453.976882977967,bench_mov_ind_to_sym
267.54048,267.54198,0.0015000000000213731,4449.559394334002,bench_mov_ind_to_sym
267.74228,267.7438,0.0015200000000277214,4520.633341828264,bench_mov_ind_to_sym
267.94408,267.94558,0.0015000000000213731,4450.11147770046,bench_mov_ind_to_sym
268.14588,268.1474,0.0015200000000277214,4501.684629443904,bench_mov_ind_to_sym
268.34768,268.34918,0.0014999999999645297,4417.762642151741,bench_mov_ind_to_sym
268.54948,268.55098,0.0014999999999645297,4412.884695813187,bench_mov_ind_to_sym
268.75128,268.75278,0.0014999999999645297,4423.455216351752,bench_mov_ind_to_sym
268.9531,268.9546,0.0015000000000213731,4432.264950656662,bench_mov_ind_to_sym
269.1549,269.1564,0.0015000000000213731,4438.717342043927,bench_mov_ind_to_sym
269.3567,269.3582,0.0015000000000213731,4462.808712915057,bench_mov_ind_to_sym
269.5585,269.56,0.0015000000000213731,4447.219877102736,bench_mov_ind_to_sym
269.7603,269.7618,0.0015000000000213731,4444.7934325516035,bench_mov_ind_to_sym
269.9621,269.96362,0.001519999999970878,4481.893801039016,bench_mov_ind_to_sym
270.16392,270.16542,0.0014999999999645297,4418.682565339546,bench_mov_ind_to_sym
270.36572,270.36722,0.0014999999999645297,4417.94736998664,bench_mov_ind_to_sym
270.56752,270.56902,0.0015000000000213731,4437.595333499483,bench_mov_ind_to_sym
270.76932,270.77082,0.0015000000000213731,4435.743670975686,bench_mov_ind_to_sym
270.97112,270.97262,0.0015000000000213731,4457.189042651116,bench_mov_ind_to_sym
271.17292,271.17444,0.0015200000000277214,4524.527120022721,bench_mov_ind_to_sym
271.37472,271.37624,0.001519999999970878,4502.405470610282,bench_mov_ind_to_sym
271.57652,271.57804,0.001519999999970878,4491.668655446321,bench_mov_ind_to_sym
271.77832,271.77984,0.001519999999970878,4495.378103952906,bench_mov_ind_to_sym
271.98012,271.98164,0.0015200000000277214,4474.080270239199,bench_mov_ind_to_sym
272.18192,272.18342,0.0015000000000213731,4418.303715130658,bench_mov_ind_to_sym
272.38372,272.38522,0.0015000000000213731,4429.1585824199,bench_mov_ind_to_sym
272.58552,272.58702,0.0015000000000213731,4528.437980981238,bench_mov_aut_to_sym
272.78732,272.78882,0.0014999999999645297,4536.2057582304105,bench_mov_aut_to_sym
272.98912,272.99062,0.0014999999999645297,4534.1701152579835,bench_mov_aut_to_sym
273.1909,273.19242,0.0015200000000277214,4611.8687024264245,bench_mov_aut_to_sym
273.3927,273.3942,0.0015000000000213731,4521.223469700286,bench_mov_aut_to_sym
273.5945,273.596,0.0015000000000213731,4506.556596674261,bench_mov_aut_to_sym
273.7963,273.7978,0.0015000000000213731,4493.501393657895,bench_mov_aut_to_sym
273.99808,273.9996,0.001519999999970878,4561.081589110464,bench_mov_aut_to_sym
274.19988,274.20138,0.0014999999999645297,4524.282419480704,bench_mov_aut_to_sym
274.40168,274.40318,0.0015000000000213731,4544.986614554903,bench_mov_aut_to_sym
274.60346,274.60496,0.0015000000000213731,4543.587260480153,bench_mov_aut_to_sym
274.80524,274.80674,0.0014999999999645297,4537.903969067192,bench_mov_aut_to_sym
275.00704,275.00854,0.0014999999999645297,4542.634063290965,bench_mov_aut_to_sym
275.20882,275.21032,0.0015000000000213731,4537.298013523438,bench_mov_aut_to_sym
275.41062,275.41212,0.0015000000000213731,4497.598782248046,bench_mov_aut_to_sym
275.6124,275.6139,0.0015000000000213731,4488.31598513703,bench_mov_aut_to_sym
275.8142,275.8157,0.0014999999999645297,4512.169887206071,bench_mov_aut_to_sym
276.01598,276.01748,0.0014999999999645297,4525.441918414911,bench_mov_aut_to_sym
276.21776,276.21928,0.0015200000000277214,4587.79471003355,bench_mov_aut_to_sym
276.41956,276.42106,0.0015000000000213731,4551.852166254338,bench_mov_aut_to_sym
276.62134,276.62284,0.0015000000000213731,4543.265777240438,bench_mov_aut_to_sym
276.82312,276.82462,0.0014999999999645297,4547.369750106292,bench_mov_aut_to_sym
277.0249,277.0264,0.0015000000000213731,4526.869731555439,bench_mov_aut_to_sym
277.22668,277.2282,0.0015200000000277214,4566.319857342652,bench_mov_aut_to_sym
277.42848,277.42998,0.0015000000000213731,4510.774654402911,bench_mov_aut_to_sym
277.63026,277.63178,0.001519999999970878,4561.552745202064,bench_mov_aut_to_sym
277.83206,277.83356,0.0014999999999645297,4508.529775668891,bench_mov_aut_to_sym
278.03384,278.03536,0.0015200000000277214,4602.165380577166,bench_mov_aut_to_sym
278.23564,278.23714,0.0015000000000213731,4523.357781643044,bench_mov_aut_to_sym
278.43742,278.43892,0.0015000000000213731,4521.243020493733,bench_mov_aut_to_sym
278.6392,278.64072,0.001519999999970878,4604.696920051577,bench_mov_aut_to_sym
278.841,278.8425,0.0014999999999645297,4531.140623040443,bench_mov_aut_to_sym
279.04278,279.04428,0.0015000000000213731,4507.880392547662,bench_mov_aut_to_sym
279.24456,279.24608,0.0015200000000277214,4558.632820930602,bench_mov_aut_to_sym
279.44636,279.44786,0.0014999999999645297,4502.250712720989,bench_mov_aut_to_sym
279.64814,279.64964,0.0014999999999645297,4519.7111157577365,bench_mov_aut_to_sym
279.84994,279.85144,0.0015000000000213731,4518.484715436968,bench_mov_aut_to_sym
280.05172,280.05322,0.0015000000000213731,4538.025683789927,bench_mov_aut_to_sym
280.25352,280.25502,0.0015000000000213731,4544.982565631927,bench_mov_aut_to_sym
280.4553,280.4568,0.0014999999999645297,4536.806994475885,bench_mov_aut_to_sym
280.6571,280.6586,0.0014999999999645297,4523.014433105785,bench_mov_aut_to_sym
280.85888,280.86038,0.0015000000000213731,4510.755464497994,bench_mov_aut_to_sym
281.06066,281.06218,0.0015200000000277214,4560.419698329185,bench_mov_aut_to_sym
281.26246,281.26396,0.0015000000000213731,4501.408804274408,bench_mov_aut_to_sym
281.46424,281.46574,0.0014999999999645297,4521.826847813732,bench_mov_aut_to_sym
281.66604,281.66754,0.0014999999999645297,4519.079876955677,bench_mov_aut_to_sym
281.86782,281.86934,0.0015200000000277214,4592.944237021143,bench_mov_aut_to_sym
282.06962,282.07112,0.0015000000000213731,4522.420591738515,bench_mov_aut_to_sym
282.2714,282.27292,0.001519999999970878,4597.354114429382,bench_mov_aut_to_sym
282.4732,282.4747,0.0014999999999645297,4522.549519208185,bench_mov_aut_to_sym
282.675,282.6765,0.0014999999999645297,4517.121359132885,bench_mov_aut_to_sym
282.87678,282.87828,0.0015000000000213731,4504.416566405062,bench_mov_aut_to_sym
283.07856,283.08008,0.0015200000000277214,4574.734696736327,bench_mov_aut_to_sym
283.28036,283.28186,0.0015000000000213731,4500.811419049601,bench_mov_aut_to_sym
283.48214,283.48366,0.001519999999970878,4582.212062001842,bench_mov_aut_to_sym
283.68394,283.68544,0.0015000000000213731,4523.111712251641,bench_mov_aut_to_sym
283.88574,283.88724,0.0015000000000213731,4536.346360177395,bench_mov_aut_to_sym
284.08752,284.08902,0.0015000000000213731,4539.373465880769,bench_mov_aut_to_sym
284.2893,284.2908,0.0014999999999645297,4527.751421445474,bench_mov_aut_to_sym
284.4911,284.4926,0.0014999999999645297,4507.206801680866,bench_mov_aut_to_sym
284.69288,284.69438,0.0015000000000213731,4502.168097600511,bench_mov_aut_to_sym
284.89466,284.89616,0.0015000000000213731,4495.112327923776,bench_mov_aut_to_sym
285.09644,285.09794,0.0015000000000213731,4509.904261280326,bench_mov_aut_to_sym
285.29822,285.29972,0.0014999999999645297,4516.271995270375,bench_mov_aut_to_sym
285.5,285.5015,0.0015000000000213731,4532.075421949835,bench_mov_aut_to_sym
285.70178,285.7033,0.0015200000000277214,4603.463455655863,bench_mov_aut_to_sym
285.90358,285.90508,0.0015000000000213731,4536.619365747668,bench_mov_aut_to_sym
286.10536,286.10686,0.0014999999999645297,4526.908520965348,bench_mov_aut_to_sym
286.30716,286.30866,0.0014999999999645297,4511.477544330983,bench_mov_aut_to_sym
286.50894,286.51044,0.0015000000000213731,4515.135900647769,bench_mov_aut_to_sym
286.71072,286.71224,0.0015200000000277214,4564.599527597799,bench_mov_aut_to_sym
286.91252,286.91402,0.0015000000000213731,4511.306388368893,bench_mov_aut_to_sym
287.1143,287.11582,0.001519999999970878,4569.263246287889,bench_mov_aut_to_sym
287.3161,287.3176,0.0015000000000213731,4519.350894326019,bench_mov_aut_to_sym
287.5179,287.5194,0.0015000000000213731,4518.892024707955,bench_mov_aut_to_sym
287.71968,287.72118,0.0015000000000213731,4532.811692979612,bench_mov_aut_to_sym
287.92148,287.92298,0.0015000000000213731,4522.298269507291,bench_mov_aut_to_sym
288.12328,288.12478,0.0014999999999645297,4496.620071475375,bench_mov_aut_to_sym
288.32506,288.32656,0.0014999999999645297,4484.323356193866,bench_mov_aut_to_sym
288.52686,288.52836,0.0015000000000213731,4493.088694352024,bench_mov_aut_to_sym
288.72864,288.73014,0.0015000000000213731,4473.744207127489,bench_mov_aut_to_sym
288.93044,288.93194,0.0015000000000213731,4508.16062052517,bench_mov_aut_to_sym
289.13222,289.13372,0.0014999999999645297,4511.524203590379,bench_mov_aut_to_sym
289.334,289.3355,0.0015000000000213731,4530.4267435022675,bench_mov_aut_to_sym
289.53578,289.5373,0.0015200000000277214,4602.288436229341,bench_mov_aut_to_sym
289.73756,289.73908,0.0015200000000277214,4574.557240205149,bench_mov_aut_to_sym
289.93936,289.94086,0.0014999999999645297,4516.590102466604,bench_mov_aut_to_sym
290.14112,290.14264,0.001519999999970878,4557.376345529588,bench_mov_aut_to_sym
290.3429,290.34442,0.0015200000000277214,4540.218401320656,bench_mov_aut_to_sym
290.5447,290.5462,0.0015000000000213731,4494.739158610115,bench_mov_aut_to_sym
290.74648,290.74798,0.0014999999999645297,4507.275777760612,bench_mov_aut_to_sym
290.94826,290.94978,0.001519999999970878,4583.671099882731,bench_mov_aut_to_sym
291.15006,291.15156,0.0015000000000213731,4532.1106329298855,bench_mov_aut_to_sym
291.35184,291.35334,0.0015000000000213731,4527.307944436076,bench_mov_aut_to_sym
291.55362,291.55512,0.0014999999999645297,4525.201499817158,bench_mov_aut_to_sym
291.7554,291.75692,0.001519999999970878,4572.003581472737,bench_mov_aut_to_sym
291.9572,291.9587,0.0015000000000213731,4500.306984477198,bench_mov_aut_to_sym
292.15898,292.1605,0.0015200000000277214,4551.026320635919,bench_mov_aut_to_sym
292.36078,292.36228,0.0015000000000213731,4484.276652866311,bench_mov_aut_to_sym
292.56256,292.56408,0.001519999999970878,4555.667955338796,bench_mov_aut_to_sym
292.76436,292.76574,0.0013799999999832835,3738.68595804198,bench_mov_reg_to_abs
292.96604,292.96742,0.0013799999999832835,3733.285777218612,bench_mov_reg_to_abs
293.1677,293.16908,0.0013799999999832835,3734.2978105296256,bench_mov_reg_to_abs
293.36936,293.37074,0.001380000000040127,3727.8936152551737,bench_mov_reg_to_abs
293.57102,293.5724,0.001380000000040127,3741.568217633513,bench_mov_reg_to_abs
293.7727,293.77406,0.0013600000000337786,3657.46390316953,bench_mov_reg_to_abs
293.97436,293.97574,0.0013799999999832835,3715.7794320551125,bench_mov_reg_to_abs
294.17604,294.17742,0.0013799999999832835,3676.3504170380934,bench_mov_reg_to_abs
294.3777,294.37908,0.0013799999999832835,3705.3997651201253,bench_mov_reg_to_abs
294.57938,294.58076,0.0013799999999832835,3726.514433461649,bench_mov_reg_to_abs
294.78104,294.78242,0.0013799999999832835,3733.2447268454707,bench_mov_reg_to_abs
294.98272,294.9841,0.001380000000040127,3737.6528606974903,bench_mov_reg_to_abs
295.18438,295.18576,0.001380000000040127,3734.350153357999,bench_mov_reg_to_abs
295.38606,295.38744,0.001380000000040127,3725.207806677263,bench_mov_reg_to_abs
295.58772,295.5891,0.0013799999999832835,3735.3108264098046,bench_mov_reg_to_abs
295.78938,295.79076,0.0013799999999832835,3696.204342372173,bench_mov_reg_to_abs
295.99104,295.99242,0.0013799999999832835,3711.923928885403,bench_mov_reg_to_abs
296.1927,296.19408,0.0013799999999832835,3696.4355245767715,bench_mov_reg_to_abs
296.39438,296.39576,0.0013799999999832835,3708.2052207082406,bench_mov_reg_to_abs
296.59604,296.59742,0.0013799999999832835,3711.9305924913583,bench_mov_reg_to_abs
296.7977,296.79908,0.0013799999999832835,3738.581903691488,bench_mov_reg_to_abs
296.99936,297.00074,0.0013799999999832835,3734.2660850263383,bench_mov_reg_to_abs
297.20104,297.20242,0.001380000000040127,3731.3276227748233,bench_mov_reg_to_abs
297.4027,297.40408,0.001380000000040127,3733.097808548587,bench_mov_reg_to_abs
297.60438,297.60576,0.0013799999999832835,3716.7573929333216,bench_mov_reg_to_abs
297.80604,297.80742,0.0013799999999832835,3689.5589762878008,bench_mov_reg_to_abs
298.00772,298.0091,0.0013799999999832835,3697.962472171063,bench_mov_reg_to_abs
298.20938,298.21076,0.0013799999999832835,3709.0448801865277,bench_mov_reg_to_abs
298.41106,298.41244,0.0013799999999832835,3711.7078550565197,bench_mov_reg_to_abs
298.61272,298.6141,0.0013799999999832835,3726.856158987993,bench_mov_reg_to_abs
298.8144,298.81578,0.001380000000040127,3738.39796066623,bench_mov_reg_to_abs
299.01606,299.01744,0.001380000000040127,3743.915681374957,bench_mov_reg_to_abs
299.21774,299.21912,0.0013799999999832835,3755.9544993134928,bench_mov_reg_to_abs
299.4194,299.42078,0.0013799999999832835,3735.5959834113582,bench_mov_reg_to_abs
299.62106,299.62244,0.0013799999999832835,3710.1053841895628,bench_mov_reg_to_abs
299.82274,299.82412,0.0013799999999832835,3700.551008757327,bench_mov_reg_to_abs
300.02442,300.0258,0.0013799999999832835,3690.8853076809673,bench_mov_reg_to_abs
300.2261,300.22748,0.001380000000040127,3696.213278567728,bench_mov_reg_to_abs
300.42776,300.42914,0.001380000000040127,3729.499722942175,bench_mov_reg_to_abs
300.62944,300.63082,0.001380000000040127,3733.727615437558,bench_mov_reg_to_abs
300.8311,300.83248,0.0013799999999832835,3747.350226578297,bench_mov_reg_to_abs
301.03276,301.03414,0.0013799999999832835,3744.1486073210094,bench_mov_reg_to_abs
301.23444,301.23582,0.0013799999999832835,3735.127134670114,bench_mov_reg_to_abs
301.4361,301.43748,0.0013799999999832835,3740.000068162919,bench_mov_reg_to_abs
301.63776,301.63914,0.0013799999999832835,3717.017371623359,bench_mov_reg_to_abs
301.83942,301.8408,0.0013799999999832835,3717.801505644516,bench_mov_reg_to_abs
302.04108,302.04246,0.0013799999999832835,3712.2676520944756,bench_mov_reg_to_abs
302.24276,302.24414,0.001380000000040127,3712.1784548479263,bench_mov_reg_to_abs
302.44442,302.4458,0.001380000000040127,3730.313582461769,bench_mov_reg_to_abs
302.64608,302.64746,0.001380000000040127,3730.095639009736,bench_mov_reg_to_abs
302.84774,302.84912,0.001380000000040127,3747.148618680839,bench_mov_reg_to_abs
303.04942,303.0508,0.0013799999999832835,3715.0873336505288,bench_mov_reg_to_abs
303.25108,303.25246,0.0013799999999832835,3723.299386866832,bench_mov_reg_to_abs
303.45276,303.45414,0.0013799999999832835,3726.3904418309003,bench_mov_reg_to_abs
303.65442,303.6558,0.0013799999999832835,3717.102175527004,bench_mov_reg_to_abs
303.8561,303.85748,0.0013799999999832835,3705.5229558040483,bench_mov_reg_to_abs
304.05776,304.05914,0.001380000000040127,3716.2578619328197,bench_mov_reg_to_abs
304.25942,304.2608,0.001380000000040127,3721.807329101351,bench_mov_reg_to_abs
304.46108,304.46246,0.001380000000040127,3730.7021395547354,bench_mov_reg_to_abs
304.66276,304.66414,0.0013799999999832835,3733.9691095564167,bench_mov_reg_to_abs
304.86442,304.8658,0.0013799999999832835,3731.379865162104,bench_mov_reg_to_abs
305.06608,305.06746,0.0013799999999832835,3727.405383208326,bench_mov_reg_to_abs
305.26774,305.26912,0.0013799999999832835,3722.4861396955675,bench_mov_reg_to_abs
305.4694,305.47078,0.0013799999999832835,3709.8684766807073,bench_mov_reg_to_abs
305.67106,305.67244,0.0013799999999832835,3715.897551688601,bench_mov_reg_to_abs
305.87272,305.8741,0.0013799999999832835,3705.5086018052207,bench_mov_reg_to_abs
306.0744,306.07578,0.0013799999999832835,3706.6780030170166,bench_mov_reg_to_abs
306.27606,306.27744,0.001380000000040127,3720.4975612688277,bench_mov_reg_to_abs
306.47772,306.4791,0.001380000000040127,3732.9824176825928,bench_mov_reg_to_abs
306.67938,306.68076,0.001380000000040127,3741.443590374629,bench_mov_reg_to_abs
306.88104,306.88242,0.001380000000040127,3725.1338782916664,bench_mov_reg_to_abs
307.0827,307.08408,0.0013799999999832835,3714.7977412288406,bench_mov_reg_to_abs
307.28434,307.28572,0.001380000000040127,3713.2861000668026,bench_mov_reg_to_abs
307.486,307.48738,0.0013799999999832835,3719.9960555493717,bench_mov_reg_to_abs
307.68766,307.68904,0.0013799999999832835,3702.625285328192,bench_mov_reg_to_abs
307.88932,307.8907,0.0013799999999832835,3702.8537131403864,bench_mov_reg_to_abs
308.09096,308.09234,0.0013799999999832835,3740.788302344663,bench_mov_reg_to_abs
308.29262,308.294,0.0013799999999832835,3739.0655837487343,bench_mov_reg_to_abs
308.49428,308.49566,0.0013799999999832835,3746.1687507584256,bench_mov_reg_to_abs
308.69594,308.69732,0.0013799999999832835,3749.0754667202036,bench_mov_reg_to_abs
308.89762,308.899,0.0013799999999832835,3743.4452794908857,bench_mov_reg_to_abs
309.09928,309.10066,0.0013799999999832835,3720.724377729655,bench_mov_reg_to_abs
309.30094,309.30232,0.0013799999999832835,3710.342473294718,bench_mov_reg_to_abs
309.5026,309.50398,0.001380000000040127,3711.1701142279067,bench_mov_reg_to_abs
309.70428,309.70566,0.001380000000040127,3711.7410009907367,bench_mov_reg_to_abs
309.90594,309.90732,0.001380000000040127,3716.3326471328423,bench_mov_reg_to_abs
310.1076,310.10898,0.0013799999999832835,3733.925160442864,bench_mov_reg_to_abs
310.30926,310.31064,0.0013799999999832835,3742.225517011206,bench_mov_reg_to_abs
310.51092,310.5123,0.0013799999999832835,3748.365736058055,bench_mov_reg_to_abs
310.71258,310.71396,0.0013799999999832835,3742.1845923691403,bench_mov_reg_to_abs
310.91424,310.91562,0.0013799999999832835,3731.580439442382,bench_mov_reg_to_abs
311.1159,311.11728,0.0013799999999832835,3719.5736215870015,bench_mov_reg_to_abs
311.31756,311.31894,0.0013799999999832835,3720.175272268006,bench_mov_reg_to_abs
311.51922,311.5206,0.0013799999999832835,3702.7337331755734,bench_mov_reg_to_abs
311.72088,311.72226,0.0013799999999832835,3705.595792213873,bench_mov_reg_to_abs
311.92254,311.92392,0.0013799999999832835,3724.3945593355847,bench_mov_reg_to_abs
312.1242,312.12558,0.001380000000040127,3725.7467467562847,bench_mov_reg_to_abs
312.32586,312.32724,0.001380000000040127,3736.9793258835834,bench_mov_reg_to_abs
312.52752,312.5289,0.001380000000040127,3746.04623776431,bench_mov_reg_to_abs
312.72918,312.73056,0.001380000000040127,3731.4827089397777,bench_mov_reg_to_abs
312.93086,312.93282,0.001959999999996853,5292.918456247696,bench_mov_imm_to_abs
313.13312,313.13508,0.001959999999996853,5257.677359023562,bench_mov_imm_to_abs
313.33536,313.33734,0.0019800000000032014,5316.221634872268,bench_mov_imm_to_abs
313.53762,313.5396,0.0019800000000032014,5322.845347699883,bench_mov_imm_to_abs
313.73988,313.74184,0.001959999999996853,5304.265092105012,bench_mov_imm_to_abs
313.94212,313.9441,0.0019800000000032014,5370.909876669355,bench_mov_imm_to_abs
314.14438,314.14634,0.001959999999996853,5297.769836603471,bench_mov_imm_to_abs
314.34662,314.34858,0.0019600000000536966,5300.167191460984,bench_mov_imm_to_abs
314.54886,314.55084,0.0019800000000032014,5314.383481179642,bench_mov_imm_to_abs
314.75112,314.75308,0.001959999999996853,5256.422578812381,bench_mov_imm_to_abs
314.95338,314.95534,0.001959999999996853,5256.817261685792,bench_mov_imm_to_abs
315.15562,315.1576,0.0019800000000032014,5357.101650454618,bench_mov_imm_to_abs
315.35788,315.35984,0.001959999999996853,5304.214756447194,bench_mov_imm_to_abs
315.56012,315.5621,0.0019800000000032014,5362.103909739009,bench_mov_imm_to_abs
315.76238,315.76436,0.0019800000000032014,5345.733824660863,bench_mov_imm_to_abs
315.96462,315.9666,0.0019800000000032014,5320.071238091228,bench_mov_imm_to_abs
316.16688,316.16884,0.001959999999996853,5250.1674136115535,bench_mov_imm_to_abs
316.36912,316.3711,0.0019800000000032014,5335.656697866739,bench_mov_imm_to_abs
316.57138,316.57334,0.001959999999996853,5276.988649274163,bench_mov_imm_to_abs
316.77364,316.7756,0.001959999999996853,5297.536163116085,bench_mov_imm_to_abs
316.97588,316.97784,0.001959999999996853,5301.704485884333,bench_mov_imm_to_abs
317.17812,317.1801,0.0019800000000032014,5353.823807107936,bench_mov_imm_to_abs
317.38038,317.38234,0.001959999999996853,5257.672015571149,bench_mov_imm_to_abs
317.58262,317.5846,0.0019800000000032014,5307.141551747019,bench_mov_imm_to_abs
317.78488,317.78686,0.0019800000000032014,5319.3924599473585,bench_mov_imm_to_abs
317.98714,317.9891,0.001959999999996853,5295.328949564568,bench_mov_imm_to_abs
318.1894,318.19136,0.001959999999996853,5297.508952206269,bench_mov_imm_to_abs
318.39164,318.39362,0.0019800000000032014,5357.240049650438,bench_mov_imm_to_abs
318.5939,318.59586,0.001959999999996853,5292.622218826458,bench_mov_imm_to_abs
318.79614,318.79812,0.0019800000000032014,5332.562492709394,bench_mov_imm_to_abs
318.9984,319.00036,0.001959999999996853,5263.979507135989,bench_mov_imm_to_abs
319.20066,319.20262,0.001959999999996853,5269.740060881721,bench_mov_imm_to_abs
319.40292,319.40488,0.001959999999996853,5281.351888547819,bench_mov_imm_to_abs
319.60516,319.60714,0.0019800000000032014,5348.1976385306225,bench_mov_imm_to_abs
319.80742,319.8094,0.0019800000000032014,5358.72486887138,bench_mov_imm_to_abs
320.00968,320.01166,0.0019800000000032014,5342.031859337997,bench_mov_imm_to_abs
320.21194,320.21392,0.001979999999946358,5329.995993370517,bench_mov_imm_to_abs
320.4142,320.41616,0.001959999999996853,5253.502326082868,bench_mov_imm_to_abs
320.61646,320.61842,0.001959999999996853,5249.174348990318,bench_mov_imm_to_abs
320.8187,320.82068,0.0019800000000032014,5324.3014100189275,bench_mov_imm_to_abs
321.02096,321.02294,0.0019800000000032014,5355.9798910392865,bench_mov_imm_to_abs
321.22322,321.22518,0.001959999999996853,5305.205974712217,bench_mov_imm_to_abs
321.42548,321.42744,0.001959999999996853,5294.330681200705,bench_mov_imm_to_abs
321.62774,321.6297,0.001959999999996853,5269.46914147952,bench_mov_imm_to_abs
321.83,321.83196,0.001959999999996853,5249.888070395418,bench_mov_imm_to_abs
322.03224,322.03422,0.0019800000000032014,5313.922830401174,bench_mov_imm_to_abs
322.2345,322.23648,0.001979999999946358,5336.938167295385,bench_mov_imm_to_abs
322.43676,322.43872,0.001959999999996853,5287.826550188544,bench_mov_imm_to_abs
322.63902,322.64098,0.001959999999996853,5292.45856682168,bench_mov_imm_to_abs
322.84126,322.84324,0.0019800000000032014,5363.385640099819,bench_mov_imm_to_abs
323.04352,323.0455,0.0019800000000032014,5334.677128134701,bench_mov_imm_to_abs
323.24578,323.24774,0.001959999999996853,5267.598140030831,bench_mov_imm_to_abs
323.44804,323.45,0.001959999999996853,5254.669603885104,bench_mov_imm_to_abs
323.65028,323.65226,0.0019800000000032014,5328.143583620038,bench_mov_imm_to_abs
323.85254,323.8545,0.001959999999996853,5299.4995354605935,bench_mov_imm_to_abs
324.0548,324.05676,0.001959999999996853,5312.400320542508,bench_mov_imm_to_abs
324.25706,324.25902,0.001959999999996853,5286.668604218968,bench_mov_imm_to_abs
324.4593,324.46128,0.0019800000000032014,5334.905495415315,bench_mov_imm_to_abs
324.66156,324.66354,0.0019800000000032014,5305.402020465211,bench_mov_imm_to_abs
324.86382,324.8658,0.0019800000000032014,5318.040219152812,bench_mov_imm_to_abs
325.06608,325.06806,0.0019800000000032014,5335.3476105364625,bench_mov_imm_to_abs
325.26834,325.27032,0.0019800000000032014,5358.790240710744,bench_mov_imm_to_abs
325.4706,325.47258,0.0019800000000032014,5364.722039098964,bench_mov_imm_to_abs
325.67286,325.67484,0.0019800000000032014,5379.830056340011,bench_mov_imm_to_abs
325.87512,325.8771,0.0019800000000032014,5355.9527453206165,bench_mov_imm_to_abs
326.07738,326.07934,0.001959999999996853,5278.911374034749,bench_mov_imm_to_abs
326.27964,326.2816,0.0019600000000536966,5265.0491871509075,bench_mov_imm_to_abs
326.48188,326.48386,0.0019800000000032014,5336.538678981007,bench_mov_imm_to_abs
326.68414,326.6861,0.001959999999996853,5297.835529770028,bench_mov_imm_to_abs
326.8864,326.88836,0.001959999999996853,5316.033822013046,bench_mov_imm_to_abs
327.08866,327.09062,0.001959999999996853,5290.703042398525,bench_mov_imm_to_abs
327.29092,327.29288,0.001959999999996853,5296.8286513159655,bench_mov_imm_to_abs
327.49318,327.49514,0.001959999999996853,5258.654870557588,bench_mov_imm_to_abs
327.69544,327.6974,0.001959999999996853,5258.699834797543,bench_mov_imm_to_abs
327.89768,327.89966,0.0019800000000032014,5336.681364585755,bench_mov_imm_to_abs
328.09994,328.10192,0.0019800000000032014,5345.02447816325,bench_mov_imm_to_abs
328.3022,328.30416,0.001959999999996853,5301.222526447526,bench_mov_imm_to_abs
328.50446,328.50642,0.001959999999996853,5321.481034618204,bench_mov_imm_to_abs
328.70672,328.70868,0.001959999999996853,5292.969045684165,bench_mov_imm_to_abs
328.90898,328.91094,0.001959999999996853,5270.684664135008,bench_mov_imm_to_abs
329.11122,329.1132,0.0019800000000032014,5312.124660714853,bench_mov_imm_to_abs
329.31348,329.31546,0.001979999999946358,5326.182483537724,bench_mov_imm_to_abs
329.51574,329.5177,0.001959999999996853,5289.83303810935,bench_mov_imm_to_abs
329.718,329.71996,0.001959999999996853,5290.972741773372,bench_mov_imm_to_abs
329.92024,329.92222,0.0019800000000032014,5363.729801044834,bench_mov_imm_to_abs
330.1225,330.12446,0.001959999999996853,5289.675884406586,bench_mov_imm_to_abs
330.32474,330.32672,0.0019800000000032014,5324.086912440633,bench_mov_imm_to_abs
330.527,330.52898,0.0019800000000032014,5315.1657688592195,bench_mov_imm_to_abs
330.72926,330.73122,0.001959999999996853,5257.399275422415,bench_mov_imm_to_abs
330.93152,330.93348,0.001959999999996853,5283.049729183023,bench_mov_imm_to_abs
331.13376,331.13574,0.0019800000000032014,5359.072054281543,bench_mov_imm_to_abs
331.33602,331.338,0.0019800000000032014,5360.548074821071,bench_mov_imm_to_abs
331.53828,331.54024,0.001959999999996853,5298.455562438819,bench_mov_imm_to_abs
331.74052,331.7425,0.0019800000000032014,5345.190742527391,bench_mov_imm_to_abs
331.94278,331.94474,0.001959999999996853,5258.05656796303,bench_mov_imm_to_abs
332.14502,332.147,0.0019800000000032014,5314.52060445807,bench_mov_imm_to_abs
332.34728,332.34924,0.001959999999996853,5271.274254180663,bench_mov_imm_to_abs
332.54952,332.55148,0.0019600000000536966,5297.15916622646,bench_mov_imm_to_abs
332.75176,332.75374,0.0019800000000032014,5365.847994118382,bench_mov_imm_to_abs
332.954,332.95598,0.0019800000000032014,5364.602312917818,bench_mov_imm_to_abs
333.15626,333.15838,0.0021200000000476393,5996.603884405195,bench_mov_idx_to_abs
333.35866,333.36078,0.002119999999990796,5943.454203634935,bench_mov_idx_to_abs
333.56106,333.56318,0.002119999999990796,5950.877140251696,bench_mov_idx_to_abs
333.76346,333.76558,0.002119999999990796,5961.481546954939,bench_mov_idx_to_abs
333.96584,333.96796,0.002119999999990796,6001.531481713317,bench_mov_idx_to_abs
334.16824,334.17036,0.002119999999990796,6003.633544279205,bench_mov_idx_to_abs
334.37064,334.37276,0.0021200000000476393,5985.991503250015,bench_mov_idx_to_abs
334.57302,334.57514,0.002119999999990796,5974.473243093433,bench_mov_idx_to_abs
334.77542,334.77754,0.002119999999990796,5935.390591598154,bench_mov_idx_to_abs
334.9778,334.97992,0.002119999999990796,5932.841582664623,bench_mov_idx_to_abs
335.1802,335.18232,0.002119999999990796,5970.350669203117,bench_mov_idx_to_abs
335.3826,335.38472,0.002119999999990796,5985.46731748127,bench_mov_idx_to_abs
335.585,335.58712,0.0021200000000476393,6001.28151024726,bench_mov_idx_to_abs
335.7874,335.78952,0.002119999999990796,5990.161758356953,bench_mov_idx_to_abs
335.9898,335.9919,0.0020999999999844476,5903.888912831032,bench_mov_idx_to_abs
336.19218,336.1943,0.002119999999990796,5939.4140494750545,bench_mov_idx_to_abs
336.39458,336.3967,0.002119999999990796,5922.003751590324,bench_mov_idx_to_abs
336.59698,336.5991,0.0021200000000476393,5969.902374918069,bench_mov_idx_to_abs
336.79938,336.8015,0.002119999999990796,5983.655545837098,bench_mov_idx_to_abs
337.00178,337.0039,0.002119999999990796,5989.356928016201,bench_mov_idx_to_abs
337.20418,337.2063,0.002119999999990796,5994.0279926792155,bench_mov_idx_to_abs
337.40658,337.4087,0.002119999999990796,5953.885128223184,bench_mov_idx_to_abs
337.60896,337.61108,0.002119999999990796,5946.080342363707,bench_mov_idx_to_abs
337.81136,337.81348,0.0021200000000476393,5945.082067186025,bench_mov_idx_to_abs
338.01376,338.01588,0.002119999999990796,5994.630174224662,bench_mov_idx_to_abs
338.21616,338.21828,0.002119999999990796,5993.305395797671,bench_mov_idx_to_abs
338.41856,338.42068,0.002119999999990796,6008.253223234247,bench_mov_idx_to_abs
338.62098,338.62308,0.002100000000041291,5935.877340502368,bench_mov_idx_to_abs
338.82338,338.8255,0.002119999999990796,5973.824055378671,bench_mov_idx_to_abs
339.02578,339.0279,0.002119999999990796,5941.111620027533,bench_mov_idx_to_abs
339.2282,339.23032,0.002119999999990796,5959.198207103509,bench_mov_idx_to_abs
339.4306,339.43272,0.002119999999990796,5987.05182314646,bench_mov_idx_to_abs
339.63302,339.63514,0.002119999999990796,5988.125570561986,bench_mov_idx_to_abs
339.83542,339.83754,0.002119999999990796,5994.728414780132,bench_mov_idx_to_abs
340.03784,340.03996,0.002119999999990796,5984.052319516164,bench_mov_idx_to_abs
340.24024,340.24236,0.0021200000000476393,5940.852039631609,bench_mov_idx_to_abs
340.44264,340.44476,0.002119999999990796,5950.192983707023,bench_mov_idx_to_abs
340.64506,340.64718,0.002119999999990796,5960.248282619372,bench_mov_idx_to_abs
340.84746,340.84958,0.002119999999990796,6002.439812260644,bench_mov_idx_to_abs
341.04986,341.05198,0.002119999999990796,5990.09706635206,bench_mov_idx_to_abs
341.25228,341.2544,0.002119999999990796,5991.814970012162,bench_mov_idx_to_abs
341.45468,341.4568,0.002119999999990796,5980.097693369462,bench_mov_idx_to_abs
341.6571,341.65922,0.002119999999990796,5944.230253777851,bench_mov_idx_to_abs
341.8595,341.86162,0.002119999999990796,5938.732665927472,bench_mov_idx_to_abs
342.06192,342.06404,0.002119999999990796,5968.035012465741,bench_mov_idx_to_abs
342.26434,342.26646,0.002119999999990796,5991.04868943866,bench_mov_idx_to_abs
342.46674,342.46886,0.002119999999990796,6004.400576904624,bench_mov_idx_to_abs
342.66916,342.67128,0.0021200000000476393,5983.635580772189,bench_mov_idx_to_abs
342.87156,342.87368,0.002119999999990796,5968.663352522738,bench_mov_idx_to_abs
343.07398,343.0761,0.002119999999990796,5944.775992515233,bench_mov_idx_to_abs
343.27638,343.2785,0.002119999999990796,5958.552914641604,bench_mov_idx_to_abs
343.47878,343.4809,0.0021200000000476393,5979.345266378909,bench_mov_idx_to_abs
343.68118,343.6833,0.002119999999990796,5982.864946103355,bench_mov_idx_to_abs
343.88358,343.8857,0.002119999999990796,5990.252403981295,bench_mov_idx_to_abs
344.086,344.08812,0.002119999999990796,5987.853209924563,bench_mov_idx_to_abs
344.2884,344.29052,0.002119999999990796,5973.4873659593895,bench_mov_idx_to_abs
344.49082,344.49294,0.002119999999990796,5934.895514488955,bench_mov_idx_to_abs
344.69322,344.69534,0.002119999999990796,5970.471324376063,bench_mov_idx_to_abs
344.89562,344.89774,0.002119999999990796,5972.062926714646,bench_mov_idx_to_abs
345.09802,345.10014,0.002119999999990796,6009.902576885154,bench_mov_idx_to_abs
345.30044,345.30256,0.0021200000000476393,5974.27587038716,bench_mov_idx_to_abs
345.50284,345.50496,0.002119999999990796,5982.688213674742,bench_mov_idx_to_abs
345.70524,345.70736,0.002119999999990796,5939.1544922029625,bench_mov_idx_to_abs
345.90764,345.90976,0.002119999999990796,5936.697227851529,bench_mov_idx_to_abs
346.11004,346.11216,0.002119999999990796,5958.455603071989,bench_mov_idx_to_abs
346.31244,346.31456,0.002119999999990796,5995.999171841201,bench_mov_idx_to_abs
346.51484,346.51696,0.002119999999990796,5994.570115556097,bench_mov_idx_to_abs
346.71726,346.71938,0.002119999999990796,5990.141453191553,bench_mov_idx_to_abs
346.91966,346.92178,0.002119999999990796,5964.090425958507,bench_mov_idx_to_abs
347.12206,347.12418,0.0021200000000476393,5933.545555593711,bench_mov_idx_to_abs
347.32446,347.32658,0.002119999999990796,5955.52116164365,bench_mov_idx_to_abs
347.52688,347.529,0.002119999999990796,5971.97668158517,bench_mov_idx_to_abs
347.72928,347.7314,0.002119999999990796,5993.037668495037,bench_mov_idx_to_abs
347.93168000000003,347.9338,0.002119999999990796,6002.228017864055,bench_mov_idx_to_abs
348.13408,348.1362,0.002119999999990796,5983.50894634873,bench_mov_idx_to_abs
348.33648,348.3386,0.002119999999990796,5960.795402040651,bench_mov_idx_to_abs
348.5389,348.541,0.0020999999999844476,5887.935948514306,bench_mov_idx_to_abs
348.7413,348.74342,0.002119999999990796,5943.100461697898,bench_mov_idx_to_abs
348.9437,348.94582,0.0021200000000476393,5978.899030154378,bench_mov_idx_to_abs
349.1461,349.14822,0.002119999999990796,5989.137825071083,bench_mov_idx_to_abs
349.3485,349.35062,0.002119999999990796,6006.189819865852,bench_mov_idx_to_abs
349.5509,349.55302,0.002119999999990796,5991.321238659873,bench_mov_idx_to_abs
349.75332,349.75544,0.0021200000000476393,5948.651214267967,bench_mov_idx_to_abs
349.95572,349.95784,0.002119999999990796,5941.288296575456,bench_mov_idx_to_abs
350.15812,350.16024,0.002119999999990796,5949.411906743579,bench_mov_idx_to_abs
350.36052,350.36264,0.002119999999990796,5979.304199548406,bench_mov_idx_to_abs
350.56294,350.56506,0.002119999999990796,5984.196120375162,bench_mov_idx_to_abs
350.76534,350.76746,0.0021200000000476393,5991.952833855064,bench_mov_idx_to_abs
350.96774,350.96986,0.002119999999990796,5977.511822689239,bench_mov_idx_to_abs
351.17016,351.17226,0.0020999999999844476,5890.543372322873,bench_mov_idx_to_abs
351.37256,351.37468,0.002119999999990796,5936.428150130687,bench_mov_idx_to_abs
351.57496,351.57708,0.0021200000000476393,5952.403189287993,bench_mov_idx_to_abs
351.77738,351.7795,0.002119999999990796,5981.344578299607,bench_mov_idx_to_abs
351.97978,351.9819,0.002119999999990796,5976.823205105655,bench_mov_idx_to_abs
352.18218,352.1843,0.002119999999990796,6003.589366994983,bench_mov_idx_to_abs
352.38458,352.3867,0.002119999999990796,5972.105057411982,bench_mov_idx_to_abs
352.58698,352.5891,0.002119999999990796,5955.1001433037945,bench_mov_idx_to_abs
352.7894,352.79152,0.002119999999990796,5959.200311892254,bench_mov_idx_to_abs
352.9918,352.99392,0.002119999999990796,5979.88846709074,bench_mov_idx_to_abs
353.1942,353.19632,0.002119999999990796,5999.694394376211,bench_mov_idx_to_abs
353.39662,353.39868,0.0020600000000285945,5966.776218352398,bench_mov_sym_to_abs
353.59898,353.60106,0.002080000000034943,6012.083513298548,bench_mov_sym_to_abs
353.80134,353.8034,0.0020600000000285945,5919.23845707105,bench_mov_sym_to_abs
354.0037,354.00576,0.0020600000000285945,5899.611278523475,bench_mov_sym_to_abs
354.20606,354.20814,0.002080000000034943,5955.303483745031,bench_mov_sym_to_abs
354.40842,354.4105,0.002080000000034943,5976.858500026213,bench_mov_sym_to_abs
354.61078,354.61286,0.002080000000034943,5986.713643753327,bench_mov_sym_to_abs
354.81314,354.81522,0.002080000000034943,6001.110063041179,bench_mov_sym_to_abs
355.0155,355.01756,0.0020600000000285945,5941.991636151734,bench_mov_sym_to_abs
355.21784,355.21992,0.0020799999999780994,5977.475703625173,bench_mov_sym_to_abs
355.4202,355.42228,0.0020799999999780994,5948.549881511293,bench_mov_sym_to_abs
355.62256,355.62464,0.0020799999999780994,5966.821010157997,bench_mov_sym_to_abs
355.82492,355.827,0.0020799999999780994,5987.628416559285,bench_mov_sym_to_abs
356.02728,356.02936,0.0020799999999780994,6009.282940000379,bench_mov_sym_to_abs
356.22964,356.23172,0.0020799999999780994,6003.859275884994,bench_mov_sym_to_abs
356.432,356.43408,0.0020799999999780994,5993.450295576912,bench_mov_sym_to_abs
356.63436,356.63644,0.0020799999999780994,5982.764167647751,bench_mov_sym_to_abs
356.83672,356.8388,0.0020799999999780994,5952.8537839004575,bench_mov_sym_to_abs
357.0391,357.04116,0.002059999999971751,5909.579573114535,bench_mov_sym_to_abs
357.24146,357.24354,0.0020799999999780994,5979.750070189198,bench_mov_sym_to_abs
357.44382,357.4459,0.0020799999999780994,6011.5127823589555,bench_mov_sym_to_abs
357.64618,357.64826,0.0020799999999780994,6019.287405005383,bench_mov_sym_to_abs
357.84854,357.85062,0.0020799999999780994,6014.420874352024,bench_mov_sym_to_abs
358.05092,358.053,0.0020799999999780994,5981.486430324857,bench_mov_sym_to_abs
358.25328,358.25536,0.0020799999999780994,5963.0694961476065,bench_mov_sym_to_abs
358.45564,358.45772,0.0020799999999780994,5975.046420870371,bench_mov_sym_to_abs
358.658,358.66008,0.0020799999999780994,6003.592226120818,bench_mov_sym_to_abs
358.86038,358.86244,0.002059999999971751,5954.890095075365,bench_mov_sym_to_abs
359.06272,359.0648,0.0020799999999780994,6017.59393459866,bench_mov_sym_to_abs
359.26508,359.26716,0.0020799999999780994,6010.082482761847,bench_mov_sym_to_abs
359.46744,359.46952,0.0020799999999780994,5986.257370028472,bench_mov_sym_to_abs
359.66982,359.6719,0.0020799999999780994,5953.880851093457,bench_mov_sym_to_abs
359.87218,359.87426,0.0020799999999780994,5965.56655124899,bench_mov_sym_to_abs
360.07454,360.07662,0.0020799999999780994,5985.513017445098,bench_mov_sym_to_abs
360.2769,360.27896,0.002059999999971751,5936.055860865904,bench_mov_sym_to_abs
360.47924,360.48132,0.0020799999999780994,6002.638821896339,bench_mov_sym_to_abs
360.6816,360.68368,0.0020799999999780994,6009.7245242756435,bench_mov_sym_to_abs
360.88396,360.88604,0.0020799999999780994,5959.554496158289,bench_mov_sym_to_abs
361.08632,361.08838,0.002059999999971751,5892.578866253588,bench_mov_sym_to_abs
361.28866,361.29074,0.002080000000034943,5956.710842539281,bench_mov_sym_to_abs
361.49102,361.4931,0.002080000000034943,5981.980399332565,bench_mov_sym_to_abs
361.69338,361.69546,0.002080000000034943,5992.077367944885,bench_mov_sym_to_abs
361.89572,361.8978,0.002080000000034943,6002.295755420056,bench_mov_sym_to_abs
362.09808,362.10016,0.002080000000034943,5989.649486827019,bench_mov_sym_to_abs
362.30044,362.30252,0.002080000000034943,5966.403328450892,bench_mov_sym_to_abs
362.5028,362.50488,0.002080000000034943,5953.932127554442,bench_mov_sym_to_abs
362.70516,362.70724,0.002080000000034943,5965.083621081293,bench_mov_sym_to_abs
362.9075,362.90958,0.0020799999999780994,5997.697620118079,bench_mov_sym_to_abs
363.10986,363.11194,0.0020799999999780994,6001.249286277407,bench_mov_sym_to_abs
363.31222,363.3143,0.0020799999999780994,5999.595501859614,bench_mov_sym_to_abs
363.51456,363.51664,0.0020799999999780994,5993.292771677324,bench_mov_sym_to_abs
363.71692,363.719,0.0020799999999780994,5969.724131216843,bench_mov_sym_to_abs
363.91928,363.92136,0.0020799999999780994,5959.141419668828,bench_mov_sym_to_abs
364.12164,364.1237,0.002059999999971751,5905.491670045812,bench_mov_sym_to_abs
364.32398,364.32606,0.0020799999999780994,5979.217754149862,bench_mov_sym_to_abs
364.52634,364.52842,0.0020799999999780994,6016.826580680533,bench_mov_sym_to_abs
364.7287,364.73078,0.0020799999999780994,6006.358207605538,bench_mov_sym_to_abs
364.93104,364.93312,0.0020799999999780994,5995.455302700203,bench_mov_sym_to_abs
365.1334,365.13546,0.0020600000000285945,5916.340756314597,bench_mov_sym_to_abs
365.33574,365.33782,0.002080000000034943,5948.996127221895,bench_mov_sym_to_abs
365.5381,365.54018,0.002080000000034943,5973.554339827199,bench_mov_sym_to_abs
365.74046,365.74252,0.0020600000000285945,5927.300991109673,bench_mov_sym_to_abs
365.9428,365.94488,0.002080000000034943,6003.160704961524,bench_mov_sym_to_abs
366.14516,366.14724,0.002080000000034943,6001.341813348125,bench_mov_sym_to_abs
366.34752,366.3496,0.002080000000034943,5998.354223657422,bench_mov_sym_to_abs
366.54988,366.55194,0.0020600000000285945,5909.677052491151,bench_mov_sym_to_abs
366.75222,366.7543,0.0020799999999780994,5960.320499657372,bench_mov_sym_to_abs
366.95458,366.95664,0.002059999999971751,5908.196852460797,bench_mov_sym_to_abs
367.15694,367.159,0.002059999999971751,5944.688259538888,bench_mov_sym_to_abs
367.3593,367.36136,0.002059999999971751,5946.535842874781,bench_mov_sym_to_abs
367.56166,367.56372,0.002059999999971751,5965.918961361275,bench_mov_sym_to_abs
367.76402,367.7661,0.0020799999999780994,6011.849541613391,bench_mov_sym_to_abs
367.96638,367.96846,0.0020799999999780994,5981.701479697201,bench_mov_sym_to_abs
368.16874,368.17082,0.0020799999999780994,5952.00077624233,bench_mov_sym_to_abs
368.3711,368.37316,0.002059999999971751,5912.723080172645,bench_mov_sym_to_abs
368.57346,368.57552,0.002059999999971751,5942.689496939776,bench_mov_sym_to_abs
368.77582,368.77788,0.002059999999971751,5925.854006700008,bench_mov_sym_to_abs
368.97816,368.98024,0.0020799999999780994,6015.11892158122,bench_mov_sym_to_abs
369.18054,369.1826,0.002059999999971751,5947.372284634445,bench_mov_sym_to_abs
369.3829,369.38498,0.0020799999999780994,5964.753045640279,bench_mov_sym_to_abs
369.58526,369.58734,0.0020799999999780994,5945.5185615762375,bench_mov_sym_to_abs
369.78762,369.78968,0.002059999999971751,5908.0295776154135,bench_mov_sym_to_abs
369.98998,369.99204,0.002059999999971751,5929.900361144432,bench_mov_sym_to_abs
370.19234,370.1944,0.002059999999971751,5939.862686127231,bench_mov_sym_to_abs
370.3947,370.39676,0.002059999999971751,5948.175848382144,bench_mov_sym_to_abs
370.59704,370.59912,0.002080000000034943,6002.484462324946,bench_mov_sym_to_abs
370.7994,370.80148,0.002080000000034943,5969.927602087217,bench_mov_sym_to_abs
371.00176,371.00384,0.002080000000034943,5957.983518121818,bench_mov_sym_to_abs
371.20412,371.2062,0.002080000000034943,5950.223496287167,bench_mov_sym_to_abs
371.40648,371.40856,0.002080000000034943,5999.185526847899,bench_mov_sym_to_abs
371.60884,371.61092,0.002080000000034943,6000.813238893569,bench_mov_sym_to_abs
371.8112,371.81328,0.002080000000034943,6001.993967323379,bench_mov_sym_to_abs
372.01356,372.01564,0.002080000000034943,5997.440451859045,bench_mov_sym_to_abs
372.21592,372.218,0.002080000000034943,5968.294760782443,bench_mov_sym_to_abs
372.4183,372.42036,0.0020600000000285945,5887.693758209744,bench_mov_sym_to_abs
372.62066,372.62272,0.0020600000000285945,5903.647618919843,bench_mov_sym_to_abs
372.823,372.82508,0.002080000000034943,5978.461741576252,bench_mov_sym_to_abs
373.02536,373.02744,0.002080000000034943,6017.632694092042,bench_mov_sym_to_abs
373.22772,373.2298,0.002080000000034943,5997.659720117159,bench_mov_sym_to_abs
373.43008,373.43216,0.002080000000034943,5999.1351842065815,bench_mov_sym_to_abs
373.63244,373.63454,0.002100000000041291,5960.4499560116055,bench_mov_abs_to_abs
373.83482,373.83692,0.002100000000041291,5949.843695976532,bench_mov_abs_to_abs
374.0372,374.0393,0.002100000000041291,5957.450247489821,bench_mov_abs_to_abs
374.23958,374.24168,0.0020999999999844476,5971.840091474991,bench_mov_abs_to_abs
374.44196,374.44404,0.0020799999999780994,5920.165651418327,bench_mov_abs_to_abs
374.64432,374.64642,0.0020999999999844476,5998.06340872412,bench_mov_abs_to_abs
374.8467,374.8488,0.0020999999999844476,5992.5384399993045,bench_mov_abs_to_abs
375.04908,375.05118,0.0020999999999844476,5980.62907806885,bench_mov_abs_to_abs
375.25146,375.25356,0.0020999999999844476,5920.474841216688,bench_mov_abs_to_abs
375.45384,375.45594,0.0020999999999844476,5952.136395449813,bench_mov_abs_to_abs
375.6562,375.6583,0.0020999999999844476,5972.520732271719,bench_mov_abs_to_abs
375.85858,375.86068,0.0020999999999844476,5987.727227569188,bench_mov_abs_to_abs
376.06096,376.06306,0.0020999999999844476,6008.029549792893,bench_mov_abs_to_abs
376.26334,376.26544,0.0020999999999844476,5992.184127629726,bench_mov_abs_to_abs
376.4657,376.4678,0.0020999999999844476,5974.025709965573,bench_mov_abs_to_abs
376.66808,376.67018,0.002100000000041291,5946.042107070647,bench_mov_abs_to_abs
376.87046,376.87256,0.002100000000041291,5938.405373721529,bench_mov_abs_to_abs
377.07284,377.07492,0.002080000000034943,5940.491980973555,bench_mov_abs_to_abs
377.2752,377.2773,0.002100000000041291,5981.22968816673,bench_mov_abs_to_abs
377.47758,377.47966,0.002080000000034943,5945.031701222222,bench_mov_abs_to_abs
377.67994,377.68204,0.0020999999999844476,6003.415633415284,bench_mov_abs_to_abs
377.8823,377.8844,0.002100000000041291,5974.259141487223,bench_mov_abs_to_abs
378.08468,378.08678,0.0020999999999844476,5938.475714027242,bench_mov_abs_to_abs
378.28706,378.28916,0.0020999999999844476,5954.596821640155,bench_mov_abs_to_abs
378.48944,378.49152,0.0020799999999780994,5916.464955017432,bench_mov_abs_to_abs
378.69182,378.6939,0.0020799999999780994,5936.987278921903,bench_mov_abs_to_abs
378.89418,378.89628,0.0020999999999844476,5997.948043472763,bench_mov_abs_to_abs
379.09656,379.09866,0.0020999999999844476,5986.051869069614,bench_mov_abs_to_abs
379.29894,379.30104,0.0020999999999844476,5964.8730186244,bench_mov_abs_to_abs
379.5013,379.5034,0.0020999999999844476,5954.8268769409915,bench_mov_abs_to_abs
379.70368,379.70578,0.0020999999999844476,5948.099424084951,bench_mov_abs_to_abs
379.90606,379.90816,0.0020999999999844476,5979.735050302263,bench_mov_abs_to_abs
380.10844,380.11052,0.002080000000034943,5947.807706063511,bench_mov_abs_to_abs
380.3108,380.3129,0.002100000000041291,5998.135376843927,bench_mov_abs_to_abs
380.51318,380.51528,0.002100000000041291,5999.516055575957,bench_mov_abs_to_abs
380.71556,380.71764,0.002080000000034943,5900.253369575308,bench_mov_abs_to_abs
380.91792,380.92002,0.002100000000041291,5941.0200106269385,bench_mov_abs_to_abs
381.1203,381.1224,0.002100000000041291,5953.505176707998,bench_mov_abs_to_abs
381.32266,381.32476,0.002100000000041291,5968.068626367596,bench_mov_abs_to_abs
381.52504,381.52714,0.0020999999999844476,5978.1678602611055,bench_mov_abs_to_abs
381.7274,381.7295,0.0020999999999844476,5986.145120073967,bench_mov_abs_to_abs
381.92978,381.93186,0.0020799999999780994,5936.284991851569,bench_mov_abs_to_abs
382.13214,382.13424,0.0020999999999844476,5964.519660877126,bench_mov_abs_to_abs
382.33452,382.3366,0.0020799999999780994,5890.4155948512625,bench_mov_abs_to_abs
382.5369,382.53898,0.0020799999999780994,5887.903631603682,bench_mov_abs_to_abs
382.73926,382.74136,0.0020999999999844476,5970.65263190368,bench_mov_abs_to_abs
382.94164,382.94374,0.0020999999999844476,5983.36766469475,bench_mov_abs_to_abs
383.14402,383.14612,0.0020999999999844476,6001.55318616864,bench_mov_abs_to_abs
383.3464,383.34848,0.0020799999999780994,5933.580468343337,bench_mov_abs_to_abs
383.54878,383.55086,0.0020799999999780994,5905.8255422188295,bench_mov_abs_to_abs
383.75114,383.75324,0.0020999999999844476,5950.455847149791,bench_mov_abs_to_abs
383.95352,383.95562,0.0020999999999844476,5951.333723444386,bench_mov_abs_to_abs
384.1559,384.15798,0.002080000000034943,5923.871318914115,bench_mov_abs_to_abs
384.35826,384.36036,0.002100000000041291,5989.622448231065,bench_mov_abs_to_abs
384.56064,384.56272,0.002080000000034943,5933.938643528805,bench_mov_abs_to_abs
384.76302,384.7651,0.002080000000034943,5930.443233915198,bench_mov_abs_to_abs
384.96538,384.96748,0.002100000000041291,5961.6026586243415,bench_mov_abs_to_abs
385.16776,385.16986,0.002100000000041291,5934.450975739212,bench_mov_abs_to_abs
385.37014,385.37224,0.0020999999999844476,5953.641827175458,bench_mov_abs_to_abs
385.57252,385.5746,0.0020799999999780994,5931.70643777828,bench_mov_abs_to_abs
385.77488,385.77698,0.0020999999999844476,6006.595704194924,bench_mov_abs_to_abs
385.97726,385.97936,0.0020999999999844476,6010.548975277276,bench_mov_abs_to_abs
386.17964,386.18172,0.0020799999999780994,5935.5608606046435,bench_mov_abs_to_abs
386.382,386.3841,0.0020999999999844476,5957.5831959492925,bench_mov_abs_to_abs
386.58438,386.58648,0.0020999999999844476,5949.284632179034,bench_mov_abs_to_abs
386.78676,386.78886,0.0020999999999844476,5967.802090990021,bench_mov_abs_to_abs
386.98914,386.99124,0.0020999999999844476,5980.364466037186,bench_mov_abs_to_abs
387.1915,387.1936,0.0020999999999844476,5995.033753521052,bench_mov_abs_to_abs
387.39388,387.39598,0.0020999999999844476,6011.384045653967,bench_mov_abs_to_abs
387.59626,387.59836,0.002100000000041291,5980.495878152453,bench_mov_abs_to_abs
387.79862,387.80072,0.0020999999999844476,5951.612901357387,bench_mov_abs_to_abs
388.001,388.00308,0.002080000000034943,5860.936523051183,bench_mov_abs_to_abs
388.20336,388.20546,0.002100000000041291,5961.569417389736,bench_mov_abs_to_abs
388.40572,388.40782,0.002100000000041291,5996.994478750775,bench_mov_abs_to_abs
388.6081,388.61018,0.002080000000034943,5933.508135017378,bench_mov_abs_to_abs
388.81046,388.81256,0.002100000000041291,5982.848440882587,bench_mov_abs_to_abs
389.01284,389.01492,0.002080000000034943,5920.966498191915,bench_mov_abs_to_abs
389.2152,389.2173,0.002100000000041291,5961.984745350874,bench_mov_abs_to_abs
389.41758,389.41968,0.002100000000041291,5963.851767713495,bench_mov_abs_to_abs
389.61996,389.62206,0.0020999999999844476,5973.323036406329,bench_mov_abs_to_abs
389.82234,389.82444,0.0020999999999844476,5994.154105383506,bench_mov_abs_to_abs
390.02472,390.02682,0.0020999999999844476,6012.764363505478,bench_mov_abs_to_abs
390.2271,390.2292,0.0020999999999844476,5991.965918755206,bench_mov_abs_to_abs
390.42948,390.43158,0.0020999999999844476,5993.31234344041,bench_mov_abs_to_abs
390.63186,390.63394,0.0020799999999780994,5910.103754072039,bench_mov_abs_to_abs
390.83422,390.83632,0.0020999999999844476,5948.505727527158,bench_mov_abs_to_abs
391.0366,391.0387,0.0020999999999844476,5985.798698338784,bench_mov_abs_to_abs
391.23898,391.24108,0.0020999999999844476,5999.017890957191,bench_mov_abs_to_abs
391.44136,391.44344,0.002080000000034943,5943.781677737025,bench_mov_abs_to_abs
391.64372,391.64582,0.002100000000041291,5993.786812880448,bench_mov_abs_to_abs
391.8461,391.84818,0.002080000000034943,5925.767847906543,bench_mov_abs_to_abs
392.04846,392.05056,0.002100000000041291,5958.74364500035,bench_mov_abs_to_abs
392.25084,392.25294,0.002100000000041291,5936.088573771859,bench_mov_abs_to_abs
392.45322,392.45532,0.0020999999999844476,5979.198925154046,bench_mov_abs_to_abs
392.6556,392.6577,0.0020999999999844476,6002.439905380485,bench_mov_abs_to_abs
392.85798,392.86006,0.0020799999999780994,5950.668812669249,bench_mov_abs_to_abs
393.06036,393.06244,0.0020799999999780994,5954.99811222298,bench_mov_abs_to_abs
393.26272,393.26482,0.0020999999999844476,5990.305086551432,bench_mov_abs_to_abs
393.4651,393.4672,0.0020999999999844476,5961.452498987605,bench_mov_abs_to_abs
393.66748,393.66958,0.0020999999999844476,5963.541213374601,bench_mov_abs_to_abs
393.86986,393.87138,0.001519999999970878,4459.884362208046,bench_mov_ind_to_abs
394.07166,394.07316,0.0014999999999645297,4416.182991011918,bench_mov_ind_to_abs
394.27344,394.27496,0.0015200000000277214,4486.10302767965,bench_mov_ind_to_abs
394.47524,394.47674,0.0015000000000213731,4431.529601635563,bench_mov_ind_to_abs
394.67702,394.67852,0.0014999999999645297,4426.296055207636,bench_mov_ind_to_abs
394.8788,394.88032,0.001519999999970878,4464.948212174717,bench_mov_ind_to_abs
395.0806,395.0821,0.0015000000000213731,4387.008517575223,bench_mov_ind_to_abs
395.28238,395.28388,0.0015000000000213731,4380.581392969559,bench_mov_ind_to_abs
395.48416,395.48566,0.0015000000000213731,4385.898988759216,bench_mov_ind_to_abs
395.68594,395.68744,0.0014999999999645297,4406.121601244799,bench_mov_ind_to_abs
395.88772,395.88924,0.001519999999970878,4489.946802995841,bench_mov_ind_to_abs
396.08952,396.09102,0.0015000000000213731,4434.181070018531,bench_mov_ind_to_abs
396.2913,396.2928,0.0015000000000213731,4428.790584271207,bench_mov_ind_to_abs
396.49308,396.4946,0.001519999999970878,4478.0797021513445,bench_mov_ind_to_abs
396.69488,396.69638,0.0014999999999645297,4411.138309990766,bench_mov_ind_to_abs
396.89666,396.89816,0.0015000000000213731,4389.163008954436,bench_mov_ind_to_abs
397.09844,397.09994,0.0015000000000213731,4386.928000087984,bench_mov_ind_to_abs
397.30022,397.30172,0.0014999999999645297,4377.647978145333,bench_mov_ind_to_abs
397.502,397.5035,0.0014999999999645297,4417.386988535418,bench_mov_ind_to_abs
397.70378,397.70528,0.0015000000000213731,4419.307131384347,bench_mov_ind_to_abs
397.90556,397.90706,0.0015000000000213731,4419.913874073182,bench_mov_ind_to_abs
398.10732,398.10884,0.001519999999970878,4486.480527468665,bench_mov_ind_to_abs
398.30912,398.31062,0.0014999999999645297,4418.114679764722,bench_mov_ind_to_abs
398.5109,398.5124,0.0015000000000213731,4413.434548831676,bench_mov_ind_to_abs
398.71268,398.71418,0.0015000000000213731,4390.681886645202,bench_mov_ind_to_abs
398.91446,398.91596,0.0014999999999645297,4389.763055262017,bench_mov_ind_to_abs
399.11624,399.11774,0.0015000000000213731,4398.083605400789,bench_mov_ind_to_abs
399.31802,399.31952,0.0015000000000213731,4410.910951038415,bench_mov_ind_to_abs
399.51982,399.52132,0.0015000000000213731,4408.973138840067,bench_mov_ind_to_abs
399.7216,399.7231,0.0014999999999645297,4427.370556987612,bench_mov_ind_to_abs
399.92338,399.92488,0.0014999999999645297,4419.290460542703,bench_mov_ind_to_abs
400.12516,400.12666,0.0015000000000213731,4421.701594321902,bench_mov_ind_to_abs
400.32694,400.32846,0.0015200000000277214,4470.278127204066,bench_mov_ind_to_abs
400.52874,400.53024,0.0014999999999645297,4403.3539317376935,bench_mov_ind_to_abs
400.73052,400.73202,0.0014999999999645297,4381.53745596349,bench_mov_ind_to_abs
400.9323,400.9338,0.0015000000000213731,4398.39797566457,bench_mov_ind_to_abs
401.13408,401.13558,0.0015000000000213731,4406.21029592109,bench_mov_ind_to_abs
401.33588,401.33738,0.0015000000000213731,4414.975829488411,bench_mov_ind_to_abs
401.53766,401.53916,0.0014999999999645297,4422.978099793928,bench_mov_ind_to_abs
401.73946,401.74096,0.0014999999999645297,4417.099377500101,bench_mov_ind_to_abs
401.94124,401.94276,0.0015200000000277214,4478.610900778873,bench_mov_ind_to_abs
402.14304,402.14454,0.0015000000000213731,4409.407943085555,bench_mov_ind_to_abs
402.34482,402.34632,0.0014999999999645297,4409.127500730511,bench_mov_ind_to_abs
402.54662,402.54812,0.0014999999999645297,4385.78256395218,bench_mov_ind_to_abs
402.7484,402.74992,0.001519999999970878,4457.452173725488,bench_mov_ind_to_abs
402.9502,402.9517,0.0015000000000213731,4396.485749231337,bench_mov_ind_to_abs
403.15198,403.1535,0.0015200000000277214,4475.262384015856,bench_mov_ind_to_abs
403.35378,403.35528,0.0015000000000213731,4423.945173686791,bench_mov_ind_to_abs
403.55558,403.55708,0.0014999999999645297,4418.298017591869,bench_mov_ind_to_abs
403.75736,403.75886,0.0015000000000213731,4418.531071922492,bench_mov_ind_to_abs
403.95914,403.96066,0.0015200000000277214,4469.7723608397355,bench_mov_ind_to_abs
404.16094,404.16244,0.0015000000000213731,4403.029496381253,bench_mov_ind_to_abs
404.36272,404.36424,0.001519999999970878,4460.701262485314,bench_mov_ind_to_abs
404.56452,404.56602,0.0014999999999645297,4409.299616132223,bench_mov_ind_to_abs
404.76632,404.76782,0.0014999999999645297,4406.525753333627,bench_mov_ind_to_abs
404.9681,404.9696,0.0015000000000213731,4417.428763179707,bench_mov_ind_to_abs
405.16988,405.17138,0.0015000000000213731,4418.96087729521,bench_mov_ind_to_abs
405.37168,405.37318,0.0014999999999645297,4414.167036194108,bench_mov_ind_to_abs
405.57346,405.57496,0.0014999999999645297,4422.520226688065,bench_mov_ind_to_abs
405.77524,405.77674,0.0015000000000213731,4408.306689064791,bench_mov_ind_to_abs
405.97702,405.97852,0.0015000000000213731,4380.393298404633,bench_mov_ind_to_abs
406.17882,406.18032,0.0015000000000213731,4386.897068536236,bench_mov_ind_to_abs
406.3806,406.3821,0.0014999999999645297,4387.201378015452,bench_mov_ind_to_abs
406.5824,406.5839,0.0015000000000213731,4385.436738438959,bench_mov_ind_to_abs
406.78418,406.78568,0.0015000000000213731,4423.974612793196,bench_mov_ind_to_abs
406.98596,406.98748,0.0015200000000277214,4482.935532078414,bench_mov_ind_to_abs
407.18776,407.18926,0.0014999999999645297,4425.127445609225,bench_mov_ind_to_abs
407.38954,407.39106,0.001519999999970878,4475.909545930403,bench_mov_ind_to_abs
407.59134,407.59284,0.0015000000000213731,4392.080986933604,bench_mov_ind_to_abs
407.79312,407.79462,0.0015000000000213731,4382.783719403852,bench_mov_ind_to_abs
407.9949,407.9964,0.0015000000000213731,4375.923750987734,bench_mov_ind_to_abs
408.1967,408.1982,0.0014999999999645297,4386.212662685585,bench_mov_ind_to_abs
408.39848,408.39998,0.0015000000000213731,4393.788052321336,bench_mov_ind_to_abs
408.60026,408.60178,0.0015200000000277214,4471.719293007701,bench_mov_ind_to_abs
408.80206,408.80356,0.0015000000000213731,4418.500270760083,bench_mov_ind_to_abs
409.00384,409.00536,0.001519999999970878,4477.41230241882,bench_mov_ind_to_abs
409.20564,409.20714,0.0014999999999645297,4418.411455011688,bench_mov_ind_to_abs
409.40742,409.40894,0.001519999999970878,4482.159786775574,bench_mov_ind_to_abs
409.60922,409.61072,0.0015000000000213731,4388.142339948983,bench_mov_ind_to_abs
409.811,409.8125,0.0015000000000213731,4398.72430411138,bench_mov_ind_to_abs
410.01278,410.01428,0.0014999999999645297,4401.607713557313,bench_mov_ind_to_abs
410.21456,410.21606,0.0015000000000213731,4418.915344931664,bench_mov_ind_to_abs
410.41634,410.41784,0.0015000000000213731,4427.157205132206,bench_mov_ind_to_abs
410.61812,410.61962,0.0015000000000213731,4430.867687398271,bench_mov_ind_to_abs
410.8199,410.82142,0.001519999999970878,4500.276604578121,bench_mov_ind_to_abs
411.02168,411.0232,0.001519999999970878,4493.069951341524,bench_mov_ind_to_abs
411.22346,411.22498,0.0015200000000277214,4472.232177006175,bench_mov_ind_to_abs
411.42526,411.42676,0.0015000000000213731,4382.435053186994,bench_mov_ind_to_abs
411.62704,411.62854,0.0014999999999645297,4379.356789755841,bench_mov_ind_to_abs
411.82882,411.83034,0.001519999999970878,4449.285135987301,bench_mov_ind_to_abs
412.03062,412.03212,0.0015000000000213731,4410.626736999028,bench_mov_ind_to_abs
412.23242,412.23392,0.0015000000000213731,4411.692027996663,bench_mov_ind_to_abs
412.4342,412.4357,0.0015000000000213731,4424.268393841831,bench_mov_ind_to_abs
412.63598,412.63748,0.0014999999999645297,4420.560756591416,bench_mov_ind_to_abs
412.83776,412.83928,0.001519999999970878,4464.883075477444,bench_mov_ind_to_abs
413.03956,413.04106,0.0015000000000213731,4414.970809657476,bench_mov_ind_to_abs
413.24134,413.24284,0.0015000000000213731,4399.932022269601,bench_mov_ind_to_abs
413.44314,413.44464,0.0014999999999645297,4387.985325775801,bench_mov_ind_to_abs
413.64492,413.64644,0.001519999999970878,4456.622006750595,bench_mov_ind_to_abs
413.84672,413.84822,0.0015000000000213731,4398.291765308463,bench_mov_ind_to_abs
414.04852,414.05002,0.0015000000000213731,4518.534704177754,bench_mov_aut_to_abs
414.25032,414.25182,0.0015000000000213731,4526.572676907625,bench_mov_aut_to_abs
414.4521,414.4536,0.0015000000000213731,4534.985225248421,bench_mov_aut_to_abs
414.6539,414.6554,0.0014999999999645297,4535.947004223534,bench_mov_aut_to_abs
414.85568,414.85718,0.0015000000000213731,4515.13190760127,bench_mov_aut_to_abs
415.05746,415.05896,0.0015000000000213731,4501.67247100647,bench_mov_aut_to_abs
415.25924,415.26074,0.0015000000000213731,4500.512334119762,bench_mov_aut_to_abs
415.46104,415.46254,0.0014999999999645297,4490.233927391769,bench_mov_aut_to_abs
415.66282,415.66432,0.0014999999999645297,4518.443783634152,bench_mov_aut_to_abs
415.8646,415.8661,0.0015000000000213731,4545.764841669915,bench_mov_aut_to_abs
416.0664,416.0679,0.0015000000000213731,4532.370609294052,bench_mov_aut_to_abs
416.26818,416.26968,0.0015000000000213731,4533.30914495952,bench_mov_aut_to_abs
416.46996,416.47146,0.0014999999999645297,4540.651671015129,bench_mov_aut_to_abs
416.67174,416.67326,0.0015200000000277214,4574.774399019654,bench_mov_aut_to_abs
416.87354,416.87504,0.0015000000000213731,4494.061158103272,bench_mov_aut_to_abs
417.07532,417.07682,0.0015000000000213731,4490.1140360794225,bench_mov_aut_to_abs
417.2771,417.2786,0.0014999999999645297,4505.367474521867,bench_mov_aut_to_abs
417.47888,417.48038,0.0015000000000213731,4522.419816412161,bench_mov_aut_to_abs
417.68066,417.68218,0.0015200000000277214,4593.840283425803,bench_mov_aut_to_abs
417.88246,417.88396,0.0015000000000213731,4540.977384958944,bench_mov_aut_to_abs
418.08424,418.08574,0.0014999999999645297,4537.529195549201,bench_mov_aut_to_abs
418.28602,418.28752,0.0014999999999645297,4530.411416089451,bench_mov_aut_to_abs
418.4878,418.4893,0.0015000000000213731,4520.757296188905,bench_mov_aut_to_abs
418.6896,418.6911,0.0015000000000213731,4498.438630318619,bench_mov_aut_to_abs
418.89138,418.89288,0.0014999999999645297,4489.265247138438,bench_mov_aut_to_abs
419.09316,419.09468,0.001519999999970878,4569.01600342954,bench_mov_aut_to_abs
419.29494,419.29644,0.0015000000000213731,4519.943990808585,bench_mov_aut_to_abs
419.49674,419.49824,0.0015000000000213731,4524.816209517693,bench_mov_aut_to_abs
419.69852,419.70002,0.0015000000000213731,4520.442760615252,bench_mov_aut_to_abs
419.9003,419.90182,0.001519999999970878,4597.859012341362,bench_mov_aut_to_abs
420.1021,420.1036,0.0014999999999645297,4518.125667126654,bench_mov_aut_to_abs
420.3039,420.3054,0.0015000000000213731,4507.965764562019,bench_mov_aut_to_abs
420.50568,420.50718,0.0015000000000213731,4504.566651369569,bench_mov_aut_to_abs
420.70746,420.70898,0.001519999999970878,4556.3613785463285,bench_mov_aut_to_abs
420.90926,420.91076,0.0014999999999645297,4497.657643988907,bench_mov_aut_to_abs
421.11106,421.11256,0.0014999999999645297,4516.745176990623,bench_mov_aut_to_abs
421.31284,421.31434,0.0015000000000213731,4539.138618920322,bench_mov_aut_to_abs
421.51462,421.51614,0.0015200000000277214,4611.007017165553,bench_mov_aut_to_abs
421.71642,421.71792,0.0014999999999645297,4545.671592823092,bench_mov_aut_to_abs
421.9182,421.9197,0.0014999999999645297,4534.207673169114,bench_mov_aut_to_abs
422.11998,422.12148,0.0015000000000213731,4533.70570211641,bench_mov_aut_to_abs
422.32176,422.32328,0.0015200000000277214,4567.024831277307,bench_mov_aut_to_abs
422.52356,422.52506,0.0015000000000213731,4503.346327756331,bench_mov_aut_to_abs
422.72534,422.72684,0.0014999999999645297,4500.762803838669,bench_mov_aut_to_abs
422.92712,422.92864,0.001519999999970878,4594.158376477231,bench_mov_aut_to_abs
423.1289,423.13042,0.0015200000000277214,4596.5471864575,bench_mov_aut_to_abs
423.33068,423.3322,0.0015200000000277214,4593.806054990292,bench_mov_aut_to_abs
423.53248,423.53398,0.0014999999999645297,4533.711431904828,bench_mov_aut_to_abs
423.73426,423.73576,0.0015000000000213731,4523.178418231507,bench_mov_aut_to_abs
423.93604,423.93756,0.0015200000000277214,4571.719581810805,bench_mov_aut_to_abs
424.13784,424.13934,0.0015000000000213731,4487.133035500938,bench_mov_aut_to_abs
424.33964,424.34114,0.0015000000000213731,4484.684299740775,bench_mov_aut_to_abs
424.54142,424.54292,0.0014999999999645297,4519.516378534674,bench_mov_aut_to_abs
424.7432,424.74472,0.001519999999970878,4585.732482285543,bench_mov_aut_to_abs
424.945,424.9465,0.0015000000000213731,4521.847839999809,bench_mov_aut_to_abs
425.14678,425.14828,0.0015000000000213731,4533.351007915943,bench_mov_aut_to_abs
425.34858,425.35008,0.0014999999999645297,4525.198875815208,bench_mov_aut_to_abs
425.55036,425.55188,0.001519999999970878,4583.42972901336,bench_mov_aut_to_abs
425.75216,425.75366,0.0015000000000213731,4508.629927942196,bench_mov_aut_to_abs
425.95394,425.95544,0.0015000000000213731,4506.016338773118,bench_mov_aut_to_abs
426.15574,426.15724,0.0015000000000213731,4495.998316045228,bench_mov_aut_to_abs
426.35752,426.35902,0.0014999999999645297,4504.472217415713,bench_mov_aut_to_abs
426.5593,426.5608,0.0014999999999645297,4514.900441173694,bench_mov_aut_to_abs
426.76108,426.76258,0.0015000000000213731,4535.561765144473,bench_mov_aut_to_abs
426.96286,426.96436,0.0015000000000213731,4530.202334347494,bench_mov_aut_to_abs
427.16464,427.16614,0.0014999999999645297,4535.935011119069,bench_mov_aut_to_abs
427.36642,427.36792,0.0015000000000213731,4516.581760319949,bench_mov_aut_to_abs
427.5682,427.5697,0.0015000000000213731,4518.6365443007435,bench_mov_aut_to_abs
427.76998,427.77148,0.0015000000000213731,4505.042249868652,bench_mov_aut_to_abs
427.97176,427.97326,0.0014999999999645297,4490.639474134502,bench_mov_aut_to_abs
428.17354,428.17504,0.0015000000000213731,4500.414012064459,bench_mov_aut_to_abs
428.37532,428.37682,0.0015000000000213731,4520.477973920395,bench_mov_aut_to_abs
428.5771,428.5786,0.0015000000000213731,4532.135285037431,bench_mov_aut_to_abs
428.77888,428.78038,0.0014999999999645297,4537.275957300543,bench_mov_aut_to_abs
428.98066,428.98216,0.0015000000000213731,4535.230984973055,bench_mov_aut_to_abs
429.18244,429.18394,0.0015000000000213731,4523.658969040504,bench_mov_aut_to_abs
429.38422,429.38574,0.001519999999970878,4571.280556176864,bench_mov_aut_to_abs
429.586,429.58752,0.001519999999970878,4567.921811160565,bench_mov_aut_to_abs
429.7878,429.7893,0.0015000000000213731,4494.51706146013,bench_mov_aut_to_abs
429.98958,429.99108,0.0015000000000213731,4499.535679417914,bench_mov_aut_to_abs
430.19136,430.19286,0.0015000000000213731,4516.667709750361,bench_mov_aut_to_abs
430.39314,430.39464,0.0014999999999645297,4525.904254879889,bench_mov_aut_to_abs
430.59492,430.59642,0.0015000000000213731,4528.594289506463,bench_mov_aut_to_abs
430.7967,430.79822,0.0015200000000277214,4594.649190633845,bench_mov_aut_to_abs
430.9985,431.0,0.0015000000000213731,4524.408192435564,bench_mov_aut_to_abs
431.20028,431.20178,0.0014999999999645297,4515.275242628868,bench_mov_aut_to_abs
431.40206,431.40356,0.0015000000000213731,4500.408242521479,bench_mov_aut_to_abs
431.60384,431.60534,0.0015000000000213731,4497.780427402705,bench_mov_aut_to_abs
431.80564,431.80714,0.0015000000000213731,4505.262991943637,bench_mov_aut_to_abs
432.00742,432.00892,0.0014999999999645297,4516.972515158523,bench_mov_aut_to_abs
432.2092,432.2107,0.0014999999999645297,4533.354986815665,bench_mov_aut_to_abs
432.41098,432.41248,0.0015000000000213731,4525.302131724577,bench_mov_aut_to_abs
432.61278,432.61428,0.0015000000000213731,4523.06916943803,bench_mov_aut_to_abs
432.81456,432.81606,0.0015000000000213731,4526.575289261971,bench_mov_aut_to_abs
433.01634,433.01786,0.001519999999970878,4586.572553874685,bench_mov_aut_to_abs
433.21814,433.21964,0.0015000000000213731,4514.159499730734,bench_mov_aut_to_abs
433.41992,433.42142,0.0015000000000213731,4493.300933455137,bench_mov_aut_to_abs
433.6217,433.6232,0.0015000000000213731,4495.91672520076,bench_mov_aut_to_abs
433.8235,433.825,0.0014999999999645297,4520.057816880363,bench_mov_aut_to_abs
434.02528,434.02678,0.0014999999999645297,4529.1268102671265,bench_mov_aut_to_abs
