t_start_s,t_end_s,duration_s,energy_nJ,event_label
9.8352,9.8359,0.000700000000000145,1759.7175482660946,bench_add_reg_reg
10.03618,10.03686,0.0006800000000009021,1688.082804905519,bench_add_reg_reg
10.23716,10.23784,0.0006800000000009021,1687.8376086267692,bench_add_reg_reg
10.43812,10.43882,0.000700000000000145,1745.8173935306609,bench_add_reg_reg
10.6391,10.63978,0.0006800000000009021,1701.0631831388898,bench_add_reg_reg
10.84006,10.84076,0.000700000000000145,1747.2752789042158,bench_add_reg_reg
11.04104,11.04172,0.0006799999999991257,1713.526996315571,bench_add_reg_reg
11.24202,11.2427,0.0006799999999991257,1704.9752827710013,bench_add_reg_reg
11.44298,11.44368,0.000700000000000145,1768.136871978729,bench_add_reg_reg
11.64396,11.64464,0.0006800000000009021,1702.291907279343,bench_add_reg_reg
11.84492,11.84562,0.000700000000000145,1757.830840069971,bench_add_reg_reg
12.0459,12.04658,0.0006800000000009021,1707.173842007852,bench_add_reg_reg
12.24686,12.24756,0.000700000000000145,1770.3786259522108,bench_add_reg_reg
12.44784,12.44852,0.0006800000000009021,1707.0448654729403,bench_add_reg_reg
12.64882,12.6495,0.0006799999999991257,1686.7122659435004,bench_add_reg_reg
12.8498,12.85048,0.0006799999999991257,1686.7532441369242,bench_add_reg_reg
13.05076,13.05146,0.000700000000000145,1743.3550301941739,bench_add_reg_reg
13.25174,13.25242,0.0006800000000009021,1696.034134367991,bench_add_reg_reg
13.4527,13.4534,0.000700000000000145,1759.7922496499689,bench_add_reg_reg
13.65368,13.65436,0.0006800000000009021,1683.8491591650463,bench_add_reg_reg
13.85464,13.85534,0.000700000000000145,1762.9185644914724,bench_add_reg_reg
14.05562,14.0563,0.0006800000000009021,1691.8259789262206,bench_add_reg_reg
14.2566,14.25728,0.0006799999999991257,1711.3777203460954,bench_add_reg_reg
14.45756,14.45826,0.0006999999999983686,1767.4148152536193,bench_add_reg_reg
14.65854,14.65922,0.0006799999999991257,1711.7863171710524,bench_add_reg_reg
14.85952,14.8602,0.0006800000000009021,1708.6398368725381,bench_add_reg_reg
15.06048,15.06118,0.000700000000000145,1766.1978770050532,bench_add_reg_reg
15.26146,15.26214,0.0006800000000009021,1704.0706798459662,bench_add_reg_reg
15.46242,15.46312,0.000700000000000145,1768.9980217261104,bench_add_reg_reg
15.6634,15.66408,0.0006800000000009021,1702.3956356596589,bench_add_reg_reg
15.86436,15.86504,0.0006800000000009021,1688.1107073302412,bench_add_reg_reg
16.06532,16.066,0.0006799999999991257,1692.9846908873924,bench_add_reg_reg
16.26628,16.26698,0.0007000000000019213,1739.4796363136077,bench_add_reg_reg
16.46726,16.46794,0.0006799999999991257,1688.1168191302297,bench_add_reg_reg
16.66822,16.66892,0.0006999999999983686,1764.24238597467,bench_add_reg_reg
16.8692,16.86988,0.0006799999999991257,1698.2616763544822,bench_add_reg_reg
17.07016,17.07086,0.0006999999999983686,1744.2199122110603,bench_add_reg_reg
17.27114,17.27182,0.0006800000000026785,1699.278454768902,bench_add_reg_reg
17.4721,17.47278,0.0006799999999991257,1705.7848535449232,bench_add_reg_reg
17.67306,17.67374,0.0006799999999991257,1701.1650884505443,bench_add_reg_reg
17.87402,17.8747,0.0006799999999991257,1705.3077160352002,bench_add_reg_reg
18.07498,18.07568,0.0006999999999983686,1765.095044388797,bench_add_reg_reg
18.27596,18.27664,0.0006799999999991257,1708.8743695028506,bench_add_reg_reg
18.47692,18.47762,0.0007000000000019213,1765.2334272908718,bench_add_reg_reg
18.6779,18.67858,0.0006799999999991257,1704.9303208450706,bench_add_reg_reg
18.87886,18.87956,0.0007000000000019213,1758.0413352749956,bench_add_reg_reg
19.07984,19.08052,0.0006799999999991257,1696.92064635186,bench_add_reg_reg
19.2808,19.2815,0.0007000000000019213,1759.3562766028517,bench_add_reg_reg
19.48178,19.48246,0.0006799999999991257,1694.233203304001,bench_add_reg_reg
19.68274,19.68344,0.0007000000000019213,1745.961681013603,bench_add_reg_reg
19.88372,19.8844,0.0006799999999991257,1702.6344523740365,bench_add_reg_reg
20.0847,20.08538,0.0006799999999991257,1694.3353973298385,bench_add_reg_reg
20.28568,20.28636,0.0006799999999991257,1705.6222120279106,bench_add_reg_reg
20.48666,20.48734,0.0006799999999991257,1711.3262414904832,bench_add_reg_reg
20.68764,20.68832,0.0006800000000026785,1711.9986494148072,bench_add_reg_reg
20.8886,20.8893,0.0006999999999983686,1760.908060236975,bench_add_reg_reg
21.0896,21.09028,0.0006799999999991257,1722.395110406985,bench_add_reg_reg
21.29058,21.29126,0.0006800000000026785,1706.4315476530264,bench_add_reg_reg
21.49156,21.49224,0.0006799999999991257,1723.014987071488,bench_add_reg_reg
21.69254,21.69322,0.0006799999999991257,1715.511037034154,bench_add_reg_reg
21.89352,21.8942,0.0006800000000026785,1711.8306201957234,bench_add_reg_reg
22.0945,22.09518,0.0006799999999991257,1704.1287408186158,bench_add_reg_reg
22.29548,22.29616,0.0006799999999991257,1709.9136928998407,bench_add_reg_reg
22.49646,22.49714,0.0006800000000026785,1706.7200038650303,bench_add_reg_reg
22.69744,22.69812,0.0006799999999991257,1696.3729308893933,bench_add_reg_reg
22.89842,22.8991,0.0006799999999991257,1693.9122439331936,bench_add_reg_reg
23.0994,23.10008,0.0006799999999991257,1698.4739480520261,bench_add_reg_reg
23.30038,23.30106,0.0006799999999991257,1708.2898481721822,bench_add_reg_reg
23.50136,23.50204,0.0006800000000026785,1697.7412928903032,bench_add_reg_reg
23.70234,23.70302,0.0006799999999991257,1702.597402034239,bench_add_reg_reg
23.9033,23.904,0.0006999999999983686,1752.184098581377,bench_add_reg_reg
24.10428,24.10496,0.0006799999999991257,1713.5002370904338,bench_add_reg_reg
24.30524,24.30592,0.0006799999999991257,1711.7304145328483,bench_add_reg_reg
24.5062,24.5069,0.0007000000000019213,1777.5163427041628,bench_add_reg_reg
24.70718,24.70788,0.0006999999999983686,1770.3425814350987,bench_add_reg_reg
24.90816,24.90884,0.0006800000000026785,1726.7062142566645,bench_add_reg_reg
25.10912,25.10982,0.0006999999999983686,1750.242453995102,bench_add_reg_reg
25.3101,25.31078,0.0006800000000026785,1718.0977878237097,bench_add_reg_reg
25.51106,25.51176,0.0006999999999983686,1762.781371357867,bench_add_reg_reg
25.71204,25.71272,0.0006800000000026785,1707.1422794909581,bench_add_reg_reg
25.913,25.91368,0.0006799999999991257,1705.3206218382434,bench_add_reg_reg
26.11398,26.11466,0.0006799999999991257,1698.9213554158405,bench_add_reg_reg
26.31494,26.31564,0.0006999999999983686,1751.3665882826788,bench_add_reg_reg
26.51592,26.5166,0.0006799999999991257,1699.0134282940862,bench_add_reg_reg
26.71688,26.71758,0.0007000000000019213,1764.425861188267,bench_add_reg_reg
26.91786,26.91854,0.0006799999999991257,1693.1504011127552,bench_add_reg_reg
27.11882,27.11952,0.0007000000000019213,1764.066771143585,bench_add_reg_reg
27.3198,27.32048,0.0006799999999991257,1713.2999282301746,bench_add_reg_reg
27.52078,27.52146,0.0006800000000026785,1716.0439654330512,bench_add_reg_reg
27.72176,27.72244,0.0006799999999991257,1700.050698125634,bench_add_reg_reg
27.92272,27.92342,0.0006999999999983686,1765.4961137981513,bench_add_reg_reg
28.1237,28.12438,0.0006799999999991257,1698.809843508411,bench_add_reg_reg
28.32466,28.32534,0.0006799999999991257,1717.6400287977756,bench_add_reg_reg
28.52564,28.52632,0.0006799999999991257,1703.5021516473346,bench_add_reg_reg
28.7266,28.7273,0.0006999999999983686,1761.6178304842388,bench_add_reg_reg
28.92758,28.92826,0.0006800000000026785,1690.0463774875525,bench_add_reg_reg
29.12854,29.12924,0.0006999999999983686,1746.5224792201566,bench_add_reg_reg
29.32952,29.3302,0.0006800000000026785,1683.885627433784,bench_add_reg_reg
29.53048,29.53118,0.0006999999999983686,1747.7094521699264,bench_add_reg_reg
29.73146,29.73214,0.0006800000000026785,1693.6046583654347,bench_add_reg_reg
29.93242,29.93368,0.0012599999999984846,3192.1840715181147,bench_add_imm_reg
30.13396,30.13522,0.0012600000000020373,3200.7334427969813,bench_add_imm_reg
30.3355,30.33676,0.0012600000000020373,3195.843107538083,bench_add_imm_reg
30.53704,30.5383,0.0012599999999984846,3203.5693107128973,bench_add_imm_reg
30.73858,30.73984,0.0012600000000020373,3210.9759515211217,bench_add_imm_reg
30.94012,30.94138,0.0012599999999984846,3199.905352662855,bench_add_imm_reg
31.14166,31.14292,0.0012599999999984846,3187.178797084055,bench_add_imm_reg
31.3432,31.34446,0.0012600000000020373,3189.172453718,bench_add_imm_reg
31.54474,31.546,0.0012599999999984846,3173.508618488223,bench_add_imm_reg
31.74628,31.74754,0.0012600000000020373,3190.099855425185,bench_add_imm_reg
31.94782,31.94908,0.0012599999999984846,3198.5480501275306,bench_add_imm_reg
32.14936,32.15062,0.0012600000000020373,3199.9074737583496,bench_add_imm_reg
32.3509,32.35214,0.001239999999995689,3149.8112785508806,bench_add_imm_reg
32.55242,32.55368,0.0012600000000020373,3205.1407033640494,bench_add_imm_reg
32.75394,32.7552,0.0012600000000020373,3213.302099616556,bench_add_imm_reg
32.95548,32.95674,0.0012600000000020373,3214.664328847325,bench_add_imm_reg
33.15702,33.15828,0.0012599999999949318,3200.7748330800964,bench_add_imm_reg
33.35856,33.35982,0.0012600000000020373,3178.4115801640437,bench_add_imm_reg
33.5601,33.56136,0.0012600000000020373,3175.9071792536624,bench_add_imm_reg
33.76164,33.7629,0.0012600000000020373,3176.1593092280327,bench_add_imm_reg
33.96318,33.96444,0.0012600000000020373,3176.4801102731726,bench_add_imm_reg
34.16474,34.16598,0.001239999999995689,3130.150395434143,bench_add_imm_reg
34.36628,34.36754,0.0012599999999949318,3197.6212444572443,bench_add_imm_reg
34.56782,34.56908,0.0012600000000020373,3200.3071461872273,bench_add_imm_reg
34.76936,34.77062,0.0012600000000020373,3205.4181350444733,bench_add_imm_reg
34.9709,34.97216,0.0012600000000020373,3209.714544942098,bench_add_imm_reg
35.17244,35.1737,0.0012599999999949318,3214.246453703348,bench_add_imm_reg
35.37398,35.37524,0.0012599999999949318,3199.5564838728155,bench_add_imm_reg
35.57552,35.57678,0.0012600000000020373,3190.4798164101426,bench_add_imm_reg
35.77706,35.77832,0.0012600000000020373,3185.286426456074,bench_add_imm_reg
35.9786,35.97986,0.0012600000000020373,3186.5409133074486,bench_add_imm_reg
36.18014,36.1814,0.0012599999999949318,3197.4726845368064,bench_add_imm_reg
36.38168,36.38294,0.0012599999999949318,3195.355958290948,bench_add_imm_reg
36.58322,36.58448,0.0012600000000020373,3209.2763576733037,bench_add_imm_reg
36.78478,36.78602,0.0012400000000027944,3140.062773608244,bench_add_imm_reg
36.9863,36.98756,0.0012600000000020373,3216.728002303621,bench_add_imm_reg
37.18784,37.1891,0.0012600000000020373,3204.2820774987085,bench_add_imm_reg
37.38938,37.39064,0.0012599999999949318,3200.454937745677,bench_add_imm_reg
37.59092,37.59218,0.0012600000000020373,3190.901249188623,bench_add_imm_reg
37.79246,37.79372,0.0012600000000020373,3189.4908868763305,bench_add_imm_reg
37.99398,37.99524,0.0012600000000020373,3181.9100352048627,bench_add_imm_reg
38.19552,38.19678,0.0012599999999949318,3189.7447840168147,bench_add_imm_reg
38.39706,38.39832,0.0012599999999949318,3218.1453541709834,bench_add_imm_reg
38.59862,38.59986,0.0012400000000027944,3144.6163891907167,bench_add_imm_reg
38.80016,38.80142,0.0012600000000020373,3204.8485660985025,bench_add_imm_reg
39.0017,39.00296,0.0012600000000020373,3196.5361395895193,bench_add_imm_reg
39.20324,39.2045,0.0012600000000020373,3213.6377343017402,bench_add_imm_reg
39.40478,39.40604,0.0012599999999949318,3220.9776807436715,bench_add_imm_reg
39.60632,39.60758,0.0012600000000020373,3187.985387638428,bench_add_imm_reg
39.80786,39.80912,0.0012600000000020373,3173.1529068256937,bench_add_imm_reg
40.0094,40.01066,0.0012600000000020373,3173.846828290799,bench_add_imm_reg
40.21094,40.2122,0.0012600000000020373,3169.5534405345284,bench_add_imm_reg
40.41248,40.41374,0.0012599999999949318,3181.0449040354765,bench_add_imm_reg
40.614,40.61526,0.0012600000000020373,3198.856087408457,bench_add_imm_reg
40.81554,40.8168,0.0012600000000020373,3208.1793271993597,bench_add_imm_reg
41.01708,41.01834,0.0012600000000020373,3210.2416898172046,bench_add_imm_reg
41.21862,41.21986,0.001239999999995689,3154.5029836592007,bench_add_imm_reg
41.42014,41.4214,0.0012599999999949318,3210.6041605440114,bench_add_imm_reg
41.62168,41.62294,0.0012600000000020373,3214.386051993289,bench_add_imm_reg
41.82322,41.82448,0.0012600000000020373,3200.1631404322175,bench_add_imm_reg
42.02478,42.02602,0.0012400000000027944,3118.4048624776133,bench_add_imm_reg
42.22632,42.22758,0.0012600000000020373,3166.5959768040957,bench_add_imm_reg
42.42786,42.42912,0.0012599999999949318,3180.8169721486747,bench_add_imm_reg
42.6294,42.63066,0.0012600000000020373,3198.6506213508533,bench_add_imm_reg
42.83094,42.8322,0.0012600000000020373,3199.7894286234236,bench_add_imm_reg
43.03248,43.03374,0.0012600000000020373,3203.4033117861272,bench_add_imm_reg
43.23402,43.23528,0.0012600000000020373,3219.9920713946162,bench_add_imm_reg
43.43556,43.43682,0.0012599999999949318,3209.8694215390537,bench_add_imm_reg
43.6371,43.63836,0.0012600000000020373,3189.3809326067094,bench_add_imm_reg
43.83862,43.83988,0.0012600000000020373,3196.29595615484,bench_add_imm_reg
44.04016,44.04142,0.0012600000000020373,3169.240085413039,bench_add_imm_reg
44.24168,44.24294,0.0012599999999949318,3177.052452215322,bench_add_imm_reg
44.44322,44.44448,0.0012600000000020373,3188.889399178071,bench_add_imm_reg
44.64476,44.64602,0.0012600000000020373,3197.267190558649,bench_add_imm_reg
44.8463,44.84756,0.0012600000000020373,3216.532685333399,bench_add_imm_reg
45.04784,45.0491,0.0012600000000020373,3209.5605321272665,bench_add_imm_reg
45.24938,45.25064,0.0012599999999949318,3208.0783415452393,bench_add_imm_reg
45.45092,45.45218,0.0012599999999949318,3202.3025746315507,bench_add_imm_reg
45.65248,45.65374,0.0012600000000020373,3197.5168897844205,bench_add_imm_reg
45.85402,45.85528,0.0012600000000020373,3201.109303632733,bench_add_imm_reg
46.05558,46.05684,0.0012600000000020373,3181.3031155666536,bench_add_imm_reg
46.25712,46.25838,0.0012600000000020373,3179.2770046784854,bench_add_imm_reg
46.45868,46.45994,0.0012600000000020373,3169.5522647389153,bench_add_imm_reg
46.66022,46.66148,0.0012599999999949318,3191.0339090836405,bench_add_imm_reg
46.86178,46.86304,0.0012599999999949318,3202.901773606216,bench_add_imm_reg
47.06334,47.0646,0.0012600000000020373,3209.687892820806,bench_add_imm_reg
47.2649,47.26616,0.0012600000000020373,3193.706697790897,bench_add_imm_reg
47.46644,47.4677,0.0012600000000020373,3211.560109636272,bench_add_imm_reg
47.66798,47.66924,0.0012600000000020373,3198.571689431817,bench_add_imm_reg
47.86954,47.87078,0.0012400000000027944,3139.2459105765975,bench_add_imm_reg
48.07108,48.07234,0.0012599999999949318,3182.648832430254,bench_add_imm_reg
48.27262,48.27388,0.0012599999999949318,3170.1281643332363,bench_add_imm_reg
48.47416,48.47542,0.0012600000000020373,3183.1157091138557,bench_add_imm_reg
48.6757,48.67696,0.0012600000000020373,3167.9026340185314,bench_add_imm_reg
48.87724,48.8785,0.0012600000000020373,3191.5378943131454,bench_add_imm_reg
49.07878,49.08004,0.0012599999999949318,3201.788749997647,bench_add_imm_reg
49.28032,49.28158,0.0012599999999949318,3205.7807245151744,bench_add_imm_reg
49.48186,49.4831,0.0012400000000027944,3154.4681475580987,bench_add_imm_reg
49.6834,49.68464,0.0012400000000027944,3147.1958081311486,bench_add_imm_reg
49.88494,49.88618,0.0012400000000027944,3140.6725943151364,bench_add_imm_reg
50.08648,50.0879,0.00141999999999598,3926.198461547036,bench_add_idx_reg
50.28818,50.2896,0.0014200000000030855,3921.0612839183436,bench_add_idx_reg
50.48988,50.4913,0.0014200000000030855,3926.6347279859015,bench_add_idx_reg
50.69158,50.693,0.00141999999999598,3925.028315267975,bench_add_idx_reg
50.89328,50.89472,0.0014400000000023283,4009.163598537612,bench_add_idx_reg
51.095,51.09642,0.0014200000000030855,3948.2005243274284,bench_add_idx_reg
51.2967,51.29812,0.00141999999999598,3956.717560055951,bench_add_idx_reg
51.4984,51.49984,0.0014400000000023283,4012.420696680175,bench_add_idx_reg
51.70012,51.70154,0.0014200000000030855,3961.706880954746,bench_add_idx_reg
51.90184,51.90326,0.0014200000000030855,3934.6598996865027,bench_add_idx_reg
52.10356,52.10498,0.00141999999999598,3931.184282980294,bench_add_idx_reg
52.30526,52.30668,0.0014200000000030855,3936.192360716406,bench_add_idx_reg
52.50696,52.50838,0.0014200000000030855,3917.2224444422277,bench_add_idx_reg
52.70866,52.71008,0.00141999999999598,3948.152624058307,bench_add_idx_reg
52.91036,52.9118,0.0014400000000023283,4001.006998594956,bench_add_idx_reg
53.11206,53.1135,0.0014400000000023283,4020.2524256958877,bench_add_idx_reg
53.31376,53.31518,0.00141999999999598,3966.2527013453428,bench_add_idx_reg
53.51546,53.51688,0.0014200000000030855,3938.2584998477582,bench_add_idx_reg
53.71716,53.71858,0.0014200000000030855,3939.2755739470363,bench_add_idx_reg
53.91886,53.92028,0.00141999999999598,3929.7186932409763,bench_add_idx_reg
54.12056,54.12198,0.0014200000000030855,3922.0639923679637,bench_add_idx_reg
54.32226,54.32368,0.0014200000000030855,3928.6920335227746,bench_add_idx_reg
54.52396,54.5254,0.0014399999999952229,4007.0956502903073,bench_add_idx_reg
54.72566,54.7271,0.0014400000000023283,4010.664892855624,bench_add_idx_reg
54.92738,54.9288,0.0014200000000030855,3945.388346919078,bench_add_idx_reg
55.12908,55.1305,0.00141999999999598,3961.0674930619043,bench_add_idx_reg
55.33078,55.3322,0.0014200000000030855,3961.39238729213,bench_add_idx_reg
55.53248,55.53392,0.0014400000000023283,4012.1812094064717,bench_add_idx_reg
55.7342,55.73562,0.00141999999999598,3943.631891149566,bench_add_idx_reg
55.9359,55.93732,0.0014200000000030855,3916.9538207450964,bench_add_idx_reg
56.13762,56.13904,0.0014200000000030855,3921.9986996702955,bench_add_idx_reg
56.33934,56.34076,0.0014200000000030855,3927.624151118756,bench_add_idx_reg
56.54104,56.54246,0.00141999999999598,3943.660135834789,bench_add_idx_reg
56.74274,56.74418,0.0014400000000023283,4020.7370789795896,bench_add_idx_reg
56.94446,56.94588,0.0014200000000030855,3961.5267654967115,bench_add_idx_reg
57.14616,57.14758,0.00141999999999598,3960.6383000389756,bench_add_idx_reg
57.34786,57.34928,0.0014200000000030855,3944.343281919624,bench_add_idx_reg
57.54956,57.551,0.0014400000000023283,3998.544337234122,bench_add_idx_reg
57.75128,57.7527,0.00141999999999598,3933.679107564747,bench_add_idx_reg
57.95298,57.95442,0.0014400000000023283,3981.200461283677,bench_add_idx_reg
58.1547,58.15612,0.0014200000000030855,3919.5262780503826,bench_add_idx_reg
58.3564,58.35784,0.0014400000000023283,4009.063001728405,bench_add_idx_reg
58.55812,58.55954,0.00141999999999598,3943.168851535033,bench_add_idx_reg
58.75982,58.76124,0.0014200000000030855,3948.396442001824,bench_add_idx_reg
58.96154,58.96296,0.0014200000000030855,3953.395816505983,bench_add_idx_reg
59.16324,59.16468,0.0014399999999952229,4005.20065099495,bench_add_idx_reg
59.36496,59.36638,0.00141999999999598,3943.511832028173,bench_add_idx_reg
59.56668,59.5681,0.0014200000000030855,3923.7519004469277,bench_add_idx_reg
59.76838,59.76982,0.0014400000000023283,3984.110665047941,bench_add_idx_reg
59.9701,59.97152,0.00141999999999598,3931.2653848783425,bench_add_idx_reg
60.17182,60.17324,0.0014200000000030855,3931.351208603533,bench_add_idx_reg
60.37352,60.37494,0.0014200000000030855,3950.913609013849,bench_add_idx_reg
60.57522,60.57664,0.00141999999999598,3951.6879105823327,bench_add_idx_reg
60.77692,60.77836,0.0014400000000023283,4025.641321212445,bench_add_idx_reg
60.97864,60.98006,0.0014200000000030855,3949.5493751104186,bench_add_idx_reg
61.18034,61.18178,0.0014400000000023283,3998.9340677914115,bench_add_idx_reg
61.38206,61.38348,0.00141999999999598,3939.337753679221,bench_add_idx_reg
61.58376,61.5852,0.0014400000000023283,3970.52558372455,bench_add_idx_reg
61.78548,61.7869,0.0014200000000030855,3906.438618441114,bench_add_idx_reg
61.9872,61.98862,0.00141999999999598,3920.2772686137523,bench_add_idx_reg
62.1889,62.19032,0.0014200000000030855,3953.0692924845685,bench_add_idx_reg
62.3906,62.39204,0.0014400000000023283,4006.749666302721,bench_add_idx_reg
62.5923,62.59374,0.0014399999999952229,3999.1104299995554,bench_add_idx_reg
62.79402,62.79544,0.00141999999999598,3942.326088424135,bench_add_idx_reg
62.99572,62.99714,0.0014200000000030855,3939.8039504979065,bench_add_idx_reg
63.19744,63.19886,0.0014200000000030855,3946.242297541865,bench_add_idx_reg
63.39914,63.40056,0.00141999999999598,3925.241446110521,bench_add_idx_reg
63.60084,63.60228,0.0014400000000023283,3980.2554133411845,bench_add_idx_reg
63.80256,63.80398,0.0014200000000030855,3918.0395589289556,bench_add_idx_reg
64.00426,64.00568,0.00141999999999598,3936.9627297734746,bench_add_idx_reg
64.20598,64.2074,0.0014200000000101909,3943.9681871158114,bench_add_idx_reg
64.40768,64.40912,0.0014400000000023283,4007.577241871026,bench_add_idx_reg
64.6094,64.61082,0.0014200000000101909,3958.743496362865,bench_add_idx_reg
64.8111,64.81252,0.0014200000000101909,3962.8070243924285,bench_add_idx_reg
65.01282,65.01424,0.00141999999999598,3957.1469067462235,bench_add_idx_reg
65.21454,65.21596,0.00141999999999598,3943.258842908577,bench_add_idx_reg
65.41626,65.41768,0.0014200000000101909,3927.5036147160813,bench_add_idx_reg
65.61796,65.61938,0.0014200000000101909,3932.908535964908,bench_add_idx_reg
65.81966,65.8211,0.0014400000000023283,3988.8982358458916,bench_add_idx_reg
66.02138,66.0228,0.0014200000000101909,3946.8122949194803,bench_add_idx_reg
66.22308,66.22452,0.0014400000000023283,4017.9900755254444,bench_add_idx_reg
66.4248,66.42622,0.00141999999999598,3967.003121493787,bench_add_idx_reg
66.6265,66.62792,0.0014200000000101909,3964.201775410091,bench_add_idx_reg
66.82822,66.82964,0.00141999999999598,3950.3935631247036,bench_add_idx_reg
67.02992,67.03136,0.0014400000000023283,3982.488496699762,bench_add_idx_reg
67.23164,67.23306,0.00141999999999598,3931.804231823742,bench_add_idx_reg
67.43334,67.43476,0.00141999999999598,3926.8035231973818,bench_add_idx_reg
67.63504,67.63646,0.00141999999999598,3941.7211525018142,bench_add_idx_reg
67.83674,67.83818,0.0014399999999881175,3988.5512878776076,bench_add_idx_reg
68.03846,68.03988,0.00141999999999598,3942.0066703934854,bench_add_idx_reg
68.24016,68.24158,0.00141999999999598,3963.255730910926,bench_add_idx_reg
68.44186,68.4433,0.0014399999999881175,4025.182677397248,bench_add_idx_reg
68.64358,68.645,0.00141999999999598,3950.6035228149285,bench_add_idx_reg
68.8453,68.84672,0.0014200000000101909,3947.4937157070794,bench_add_idx_reg
69.047,69.04844,0.0014400000000023283,3989.2208925518876,bench_add_idx_reg
69.24872,69.25014,0.00141999999999598,3918.344627587339,bench_add_idx_reg
69.45044,69.45186,0.00141999999999598,3922.3694079446927,bench_add_idx_reg
69.65214,69.65358,0.0014400000000023283,4004.1185775827125,bench_add_idx_reg
69.85386,69.85528,0.00141999999999598,3959.6527092986003,bench_add_idx_reg
70.05556,70.05698,0.00141999999999598,3964.0862052223542,bench_add_idx_reg
70.25726,70.25866,0.0014000000000038426,3981.6951123165477,bench_add_sym_reg
70.45896,70.46036,0.0013999999999896318,3992.5027289120767,bench_add_sym_reg
70.66064,70.66204,0.0014000000000038426,3989.775390375124,bench_add_sym_reg
70.86234,70.86374,0.0014000000000038426,3955.9292839940044,bench_add_sym_reg
71.06402,71.06542,0.0014000000000038426,3948.8851279130977,bench_add_sym_reg
71.2657,71.2671,0.0014000000000038426,3931.1259845393092,bench_add_sym_reg
71.46738,71.46878,0.0013999999999896318,3968.0271455713123,bench_add_sym_reg
71.66906,71.67048,0.00141999999999598,4028.974072995749,bench_add_sym_reg
71.87076,71.87216,0.0013999999999896318,3983.092894747142,bench_add_sym_reg
72.07244,72.07384,0.0014000000000038426,3981.2109992021665,bench_add_sym_reg
72.27412,72.27552,0.0014000000000038426,3984.2389943196613,bench_add_sym_reg
72.4758,72.4772,0.0013999999999896318,3989.1332946409484,bench_add_sym_reg
72.67748,72.6789,0.00141999999999598,4021.0067736789197,bench_add_sym_reg
72.87916,72.88058,0.00141999999999598,4009.2916926261773,bench_add_sym_reg
73.08086,73.08226,0.0014000000000038426,3937.8896448863015,bench_add_sym_reg
73.28254,73.28394,0.0014000000000038426,3941.6504418593845,bench_add_sym_reg
73.48424,73.48564,0.0014000000000038426,3962.0943903100824,bench_add_sym_reg
73.68592,73.68732,0.0014000000000038426,3957.5890498356907,bench_add_sym_reg
73.8876,73.889,0.0013999999999896318,3964.5137451275023,bench_add_sym_reg
74.0893,74.0907,0.0014000000000038426,3960.170715594132,bench_add_sym_reg
74.29098,74.29238,0.0013999999999896318,3978.3375407256785,bench_add_sym_reg
74.49266,74.49406,0.0014000000000038426,3968.1572071390656,bench_add_sym_reg
74.69436,74.69576,0.0014000000000038426,3953.4228667717757,bench_add_sym_reg
74.89604,74.89744,0.0014000000000038426,3948.612455289586,bench_add_sym_reg
75.09772,75.09912,0.0014000000000038426,3936.693011794908,bench_add_sym_reg
75.2994,75.3008,0.0013999999999896318,3949.5907886574655,bench_add_sym_reg
75.50108,75.50248,0.0014000000000038426,3939.5349193471466,bench_add_sym_reg
75.70276,75.70416,0.0014000000000038426,3972.3612857163616,bench_add_sym_reg
75.90442,75.90582,0.0014000000000038426,3969.2904055221366,bench_add_sym_reg
76.1061,76.1075,0.0014000000000038426,3966.399075009052,bench_add_sym_reg
76.30778,76.30918,0.0014000000000038426,3961.611744028913,bench_add_sym_reg
76.50944,76.51084,0.0014000000000038426,3967.2448625899656,bench_add_sym_reg
76.71112,76.71252,0.0014000000000038426,3959.758151335178,bench_add_sym_reg
76.9128,76.9142,0.0013999999999896318,3951.082245881336,bench_add_sym_reg
77.11448,77.11588,0.0014000000000038426,3948.04337295942,bench_add_sym_reg
77.31616,77.31756,0.0014000000000038426,3959.479241178133,bench_add_sym_reg
77.51784,77.51924,0.0013999999999896318,3966.730246289501,bench_add_sym_reg
77.71952,77.72092,0.0014000000000038426,3968.704540757657,bench_add_sym_reg
77.9212,77.9226,0.0014000000000038426,3984.318317390856,bench_add_sym_reg
78.12288,78.12428,0.0014000000000038426,3991.5755344674094,bench_add_sym_reg
78.32456,78.32596,0.0013999999999896318,3971.9081530041644,bench_add_sym_reg
78.52624,78.52764,0.0014000000000038426,3956.5329440038695,bench_add_sym_reg
78.72792,78.72932,0.0014000000000038426,3943.7028090578724,bench_add_sym_reg
78.9296,78.931,0.0014000000000038426,3944.567218435533,bench_add_sym_reg
79.13128,79.13268,0.0013999999999896318,3950.668510484455,bench_add_sym_reg
79.33296,79.33436,0.0014000000000038426,3960.0571687443507,bench_add_sym_reg
79.53464,79.53604,0.0014000000000038426,3970.921291049873,bench_add_sym_reg
79.73632,79.73774,0.00141999999999598,4034.2495753298426,bench_add_sym_reg
79.93802,79.93942,0.0014000000000038426,3968.7438821548835,bench_add_sym_reg
80.1397,80.1411,0.0013999999999896318,3979.149276825726,bench_add_sym_reg
80.3414,80.3428,0.0014000000000038426,3968.6373737760086,bench_add_sym_reg
80.54308,80.54448,0.0013999999999896318,3951.5026309226264,bench_add_sym_reg
80.74476,80.74616,0.0014000000000038426,3951.80442371553,bench_add_sym_reg
80.94644,80.94784,0.0014000000000038426,3940.607823908808,bench_add_sym_reg
81.14812,81.14952,0.0013999999999896318,3957.593343189888,bench_add_sym_reg
81.3498,81.3512,0.0014000000000038426,3962.6797032642953,bench_add_sym_reg
81.55148,81.55288,0.0014000000000038426,3964.061543822105,bench_add_sym_reg
81.75316,81.75456,0.0014000000000038426,3975.7232181851036,bench_add_sym_reg
81.95484,81.95624,0.0013999999999896318,3969.8979304795917,bench_add_sym_reg
82.15652,82.15792,0.0014000000000038426,3974.3445697352886,bench_add_sym_reg
82.3582,82.3596,0.0014000000000038426,3969.420588121475,bench_add_sym_reg
82.55988,82.56128,0.0013999999999896318,3955.154300171203,bench_add_sym_reg
82.76156,82.76296,0.0014000000000038426,3931.665488063099,bench_add_sym_reg
82.96324,82.96464,0.0014000000000038426,3937.1774951107404,bench_add_sym_reg
83.16492,83.16632,0.0014000000000038426,3940.976227179474,bench_add_sym_reg
83.3666,83.368,0.0013999999999896318,3949.213763668321,bench_add_sym_reg
83.56826,83.56968,0.0014200000000101909,4019.3603700326667,bench_add_sym_reg
83.76994,83.77136,0.00141999999999598,4035.9807456719723,bench_add_sym_reg
83.97162,83.97302,0.0014000000000038426,3990.4857450263357,bench_add_sym_reg
84.1733,84.1747,0.0014000000000038426,3970.4747544719194,bench_add_sym_reg
84.37498,84.37638,0.0014000000000038426,3964.129118261446,bench_add_sym_reg
84.57666,84.57806,0.0013999999999896318,3950.6115996907392,bench_add_sym_reg
84.77834,84.77974,0.0014000000000038426,3933.951212104781,bench_add_sym_reg
84.98002,84.98142,0.0014000000000038426,3955.780793924125,bench_add_sym_reg
85.1817,85.1831,0.0013999999999896318,3950.338992259601,bench_add_sym_reg
85.38338,85.38478,0.0014000000000038426,3967.5045642165446,bench_add_sym_reg
85.58506,85.58646,0.0014000000000038426,3959.1044909430466,bench_add_sym_reg
85.78674,85.78814,0.0014000000000038426,3976.3149665793144,bench_add_sym_reg
85.98842,85.98982,0.0013999999999896318,3968.1132067617095,bench_add_sym_reg
86.1901,86.1915,0.0014000000000038426,3985.3513683295682,bench_add_sym_reg
86.39178,86.39318,0.0014000000000038426,3958.982294436638,bench_add_sym_reg
86.59346,86.59486,0.0014000000000038426,3936.9175234007125,bench_add_sym_reg
86.79514,86.79654,0.0013999999999896318,3935.599306102325,bench_add_sym_reg
86.99682,86.99822,0.0014000000000038426,3929.22493630316,bench_add_sym_reg
87.1985,87.1999,0.0014000000000038426,3968.639855750792,bench_add_sym_reg
87.40018,87.40158,0.0013999999999896318,3948.7524516576455,bench_add_sym_reg
87.60186,87.60326,0.0014000000000038426,3971.3178877821747,bench_add_sym_reg
87.80354,87.80494,0.0014000000000038426,3975.802895158448,bench_add_sym_reg
88.00522,88.00662,0.0014000000000038426,3975.128505857026,bench_add_sym_reg
88.2069,88.20832,0.00141999999999598,4030.799497837046,bench_add_sym_reg
88.4086,88.41,0.0013999999999896318,3952.863467826394,bench_add_sym_reg
88.61028,88.61168,0.0014000000000038426,3939.100157013068,bench_add_sym_reg
88.81194,88.81334,0.0013999999999896318,3936.4114729378216,bench_add_sym_reg
89.01364,89.01504,0.0014000000000038426,3939.1897921571235,bench_add_sym_reg
89.21532,89.21672,0.0013999999999896318,3957.9829596608506,bench_add_sym_reg
89.41702,89.41842,0.0014000000000038426,3979.0727687200433,bench_add_sym_reg
89.61872,89.62012,0.0014000000000038426,3964.5360806140807,bench_add_sym_reg
89.8204,89.82182,0.00141999999999598,4031.8033890671363,bench_add_sym_reg
90.0221,90.0235,0.0014000000000038426,3970.0946468046727,bench_add_sym_reg
90.2238,90.2252,0.0014000000000038426,3963.5608578217534,bench_add_sym_reg
90.4255,90.4269,0.0014000000000038426,3891.5261393523037,bench_add_abs_reg
90.6272,90.6286,0.0014000000000038426,3882.266397132677,bench_add_abs_reg
90.82888,90.83028,0.0014000000000038426,3867.732028022132,bench_add_abs_reg
91.03058,91.03198,0.0014000000000038426,3882.598616193325,bench_add_abs_reg
91.23228,91.23368,0.0014000000000038426,3892.4123393467867,bench_add_abs_reg
91.43396,91.43538,0.00141999999999598,3960.02545951702,bench_add_abs_reg
91.63566,91.63706,0.0014000000000038426,3896.384292757862,bench_add_abs_reg
91.83736,91.83876,0.0013999999999896318,3906.221357144033,bench_add_abs_reg
92.03904,92.04044,0.0014000000000038426,3903.5643031934133,bench_add_abs_reg
92.24072,92.24212,0.0014000000000038426,3902.380438532975,bench_add_abs_reg
92.4424,92.44382,0.00141999999999598,3941.447380916983,bench_add_abs_reg
92.6441,92.6455,0.0014000000000038426,3861.24473066246,bench_add_abs_reg
92.84578,92.84718,0.0013999999999896318,3870.7200786728986,bench_add_abs_reg
93.04746,93.04886,0.0014000000000038426,3879.588004211814,bench_add_abs_reg
93.24916,93.25056,0.0013999999999896318,3892.8328011817107,bench_add_abs_reg
93.45084,93.45224,0.0014000000000038426,3898.0239583291864,bench_add_abs_reg
93.65252,93.65392,0.0014000000000038426,3900.0989985766464,bench_add_abs_reg
93.8542,93.8556,0.0013999999999896318,3912.7432810767364,bench_add_abs_reg
94.05588,94.0573,0.00141999999999598,3960.9212404928066,bench_add_abs_reg
94.25758,94.25898,0.0013999999999896318,3894.725735268834,bench_add_abs_reg
94.45926,94.46066,0.0014000000000038426,3882.6517039090772,bench_add_abs_reg
94.66094,94.66234,0.0014000000000038426,3864.3914554381827,bench_add_abs_reg
94.86262,94.86404,0.00141999999999598,3931.0775697102918,bench_add_abs_reg
95.06432,95.06572,0.0014000000000038426,3881.8543846833463,bench_add_abs_reg
95.266,95.2674,0.0013999999999896318,3897.7786106687886,bench_add_abs_reg
95.46768,95.46908,0.0014000000000038426,3889.164165603193,bench_add_abs_reg
95.66936,95.67076,0.0014000000000038426,3899.6109273395446,bench_add_abs_reg
95.87104,95.87244,0.0014000000000038426,3917.2167144844034,bench_add_abs_reg
96.07272,96.07412,0.0013999999999896318,3913.780597473725,bench_add_abs_reg
96.2744,96.2758,0.0014000000000038426,3888.5582890470087,bench_add_abs_reg
96.47608,96.47748,0.0014000000000038426,3868.943788122328,bench_add_abs_reg
96.67776,96.67916,0.0013999999999896318,3871.2669210198546,bench_add_abs_reg
96.87944,96.88086,0.00141999999999598,3941.9175311798494,bench_add_abs_reg
97.08114,97.08254,0.0013999999999896318,3887.4941109377805,bench_add_abs_reg
97.28282,97.28422,0.0014000000000038426,3901.6467752033186,bench_add_abs_reg
97.48452,97.48592,0.0013999999999896318,3906.1044668479467,bench_add_abs_reg
97.6862,97.6876,0.0014000000000038426,3901.088086433629,bench_add_abs_reg
97.88788,97.88928,0.0014000000000038426,3910.0238075602015,bench_add_abs_reg
98.08956,98.09096,0.0013999999999896318,3912.4605571543557,bench_add_abs_reg
98.29124,98.29264,0.0014000000000038426,3905.0123258597887,bench_add_abs_reg
98.49292,98.49434,0.00141999999999598,3927.934791416816,bench_add_abs_reg
98.69462,98.69602,0.0014000000000038426,3868.551065690753,bench_add_abs_reg
98.8963,98.8977,0.0014000000000038426,3879.0231640564566,bench_add_abs_reg
99.09798,99.09938,0.0013999999999896318,3889.9597292464105,bench_add_abs_reg
99.29966,99.30108,0.00141999999999598,3957.108631717521,bench_add_abs_reg
99.50134,99.50274,0.0014000000000038426,3906.76839976735,bench_add_abs_reg
99.70302,99.70442,0.0014000000000038426,3914.4765609067936,bench_add_abs_reg
99.9047,99.9061,0.0013999999999896318,3918.0976035694252,bench_add_abs_reg
100.1064,100.1078,0.0014000000000038426,3903.857199487993,bench_add_abs_reg
100.30808,100.30948,0.0013999999999896318,3892.3363177734373,bench_add_abs_reg
100.50976,100.51116,0.0014000000000038426,3872.967637155279,bench_add_abs_reg
100.71144,100.71286,0.0014200000000101909,3929.3146808921565,bench_add_abs_reg
100.91314,100.91454,0.0014000000000038426,3888.1907286230417,bench_add_abs_reg
101.11482,101.11622,0.0014000000000038426,3903.1814132003374,bench_add_abs_reg
101.3165,101.3179,0.0013999999999896318,3912.7838262056302,bench_add_abs_reg
101.51818,101.51958,0.0014000000000038426,3903.2375137425797,bench_add_abs_reg
101.71986,101.72126,0.0014000000000038426,3928.347991324701,bench_add_abs_reg
101.92154,101.92294,0.0014000000000038426,3903.021605232265,bench_add_abs_reg
102.12322,102.12462,0.0013999999999896318,3891.7336822180428,bench_add_abs_reg
102.3249,102.3263,0.0014000000000038426,3900.887758947652,bench_add_abs_reg
102.52658,102.52798,0.0014000000000038426,3868.1552698956966,bench_add_abs_reg
102.72826,102.72968,0.00141999999999598,3930.938011022597,bench_add_abs_reg
102.92996,102.93136,0.0014000000000038426,3878.924096946834,bench_add_abs_reg
103.13164,103.13304,0.0013999999999896318,3895.7701436872985,bench_add_abs_reg
103.3333,103.33472,0.0014200000000101909,3963.9439527260633,bench_add_abs_reg
103.53498,103.53638,0.0013999999999896318,3920.4035023853917,bench_add_abs_reg
103.73666,103.73806,0.0014000000000038426,3904.891998983267,bench_add_abs_reg
103.93834,103.93974,0.0014000000000038426,3886.3575901016384,bench_add_abs_reg
104.14,104.1414,0.0014000000000038426,3901.030800781847,bench_add_abs_reg
104.34168,104.34308,0.0014000000000038426,3884.965807676211,bench_add_abs_reg
104.54334,104.54474,0.0014000000000038426,3873.8632388524516,bench_add_abs_reg
104.74502,104.74642,0.0014000000000038426,3881.0401130581977,bench_add_abs_reg
104.94668,104.9481,0.00141999999999598,3957.722675975839,bench_add_abs_reg
105.14836,105.14976,0.0014000000000038426,3897.955964796431,bench_add_abs_reg
105.35004,105.35144,0.0013999999999896318,3907.7008654985984,bench_add_abs_reg
105.55172,105.55312,0.0014000000000038426,3902.8955227784836,bench_add_abs_reg
105.7534,105.7548,0.0014000000000038426,3910.446937672756,bench_add_abs_reg
105.95508,105.95648,0.0014000000000038426,3899.720574275363,bench_add_abs_reg
106.15676,106.15816,0.0013999999999896318,3879.2717805754896,bench_add_abs_reg
106.35844,106.35984,0.0014000000000038426,3873.9486644144367,bench_add_abs_reg
106.56012,106.56152,0.0014000000000038426,3870.26184472408,bench_add_abs_reg
106.76178,106.7632,0.00141999999999598,3928.5640488255954,bench_add_abs_reg
106.96346,106.96486,0.0014000000000038426,3897.647860005415,bench_add_abs_reg
107.16514,107.16654,0.0014000000000038426,3891.614403122622,bench_add_abs_reg
107.36682,107.36822,0.0013999999999896318,3903.4860301456774,bench_add_abs_reg
107.5685,107.5699,0.0014000000000038426,3904.056556068181,bench_add_abs_reg
107.77018,107.77158,0.0014000000000038426,3907.8867645116056,bench_add_abs_reg
107.97186,107.97326,0.0013999999999896318,3891.77218542213,bench_add_abs_reg
108.17354,108.17494,0.0014000000000038426,3880.207894845137,bench_add_abs_reg
108.37522,108.37662,0.0014000000000038426,3869.0041890480356,bench_add_abs_reg
108.5769,108.5783,0.0014000000000038426,3863.1940144231,bench_add_abs_reg
108.77858,108.77998,0.0013999999999896318,3873.1486326719237,bench_add_abs_reg
108.98026,108.98166,0.0014000000000038426,3896.2305476991683,bench_add_abs_reg
109.18194,109.18334,0.0014000000000038426,3909.2077454668406,bench_add_abs_reg
109.3836,109.385,0.0014000000000038426,3899.046247834878,bench_add_abs_reg
109.58528,109.58668,0.0014000000000038426,3911.737236205952,bench_add_abs_reg
109.78696,109.78836,0.0014000000000038426,3896.347351850193,bench_add_abs_reg
109.98864,109.99004,0.0013999999999896318,3897.4759750701437,bench_add_abs_reg
110.19032,110.19172,0.0014000000000038426,3891.228020667835,bench_add_abs_reg
110.392,110.3934,0.0014000000000038426,3873.7106206945837,bench_add_abs_reg
110.59368,110.5945,0.000819999999990273,2527.754015724953,bench_add_ind_reg
110.79478,110.79558,0.0007999999999981355,2478.3778586367193,bench_add_ind_reg
110.99586,110.99668,0.0008200000000044838,2545.820686513731,bench_add_ind_reg
111.19696,111.19778,0.000819999999990273,2541.778793062235,bench_add_ind_reg
111.39806,111.39886,0.0007999999999981355,2496.921115083549,bench_add_ind_reg
111.59914,111.59996,0.000819999999990273,2558.0766005138917,bench_add_ind_reg
111.80024,111.80106,0.0008200000000044838,2572.051896728009,bench_add_ind_reg
112.00134,112.00216,0.0008200000000044838,2562.965711127129,bench_add_ind_reg
112.20244,112.20324,0.0007999999999981355,2491.68725683631,bench_add_ind_reg
112.40352,112.40434,0.0008200000000044838,2555.9461047079785,bench_add_ind_reg
112.6046,112.60542,0.000819999999990273,2540.388989697898,bench_add_ind_reg
112.8057,112.80652,0.0008200000000044838,2547.303850311246,bench_add_ind_reg
113.0068,113.0076,0.0007999999999981355,2480.3328677021295,bench_add_ind_reg
113.20788,113.2087,0.000819999999990273,2523.639479156627,bench_add_ind_reg
113.40898,113.40978,0.0007999999999981355,2464.978108176688,bench_add_ind_reg
113.61006,113.61088,0.000819999999990273,2533.66587447732,bench_add_ind_reg
113.81116,113.81198,0.0008200000000044838,2537.8185766888128,bench_add_ind_reg
114.01224,114.01306,0.000819999999990273,2547.632839965967,bench_add_ind_reg
114.21334,114.21416,0.0008200000000044838,2541.476304191111,bench_add_ind_reg
114.41444,114.41524,0.0007999999999981355,2498.3959365576816,bench_add_ind_reg
114.61552,114.61634,0.000819999999990273,2558.9472171542857,bench_add_ind_reg
114.81662,114.81744,0.0008200000000044838,2564.993228311589,bench_add_ind_reg
115.01772,115.01852,0.0007999999999981355,2480.9904559451697,bench_add_ind_reg
115.2188,115.21962,0.0008200000000044838,2558.2868605993413,bench_add_ind_reg
115.4199,115.42072,0.0008200000000044838,2553.408287945473,bench_add_ind_reg
115.621,115.6218,0.0007999999999981355,2487.928925542298,bench_add_ind_reg
115.82208,115.8229,0.0008200000000044838,2551.6355782887113,bench_add_ind_reg
116.02318,116.02398,0.0007999999999981355,2484.5817079706253,bench_add_ind_reg
116.22426,116.22508,0.0008200000000044838,2545.4679527458507,bench_add_ind_reg
116.42536,116.42618,0.0008200000000044838,2534.8483747939326,bench_add_ind_reg
116.62646,116.62728,0.0008200000000044838,2539.380523390136,bench_add_ind_reg
116.82756,116.82838,0.000819999999990273,2549.455328814938,bench_add_ind_reg
117.02866,117.02946,0.0007999999999981355,2489.966892165708,bench_add_ind_reg
117.22974,117.23056,0.000819999999990273,2544.4191414559014,bench_add_ind_reg
117.43084,117.43164,0.0007999999999981355,2500.5362229362545,bench_add_ind_reg
117.63194,117.63274,0.0007999999999981355,2493.180849118011,bench_add_ind_reg
117.83302,117.83384,0.000819999999990273,2547.417655556711,bench_add_ind_reg
118.03412,118.03492,0.0007999999999981355,2485.954530996716,bench_add_ind_reg
118.23522,118.23602,0.0007999999999981355,2485.2662044519902,bench_add_ind_reg
118.43632,118.43712,0.0007999999999981355,2496.5829472001283,bench_add_ind_reg
118.6374,118.63822,0.0008200000000044838,2544.986305307063,bench_add_ind_reg
118.8385,118.83932,0.0008200000000044838,2545.757461352931,bench_add_ind_reg
119.0396,119.04042,0.0008200000000044838,2529.571116915139,bench_add_ind_reg
119.2407,119.24152,0.000819999999990273,2529.8965023529295,bench_add_ind_reg
119.4418,119.44262,0.0008200000000044838,2543.19134402602,bench_add_ind_reg
119.64292,119.64372,0.0007999999999981355,2480.4432829782013,bench_add_ind_reg
119.84402,119.84482,0.0007999999999981355,2473.952693392948,bench_add_ind_reg
120.04512,120.04592,0.0007999999999981355,2496.335934841562,bench_add_ind_reg
120.24622,120.24702,0.0008000000000123464,2464.82424441798,bench_add_ind_reg
120.44732,120.44814,0.000819999999990273,2572.067424159153,bench_add_ind_reg
120.64842,120.64922,0.0007999999999981355,2496.073106297612,bench_add_ind_reg
120.84952,120.85032,0.0007999999999981355,2493.3429947061286,bench_add_ind_reg
121.05062,121.05144,0.0008200000000044838,2542.4149050514225,bench_add_ind_reg
121.25172,121.25252,0.0007999999999981355,2490.9517960569406,bench_add_ind_reg
121.45282,121.45362,0.0007999999999981355,2493.4659199732932,bench_add_ind_reg
121.65392,121.65472,0.0007999999999981355,2490.8350757265684,bench_add_ind_reg
121.855,121.85582,0.000819999999990273,2554.4663634781937,bench_add_ind_reg
122.0561,122.05692,0.0008200000000044838,2529.2921741633013,bench_add_ind_reg
122.2572,122.258,0.0007999999999981355,2483.5075065434894,bench_add_ind_reg
122.45828,122.4591,0.0008200000000044838,2536.371287438267,bench_add_ind_reg
122.65938,122.6602,0.0008200000000044838,2545.621965559693,bench_add_ind_reg
122.86048,122.86128,0.0007999999999981355,2473.4894884688833,bench_add_ind_reg
123.06156,123.06238,0.0008200000000044838,2542.1354454146035,bench_add_ind_reg
123.26264,123.26346,0.000819999999990273,2548.8733360236292,bench_add_ind_reg
123.46374,123.46454,0.0007999999999981355,2498.7547495345725,bench_add_ind_reg
123.66482,123.66564,0.000819999999990273,2563.5374081018595,bench_add_ind_reg
123.86592,123.86674,0.000819999999990273,2549.704166564828,bench_add_ind_reg
124.06702,124.06782,0.0007999999999981355,2500.4535750427217,bench_add_ind_reg
124.2681,124.26892,0.000819999999990273,2551.4074810478596,bench_add_ind_reg
124.4692,124.47,0.0007999999999981355,2487.8783896504183,bench_add_ind_reg
124.67028,124.6711,0.000819999999990273,2541.5845773809915,bench_add_ind_reg
124.87138,124.87218,0.0007999999999981355,2479.9410835782405,bench_add_ind_reg
125.07246,125.07328,0.000819999999990273,2538.9388529283274,bench_add_ind_reg
125.27356,125.27436,0.0007999999999981355,2458.4148498191976,bench_add_ind_reg
125.47464,125.47546,0.0008200000000044838,2539.247940308628,bench_add_ind_reg
125.67574,125.67654,0.0007999999999981355,2477.69976732711,bench_add_ind_reg
125.87682,125.87764,0.0008200000000044838,2542.5480608964967,bench_add_ind_reg
126.0779,126.07872,0.0008200000000044838,2551.1014624630325,bench_add_ind_reg
126.279,126.2798,0.0007999999999981355,2486.9330087618223,bench_add_ind_reg
126.48008,126.4809,0.0008200000000044838,2539.3057242178834,bench_add_ind_reg
126.68118,126.68198,0.0007999999999981355,2506.6008605000984,bench_add_ind_reg
126.88226,126.88308,0.0008200000000044838,2553.364341160915,bench_add_ind_reg
127.08334,127.08416,0.000819999999990273,2557.4272777586593,bench_add_ind_reg
127.28444,127.28524,0.0007999999999981355,2480.6096544431084,bench_add_ind_reg
127.48552,127.48634,0.0008200000000044838,2558.7349198897145,bench_add_ind_reg
127.6866,127.68742,0.0008200000000044838,2544.0581259456203,bench_add_ind_reg
127.8877,127.8885,0.0007999999999981355,2470.1764853612044,bench_add_ind_reg
128.08878,128.0896,0.0008199999999760621,2533.388915397743,bench_add_ind_reg
128.28988,128.29068,0.0007999999999981355,2473.383194294628,bench_add_ind_reg
128.49096,128.49178,0.0008200000000044838,2538.3066246426683,bench_add_ind_reg
128.69206,128.69286,0.0007999999999981355,2475.558542640585,bench_add_ind_reg
128.89314,128.89396,0.0008200000000044838,2542.466537574775,bench_add_ind_reg
129.09422,129.09504,0.0008200000000044838,2538.108744208825,bench_add_ind_reg
129.29532,129.29614,0.0008200000000044838,2542.509436621814,bench_add_ind_reg
129.49642,129.49722,0.0007999999999981355,2491.4791877324815,bench_add_ind_reg
129.6975,129.69832,0.0008200000000044838,2546.6453214310222,bench_add_ind_reg
129.8986,129.89942,0.0008200000000044838,2552.491344990133,bench_add_ind_reg
130.0997,130.1005,0.0007999999999981355,2477.4756818023434,bench_add_ind_reg
130.3008,130.3016,0.0007999999999981355,2481.3936208315367,bench_add_ind_reg
130.5019,130.50272,0.0008200000000044838,2551.5587418474906,bench_add_ind_reg
130.703,130.70384,0.0008400000000108321,2627.4903188797434,bench_add_aut_reg
130.90412,130.90494,0.0008200000000044838,2537.3076414820202,bench_add_aut_reg
131.10522,131.10606,0.0008400000000108321,2612.545006011152,bench_add_aut_reg
131.30634,131.30718,0.0008399999999824104,2604.400692452928,bench_add_aut_reg
131.50746,131.50828,0.0008200000000044838,2549.593723393229,bench_add_aut_reg
131.70858,131.7094,0.0008199999999760621,2557.3192885341405,bench_add_aut_reg
131.90968,131.91052,0.0008399999999824104,2621.553994194789,bench_add_aut_reg
132.1108,132.11164,0.0008399999999824104,2625.9120413490928,bench_add_aut_reg
132.31192,132.31276,0.0008400000000108321,2611.9483705008643,bench_add_aut_reg
132.51304,132.51388,0.0008400000000108321,2622.1252326257973,bench_add_aut_reg
132.71416,132.71498,0.0008200000000044838,2564.460102016239,bench_add_aut_reg
132.91528,132.91612,0.0008400000000108321,2635.8146639880033,bench_add_aut_reg
133.1164,133.11724,0.0008400000000108321,2621.1379119533854,bench_add_aut_reg
133.31752,133.31834,0.0008200000000044838,2556.850013802423,bench_add_aut_reg
133.51864,133.51946,0.0008200000000044838,2560.8809385591235,bench_add_aut_reg
133.71976,133.72058,0.0008200000000044838,2548.437863602254,bench_add_aut_reg
133.92088,133.9217,0.0008199999999760621,2538.163124044004,bench_add_aut_reg
134.12198,134.12282,0.0008399999999824104,2617.0964026274823,bench_add_aut_reg
134.3231,134.32392,0.0008199999999760621,2537.6963987209765,bench_add_aut_reg
134.52422,134.52504,0.0008199999999760621,2564.692676458439,bench_add_aut_reg
134.72532,134.72614,0.0008199999999760621,2550.14282876676,bench_add_aut_reg
134.92642,134.92726,0.0008399999999824104,2614.4703057987113,bench_add_aut_reg
135.12754,135.12836,0.0008199999999760621,2552.5339156580203,bench_add_aut_reg
135.32866,135.32948,0.0008199999999760621,2562.540946454056,bench_add_aut_reg
135.52976,135.5306,0.0008399999999824104,2625.115266945517,bench_add_aut_reg
135.73088,135.73172,0.0008399999999824104,2625.327985678364,bench_add_aut_reg
135.932,135.93284,0.0008400000000108321,2627.1559251806543,bench_add_aut_reg
136.13312,136.13394,0.0008200000000044838,2562.3093103204137,bench_add_aut_reg
136.33424,136.33506,0.0008200000000044838,2570.195654420101,bench_add_aut_reg
136.53534,136.53618,0.0008400000000108321,2626.121782264917,bench_add_aut_reg
136.73646,136.73728,0.0008200000000044838,2557.5485988647924,bench_add_aut_reg
136.93758,136.9384,0.0008200000000044838,2544.1145338265706,bench_add_aut_reg
137.13868,137.13952,0.0008400000000108321,2617.957163634715,bench_add_aut_reg
137.3398,137.34064,0.0008400000000108321,2595.995520274827,bench_add_aut_reg
137.54092,137.54174,0.0008200000000044838,2556.610251790197,bench_add_aut_reg
137.74202,137.74286,0.0008400000000108321,2616.1123835815683,bench_add_aut_reg
137.94314,137.94396,0.0008200000000044838,2552.9719609910785,bench_add_aut_reg
138.14424,138.14508,0.0008400000000108321,2620.137617957543,bench_add_aut_reg
138.34536,138.3462,0.0008400000000108321,2637.821238056991,bench_add_aut_reg
138.54648,138.54732,0.0008400000000108321,2624.8692488639113,bench_add_aut_reg
138.7476,138.74844,0.0008399999999824104,2628.820582702848,bench_add_aut_reg
138.94872,138.94954,0.0008200000000044838,2578.0371250733097,bench_add_aut_reg
139.14984,139.15066,0.0008199999999760621,2576.868876276234,bench_add_aut_reg
139.35094,139.35178,0.0008399999999824104,2628.4754322293506,bench_add_aut_reg
139.55206,139.5529,0.0008399999999824104,2622.136210502183,bench_add_aut_reg
139.75318,139.75402,0.0008400000000108321,2609.550938975648,bench_add_aut_reg
139.9543,139.95512,0.0008200000000044838,2543.3983141691447,bench_add_aut_reg
140.15542,140.15624,0.0008200000000044838,2539.5167339737245,bench_add_aut_reg
140.35654,140.35736,0.0008200000000044838,2550.7868430713065,bench_add_aut_reg
140.55766,140.55848,0.0008200000000044838,2558.6527330010135,bench_add_aut_reg
140.75876,140.7596,0.0008400000000108321,2612.200391046681,bench_add_aut_reg
140.95988,140.96072,0.0008400000000108321,2634.072653051713,bench_add_aut_reg
141.161,141.16182,0.0008200000000044838,2559.112412869318,bench_add_aut_reg
141.36212,141.36294,0.0008200000000044838,2569.429266745605,bench_add_aut_reg
141.56324,141.56406,0.0008200000000044838,2560.207408401372,bench_add_aut_reg
141.76434,141.76518,0.0008399999999824104,2632.1454322352506,bench_add_aut_reg
141.96546,141.96628,0.0008200000000044838,2561.0501784978396,bench_add_aut_reg
142.16656,142.1674,0.0008399999999824104,2629.0596555360326,bench_add_aut_reg
142.36768,142.3685,0.0008200000000044838,2547.892259913744,bench_add_aut_reg
142.56878,142.56962,0.0008399999999824104,2614.375862703593,bench_add_aut_reg
142.7699,142.77074,0.0008399999999824104,2611.2534058664282,bench_add_aut_reg
142.97102,142.97186,0.0008399999999824104,2625.7038558285394,bench_add_aut_reg
143.17214,143.17296,0.0008199999999760621,2535.5347873836754,bench_add_aut_reg
143.37324,143.37408,0.0008399999999824104,2613.8924364377863,bench_add_aut_reg
143.57436,143.57518,0.0008199999999760621,2538.8000229562413,bench_add_aut_reg
143.77548,143.7763,0.0008200000000044838,2544.134012437313,bench_add_aut_reg
143.97658,143.97742,0.0008399999999824104,2629.9838465098196,bench_add_aut_reg
144.1777,144.17854,0.0008400000000108321,2629.125462878486,bench_add_aut_reg
144.3788,144.37964,0.0008399999999824104,2627.1897204603933,bench_add_aut_reg
144.57992,144.58074,0.0008200000000044838,2567.634915481747,bench_add_aut_reg
144.78104,144.78186,0.0008200000000044838,2558.003733878742,bench_add_aut_reg
144.98216,144.98298,0.0008200000000044838,2557.908259346237,bench_add_aut_reg
145.18326,145.1841,0.0008400000000108321,2617.701324667359,bench_add_aut_reg
145.3844,145.38522,0.0008200000000044838,2567.6582870211687,bench_add_aut_reg
145.58552,145.58634,0.0008200000000044838,2566.9484166576635,bench_add_aut_reg
145.78664,145.78746,0.0008200000000044838,2554.030483603029,bench_add_aut_reg
145.98776,145.9886,0.0008399999999824104,2611.301785746079,bench_add_aut_reg
146.18888,146.18972,0.0008399999999824104,2607.0536812228247,bench_add_aut_reg
146.39002,146.39084,0.0008200000000044838,2545.2949595773475,bench_add_aut_reg
146.59114,146.59196,0.0008200000000044838,2550.7015362522243,bench_add_aut_reg
146.79224,146.79308,0.0008400000000108321,2608.0114674155643,bench_add_aut_reg
146.99336,146.99418,0.0008200000000044838,2553.112669861057,bench_add_aut_reg
147.19446,147.1953,0.0008400000000108321,2624.2438401427103,bench_add_aut_reg
147.39556,147.3964,0.0008400000000108321,2614.2419735302506,bench_add_aut_reg
147.59668,147.5975,0.0008200000000044838,2549.215049961576,bench_add_aut_reg
147.7978,147.79862,0.0008200000000044838,2544.5996667395993,bench_add_aut_reg
147.9989,147.99974,0.0008400000000108321,2604.1093957941234,bench_add_aut_reg
148.20002,148.20086,0.0008400000000108321,2601.9263663667634,bench_add_aut_reg
148.40114,148.40196,0.0008200000000044838,2552.344824666623,bench_add_aut_reg
148.60226,148.60308,0.0008200000000044838,2547.7006775470595,bench_add_aut_reg
148.80338,148.8042,0.0008200000000044838,2550.877283806658,bench_add_aut_reg
149.0045,149.00532,0.0008200000000044838,2545.922147124011,bench_add_aut_reg
149.2056,149.20644,0.0008399999999824104,2620.3837897092367,bench_add_aut_reg
149.40672,149.40754,0.0008200000000044838,2554.6129094580892,bench_add_aut_reg
149.60782,149.60866,0.0008399999999824104,2599.060691373293,bench_add_aut_reg
149.80894,149.80978,0.0008399999999824104,2588.367927765633,bench_add_aut_reg
150.01006,150.01088,0.0008199999999760621,2539.9562692462223,bench_add_aut_reg
150.21116,150.212,0.0008399999999824104,2627.3721502546923,bench_add_aut_reg
150.41228,150.4131,0.0008199999999760621,2555.6380091417764,bench_add_aut_reg
150.6134,150.61422,0.0008199999999760621,2578.225277755509,bench_add_aut_reg
150.81452,150.81602,0.0015000000000213731,4513.594824886719,bench_add_reg_idx
151.01632,151.01782,0.0014999999999929514,4521.741513141141,bench_add_reg_idx
151.2181,151.21962,0.0015199999999992997,4583.129696546782,bench_add_reg_idx
151.4199,151.4214,0.0014999999999929514,4515.888295114746,bench_add_reg_idx
151.62168,151.6232,0.0015199999999992997,4551.428894044591,bench_add_reg_idx
151.82348,151.82498,0.0015000000000213731,4483.668371167269,bench_add_reg_idx
152.02526,152.02678,0.0015199999999992997,4540.462729052773,bench_add_reg_idx
152.22706,152.22856,0.0014999999999929514,4480.674876811306,bench_add_reg_idx
152.42884,152.43036,0.0015199999999992997,4552.666894157755,bench_add_reg_idx
152.63064,152.63214,0.0014999999999929514,4509.126688332823,bench_add_reg_idx
152.83242,152.83394,0.0015199999999992997,4576.8059720250485,bench_add_reg_idx
153.03422,153.03574,0.0015199999999992997,4583.052599334963,bench_add_reg_idx
153.23602,153.23752,0.0014999999999929514,4516.297222559756,bench_add_reg_idx
153.4378,153.4393,0.0014999999999929514,4515.6201207786835,bench_add_reg_idx
153.63958,153.6411,0.0015199999999992997,4563.163451383061,bench_add_reg_idx
153.84138,153.84288,0.0015000000000213731,4485.009927366956,bench_add_reg_idx
154.04316,154.04466,0.0014999999999929514,4507.542501648537,bench_add_reg_idx
154.24494,154.24646,0.0015199999999992997,4582.851573356146,bench_add_reg_idx
154.44674,154.44824,0.0014999999999929514,4522.896935210692,bench_add_reg_idx
154.64852,154.65002,0.0015000000000213731,4519.658568378816,bench_add_reg_idx
154.8503,154.85182,0.0015199999999992997,4573.589107018962,bench_add_reg_idx
155.05208,155.0536,0.0015199999999992997,4566.781197206891,bench_add_reg_idx
155.25388,155.25538,0.0014999999999929514,4519.47296967331,bench_add_reg_idx
155.45566,155.45716,0.0014999999999929514,4496.472608276529,bench_add_reg_idx
155.65744,155.65896,0.0015199999999992997,4555.385981216296,bench_add_reg_idx
155.85922,155.86074,0.0015199999999992997,4542.10825729916,bench_add_reg_idx
156.061,156.06252,0.0015199999999992997,4573.738726318846,bench_add_reg_idx
156.2628,156.2643,0.0014999999999929514,4528.893774820346,bench_add_reg_idx
156.46458,156.4661,0.0015199999999992997,4570.755055170609,bench_add_reg_idx
156.66638,156.66788,0.0014999999999929514,4527.829114791129,bench_add_reg_idx
156.86816,156.86968,0.0015199999999992997,4580.584103239782,bench_add_reg_idx
157.06996,157.07146,0.0014999999999929514,4520.064874064804,bench_add_reg_idx
157.27174,157.27326,0.0015199999999992997,4574.734095948756,bench_add_reg_idx
157.47354,157.47504,0.0014999999999929514,4496.5345761502995,bench_add_reg_idx
157.67532,157.67684,0.0015199999999992997,4551.815511656641,bench_add_reg_idx
157.87712,157.87862,0.0015000000000213731,4466.658069351449,bench_add_reg_idx
158.07892,158.08042,0.0014999999999929514,4474.854720735014,bench_add_reg_idx
158.2807,158.28222,0.0015199999999992997,4554.883779489357,bench_add_reg_idx
158.4825,158.48402,0.0015199999999992997,4564.179286826024,bench_add_reg_idx
158.6843,158.6858,0.0014999999999929514,4512.005951234148,bench_add_reg_idx
158.8861,158.8876,0.0014999999999929514,4505.60660332195,bench_add_reg_idx
159.08788,159.0894,0.0015199999999992997,4573.02075111823,bench_add_reg_idx
159.28968,159.29118,0.0014999999999929514,4514.753106028897,bench_add_reg_idx
159.49148,159.49298,0.0014999999999929514,4486.368808408683,bench_add_reg_idx
159.69326,159.69478,0.0015199999999992997,4539.315970610791,bench_add_reg_idx
159.89506,159.89658,0.0015199999999992997,4537.1703105022225,bench_add_reg_idx
160.09686,160.09836,0.0015000000000213731,4487.834752135667,bench_add_reg_idx
160.29866,160.30016,0.0014999999999929514,4505.543562095717,bench_add_reg_idx
160.50046,160.50196,0.0014999999999929514,4525.511234512211,bench_add_reg_idx
160.70226,160.70376,0.0014999999999929514,4564.271355027285,bench_add_reg_idx
160.90404,160.90556,0.0015199999999992997,4628.662120080625,bench_add_reg_idx
161.10584,161.10736,0.0015199999999992997,4623.18244622867,bench_add_reg_idx
161.30764,161.30916,0.0015199999999992997,4576.574061063986,bench_add_reg_idx
161.50944,161.51094,0.0014999999999929514,4506.140823919511,bench_add_reg_idx
161.71122,161.71274,0.0015199999999992997,4535.222032570487,bench_add_reg_idx
161.91302,161.91454,0.0015199999999992997,4530.788182745054,bench_add_reg_idx
162.1148,162.11632,0.0015199999999992997,4546.112141103457,bench_add_reg_idx
162.3166,162.3181,0.0014999999999929514,4496.734770925943,bench_add_reg_idx
162.5184,162.5199,0.0014999999999929514,4493.574514031547,bench_add_reg_idx
162.72018,162.7217,0.0015199999999992997,4560.932863968257,bench_add_reg_idx
162.92198,162.92348,0.0015000000000213731,4507.879857039894,bench_add_reg_idx
163.12378,163.12528,0.0014999999999929514,4509.751661658777,bench_add_reg_idx
163.32556,163.32708,0.0015199999999992997,4543.9331699152035,bench_add_reg_idx
163.52736,163.52886,0.0015000000000213731,4461.806588870893,bench_add_reg_idx
163.72914,163.73066,0.0015199999999992997,4521.713587454105,bench_add_reg_idx
163.93094,163.93246,0.0015199999999992997,4489.866085348797,bench_add_reg_idx
164.13274,164.13424,0.0014999999999929514,4420.428802237449,bench_add_reg_idx
164.33452,164.33604,0.0015199999999992997,4525.975727008334,bench_add_reg_idx
164.53632,164.53784,0.0015199999999992997,4461.489182430044,bench_add_reg_idx
164.73812,164.73962,0.0014999999999929514,4378.800368845802,bench_add_reg_idx
164.93992,164.94142,0.0014999999999929514,4415.500455049557,bench_add_reg_idx
165.1417,165.14322,0.0015200000000277214,4518.472747960493,bench_add_reg_idx
165.3435,165.345,0.0014999999999929514,4481.33137307799,bench_add_reg_idx
165.54528,165.5468,0.0015199999999992997,4551.299116571945,bench_add_reg_idx
165.74708,165.74858,0.0014999999999929514,4486.691439502659,bench_add_reg_idx
165.94886,165.95038,0.0015199999999992997,4570.340516509329,bench_add_reg_idx
166.15066,166.15216,0.0015000000000213731,4548.7202238942755,bench_add_reg_idx
166.35244,166.35396,0.0015199999999992997,4641.3921727786865,bench_add_reg_idx
166.55424,166.55574,0.0014999999999929514,4579.8233034811465,bench_add_reg_idx
166.75602,166.75752,0.0014999999999929514,4586.503696606643,bench_add_reg_idx
166.9578,166.95932,0.0015199999999992997,4658.837835303241,bench_add_reg_idx
167.1596,167.1611,0.0014999999999929514,4569.597309433439,bench_add_reg_idx
167.36138,167.3629,0.0015199999999992997,4590.180129741843,bench_add_reg_idx
167.56318,167.56468,0.0015000000000213731,4501.2509241413745,bench_add_reg_idx
167.76496,167.76646,0.0014999999999929514,4510.435576063447,bench_add_reg_idx
167.96674,167.96826,0.0015199999999992997,4589.5129954421745,bench_add_reg_idx
168.16854,168.17004,0.0014999999999929514,4537.141756133556,bench_add_reg_idx
168.37032,168.37182,0.0015000000000213731,4528.821823253215,bench_add_reg_idx
168.5721,168.57362,0.0015199999999992997,4590.809012294065,bench_add_reg_idx
168.77388,168.7754,0.0015199999999992997,4598.674990700545,bench_add_reg_idx
168.97568,168.97718,0.0014999999999929514,4561.11952427505,bench_add_reg_idx
169.17746,169.17898,0.0015199999999992997,4585.912537293766,bench_add_reg_idx
169.37926,169.38078,0.0015199999999992997,4568.739738313823,bench_add_reg_idx
169.58106,169.58256,0.0014999999999929514,4498.282177352981,bench_add_reg_idx
169.78284,169.78436,0.0015199999999992997,4551.581514533158,bench_add_reg_idx
169.98464,169.98614,0.0014999999999929514,4511.041957862833,bench_add_reg_idx
170.18642,170.18794,0.0015199999999992997,4592.934879473514,bench_add_reg_idx
170.38822,170.38972,0.0015000000000213731,4526.495821838983,bench_add_reg_idx
170.59,170.5915,0.0014999999999929514,4534.656871088722,bench_add_reg_idx
170.7918,170.7933,0.0014999999999929514,4516.979115994936,bench_add_reg_idx
170.99358,170.99508,0.0014999999999929514,4587.053603004741,bench_add_reg_sym
171.19536,171.19686,0.0014999999999929514,4565.978646256956,bench_add_reg_sym
171.39716,171.39866,0.0014999999999929514,4564.692592226685,bench_add_reg_sym
171.59894,171.60044,0.0014999999999929514,4551.544385009517,bench_add_reg_sym
171.80074,171.80224,0.0015000000000213731,4569.375685016148,bench_add_reg_sym
172.00252,172.00402,0.0014999999999929514,4570.925394051685,bench_add_reg_sym
172.2043,172.2058,0.0015000000000213731,4579.213101016753,bench_add_reg_sym
172.40608,172.4076,0.0015199999999992997,4669.602848586432,bench_add_reg_sym
172.60788,172.60938,0.0014999999999929514,4572.4594802391,bench_add_reg_sym
172.80966,172.81116,0.0014999999999929514,4549.166990887969,bench_add_reg_sym
173.01144,173.01294,0.0014999999999929514,4652.022928908783,bench_add_reg_sym
173.21322,173.21474,0.0015199999999992997,4708.845822602069,bench_add_reg_sym
173.41502,173.41652,0.0014999999999929514,6928.604701501706,bench_add_reg_sym
173.6168,173.6183,0.0014999999999929514,17787.75750651901,bench_add_reg_sym
173.81858,173.82008,0.0014999999999929514,19497.29294506775,bench_add_reg_sym
174.02038,174.02188,0.0015000000000213731,13161.05249356636,bench_add_reg_sym
174.22214,174.22366,0.0015199999999992997,12929.229009891655,bench_add_reg_sym
174.42392,174.42544,0.0015199999999992997,13951.046643774878,bench_add_reg_sym
174.6257,174.62722,0.0015199999999992997,12465.564915904832,bench_add_reg_sym
174.82748,174.829,0.0015199999999992997,11288.566058495053,bench_add_reg_sym
175.02926,175.03078,0.0015199999999992997,11317.784353155692,bench_add_reg_sym
175.23106,175.23256,0.0014999999999929514,10944.077810221841,bench_add_reg_sym
175.43284,175.43434,0.0014999999999929514,11531.446920653481,bench_add_reg_sym
175.63462,175.63612,0.0014999999999929514,7470.241035297529,bench_add_reg_sym
175.8364,175.8379,0.0014999999999929514,7572.502684743158,bench_add_reg_sym
176.03818,176.03968,0.0014999999999929514,5152.100308309919,bench_add_reg_sym
176.23996,176.24146,0.0014999999999929514,5031.380583508249,bench_add_reg_sym
176.44174,176.44324,0.0014999999999929514,5401.549763021808,bench_add_reg_sym
176.64352,176.64502,0.0014999999999929514,6304.362062334917,bench_add_reg_sym
176.84528,176.84678,0.0014999999999929514,4851.618721126986,bench_add_reg_sym
177.04706,177.04856,0.0015000000000213731,4566.825050927053,bench_add_reg_sym
177.24884,177.25034,0.0014999999999929514,4529.90519812017,bench_add_reg_sym
177.45062,177.45214,0.0015200000000277214,4605.662312910229,bench_add_reg_sym
177.6524,177.65392,0.0015199999999992997,4642.300941047897,bench_add_reg_sym
177.85418,177.8557,0.0015199999999992997,4680.52037292899,bench_add_reg_sym
178.05598,178.05748,0.0014999999999929514,4627.109500557347,bench_add_reg_sym
178.25776,178.25926,0.0015000000000213731,4632.409308170038,bench_add_reg_sym
178.45954,178.46104,0.0014999999999929514,4600.622684206843,bench_add_reg_sym
178.66132,178.66282,0.0015000000000213731,4574.167833264099,bench_add_reg_sym
178.8631,178.8646,0.0014999999999929514,4526.4672627451955,bench_add_reg_sym
179.06488,179.06638,0.0015000000000213731,4522.821409693113,bench_add_reg_sym
179.26668,179.26818,0.0014999999999929514,4522.2230604626,bench_add_reg_sym
179.46846,179.46996,0.0014999999999929514,4519.516697597842,bench_add_reg_sym
179.67024,179.67174,0.0014999999999929514,4532.903030027938,bench_add_reg_sym
179.87202,179.87352,0.0015000000000213731,4546.7506745553665,bench_add_reg_sym
180.07382,180.07532,0.0014999999999929514,4535.539424955715,bench_add_reg_sym
180.2756,180.2771,0.0014999999999929514,4545.278409474757,bench_add_reg_sym
180.47738,180.47888,0.0014999999999929514,4555.343757361793,bench_add_reg_sym
180.67916,180.68066,0.0014999999999929514,4547.852671216932,bench_add_reg_sym
180.88094,180.88244,0.0014999999999929514,4543.284489751334,bench_add_reg_sym
181.08272,181.08422,0.0014999999999929514,4533.080921953001,bench_add_reg_sym
181.28448,181.286,0.0015199999999992997,4595.465857998357,bench_add_reg_sym
181.48626,181.48778,0.0015199999999992997,4595.253032165649,bench_add_reg_sym
181.68804,181.68954,0.0014999999999929514,4558.437613283599,bench_add_reg_sym
181.88982,181.89132,0.0015000000000213731,4559.046977730559,bench_add_reg_sym
182.0916,182.0931,0.0014999999999929514,4555.12394660785,bench_add_reg_sym
182.29338,182.2949,0.0015199999999992997,4636.983838860033,bench_add_reg_sym
182.49518,182.49668,0.0014999999999929514,4553.984252249047,bench_add_reg_sym
182.69696,182.69846,0.0015000000000213731,4550.765978703738,bench_add_reg_sym
182.89874,182.90024,0.0014999999999929514,4537.662931230239,bench_add_reg_sym
183.10052,183.10202,0.0015000000000213731,4536.607803375552,bench_add_reg_sym
183.3023,183.3038,0.0014999999999929514,4555.616963167607,bench_add_reg_sym
183.50408,183.50558,0.0015000000000213731,4558.416407154159,bench_add_reg_sym
183.70586,183.70738,0.0015199999999992997,4615.551326421687,bench_add_reg_sym
183.90766,183.90916,0.0015000000000213731,4579.873820832353,bench_add_reg_sym
184.10944,184.11094,0.0014999999999929514,4578.551417194641,bench_add_reg_sym
184.31122,184.31272,0.0015000000000213731,4578.379690714142,bench_add_reg_sym
184.513,184.5145,0.0014999999999929514,4567.486250286246,bench_add_reg_sym
184.71478,184.71628,0.0015000000000213731,4555.717497197653,bench_add_reg_sym
184.91656,184.91806,0.0014999999999929514,4555.800985523662,bench_add_reg_sym
185.11834,185.11986,0.0015199999999992997,4605.984117367751,bench_add_reg_sym
185.32012,185.32164,0.0015199999999992997,4614.268874281864,bench_add_reg_sym
185.5219,185.52342,0.0015199999999992997,4637.880765366002,bench_add_reg_sym
185.72368,185.7252,0.0015199999999992997,4622.252099213276,bench_add_reg_sym
185.92546,185.92698,0.0015199999999992997,4635.938331483792,bench_add_reg_sym
186.12726,186.12876,0.0014999999999929514,4565.669221316575,bench_add_reg_sym
186.32904,186.33054,0.0015000000000213731,4566.801285901993,bench_add_reg_sym
186.53082,186.53232,0.0014999999999929514,4556.972673141598,bench_add_reg_sym
186.7326,186.7341,0.0015000000000213731,4550.743456995477,bench_add_reg_sym
186.93438,186.93588,0.0014999999999929514,4541.577214820179,bench_add_reg_sym
187.13616,187.13766,0.0015000000000213731,4579.616081967301,bench_add_reg_sym
187.33794,187.33944,0.0014999999999929514,4568.919986464905,bench_add_reg_sym
187.53972,187.54122,0.0015000000000213731,4577.5426831754385,bench_add_reg_sym
187.7415,187.743,0.0014999999999929514,4571.468473856381,bench_add_reg_sym
187.94328,187.94478,0.0015000000000213731,4581.886529988245,bench_add_reg_sym
188.14506,188.14656,0.0014999999999929514,4573.504517299168,bench_add_reg_sym
188.34684,188.34834,0.0015000000000213731,4568.852898731703,bench_add_reg_sym
188.54862,188.55014,0.0015199999999992997,4608.486297073213,bench_add_reg_sym
188.75042,188.75192,0.0015000000000213731,4545.889452631281,bench_add_reg_sym
188.9522,188.95372,0.0015199999999992997,4607.78797976477,bench_add_reg_sym
189.154,189.1555,0.0014999999999929514,4580.622452755591,bench_add_reg_sym
189.35578,189.3573,0.0015199999999992997,4612.705456090391,bench_add_reg_sym
189.55758,189.55908,0.0014999999999929514,4569.56054780364,bench_add_reg_sym
189.75938,189.76088,0.0014999999999929514,4578.425630440518,bench_add_reg_sym
189.96116,189.96266,0.0014999999999929514,4584.212114546869,bench_add_reg_sym
190.16294,190.16444,0.0015000000000213731,4586.827317316946,bench_add_reg_sym
190.36474,190.36624,0.0014999999999929514,4569.793092063847,bench_add_reg_sym
190.56652,190.56802,0.0014999999999929514,4543.967796467997,bench_add_reg_sym
190.7683,190.7698,0.0014999999999929514,4554.623370036886,bench_add_reg_sym
190.97008,190.9716,0.0015199999999992997,4605.006428898598,bench_add_reg_sym
191.17188,191.17338,0.0015000000000213731,4479.1267603358865,bench_add_reg_abs
191.37366,191.37516,0.0014999999999929514,4488.047268220598,bench_add_reg_abs
191.57544,191.57696,0.0015200000000277214,4529.751141174669,bench_add_reg_abs
191.77724,191.77874,0.0014999999999929514,4481.166051679371,bench_add_reg_abs
191.97902,191.98052,0.0015000000000213731,4487.353395734765,bench_add_reg_abs
192.1808,192.18232,0.0015199999999992997,4536.15959966424,bench_add_reg_abs
192.38258,192.3841,0.0015199999999992997,4526.0027004398635,bench_add_reg_abs
192.58436,192.58588,0.0015199999999992997,4498.84336208701,bench_add_reg_abs
192.78614,192.78766,0.0015199999999992997,4504.358058326678,bench_add_reg_abs
192.98792,192.98944,0.0015199999999992997,4523.745402691021,bench_add_reg_abs
193.18972,193.19122,0.0014999999999929514,4480.620408409193,bench_add_reg_abs
193.3915,193.393,0.0014999999999929514,4495.36458354143,bench_add_reg_abs
193.59328,193.59478,0.0014999999999929514,4483.770423082399,bench_add_reg_abs
193.79508,193.79658,0.0014999999999929514,4484.474905743751,bench_add_reg_abs
193.99686,193.99836,0.0014999999999929514,4497.204991035966,bench_add_reg_abs
194.19864,194.20014,0.0014999999999929514,4475.591860224045,bench_add_reg_abs
194.40042,194.40192,0.0014999999999929514,4456.1906833919575,bench_add_reg_abs
194.6022,194.6037,0.0014999999999929514,4444.832098648818,bench_add_reg_abs
194.80398,194.80548,0.0014999999999929514,4463.772526922506,bench_add_reg_abs
195.00576,195.00728,0.0015199999999992997,4525.986956429081,bench_add_reg_abs
195.20756,195.20906,0.0014999999999929514,4478.722298496798,bench_add_reg_abs
195.40934,195.41084,0.0015000000000213731,4489.148238272166,bench_add_reg_abs
195.61112,195.61262,0.0014999999999929514,4485.945200991992,bench_add_reg_abs
195.8129,195.8144,0.0014999999999929514,4482.10702042604,bench_add_reg_abs
196.0147,196.0162,0.0014999999999929514,4469.294154528905,bench_add_reg_abs
196.21648,196.21798,0.0015000000000213731,4457.64031267434,bench_add_reg_abs
196.41826,196.41976,0.0014999999999929514,4449.553904103301,bench_add_reg_abs
196.62004,196.62156,0.0015199999999992997,4524.378718341024,bench_add_reg_abs
196.82184,196.82334,0.0014999999999929514,4471.986300754919,bench_add_reg_abs
197.02362,197.02512,0.0014999999999929514,4465.2465381444,bench_add_reg_abs
197.2254,197.22692,0.0015199999999992997,4550.133559383813,bench_add_reg_abs
197.4272,197.4287,0.0014999999999929514,4476.461969294798,bench_add_reg_abs
197.62898,197.63048,0.0014999999999929514,4482.623848576218,bench_add_reg_abs
197.83078,197.83228,0.0014999999999929514,4472.517520168303,bench_add_reg_abs
198.03256,198.03406,0.0015000000000213731,4463.521915085822,bench_add_reg_abs
198.23434,198.23584,0.0014999999999929514,4447.1345632115235,bench_add_reg_abs
198.43612,198.43762,0.0015000000000213731,4453.866474861019,bench_add_reg_abs
198.6379,198.63942,0.0015199999999992997,4498.823909087318,bench_add_reg_abs
198.83968,198.8412,0.0015199999999992997,4526.140519883274,bench_add_reg_abs
199.04148,199.04298,0.0014999999999929514,4471.454624995754,bench_add_reg_abs
199.24326,199.24476,0.0015000000000213731,4492.971634092413,bench_add_reg_abs
199.44504,199.44654,0.0014999999999929514,4497.2478505003155,bench_add_reg_abs
199.64682,199.64834,0.0015199999999992997,4547.080132177129,bench_add_reg_abs
199.84862,199.85012,0.0014999999999929514,4474.503688956979,bench_add_reg_abs
200.0504,200.0519,0.0014999999999929514,4452.9972830581655,bench_add_reg_abs
200.25218,200.2537,0.0015199999999992997,4518.570641518966,bench_add_reg_abs
200.45396,200.45546,0.0014999999999929514,4444.704598261691,bench_add_reg_abs
200.65574,200.65726,0.0015199999999992997,4529.787953940474,bench_add_reg_abs
200.85754,200.85904,0.0014999999999929514,4468.596728962189,bench_add_reg_abs
201.05932,201.06082,0.0014999999999929514,4470.863803268706,bench_add_reg_abs
201.2611,201.2626,0.0014999999999929514,4490.183226278763,bench_add_reg_abs
201.46288,201.46438,0.0014999999999929514,4487.882496300104,bench_add_reg_abs
201.66466,201.66618,0.0015199999999992997,4534.807414746248,bench_add_reg_abs
201.86644,201.86796,0.0015199999999992997,4528.2948319773595,bench_add_reg_abs
202.06824,202.06974,0.0014999999999929514,4452.125253133951,bench_add_reg_abs
202.27002,202.27152,0.0015000000000213731,4460.877273296616,bench_add_reg_abs
202.4718,202.4733,0.0014999999999929514,4460.031136382964,bench_add_reg_abs
202.67358,202.67508,0.0015000000000213731,4477.248571411676,bench_add_reg_abs
202.87536,202.87686,0.0014999999999929514,4478.821253849181,bench_add_reg_abs
203.07714,203.07864,0.0014999999999929514,4482.3932321516495,bench_add_reg_abs
203.27892,203.28042,0.0014999999999929514,4490.220313870051,bench_add_reg_abs
203.4807,203.48222,0.0015199999999992997,4548.816320015907,bench_add_reg_abs
203.68248,203.68398,0.0014999999999929514,4488.260650521158,bench_add_reg_abs
203.88426,203.88576,0.0014999999999929514,4468.134345930099,bench_add_reg_abs
204.08604,204.08754,0.0014999999999929514,4463.921287077376,bench_add_reg_abs
204.28782,204.28932,0.0014999999999929514,4443.598280172526,bench_add_reg_abs
204.4896,204.4911,0.0014999999999929514,4464.392201022361,bench_add_reg_abs
204.69138,204.69288,0.0014999999999929514,4487.421121426206,bench_add_reg_abs
204.89316,204.89466,0.0014999999999929514,4478.1573605514,bench_add_reg_abs
205.09494,205.09644,0.0014999999999929514,4488.889547044706,bench_add_reg_abs
205.2967,205.29822,0.0015199999999992997,4537.453593220048,bench_add_reg_abs
205.49848,205.5,0.0015199999999992997,4541.505600789639,bench_add_reg_abs
205.70026,205.70176,0.0015000000000213731,4465.912273218455,bench_add_reg_abs
205.90204,205.90356,0.0015199999999992997,4504.809146745795,bench_add_reg_abs
206.10382,206.10534,0.0015199999999992997,4490.366945969874,bench_add_reg_abs
206.3056,206.30712,0.0015199999999992997,4514.2903854126625,bench_add_reg_abs
206.50738,206.50888,0.0014999999999929514,4474.438352023473,bench_add_reg_abs
206.70916,206.71066,0.0014999999999929514,4502.490796127536,bench_add_reg_abs
206.91094,206.91244,0.0014999999999929514,4496.699701972011,bench_add_reg_abs
207.11272,207.11424,0.0015199999999992997,4554.7758578298935,bench_add_reg_abs
207.3145,207.316,0.0014999999999929514,4500.267712842297,bench_add_reg_abs
207.51628,207.51778,0.0014999999999929514,4484.892231390977,bench_add_reg_abs
207.71806,207.71958,0.0015199999999992997,4529.53377738228,bench_add_reg_abs
207.91984,207.92136,0.0015199999999992997,4516.639767679206,bench_add_reg_abs
208.12164,208.12314,0.0014999999999929514,4463.2421573402235,bench_add_reg_abs
208.32342,208.32492,0.0014999999999929514,4473.779846428513,bench_add_reg_abs
208.5252,208.5267,0.0014999999999929514,4479.550248921057,bench_add_reg_abs
208.72698,208.72848,0.0014999999999929514,4486.63187909531,bench_add_reg_abs
208.92876,208.93026,0.0014999999999929514,4492.389652855463,bench_add_reg_abs
209.13052,209.13204,0.0015199999999992997,4545.640544964074,bench_add_reg_abs
209.3323,209.33382,0.0015199999999992997,4545.411828436953,bench_add_reg_abs
209.5341,209.5356,0.0014999999999929514,4462.225562872043,bench_add_reg_abs
209.73586,209.73738,0.0015199999999992997,4516.389661001326,bench_add_reg_abs
209.93764,209.93916,0.0015199999999992997,4515.373450703314,bench_add_reg_abs
210.13942,210.14094,0.0015199999999992997,4538.155070038968,bench_add_reg_abs
210.3412,210.34272,0.0015200000000277214,4546.435468448366,bench_add_reg_abs
210.54298,210.54448,0.0014999999999929514,4490.105078999679,bench_add_reg_abs
210.74476,210.74626,0.0014999999999929514,4501.615557797722,bench_add_reg_abs
210.94654,210.94804,0.0014999999999929514,4490.971250904238,bench_add_reg_abs
211.14832,211.14982,0.0014999999999929514,4492.310273904729,bench_add_reg_abs
211.35012,211.3508,0.0006799999999884676,1660.8476312531498,bench_inc_reg
211.55108,211.55176,0.0006799999999884676,1663.2672631745097,bench_inc_reg
211.75204,211.75272,0.0006800000000168893,1691.0281684702477,bench_inc_reg
211.953,211.95368,0.0006799999999884676,1659.5523198763246,bench_inc_reg
212.15396,212.15464,0.0006799999999884676,1659.6692520764439,bench_inc_reg
212.35492,212.3556,0.0006800000000168893,1676.530321174139,bench_inc_reg
212.55588,212.55656,0.0006799999999884676,1672.8589799877639,bench_inc_reg
212.75684,212.75752,0.0006799999999884676,1676.3127850931417,bench_inc_reg
212.9578,212.95848,0.0006800000000168893,1683.236195287848,bench_inc_reg
213.15876,213.15944,0.0006799999999884676,1679.3332597909707,bench_inc_reg
213.35972,213.3604,0.0006799999999884676,1679.1901900085145,bench_inc_reg
213.56068,213.56136,0.0006800000000168893,1684.8219861741986,bench_inc_reg
213.76164,213.76232,0.0006799999999884676,1687.215783141547,bench_inc_reg
213.96258,213.96326,0.0006799999999884676,1690.5365301925879,bench_inc_reg
214.16354,214.16422,0.0006799999999884676,1676.542106978677,bench_inc_reg
214.3645,214.36518,0.0006800000000168893,1675.2421879659053,bench_inc_reg
214.56546,214.56614,0.0006799999999884676,1694.0295858938744,bench_inc_reg
214.76642,214.7671,0.0006799999999884676,1677.4790663853685,bench_inc_reg
214.96738,214.96806,0.0006800000000168893,1670.686760963548,bench_inc_reg
215.16834,215.16902,0.0006799999999884676,1677.1137807252835,bench_inc_reg
215.36928,215.36998,0.0006999999999948159,1717.0920083141232,bench_inc_reg
215.57024,215.57092,0.0006799999999884676,1666.6836663708266,bench_inc_reg
215.7712,215.77188,0.0006800000000168893,1682.8996479051434,bench_inc_reg
215.97216,215.97284,0.0006799999999884676,1662.7797321105838,bench_inc_reg
216.17312,216.1738,0.0006799999999884676,1675.7644572855909,bench_inc_reg
216.37408,216.37476,0.0006800000000168893,1680.8006912927615,bench_inc_reg
216.57504,216.57572,0.0006799999999884676,1684.8144447167765,bench_inc_reg
216.77598,216.77666,0.0006799999999884676,1688.4200111657237,bench_inc_reg
216.97694,216.97762,0.0006799999999884676,1677.8981894818473,bench_inc_reg
217.1779,217.17858,0.0006800000000168893,1690.0540865489083,bench_inc_reg
217.37886,217.37954,0.0006799999999884676,1685.7313038470888,bench_inc_reg
217.5798,217.58048,0.0006799999999884676,1683.4434191372716,bench_inc_reg
217.78076,217.78144,0.0006800000000168893,1688.1639790285908,bench_inc_reg
217.98172,217.9824,0.0006800000000168893,1686.7934097966038,bench_inc_reg
218.18268,218.18336,0.0006799999999884676,1671.687692838365,bench_inc_reg
218.38364,218.38432,0.0006799999999884676,1658.7379201894084,bench_inc_reg
218.58458,218.58528,0.0007000000000232376,1721.6513422981732,bench_inc_reg
218.78554,218.78622,0.0006799999999884676,1666.708730601186,bench_inc_reg
218.9865,218.98718,0.0006799999999884676,1654.0248528730122,bench_inc_reg
219.18746,219.18814,0.0006800000000168893,1678.1022190600422,bench_inc_reg
219.38842,219.3891,0.0006800000000168893,1671.3192337637781,bench_inc_reg
219.58936,219.59004,0.0006799999999884676,1672.0005706610034,bench_inc_reg
219.79032,219.791,0.0006799999999884676,1692.8472043591626,bench_inc_reg
219.99128,219.99196,0.0006800000000168893,1683.3679005974934,bench_inc_reg
220.19224,220.19292,0.0006799999999884676,1683.1312118770845,bench_inc_reg
220.3932,220.39388,0.0006799999999884676,1677.9671539248695,bench_inc_reg
220.59414,220.59484,0.0006999999999948159,1733.0413870309462,bench_inc_reg
220.7951,220.79578,0.0006800000000168893,1700.3248306458709,bench_inc_reg
220.99606,220.99674,0.0006799999999884676,1679.4798802315474,bench_inc_reg
221.19702,221.1977,0.0006799999999884676,1671.9880350509986,bench_inc_reg
221.39796,221.39864,0.0006799999999884676,1664.7008154171797,bench_inc_reg
221.59892,221.5996,0.0006800000000168893,1668.7073745291082,bench_inc_reg
221.79988,221.80056,0.0006799999999884676,1659.56091831336,bench_inc_reg
222.00084,222.00152,0.0006799999999884676,1670.1836418012904,bench_inc_reg
222.2018,222.20248,0.0006800000000168893,1661.1789609773166,bench_inc_reg
222.40276,222.40344,0.0006799999999884676,1646.9664498895247,bench_inc_reg
222.6037,222.60438,0.0006799999999884676,1672.9302843722983,bench_inc_reg
222.80466,222.80534,0.0006799999999884676,1669.31188196026,bench_inc_reg
223.00562,223.0063,0.0006800000000168893,1687.9874119073468,bench_inc_reg
223.20658,223.20726,0.0006799999999884676,1679.3270222533588,bench_inc_reg
223.40754,223.40822,0.0006799999999884676,1676.3726598208416,bench_inc_reg
223.6085,223.60918,0.0006800000000168893,1661.770960828502,bench_inc_reg
223.80946,223.81014,0.0006799999999884676,1675.8154262528046,bench_inc_reg
224.01042,224.0111,0.0006799999999884676,1679.6799562521448,bench_inc_reg
224.21138,224.21206,0.0006800000000168893,1661.6984061426303,bench_inc_reg
224.41232,224.413,0.0006800000000168893,1673.689512582016,bench_inc_reg
224.61328,224.61396,0.0006799999999884676,1666.2919195070901,bench_inc_reg
224.81424,224.81492,0.0006799999999884676,1670.5136722526534,bench_inc_reg
225.0152,225.01588,0.0006800000000168893,1672.5728125764776,bench_inc_reg
225.21616,225.21684,0.0006799999999884676,1647.621211565645,bench_inc_reg
225.41712,225.4178,0.0006799999999884676,1663.8942504863523,bench_inc_reg
225.61808,225.61876,0.0006800000000168893,1668.3670110520334,bench_inc_reg
225.81904,225.81972,0.0006799999999884676,1659.071533914265,bench_inc_reg
226.01998,226.02066,0.0006799999999884676,1679.2563697951207,bench_inc_reg
226.22094,226.22162,0.0006799999999884676,1690.1186317765385,bench_inc_reg
226.4219,226.42258,0.0006800000000168893,1682.9056665755004,bench_inc_reg
226.62286,226.62354,0.0006799999999884676,1681.7684936964968,bench_inc_reg
226.82382,226.8245,0.0006799999999884676,1685.4490618792395,bench_inc_reg
227.02476,227.02544,0.0006800000000168893,1682.8225343970712,bench_inc_reg
227.22572,227.2264,0.0006800000000168893,1671.5439991544051,bench_inc_reg
227.42668,227.42736,0.0006799999999884676,1682.9964262128053,bench_inc_reg
227.62764,227.62832,0.0006799999999884676,1679.50480940091,bench_inc_reg
227.8286,227.82928,0.0006800000000168893,1669.2986665750832,bench_inc_reg
228.02954,228.03024,0.0006999999999948159,1729.6113399676742,bench_inc_reg
228.2305,228.23118,0.0006799999999884676,1669.1859368849082,bench_inc_reg
228.43146,228.43214,0.0006800000000168893,1677.7656437378284,bench_inc_reg
228.63242,228.6331,0.0006800000000168893,1667.6307027661132,bench_inc_reg
228.83338,228.83406,0.0006799999999884676,1681.3235613210643,bench_inc_reg
229.03434,229.03502,0.0006800000000168893,1676.8913507006082,bench_inc_reg
229.2353,229.23598,0.0006800000000168893,1684.4069562358563,bench_inc_reg
229.43626,229.43694,0.0006799999999884676,1666.4061182812502,bench_inc_reg
229.63722,229.6379,0.0006799999999884676,1681.9100407524238,bench_inc_reg
229.83818,229.83886,0.0006800000000168893,1685.6140899929596,bench_inc_reg
230.03914,230.03982,0.0006799999999884676,1686.5114820823783,bench_inc_reg
230.2401,230.24078,0.0006799999999884676,1673.3365459001702,bench_inc_reg
230.44106,230.44174,0.0006800000000168893,1681.4413457637506,bench_inc_reg
230.64202,230.6427,0.0006799999999884676,1680.917956370153,bench_inc_reg
230.84298,230.84366,0.0006799999999884676,1681.4060299295984,bench_inc_reg
231.04394,231.04462,0.0006800000000168893,1667.9218039372108,bench_inc_reg
231.2449,231.24558,0.0006799999999884676,1664.227012053079,bench_inc_reg
231.44586,231.44738,0.0015199999999992997,4519.894339606441,bench_inc_idx
231.64766,231.64916,0.0014999999999929514,4449.224669930252,bench_inc_idx
231.84944,231.85094,0.0015000000000213731,4467.952637997532,bench_inc_idx
232.05124,232.05274,0.0014999999999929514,4481.2097307065105,bench_inc_idx
232.25302,232.25452,0.0015000000000213731,4479.968310398572,bench_inc_idx
232.4548,232.4563,0.0014999999999929514,4484.440544599486,bench_inc_idx
232.65658,232.65808,0.0015000000000213731,4485.874087614107,bench_inc_idx
232.85836,232.85986,0.0014999999999929514,4485.573784891957,bench_inc_idx
233.06014,233.06164,0.0015000000000213731,4470.0201950668325,bench_inc_idx
233.26192,233.26342,0.0014999999999929514,4461.454234530545,bench_inc_idx
233.46372,233.46522,0.0014999999999929514,4450.839175822032,bench_inc_idx
233.6655,233.667,0.0014999999999929514,4452.485176713135,bench_inc_idx
233.86728,233.86878,0.0014999999999929514,4452.90290981355,bench_inc_idx
234.06906,234.07058,0.0015199999999992997,4519.8228489591165,bench_inc_idx
234.27086,234.27236,0.0014999999999929514,4471.546094843067,bench_inc_idx
234.47264,234.47414,0.0014999999999929514,4474.66317329142,bench_inc_idx
234.67442,234.67592,0.0014999999999929514,4466.986118330045,bench_inc_idx
234.8762,234.8777,0.0014999999999929514,4448.639939050485,bench_inc_idx
235.07798,235.0795,0.0015199999999992997,4486.3820914159005,bench_inc_idx
235.27978,235.28128,0.0015000000000213731,4429.248347943963,bench_inc_idx
235.48156,235.48308,0.0015199999999992997,4523.262719157067,bench_inc_idx
235.68336,235.68486,0.0014999999999929514,4464.860612040911,bench_inc_idx
235.88514,235.88666,0.0015199999999992997,4539.412397424132,bench_inc_idx
236.08694,236.08844,0.0014999999999929514,4480.977887266507,bench_inc_idx
236.28872,236.29022,0.0014999999999929514,4477.958702459031,bench_inc_idx
236.4905,236.49202,0.0015199999999992997,4527.7866953953735,bench_inc_idx
236.6923,236.6938,0.0015000000000213731,4455.479942327099,bench_inc_idx
236.89408,236.89558,0.0014999999999929514,4446.67578439877,bench_inc_idx
237.09586,237.09736,0.0015000000000213731,4445.676517272509,bench_inc_idx
237.29764,237.29916,0.0015199999999992997,4533.140063284015,bench_inc_idx
237.49944,237.50094,0.0015000000000213731,4488.149199233203,bench_inc_idx
237.70122,237.70272,0.0014999999999929514,4494.135258697023,bench_inc_idx
237.903,237.9045,0.0015000000000213731,4494.662568968844,bench_inc_idx
238.10478,238.10628,0.0014999999999929514,4500.1151738475055,bench_inc_idx
238.30656,238.30808,0.0015199999999992997,4532.350671941555,bench_inc_idx
238.50836,238.50986,0.0014999999999929514,4460.95865683214,bench_inc_idx
238.71014,238.71164,0.0014999999999929514,4434.233319459157,bench_inc_idx
238.91192,238.91342,0.0014999999999929514,4456.294435054825,bench_inc_idx
239.1137,239.11522,0.0015199999999992997,4533.254920969708,bench_inc_idx
239.3155,239.317,0.0015000000000213731,4498.850114243184,bench_inc_idx
239.51728,239.51878,0.0014999999999929514,4484.617731047823,bench_inc_idx
239.71906,239.72056,0.0014999999999929514,4491.8200396711245,bench_inc_idx
239.92086,239.92236,0.0014999999999929514,4466.479124945774,bench_inc_idx
240.12264,240.12414,0.0015000000000213731,4457.481415074875,bench_inc_idx
240.32444,240.32594,0.0014999999999929514,4440.87707901079,bench_inc_idx
240.52622,240.52772,0.0014999999999929514,4430.244753582712,bench_inc_idx
240.728,240.7295,0.0014999999999929514,4437.888383376981,bench_inc_idx
240.92978,240.93128,0.0014999999999929514,4456.353259719194,bench_inc_idx
241.13158,241.13308,0.0014999999999929514,4465.355644910427,bench_inc_idx
241.33336,241.33486,0.0014999999999929514,4467.845943271098,bench_inc_idx
241.53516,241.53666,0.0015000000000213731,4482.362831542438,bench_inc_idx
241.73694,241.73844,0.0014999999999929514,4467.540425227638,bench_inc_idx
241.93872,241.94022,0.0015000000000213731,4452.194282849776,bench_inc_idx
242.1405,242.14202,0.0015199999999992997,4504.73232194633,bench_inc_idx
242.34228,242.3438,0.0015199999999992997,4490.110543556178,bench_inc_idx
242.54406,242.54558,0.0015199999999992997,4519.815631208646,bench_inc_idx
242.74586,242.74736,0.0014999999999929514,4464.856307002476,bench_inc_idx
242.94764,242.94914,0.0014999999999929514,4483.273227211465,bench_inc_idx
243.14942,243.15092,0.0015000000000213731,4492.937633831232,bench_inc_idx
243.3512,243.3527,0.0014999999999929514,4486.882248872148,bench_inc_idx
243.55298,243.55448,0.0015000000000213731,4485.151432518705,bench_inc_idx
243.75476,243.75628,0.0015199999999992997,4523.282763545511,bench_inc_idx
243.95656,243.95806,0.0014999999999929514,4459.522359518796,bench_inc_idx
244.15834,244.15984,0.0014999999999929514,4448.673275742978,bench_inc_idx
244.36012,244.36162,0.0014999999999929514,4471.395190319411,bench_inc_idx
244.5619,244.5634,0.0014999999999929514,4462.452328275792,bench_inc_idx
244.76368,244.76518,0.0014999999999929514,4490.63794452544,bench_inc_idx
244.96546,244.96696,0.0014999999999929514,4482.027762548305,bench_inc_idx
245.16724,245.16874,0.0015000000000213731,4481.244219996977,bench_inc_idx
245.36902,245.37052,0.0014999999999929514,4475.796234306428,bench_inc_idx
245.5708,245.57232,0.0015199999999992997,4529.259183908496,bench_inc_idx
245.7726,245.7741,0.0014999999999929514,4463.193386304035,bench_inc_idx
245.97438,245.9759,0.0015199999999992997,4521.431175524691,bench_inc_idx
246.17618,246.17768,0.0015000000000213731,4465.910620122385,bench_inc_idx
246.37796,246.37946,0.0014999999999929514,4470.8454678547705,bench_inc_idx
246.57976,246.58126,0.0014999999999929514,4466.921684777673,bench_inc_idx
246.78154,246.78304,0.0014999999999929514,4463.694230632892,bench_inc_idx
246.98332,246.98482,0.0015000000000213731,4487.080187601419,bench_inc_idx
247.1851,247.1866,0.0014999999999929514,4474.22740978862,bench_inc_idx
247.38688,247.3884,0.0015199999999992997,4525.3344997748445,bench_inc_idx
247.58868,247.59018,0.0014999999999929514,4452.005359322265,bench_inc_idx
247.79046,247.79196,0.0014999999999929514,4428.05604541343,bench_inc_idx
247.99224,247.99374,0.0014999999999929514,4454.226347129212,bench_inc_idx
248.19402,248.19554,0.0015199999999992997,4504.1327481144535,bench_inc_idx
248.39582,248.39732,0.0015000000000213731,4452.79978687813,bench_inc_idx
248.5976,248.59912,0.0015199999999992997,4525.042611638431,bench_inc_idx
248.7994,248.8009,0.0015000000000213731,4476.429626875083,bench_inc_idx
249.00118,249.00268,0.0014999999999929514,4465.228349416259,bench_inc_idx
249.20296,249.20446,0.0015000000000213731,4467.681977029941,bench_inc_idx
249.40476,249.40626,0.0014999999999929514,4446.330706101606,bench_inc_idx
249.60654,249.60804,0.0014999999999929514,4446.40858329499,bench_inc_idx
249.80832,249.80982,0.0014999999999929514,4456.7588879508485,bench_inc_idx
250.0101,250.0116,0.0014999999999929514,4468.791242667822,bench_inc_idx
250.21188,250.21338,0.0014999999999929514,4467.825300502423,bench_inc_idx
250.41366,250.41516,0.0014999999999929514,4492.250741438795,bench_inc_idx
250.61544,250.61694,0.0014999999999929514,4490.184842121311,bench_inc_idx
250.81722,250.81874,0.0015199999999992997,4548.365070949768,bench_inc_idx
251.01902,251.02052,0.0014999999999929514,4455.263668184543,bench_inc_idx
251.2208,251.2223,0.0014999999999929514,4464.255184845501,bench_inc_idx
251.42258,251.4241,0.0015199999999992997,4505.359604951334,bench_inc_idx
251.62438,251.62588,0.0014999999999929514,4554.555653573089,bench_inc_sym
251.82616,251.82768,0.0015199999999992997,4639.770591162082,bench_inc_sym
252.02796,252.02946,0.0014999999999929514,4591.262596637775,bench_inc_sym
252.22974,252.23124,0.0015000000000213731,4581.052733185062,bench_inc_sym
252.43152,252.43302,0.0014999999999929514,4595.79709216744,bench_inc_sym
252.63332,252.63482,0.0014999999999929514,4582.978903759685,bench_inc_sym
252.8351,252.8366,0.0014999999999929514,4591.583274283408,bench_inc_sym
253.03688,253.03838,0.0014999999999929514,4558.387962148408,bench_inc_sym
253.23866,253.24016,0.0014999999999929514,4551.274385280563,bench_inc_sym
253.44046,253.44196,0.0014999999999929514,4556.059741859286,bench_inc_sym
253.64224,253.64374,0.0015000000000213731,4573.179455539261,bench_inc_sym
253.84402,253.84552,0.0014999999999929514,4593.174927846665,bench_inc_sym
254.0458,254.0473,0.0014999999999929514,4606.847825903435,bench_inc_sym
254.24758,254.2491,0.0015199999999992997,4643.020199144321,bench_inc_sym
254.44938,254.45088,0.0015000000000213731,4597.648228584661,bench_inc_sym
254.65116,254.65266,0.0014999999999929514,4583.7256987363835,bench_inc_sym
254.85294,254.85444,0.0015000000000213731,4573.610464641625,bench_inc_sym
255.05474,255.05624,0.0014999999999929514,4522.928378988767,bench_inc_sym
255.25652,255.25802,0.0014999999999929514,4544.007780474508,bench_inc_sym
255.45832,255.45982,0.0015000000000213731,4560.568705266264,bench_inc_sym
255.6601,255.6616,0.0014999999999929514,4567.25643479814,bench_inc_sym
255.86188,255.86338,0.0014999999999929514,4574.666065143287,bench_inc_sym
256.06366,256.06516,0.0014999999999645297,4588.7629779805375,bench_inc_sym
256.26544,256.26694,0.0014999999999645297,4590.869275742949,bench_inc_sym
256.46722,256.46872,0.0015000000000213731,4562.951456821021,bench_inc_sym
256.669,256.6705,0.0015000000000213731,4545.049029468873,bench_inc_sym
256.87078,256.87228,0.0014999999999645297,4546.673390906782,bench_inc_sym
257.07256,257.07406,0.0014999999999645297,4539.0961481150525,bench_inc_sym
257.27432,257.27582,0.0015000000000213731,4565.704406768918,bench_inc_sym
257.4761,257.4776,0.0015000000000213731,4565.721775937311,bench_inc_sym
257.67788,257.67938,0.0014999999999645297,4579.992359395981,bench_inc_sym
257.87964,257.88114,0.0015000000000213731,4597.926095657266,bench_inc_sym
258.08142,258.08292,0.0015000000000213731,4585.554970031662,bench_inc_sym
258.2832,258.2847,0.0014999999999645297,4581.1704708114175,bench_inc_sym
258.48498,258.48648,0.0014999999999645297,4573.89898587659,bench_inc_sym
258.68678,258.68828,0.0015000000000213731,4552.82337038798,bench_inc_sym
258.88856,258.89006,0.0015000000000213731,4555.13146945267,bench_inc_sym
259.09034,259.09184,0.0014999999999645297,4563.37841682275,bench_inc_sym
259.29212,259.29362,0.0014999999999645297,4586.179098003688,bench_inc_sym
259.4939,259.4954,0.0015000000000213731,4589.677790709439,bench_inc_sym
259.69568,259.69718,0.0015000000000213731,4597.642058567708,bench_inc_sym
259.89748,259.89898,0.0015000000000213731,4592.522040542218,bench_inc_sym
260.09926,260.10076,0.0014999999999645297,4583.421295863326,bench_inc_sym
260.30104,260.30254,0.0015000000000213731,4560.858181275848,bench_inc_sym
260.50282,260.50432,0.0015000000000213731,4548.263826939785,bench_inc_sym
260.70462,260.70612,0.0015000000000213731,4557.7737875897765,bench_inc_sym
260.9064,260.9079,0.0014999999999645297,4570.423192234196,bench_inc_sym
261.1082,261.1097,0.0014999999999645297,4587.174006628644,bench_inc_sym
261.30998,261.31148,0.0015000000000213731,4602.470588937252,bench_inc_sym
261.51176,261.51326,0.0015000000000213731,4589.109886504626,bench_inc_sym
261.71354,261.71504,0.0014999999999645297,4565.885951632061,bench_inc_sym
261.9153,261.9168,0.0015000000000213731,4581.080835845375,bench_inc_sym
262.11708,262.11858,0.0015000000000213731,4551.859225677459,bench_inc_sym
262.31886,262.32036,0.0015000000000213731,4528.967214347389,bench_inc_sym
262.52064,262.52214,0.0014999999999645297,4540.916816223158,bench_inc_sym
262.72242,262.72392,0.0015000000000213731,4560.621474002308,bench_inc_sym
262.9242,262.9257,0.0015000000000213731,4579.664173137259,bench_inc_sym
263.126,263.1275,0.0015000000000213731,4581.238611198258,bench_inc_sym
263.32778,263.32928,0.0014999999999645297,4584.807960676056,bench_inc_sym
263.52958,263.53108,0.0014999999999645297,4571.168760196199,bench_inc_sym
263.73136,263.73286,0.0015000000000213731,4571.221347496631,bench_inc_sym
263.93316,263.93466,0.0015000000000213731,4556.982931744587,bench_inc_sym
264.13494,264.13644,0.0015000000000213731,4544.707574015614,bench_inc_sym
264.33672,264.33822,0.0014999999999645297,4555.98994147351,bench_inc_sym
264.5385,264.54,0.0015000000000213731,4566.140044545024,bench_inc_sym
264.74028,264.74178,0.0015000000000213731,4570.154438319845,bench_inc_sym
264.94208,264.94358,0.0015000000000213731,4571.776376171355,bench_inc_sym
265.14386,265.14536,0.0014999999999645297,4592.1451411053,bench_inc_sym
265.34564,265.34714,0.0015000000000213731,4567.6428056979,bench_inc_sym
265.5474,265.5489,0.0015000000000213731,4575.7305063968915,bench_inc_sym
265.74918,265.75068,0.0014999999999645297,4558.609898557962,bench_inc_sym
265.95096,265.95246,0.0014999999999645297,4571.607513246763,bench_inc_sym
266.15272,266.15422,0.0015000000000213731,4553.931625626749,bench_inc_sym
266.3545,266.356,0.0015000000000213731,4566.835367651133,bench_inc_sym
266.55628,266.55778,0.0014999999999645297,4568.082759981879,bench_inc_sym
266.75804,266.75954,0.0015000000000213731,4593.82014355518,bench_inc_sym
266.9598,266.9613,0.0015000000000213731,4581.152482489427,bench_inc_sym
267.16156,267.16306,0.0014999999999645297,4595.431873931503,bench_inc_sym
267.36334,267.36484,0.0015000000000213731,4577.099571534884,bench_inc_sym
267.5651,267.5666,0.0015000000000213731,4582.11208234667,bench_inc_sym
267.76688,267.76838,0.0014999999999645297,4553.276374828616,bench_inc_sym
267.96866,267.97016,0.0015000000000213731,4541.484273567725,bench_inc_sym
268.17042,268.17192,0.0015000000000213731,4550.203278259139,bench_inc_sym
268.3722,268.3737,0.0014999999999645297,4555.142214412358,bench_inc_sym
268.57398,268.57548,0.0015000000000213731,4570.5882716631095,bench_inc_sym
268.77574,268.77724,0.0015000000000213731,4568.945425628731,bench_inc_sym
268.97752,268.97902,0.0014999999999645297,4565.776546839471,bench_inc_sym
269.17928,269.18078,0.0015000000000213731,4572.149014631274,bench_inc_sym
269.38106,269.38256,0.0015000000000213731,4558.226328872831,bench_inc_sym
269.58282,269.58432,0.0014999999999645297,4544.257379494544,bench_inc_sym
269.7846,269.7861,0.0014999999999645297,4549.633155003802,bench_inc_sym
269.98636,269.98786,0.0015000000000213731,4540.317517305124,bench_inc_sym
270.18814,270.18964,0.0015000000000213731,4540.939778159559,bench_inc_sym
270.3899,270.3914,0.0014999999999645297,4568.524616662039,bench_inc_sym
270.59168,270.59318,0.0015000000000213731,4586.780278543187,bench_inc_sym
270.79346,270.79496,0.0015000000000213731,4573.380688735307,bench_inc_sym
270.99524,270.99674,0.0014999999999645297,4567.296972854064,bench_inc_sym
271.197,271.19852,0.001519999999970878,4632.654739455835,bench_inc_sym
271.39878,271.40028,0.0015000000000213731,4558.397261490367,bench_inc_sym
271.60056,271.60206,0.0015000000000213731,4560.140289895123,bench_inc_sym
271.80232,271.80382,0.0014999999999645297,4455.296213168777,bench_inc_abs
272.0041,272.00558,0.0014800000000150249,4408.7682012914975,bench_inc_abs
272.20586,272.20734,0.0014800000000150249,4420.044487386983,bench_inc_abs
272.40762,272.4091,0.0014800000000150249,4420.7236962852185,bench_inc_abs
272.60936,272.61084,0.0014800000000150249,4433.528038254855,bench_inc_abs
272.81112,272.8126,0.0014799999999581814,4437.09684988678,bench_inc_abs
273.01288,273.01436,0.0014800000000150249,4421.726127668231,bench_inc_abs
273.21464,273.21612,0.0014800000000150249,4393.148741265485,bench_inc_abs
273.4164,273.41788,0.0014800000000150249,4395.345202692709,bench_inc_abs
273.61816,273.61964,0.0014800000000150249,4384.25847799445,bench_inc_abs
273.81992,273.8214,0.0014799999999581814,4392.738824117601,bench_inc_abs
274.02168,274.02316,0.0014800000000150249,4418.27442268724,bench_inc_abs
274.22344,274.22492,0.0014800000000150249,4423.107481606989,bench_inc_abs
274.4252,274.4267,0.0014999999999645297,4501.254607348036,bench_inc_abs
274.62696,274.62844,0.0014800000000150249,4456.172683321875,bench_inc_abs
274.82872,274.83022,0.0015000000000213731,4461.177208059382,bench_inc_abs
275.03048,275.03196,0.0014800000000150249,4384.901404889888,bench_inc_abs
275.23224,275.23372,0.0014800000000150249,4364.111612131523,bench_inc_abs
275.434,275.43548,0.0014799999999581814,4362.415820231231,bench_inc_abs
275.63576,275.63724,0.0014800000000150249,4380.872610538584,bench_inc_abs
275.83752,275.839,0.0014800000000150249,4401.345027188809,bench_inc_abs
276.03928,276.04076,0.0014799999999581814,4414.70869571454,bench_inc_abs
276.24104,276.24252,0.0014800000000150249,4419.903594584244,bench_inc_abs
276.4428,276.44428,0.0014800000000150249,4398.22559947737,bench_inc_abs
276.64456,276.64604,0.0014800000000150249,4397.694931876698,bench_inc_abs
276.84632,276.8478,0.0014800000000150249,4392.333712941493,bench_inc_abs
277.04806,277.04954,0.0014799999999581814,4374.532885722167,bench_inc_abs
277.24982,277.2513,0.0014800000000150249,4379.904896529374,bench_inc_abs
277.45158,277.45306,0.0014800000000150249,4395.014420198829,bench_inc_abs
277.65334,277.65482,0.0014799999999581814,4411.091164096279,bench_inc_abs
277.85508,277.85658,0.0015000000000213731,4468.468502227058,bench_inc_abs
278.05684,278.05834,0.0014999999999645297,4467.0567753555515,bench_inc_abs
278.2586,278.26008,0.0014800000000150249,4427.255620295084,bench_inc_abs
278.46036,278.46184,0.0014800000000150249,4429.795942316939,bench_inc_abs
278.66214,278.66362,0.0014799999999581814,4412.140378134179,bench_inc_abs
278.8639,278.86538,0.0014800000000150249,4388.627931520935,bench_inc_abs
279.06566,279.06714,0.0014800000000150249,4401.828444140268,bench_inc_abs
279.26742,279.2689,0.0014799999999581814,4412.717006510739,bench_inc_abs
279.46918,279.47066,0.0014800000000150249,4409.83365294346,bench_inc_abs
279.67094,279.67242,0.0014800000000150249,4428.6701106960445,bench_inc_abs
279.8727,279.87418,0.0014800000000150249,4416.032782800721,bench_inc_abs
280.07446,280.07594,0.0014800000000150249,4436.9768444901165,bench_inc_abs
280.27622,280.27772,0.0014999999999645297,4472.046345361952,bench_inc_abs
280.478,280.47948,0.0014800000000150249,4409.378701868231,bench_inc_abs
280.67974,280.68124,0.0015000000000213731,4464.4257589901335,bench_inc_abs
280.8815,280.88298,0.0014799999999581814,4403.848955281865,bench_inc_abs
281.08326,281.08474,0.0014800000000150249,4391.700259920103,bench_inc_abs
281.28502,281.2865,0.0014800000000150249,4417.9789023949,bench_inc_abs
281.48676,281.48824,0.0014800000000150249,4401.064401073767,bench_inc_abs
281.68852,281.69,0.0014800000000150249,4392.1862473226965,bench_inc_abs
281.89028,281.89176,0.0014799999999581814,4399.8855421016,bench_inc_abs
282.09204,282.09352,0.0014800000000150249,4396.532925357091,bench_inc_abs
282.29378,282.29526,0.0014799999999581814,4404.757860919265,bench_inc_abs
282.49554,282.49702,0.0014800000000150249,4386.361416008517,bench_inc_abs
282.6973,282.69878,0.0014800000000150249,4363.814126746028,bench_inc_abs
282.89906,282.90054,0.0014799999999581814,4380.214395807311,bench_inc_abs
283.10082,283.1023,0.0014800000000150249,4387.169703886197,bench_inc_abs
283.30258,283.30406,0.0014800000000150249,4408.426852943105,bench_inc_abs
283.50432,283.5058,0.0014800000000150249,4408.7239914069805,bench_inc_abs
283.70608,283.70758,0.0015000000000213731,4470.6045510915055,bench_inc_abs
283.90784,283.90934,0.0014999999999645297,4465.4719064812525,bench_inc_abs
284.10962,284.1111,0.0014800000000150249,4403.381417551614,bench_inc_abs
284.31138,284.31286,0.0014800000000150249,4384.460246702307,bench_inc_abs
284.51314,284.51462,0.0014799999999581814,4381.1750736678005,bench_inc_abs
284.71492,284.7164,0.0014800000000150249,4396.152200685758,bench_inc_abs
284.91668,284.91816,0.0014800000000150249,4412.317427387627,bench_inc_abs
285.11844,285.11992,0.0014799999999581814,4407.236827412068,bench_inc_abs
285.3202,285.32168,0.0014800000000150249,4435.607474345103,bench_inc_abs
285.52196,285.52344,0.0014800000000150249,4435.181382626403,bench_inc_abs
285.72372,285.7252,0.0014799999999581814,4426.309990107186,bench_inc_abs
285.92548,285.92696,0.0014800000000150249,4411.48280869083,bench_inc_abs
286.12724,286.12872,0.0014800000000150249,4412.837028551469,bench_inc_abs
286.329,286.33048,0.0014800000000150249,4386.536139108485,bench_inc_abs
286.53076,286.53224,0.0014800000000150249,4399.028092203895,bench_inc_abs
286.73252,286.734,0.0014799999999581814,4404.930460606934,bench_inc_abs
286.93428,286.93576,0.0014800000000150249,4409.319730521481,bench_inc_abs
287.13604,287.13752,0.0014800000000150249,4432.083410256718,bench_inc_abs
287.33778,287.33926,0.0014800000000150249,4438.433069778926,bench_inc_abs
287.53954,287.54102,0.0014800000000150249,4426.049615767805,bench_inc_abs
287.7413,287.74278,0.0014799999999581814,4415.219575039084,bench_inc_abs
287.94304,287.94454,0.0015000000000213731,4451.736346883158,bench_inc_abs
288.1448,288.14628,0.0014800000000150249,4385.427204003989,bench_inc_abs
288.34656,288.34804,0.0014800000000150249,4379.8436620704615,bench_inc_abs
288.54832,288.5498,0.0014800000000150249,4382.945697333374,bench_inc_abs
288.75008,288.75158,0.0014999999999645297,4455.047144910334,bench_inc_abs
288.95184,288.95332,0.0014800000000150249,4415.4687528945215,bench_inc_abs
289.1536,289.15508,0.0014800000000150249,4408.692454498745,bench_inc_abs
289.35536,289.35684,0.0014799999999581814,4415.013778364126,bench_inc_abs
289.55712,289.5586,0.0014800000000150249,4407.152032992368,bench_inc_abs
289.7589,289.76038,0.0014800000000150249,4389.533528635537,bench_inc_abs
289.96064,289.96212,0.0014800000000150249,4375.814944547039,bench_inc_abs
290.1624,290.16388,0.0014800000000150249,4377.230994912809,bench_inc_abs
290.36416,290.36564,0.0014799999999581814,4377.390013413704,bench_inc_abs
290.56592,290.5674,0.0014800000000150249,4419.454117351799,bench_inc_abs
290.76766,290.76914,0.0014800000000150249,4403.1899329756825,bench_inc_abs
290.96942,290.9709,0.0014799999999581814,4413.597979457679,bench_inc_abs
291.17118,291.17266,0.0014800000000150249,4423.415532847026,bench_inc_abs
291.37294,291.37442,0.0014799999999581814,4415.188664439494,bench_inc_abs
291.5747,291.57618,0.0014800000000150249,4411.387341143398,bench_inc_abs
291.77646,291.77796,0.0015000000000213731,4439.384881472196,bench_inc_abs
291.97824,291.9789,0.0006599999999821193,1608.9337202090962,bench_rlam_1_reg
292.17918,292.17984,0.0006600000000389628,1614.9652354552989,bench_rlam_1_reg
292.38014,292.3808,0.0006600000000389628,1600.1186800303462,bench_rlam_1_reg
292.58108,292.58174,0.0006600000000389628,1606.2206845848718,bench_rlam_1_reg
292.78202,292.78268,0.0006600000000389628,1620.0991837411098,bench_rlam_1_reg
292.98298,292.98364,0.0006599999999821193,1611.8743992026439,bench_rlam_1_reg
293.18392,293.18458,0.0006599999999821193,1622.0637247490758,bench_rlam_1_reg
293.38486,293.38552,0.0006599999999821193,1617.0778614027197,bench_rlam_1_reg
293.58582,293.58648,0.0006599999999821193,1613.3834328023888,bench_rlam_1_reg
293.78676,293.78742,0.0006599999999821193,1622.877693685545,bench_rlam_1_reg
293.9877,293.98836,0.0006599999999821193,1624.074142836005,bench_rlam_1_reg
294.18864,294.1893,0.0006599999999821193,1625.0614146140842,bench_rlam_1_reg
294.38958,294.39024,0.0006599999999821193,1633.272701810394,bench_rlam_1_reg
294.59052,294.5912,0.0006799999999884676,1667.938239354951,bench_rlam_1_reg
294.79148,294.79214,0.0006600000000389628,1604.1297070792707,bench_rlam_1_reg
294.99242,294.99308,0.0006600000000389628,1622.373517705407,bench_rlam_1_reg
295.19336,295.19402,0.0006600000000389628,1619.9510010060076,bench_rlam_1_reg
295.3943,295.39496,0.0006600000000389628,1615.9956717053128,bench_rlam_1_reg
295.59524,295.5959,0.0006599999999821193,1617.7687816917344,bench_rlam_1_reg
295.79618,295.79686,0.0006799999999884676,1680.0431976791601,bench_rlam_1_reg
295.99714,295.9978,0.0006599999999821193,1610.427813099375,bench_rlam_1_reg
296.19808,296.19874,0.0006599999999821193,1621.7104414947644,bench_rlam_1_reg
296.39902,296.39968,0.0006599999999821193,1616.3802542277617,bench_rlam_1_reg
296.59996,296.60064,0.0006799999999884676,1672.2127655153718,bench_rlam_1_reg
296.80092,296.80158,0.0006599999999821193,1618.8599331695827,bench_rlam_1_reg
297.00186,297.00252,0.0006599999999821193,1624.3629296690158,bench_rlam_1_reg
297.2028,297.20346,0.0006599999999821193,1618.5060189435146,bench_rlam_1_reg
297.40374,297.4044,0.0006599999999821193,1616.3816418832855,bench_rlam_1_reg
297.60468,297.60534,0.0006600000000389628,1616.5410891292508,bench_rlam_1_reg
297.80562,297.80628,0.0006600000000389628,1620.3428316994864,bench_rlam_1_reg
298.00656,298.00722,0.0006600000000389628,1602.547529726034,bench_rlam_1_reg
298.2075,298.20818,0.000680000000045311,1652.8720433173391,bench_rlam_1_reg
298.40844,298.4091,0.0006600000000389628,1608.5233121279132,bench_rlam_1_reg
298.60938,298.61006,0.0006799999999884676,1654.8466891793237,bench_rlam_1_reg
298.81034,298.811,0.0006599999999821193,1603.8449131499294,bench_rlam_1_reg
299.01128,299.01194,0.0006599999999821193,1617.3745318823235,bench_rlam_1_reg
299.21224,299.2129,0.0006599999999821193,1621.103703467556,bench_rlam_1_reg
299.41318,299.41384,0.0006599999999821193,1613.982240619338,bench_rlam_1_reg
299.61414,299.6148,0.0006599999999821193,1622.4189777320196,bench_rlam_1_reg
299.81508,299.81574,0.0006599999999821193,1619.32030919378,bench_rlam_1_reg
300.01602,300.01668,0.0006599999999821193,1625.112614063682,bench_rlam_1_reg
300.21696,300.21762,0.0006600000000389628,1614.8244776907693,bench_rlam_1_reg
300.41792,300.41858,0.0006600000000389628,1616.8106883864912,bench_rlam_1_reg
300.61886,300.61952,0.0006600000000389628,1623.0111733231327,bench_rlam_1_reg
300.8198,300.82046,0.0006600000000389628,1623.9831597653513,bench_rlam_1_reg
301.02074,301.02142,0.0006799999999884676,1675.6070754280727,bench_rlam_1_reg
301.22168,301.22234,0.0006599999999821193,1624.412741475281,bench_rlam_1_reg
301.42262,301.42328,0.0006599999999821193,1608.962872961305,bench_rlam_1_reg
301.62356,301.62422,0.0006599999999821193,1614.5832673245534,bench_rlam_1_reg
301.8245,301.82516,0.0006599999999821193,1610.2364565770392,bench_rlam_1_reg
302.02542,302.02608,0.0006599999999821193,1624.318566134369,bench_rlam_1_reg
302.22636,302.22702,0.0006599999999821193,1608.9196432903009,bench_rlam_1_reg
302.4273,302.42796,0.0006599999999821193,1607.0211329089398,bench_rlam_1_reg
302.62824,302.6289,0.0006599999999821193,1615.167346274061,bench_rlam_1_reg
302.82916,302.82984,0.0006799999999884676,1673.9494888801855,bench_rlam_1_reg
303.0301,303.03076,0.0006599999999821193,1613.8403024096751,bench_rlam_1_reg
303.23104,303.2317,0.0006599999999821193,1610.246302982807,bench_rlam_1_reg
303.43196,303.43264,0.0006799999999884676,1669.1176755983583,bench_rlam_1_reg
303.6329,303.63358,0.0006799999999884676,1675.1653025582398,bench_rlam_1_reg
303.83384,303.83452,0.0006799999999884676,1679.3400677565758,bench_rlam_1_reg
304.03478,304.03546,0.0006799999999884676,1679.4366994551735,bench_rlam_1_reg
304.23574,304.2364,0.0006599999999821193,1613.143235388919,bench_rlam_1_reg
304.43668,304.43734,0.0006599999999821193,1617.3559636181699,bench_rlam_1_reg
304.63762,304.63828,0.0006599999999821193,1596.5711836999465,bench_rlam_1_reg
304.83856,304.83922,0.0006600000000389628,1614.28211500356,bench_rlam_1_reg
305.0395,305.04016,0.0006600000000389628,1607.15856832947,bench_rlam_1_reg
305.24046,305.24112,0.0006600000000389628,1595.6308251345522,bench_rlam_1_reg
305.4414,305.44206,0.0006600000000389628,1612.1523525678997,bench_rlam_1_reg
305.64234,305.643,0.0006599999999821193,1600.103953354316,bench_rlam_1_reg
305.84328,305.84394,0.0006599999999821193,1614.3616870589465,bench_rlam_1_reg
306.04422,306.04488,0.0006599999999821193,1621.7312845015158,bench_rlam_1_reg
306.24516,306.24582,0.0006599999999821193,1621.1131726914118,bench_rlam_1_reg
306.4461,306.44676,0.0006599999999821193,1624.6328665468225,bench_rlam_1_reg
306.64704,306.64772,0.0006799999999884676,1681.5237537679502,bench_rlam_1_reg
306.84798,306.84866,0.0006799999999884676,1676.5837673732358,bench_rlam_1_reg
307.04894,307.0496,0.0006599999999821193,1610.6443176405073,bench_rlam_1_reg
307.24988,307.25054,0.0006599999999821193,1629.2343520914167,bench_rlam_1_reg
307.45084,307.4515,0.0006599999999821193,1613.9031038009139,bench_rlam_1_reg
307.65178,307.65244,0.0006600000000389628,1614.0621156562095,bench_rlam_1_reg
307.85272,307.85338,0.0006600000000389628,1611.0980791149846,bench_rlam_1_reg
308.05366,308.05432,0.0006600000000389628,1591.7155846136911,bench_rlam_1_reg
308.2546,308.25526,0.0006600000000389628,1611.654379044009,bench_rlam_1_reg
308.45554,308.4562,0.0006600000000389628,1616.5360041063002,bench_rlam_1_reg
308.65648,308.65716,0.0006799999999884676,1661.8290194135984,bench_rlam_1_reg
308.85744,308.8581,0.0006599999999821193,1611.4848525772563,bench_rlam_1_reg
309.05838,309.05904,0.0006599999999821193,1585.9541296549673,bench_rlam_1_reg
309.2593,309.25998,0.0006799999999884676,1659.2491976712645,bench_rlam_1_reg
309.46024,309.46092,0.0006799999999884676,1673.5188336814658,bench_rlam_1_reg
309.66118,309.66186,0.0006799999999884676,1677.7372546245863,bench_rlam_1_reg
309.86212,309.86278,0.0006599999999821193,1632.7135357580698,bench_rlam_1_reg
310.06306,310.06372,0.0006599999999821193,1621.0625017535451,bench_rlam_1_reg
310.264,310.26466,0.0006599999999821193,1620.363343921722,bench_rlam_1_reg
310.46494,310.4656,0.0006599999999821193,1617.700187439948,bench_rlam_1_reg
310.66588,310.66654,0.0006599999999821193,1626.8495632775537,bench_rlam_1_reg
310.86682,310.8675,0.0006799999999884676,1663.5463200089953,bench_rlam_1_reg
311.06778,311.06844,0.0006599999999821193,1611.192924837692,bench_rlam_1_reg
311.26872,311.26938,0.0006600000000389628,1605.3793370863962,bench_rlam_1_reg
311.46966,311.47032,0.0006600000000389628,1607.2073184074054,bench_rlam_1_reg
311.6706,311.67126,0.0006600000000389628,1595.644280415939,bench_rlam_1_reg
311.87154,311.8722,0.0006600000000389628,1608.656500571399,bench_rlam_1_reg
312.07248,312.07326,0.000780000000020209,1882.7809929498317,bench_rlam_2_reg
312.27354,312.27434,0.0007999999999697138,1928.8364890002836,bench_rlam_2_reg
312.4746,312.4754,0.0007999999999697138,1931.7685974882393,bench_rlam_2_reg
312.67568,312.67646,0.000780000000020209,1895.837259997459,bench_rlam_2_reg
312.87674,312.87752,0.000780000000020209,1901.508104115023,bench_rlam_2_reg
313.07782,313.0786,0.000780000000020209,1902.5038905106933,bench_rlam_2_reg
313.27888,313.27968,0.0007999999999697138,1960.1624737603915,bench_rlam_2_reg
313.47996,313.48074,0.000780000000020209,1883.1462204023228,bench_rlam_2_reg
313.68102,313.68182,0.0008000000000265572,1970.9606166720653,bench_rlam_2_reg
313.88208,313.88288,0.0008000000000265572,1971.7523130414897,bench_rlam_2_reg
314.08316,314.08394,0.0007799999999633656,1894.9943733321575,bench_rlam_2_reg
314.28422,314.28502,0.0007999999999697138,1960.4485225146295,bench_rlam_2_reg
314.4853,314.48608,0.000780000000020209,1884.11473767768,bench_rlam_2_reg
314.68636,314.68714,0.000780000000020209,1873.9862740637843,bench_rlam_2_reg
314.88742,314.88822,0.0007999999999697138,1942.0638633016863,bench_rlam_2_reg
315.0885,315.08928,0.0007799999999633656,1875.182445997987,bench_rlam_2_reg
315.28956,315.29036,0.0008000000000265572,1936.0906654736375,bench_rlam_2_reg
315.49062,315.49142,0.0008000000000265572,1943.5167359936809,bench_rlam_2_reg
315.69168,315.69248,0.0007999999999697138,1949.999730478353,bench_rlam_2_reg
315.89274,315.89354,0.0007999999999697138,1953.3100374232135,bench_rlam_2_reg
316.09382,316.0946,0.000780000000020209,1891.554445083056,bench_rlam_2_reg
316.29488,316.29568,0.0008000000000265572,1965.2920170520092,bench_rlam_2_reg
316.49594,316.49674,0.0007999999999697138,1950.2977304198707,bench_rlam_2_reg
316.69702,316.6978,0.0007799999999633656,1900.1738446809397,bench_rlam_2_reg
316.89808,316.89888,0.0008000000000265572,1951.788067890322,bench_rlam_2_reg
317.09916,317.09996,0.0008000000000265572,1963.3664424333092,bench_rlam_2_reg
317.30024,317.30102,0.000780000000020209,1903.182449808718,bench_rlam_2_reg
317.5013,317.5021,0.0007999999999697138,1935.844782194557,bench_rlam_2_reg
317.70238,317.70316,0.000780000000020209,1875.734205872856,bench_rlam_2_reg
317.90346,317.90424,0.000780000000020209,1884.077403284386,bench_rlam_2_reg
318.10452,318.1053,0.000780000000020209,1888.4108798221923,bench_rlam_2_reg
318.30558,318.30636,0.0007799999999633656,1895.8698491508082,bench_rlam_2_reg
318.50664,318.50742,0.000780000000020209,1895.522880414592,bench_rlam_2_reg
318.7077,318.7085,0.0008000000000265572,1934.9022932186222,bench_rlam_2_reg
318.90878,318.90956,0.000780000000020209,1891.659935996774,bench_rlam_2_reg
319.10984,319.11064,0.0007999999999697138,1952.6924378290344,bench_rlam_2_reg
319.31092,319.3117,0.0007799999999633656,1911.1077183828995,bench_rlam_2_reg
319.512,319.51278,0.000780000000020209,1897.1151230437686,bench_rlam_2_reg
319.71306,319.71386,0.0008000000000265572,1951.1298463480796,bench_rlam_2_reg
319.91414,319.91492,0.000780000000020209,1886.8559762508175,bench_rlam_2_reg
320.1152,320.11598,0.0007799999999633656,1897.1267877058363,bench_rlam_2_reg
320.31626,320.31706,0.0008000000000265572,1938.5963073689495,bench_rlam_2_reg
320.51734,320.51812,0.000780000000020209,1879.8256805745846,bench_rlam_2_reg
320.7184,320.71918,0.000780000000020209,1875.557105583215,bench_rlam_2_reg
320.91948,320.92026,0.0007799999999633656,1875.849161199016,bench_rlam_2_reg
321.12054,321.12134,0.0007999999999697138,1928.5592925015221,bench_rlam_2_reg
321.32162,321.3224,0.000780000000020209,1877.1077809494109,bench_rlam_2_reg
321.52268,321.52348,0.0008000000000265572,1948.2235541417763,bench_rlam_2_reg
321.72376,321.72454,0.0007799999999633656,1892.6927865299208,bench_rlam_2_reg
321.92482,321.9256,0.0007799999999633656,1895.4538366754566,bench_rlam_2_reg
322.12588,322.12666,0.000780000000020209,1901.10546076651,bench_rlam_2_reg
322.32696,322.32774,0.000780000000020209,1895.8351063179166,bench_rlam_2_reg
322.52802,322.52882,0.0007999999999697138,1961.6820056892275,bench_rlam_2_reg
322.72908,322.72988,0.0007999999999697138,1950.7056450616028,bench_rlam_2_reg
322.93016,322.93094,0.000780000000020209,1893.5914477890447,bench_rlam_2_reg
323.13122,323.13202,0.0008000000000265572,1946.1940439217838,bench_rlam_2_reg
323.3323,323.33308,0.000780000000020209,1889.376142120357,bench_rlam_2_reg
323.53336,323.53416,0.0007999999999697138,1948.159618683665,bench_rlam_2_reg
323.73444,323.73522,0.000780000000020209,1886.8184718796979,bench_rlam_2_reg
323.9355,323.9363,0.0008000000000265572,1941.7012972528244,bench_rlam_2_reg
324.13658,324.13736,0.000780000000020209,1880.5474648868958,bench_rlam_2_reg
324.33766,324.33844,0.0007799999999633656,1875.2336198331896,bench_rlam_2_reg
324.53872,324.5395,0.0007799999999633656,1884.5115368235188,bench_rlam_2_reg
324.73978,324.74056,0.000780000000020209,1888.024583514457,bench_rlam_2_reg
324.94084,324.94164,0.0008000000000265572,1956.0299022872834,bench_rlam_2_reg
325.14192,325.1427,0.0007799999999633656,1909.2462653111104,bench_rlam_2_reg
325.34298,325.34378,0.0007999999999697138,1965.429561596926,bench_rlam_2_reg
325.54406,325.54484,0.000780000000020209,1892.726488928282,bench_rlam_2_reg
325.74512,325.74592,0.0008000000000265572,1947.2923014112937,bench_rlam_2_reg
325.9462,325.94698,0.000780000000020209,1890.6921917227637,bench_rlam_2_reg
326.14726,326.14806,0.0007999999999697138,1946.3486409805043,bench_rlam_2_reg
326.34832,326.34912,0.0008000000000265572,1944.3034707306797,bench_rlam_2_reg
326.54938,326.55018,0.0008000000000265572,1951.2984622991967,bench_rlam_2_reg
326.75044,326.75124,0.0007999999999697138,1939.8386612501247,bench_rlam_2_reg
326.9515,326.9523,0.0007999999999697138,1941.6793388443723,bench_rlam_2_reg
327.15258,327.15336,0.000780000000020209,1882.4798474619633,bench_rlam_2_reg
327.35364,327.35442,0.000780000000020209,1889.1060213204837,bench_rlam_2_reg
327.5547,327.5555,0.0007999999999697138,1939.6547296971858,bench_rlam_2_reg
327.75578,327.75656,0.0007799999999633656,1888.7372383840373,bench_rlam_2_reg
327.95684,327.95762,0.000780000000020209,1896.698339894372,bench_rlam_2_reg
328.1579,328.1587,0.0008000000000265572,1954.654520455509,bench_rlam_2_reg
328.35898,328.35976,0.000780000000020209,1900.1303334383556,bench_rlam_2_reg
328.56004,328.56084,0.0007999999999697138,1949.878965891872,bench_rlam_2_reg
328.76112,328.7619,0.000780000000020209,1896.6378388474152,bench_rlam_2_reg
328.9622,328.96298,0.000780000000020209,1899.2110039655854,bench_rlam_2_reg
329.16326,329.16404,0.000780000000020209,1895.9841714813015,bench_rlam_2_reg
329.36432,329.36512,0.0007999999999697138,1950.8857302435279,bench_rlam_2_reg
329.5654,329.56618,0.0007799999999633656,1878.9020668700298,bench_rlam_2_reg
329.76646,329.76726,0.0008000000000265572,1926.3995067021963,bench_rlam_2_reg
329.96752,329.96832,0.0008000000000265572,1941.229477599675,bench_rlam_2_reg
330.1686,330.16938,0.0007799999999633656,1879.163712619996,bench_rlam_2_reg
330.36966,330.37046,0.0007999999999697138,1929.1581212687747,bench_rlam_2_reg
330.57074,330.57152,0.000780000000020209,1884.092174054876,bench_rlam_2_reg
330.7718,330.7726,0.0008000000000265572,1952.634754198573,bench_rlam_2_reg
330.97288,330.97368,0.0008000000000265572,1963.4548272758284,bench_rlam_2_reg
331.17396,331.17474,0.0007799999999633656,1891.9656820426965,bench_rlam_2_reg
331.37504,331.37582,0.0007799999999633656,1882.4995773827397,bench_rlam_2_reg
331.5761,331.5769,0.0008000000000265572,1942.7513494826817,bench_rlam_2_reg
331.77718,331.77796,0.000780000000020209,1881.0948450678593,bench_rlam_2_reg
331.97824,331.97904,0.0007999999999697138,1960.8616851253473,bench_rlam_2_reg
332.17932,332.18024,0.0009200000000078035,2174.958097752609,bench_rlam_3_reg
332.38052,332.38144,0.0009200000000078035,2159.229859272416,bench_rlam_3_reg
332.58172,332.58264,0.0009200000000078035,2156.5350610782525,bench_rlam_3_reg
332.78292,332.78384,0.0009200000000078035,2144.6763305291465,bench_rlam_3_reg
332.98412,332.98502,0.0009000000000014552,2099.668064610521,bench_rlam_3_reg
333.1853,333.18622,0.0009200000000078035,2152.2716596115424,bench_rlam_3_reg
333.3865,333.38742,0.0009200000000078035,2159.565242487143,bench_rlam_3_reg
333.58768,333.5886,0.0009200000000078035,2169.083871446737,bench_rlam_3_reg
333.78888,333.7898,0.0009200000000078035,2177.466924785936,bench_rlam_3_reg
333.99008,333.99098,0.0009000000000014552,2124.197087267511,bench_rlam_3_reg
334.19126,334.19218,0.0009200000000078035,2172.58922990984,bench_rlam_3_reg
334.39246,334.39336,0.0008999999999446118,2130.089457924191,bench_rlam_3_reg
334.59364,334.59456,0.0009200000000078035,2174.615098654018,bench_rlam_3_reg
334.79484,334.79574,0.0009000000000014552,2125.6993315072186,bench_rlam_3_reg
334.99602,334.99694,0.0009200000000078035,2174.446752790075,bench_rlam_3_reg
335.1972,335.19812,0.0009200000000078035,2176.6833285994853,bench_rlam_3_reg
335.3984,335.3993,0.0009000000000014552,2104.943029129816,bench_rlam_3_reg
335.59958,335.6005,0.0009200000000078035,2163.2291982144084,bench_rlam_3_reg
335.80078,335.80168,0.0009000000000014552,2083.2556649252488,bench_rlam_3_reg
336.00196,336.00288,0.0009200000000078035,2156.3534299113735,bench_rlam_3_reg
336.20314,336.20406,0.0009200000000078035,2170.445655940775,bench_rlam_3_reg
336.40434,336.40524,0.0009000000000014552,2116.0938823700412,bench_rlam_3_reg
336.60552,336.60644,0.0009200000000078035,2183.394723116266,bench_rlam_3_reg
336.8067,336.80762,0.0009200000000078035,2175.9475767920226,bench_rlam_3_reg
337.0079,337.00882,0.0009200000000078035,2182.6841985047117,bench_rlam_3_reg
337.2091,337.21002,0.0009200000000078035,2177.9525000892727,bench_rlam_3_reg
337.4103,337.41122,0.0009200000000078035,2173.409420083004,bench_rlam_3_reg
337.6115,337.6124,0.0009000000000014552,2105.4801554563046,bench_rlam_3_reg
337.8127,337.8136,0.0009000000000014552,2125.802049416678,bench_rlam_3_reg
338.01388,338.0148,0.0009200000000078035,2170.7860241028293,bench_rlam_3_reg
338.21508,338.216,0.0009200000000078035,2166.472091363236,bench_rlam_3_reg
338.41628,338.4172,0.0009200000000078035,2165.673710438487,bench_rlam_3_reg
338.61748,338.6184,0.0009200000000078035,2164.4024993514645,bench_rlam_3_reg
338.81868,338.8196,0.0009200000000078035,2164.1277638587108,bench_rlam_3_reg
339.01988,339.02078,0.0009000000000014552,2122.0473130271616,bench_rlam_3_reg
339.22108,339.222,0.0009200000000078035,2174.7283381763427,bench_rlam_3_reg
339.42228,339.42318,0.0009000000000014552,2118.0841466471475,bench_rlam_3_reg
339.62348,339.6244,0.0009200000000078035,2174.066689362939,bench_rlam_3_reg
339.8247,339.8256,0.0009000000000014552,2127.625704746123,bench_rlam_3_reg
340.0259,340.02682,0.0009200000000078035,2174.5171002411134,bench_rlam_3_reg
340.2271,340.22802,0.0009200000000078035,2176.4832223019393,bench_rlam_3_reg
340.42832,340.42924,0.0009200000000078035,2172.6045687971377,bench_rlam_3_reg
340.62952,340.63044,0.0009200000000078035,2170.5621970011844,bench_rlam_3_reg
340.83074,340.83164,0.0009000000000014552,2105.367467745675,bench_rlam_3_reg
341.03194,341.03286,0.0009200000000078035,2145.273180220981,bench_rlam_3_reg
341.23314,341.23406,0.0009200000000078035,2148.7458562731294,bench_rlam_3_reg
341.43434,341.43524,0.0009000000000014552,2105.3444640619205,bench_rlam_3_reg
341.63554,341.63644,0.0009000000000014552,2105.3448552357063,bench_rlam_3_reg
341.83672,341.83764,0.0009200000000078035,2173.360006427024,bench_rlam_3_reg
342.03792,342.03884,0.0009200000000078035,2177.9207722571255,bench_rlam_3_reg
342.23914,342.24004,0.0009000000000014552,2125.420230432491,bench_rlam_3_reg
342.44034,342.44126,0.0009200000000078035,2175.078587631699,bench_rlam_3_reg
342.64154,342.64246,0.0009200000000078035,2189.961841801551,bench_rlam_3_reg
342.84274,342.84366,0.0009200000000078035,2186.8160600119595,bench_rlam_3_reg
343.04394,343.04486,0.0009200000000078035,2179.2536554913404,bench_rlam_3_reg
343.24516,343.24606,0.0009000000000014552,2121.404679498854,bench_rlam_3_reg
343.44634,343.44726,0.0009200000000078035,2162.18855697849,bench_rlam_3_reg
343.64756,343.64846,0.0009000000000014552,2097.125190781828,bench_rlam_3_reg
343.84876,343.84966,0.0008999999999446118,2099.0146485535333,bench_rlam_3_reg
344.04996,344.05088,0.0009200000000078035,2145.6965152387984,bench_rlam_3_reg
344.25116,344.25206,0.0008999999999446118,2101.0767760067697,bench_rlam_3_reg
344.45236,344.45328,0.0009200000000078035,2157.413782573125,bench_rlam_3_reg
344.65356,344.65448,0.00091999999995096,2156.7908370397713,bench_rlam_3_reg
344.85478,344.85568,0.0009000000000014552,2117.9157821479353,bench_rlam_3_reg
345.05598,345.05688,0.0009000000000014552,2125.594215482889,bench_rlam_3_reg
345.25718,345.2581,0.0009200000000078035,2168.976333939185,bench_rlam_3_reg
345.45838,345.4593,0.0009200000000078035,2181.8695473783523,bench_rlam_3_reg
345.65958,345.6605,0.0009200000000078035,2164.417721814584,bench_rlam_3_reg
345.86078,345.8617,0.0009200000000078035,2161.6910794113883,bench_rlam_3_reg
346.06198,346.0629,0.0009200000000078035,2169.1071824347014,bench_rlam_3_reg
346.26318,346.2641,0.0009200000000078035,2169.1523935029427,bench_rlam_3_reg
346.46438,346.4653,0.0009200000000078035,2154.6526975181187,bench_rlam_3_reg
346.66558,346.6665,0.0009200000000078035,2158.5058118507104,bench_rlam_3_reg
346.86678,346.8677,0.0009200000000078035,2161.5813393327985,bench_rlam_3_reg
347.068,347.06892,0.0009200000000078035,2154.5117325414694,bench_rlam_3_reg
347.2692,347.27012,0.0009200000000078035,2157.805678444046,bench_rlam_3_reg
347.47042,347.47132,0.0009000000000014552,2128.9429371354413,bench_rlam_3_reg
347.67162,347.67254,0.0009200000000078035,2154.607612179337,bench_rlam_3_reg
347.87282,347.87374,0.0009200000000078035,2179.415158491757,bench_rlam_3_reg
348.07402,348.07494,0.0009200000000078035,2172.3273163714816,bench_rlam_3_reg
348.27522,348.27614,0.0009200000000078035,2181.200038204591,bench_rlam_3_reg
348.47642,348.47734,0.0009200000000078035,2176.23478267387,bench_rlam_3_reg
348.67764,348.67854,0.0009000000000014552,2118.4812137017666,bench_rlam_3_reg
348.87884,348.87974,0.0009000000000014552,2115.4025546089238,bench_rlam_3_reg
349.08004,349.08096,0.0009200000000078035,2163.139525824229,bench_rlam_3_reg
349.28124,349.28216,0.00091999999995096,2156.90897996819,bench_rlam_3_reg
349.48244,349.48336,0.0009200000000078035,2151.016264710968,bench_rlam_3_reg
349.68364,349.68456,0.00091999999995096,2164.3002399699367,bench_rlam_3_reg
349.88484,349.88576,0.0009200000000078035,2155.8176516784893,bench_rlam_3_reg
350.08604,350.08696,0.00091999999995096,2152.7672860316766,bench_rlam_3_reg
350.28724,350.28814,0.0009000000000014552,2110.957894483608,bench_rlam_3_reg
350.48842,350.48934,0.0009200000000078035,2164.1012234650225,bench_rlam_3_reg
350.68962,350.69054,0.0009200000000078035,2173.526491992984,bench_rlam_3_reg
350.89082,350.89172,0.0009000000000014552,2121.4761328764557,bench_rlam_3_reg
351.092,351.09292,0.0009200000000078035,2187.9875939611015,bench_rlam_3_reg
351.2932,351.29412,0.0009200000000078035,2167.572795890677,bench_rlam_3_reg
351.4944,351.49532,0.0009200000000078035,2170.7213321064532,bench_rlam_3_reg
351.6956,351.69652,0.0009200000000078035,2186.466949073313,bench_rlam_3_reg
351.8968,351.89772,0.0009200000000078035,2160.082063664138,bench_rlam_3_reg
352.098,352.09892,0.0009200000000078035,2157.617027416705,bench_rlam_3_reg
352.2992,352.30024,0.0010399999999890497,2378.5508074669806,bench_rlam_4_reg
352.50054,352.50158,0.0010399999999890497,2367.464334216328,bench_rlam_4_reg
352.70186,352.7029,0.0010399999999890497,2369.1281163759427,bench_rlam_4_reg
352.9032,352.90422,0.0010199999999827014,2326.7558588968222,bench_rlam_4_reg
353.10452,353.10556,0.001040000000045893,2390.1929800658754,bench_rlam_4_reg
353.30584,353.30688,0.0010399999999890497,2392.2316916142154,bench_rlam_4_reg
353.50718,353.50822,0.0010399999999890497,2386.5668638355683,bench_rlam_4_reg
353.7085,353.70954,0.0010399999999890497,2373.3354778647476,bench_rlam_4_reg
353.90982,353.91086,0.0010399999999890497,2393.802162210086,bench_rlam_4_reg
354.11114,354.11218,0.001040000000045893,2408.721014044516,bench_rlam_4_reg
354.31248,354.3135,0.0010199999999827014,2335.8773206962856,bench_rlam_4_reg
354.5138,354.51484,0.0010399999999890497,2376.57445247543,bench_rlam_4_reg
354.71512,354.71616,0.0010399999999890497,2370.021734355969,bench_rlam_4_reg
354.91644,354.91748,0.0010399999999890497,2370.1759310857014,bench_rlam_4_reg
355.11776,355.1188,0.001040000000045893,2378.737561059287,bench_rlam_4_reg
355.31908,355.32012,0.0010399999999890497,2368.805215213739,bench_rlam_4_reg
355.5204,355.52144,0.0010399999999890497,2371.061802826923,bench_rlam_4_reg
355.72174,355.72278,0.0010399999999890497,2382.599776579745,bench_rlam_4_reg
355.92306,355.9241,0.0010399999999890497,2394.9689580634144,bench_rlam_4_reg
356.12438,356.12542,0.001040000000045893,2401.752588458876,bench_rlam_4_reg
356.32572,356.32676,0.0010399999999890497,2396.423590816916,bench_rlam_4_reg
356.52704,356.52808,0.0010399999999890497,2404.9618141514857,bench_rlam_4_reg
356.72836,356.7294,0.0010399999999890497,2392.935727230988,bench_rlam_4_reg
356.92968,356.93072,0.0010399999999890497,2407.5296008528117,bench_rlam_4_reg
357.131,357.13204,0.001040000000045893,2385.015343435781,bench_rlam_4_reg
357.33232,357.33336,0.001040000000045893,2384.3595037509454,bench_rlam_4_reg
357.53366,357.5347,0.0010399999999890497,2365.7045163945036,bench_rlam_4_reg
357.73498,357.73602,0.0010399999999890497,2367.374093712761,bench_rlam_4_reg
357.9363,357.93734,0.0010399999999890497,2380.4758628410514,bench_rlam_4_reg
358.13762,358.13866,0.0010399999999890497,2371.885934792974,bench_rlam_4_reg
358.33894,358.33998,0.001040000000045893,2372.0741203286425,bench_rlam_4_reg
358.54026,358.5413,0.0010399999999890497,2386.115153770581,bench_rlam_4_reg
358.74158,358.74262,0.0010399999999890497,2402.1726683487245,bench_rlam_4_reg
358.9429,358.94394,0.0010399999999890497,2397.046498928203,bench_rlam_4_reg
359.14422,359.14526,0.0010399999999890497,2392.6665447248256,bench_rlam_4_reg
359.34554,359.34658,0.0010399999999890497,2403.5138450043246,bench_rlam_4_reg
359.54688,359.54792,0.0010399999999890497,2382.7293980718764,bench_rlam_4_reg
359.7482,359.74924,0.0010399999999890497,2388.041387289876,bench_rlam_4_reg
359.94952,359.95056,0.0010399999999890497,2385.6738954519074,bench_rlam_4_reg
360.15084,360.15188,0.0010399999999890497,2375.334503553149,bench_rlam_4_reg
360.35216,360.3532,0.0010399999999890497,2373.033559363685,bench_rlam_4_reg
360.55348,360.55452,0.001040000000045893,2388.4724989801225,bench_rlam_4_reg
360.7548,360.75584,0.0010399999999890497,2375.741882701199,bench_rlam_4_reg
360.95612,360.95716,0.0010399999999890497,2387.6445367733463,bench_rlam_4_reg
361.15746,361.1585,0.0010399999999890497,2376.857139138001,bench_rlam_4_reg
361.35878,361.35982,0.0010399999999890497,2384.2906602145476,bench_rlam_4_reg
361.5601,361.56114,0.001040000000045893,2401.427363632598,bench_rlam_4_reg
361.76142,361.76246,0.0010399999999890497,2408.0693931177475,bench_rlam_4_reg
361.96276,361.9638,0.0010399999999890497,2387.3043851756947,bench_rlam_4_reg
362.16408,362.16512,0.0010399999999890497,2393.3979426181922,bench_rlam_4_reg
362.3654,362.36644,0.0010399999999890497,2393.8505839965933,bench_rlam_4_reg
362.56672,362.56776,0.001040000000045893,2394.4559508274206,bench_rlam_4_reg
362.76806,362.7691,0.0010399999999890497,2361.061980464696,bench_rlam_4_reg
362.96938,362.97042,0.0010399999999890497,2368.618398883595,bench_rlam_4_reg
363.1707,363.17174,0.0010399999999890497,2373.237963732413,bench_rlam_4_reg
363.37202,363.37306,0.0010399999999890497,2385.603862309643,bench_rlam_4_reg
363.57334,363.57438,0.001040000000045893,2370.264006431407,bench_rlam_4_reg
363.77466,363.7757,0.0010399999999890497,2385.1679754299216,bench_rlam_4_reg
363.976,363.97704,0.0010399999999890497,2382.3575232907933,bench_rlam_4_reg
364.17732,364.17836,0.0010399999999890497,2400.5446699200024,bench_rlam_4_reg
364.37864,364.37968,0.0010399999999890497,2401.330829557143,bench_rlam_4_reg
364.57998,364.58102,0.001040000000045893,2388.568690627526,bench_rlam_4_reg
364.7813,364.78234,0.0010399999999890497,2388.587545123061,bench_rlam_4_reg
364.98262,364.98366,0.0010399999999890497,2386.2287285549423,bench_rlam_4_reg
365.18394,365.18498,0.0010399999999890497,2391.67731485427,bench_rlam_4_reg
365.38526,365.3863,0.0010399999999890497,2385.125630494526,bench_rlam_4_reg
365.58656,365.5876,0.0010399999999890497,2377.7324682619856,bench_rlam_4_reg
365.7879,365.78892,0.0010200000000395448,2322.493172351224,bench_rlam_4_reg
365.98922,365.99026,0.0010399999999890497,2356.1545670810865,bench_rlam_4_reg
366.19054,366.19158,0.0010399999999890497,2367.6448873942395,bench_rlam_4_reg
366.39186,366.3929,0.0010399999999890497,2379.0635727091008,bench_rlam_4_reg
366.59318,366.59422,0.0010399999999890497,2397.2457903026443,bench_rlam_4_reg
366.7945,366.79554,0.0010399999999890497,2385.160827493006,bench_rlam_4_reg
366.99582,366.99686,0.001040000000045893,2384.4496837170036,bench_rlam_4_reg
367.19714,367.19818,0.0010399999999890497,2400.835009745033,bench_rlam_4_reg
367.39846,367.3995,0.0010399999999890497,2392.44884110878,bench_rlam_4_reg
367.5998,367.60084,0.0010399999999890497,2387.2142564138344,bench_rlam_4_reg
367.80112,367.80216,0.0010399999999890497,2383.6931073529054,bench_rlam_4_reg
368.00244,368.00348,0.001040000000045893,2369.140908239582,bench_rlam_4_reg
368.20376,368.2048,0.0010399999999890497,2370.919308142525,bench_rlam_4_reg
368.40508,368.40612,0.0010399999999890497,2372.335451634299,bench_rlam_4_reg
368.60642,368.60746,0.0010399999999890497,2367.7229555005847,bench_rlam_4_reg
368.80774,368.80878,0.0010399999999890497,2371.417174533622,bench_rlam_4_reg
369.00906,369.0101,0.001040000000045893,2376.6627396677013,bench_rlam_4_reg
369.21038,369.21142,0.0010399999999890497,2381.8913474540136,bench_rlam_4_reg
369.4117,369.41274,0.0010399999999890497,2385.710082000273,bench_rlam_4_reg
369.61304,369.61408,0.0010399999999890497,2373.6069001853143,bench_rlam_4_reg
369.81436,369.8154,0.0010399999999890497,2390.7626838954507,bench_rlam_4_reg
370.01568,370.01672,0.001040000000045893,2387.447231564658,bench_rlam_4_reg
370.217,370.21804,0.0010399999999890497,2389.092713115421,bench_rlam_4_reg
370.41832,370.41936,0.0010399999999890497,2390.1701136327506,bench_rlam_4_reg
370.61962,370.62066,0.0010399999999890497,2403.0503327757774,bench_rlam_4_reg
370.82094,370.82198,0.0010399999999890497,2384.482386959729,bench_rlam_4_reg
371.02226,371.0233,0.0010399999999890497,2382.357078563492,bench_rlam_4_reg
371.22358,371.22462,0.0010399999999890497,2368.2317207090105,bench_rlam_4_reg
371.4249,371.42594,0.001040000000045893,2373.1200002404507,bench_rlam_4_reg
371.62622,371.62726,0.0010399999999890497,2372.269681640371,bench_rlam_4_reg
371.82754,371.82858,0.0010399999999890497,2389.6761773856338,bench_rlam_4_reg
372.02886,372.0299,0.0010399999999890497,2392.86287219642,bench_rlam_4_reg
372.23018,372.23122,0.0010399999999890497,2401.047595732774,bench_rlam_4_reg
372.4315,372.43278,0.0012799999999515421,3255.2287400175965,bench_jge_not_taken
372.63306,372.63434,0.0012800000000083855,3250.91701468777,bench_jge_not_taken
372.83462,372.83592,0.0013000000000147338,3300.5060488811687,bench_jge_not_taken
373.0362,373.03748,0.0012800000000083855,3254.093183224323,bench_jge_not_taken
373.23776,373.23904,0.0012800000000083855,3229.1671494292577,bench_jge_not_taken
373.43932,373.4406,0.0012800000000083855,3235.2649094759477,bench_jge_not_taken
373.64088,373.64216,0.0012800000000083855,3214.5464280901465,bench_jge_not_taken
373.84244,373.84372,0.0012800000000083855,3219.6179242029725,bench_jge_not_taken
374.044,374.04528,0.0012800000000083855,3228.3575297632838,bench_jge_not_taken
374.24556,374.24686,0.0013000000000147338,3297.438207115717,bench_jge_not_taken
374.44714,374.44842,0.0012800000000083855,3238.3945258630006,bench_jge_not_taken
374.6487,374.64998,0.0012800000000083855,3249.6461644837573,bench_jge_not_taken
374.85026,374.85154,0.0012800000000083855,3262.456243419256,bench_jge_not_taken
375.05182,375.0531,0.0012799999999515421,3265.171050895303,bench_jge_not_taken
375.25338,375.25466,0.0012800000000083855,3251.7083571577987,bench_jge_not_taken
375.45494,375.45624,0.0012999999999578904,3314.0958192520575,bench_jge_not_taken
375.65652,375.6578,0.0012800000000083855,3239.3955905219173,bench_jge_not_taken
375.85808,375.85936,0.0012800000000083855,3224.0320067218368,bench_jge_not_taken
376.05964,376.06092,0.0012800000000083855,3214.538921626239,bench_jge_not_taken
376.26122,376.2625,0.0012800000000083855,3210.439404966196,bench_jge_not_taken
376.46278,376.46406,0.0012800000000083855,3216.089603979776,bench_jge_not_taken
376.66434,376.66562,0.0012800000000083855,3226.6941783330353,bench_jge_not_taken
376.8659,376.86718,0.0012800000000083855,3250.857987458923,bench_jge_not_taken
377.06748,377.06876,0.0012800000000083855,3244.7113120268914,bench_jge_not_taken
377.26904,377.27032,0.0012800000000083855,3251.382908792778,bench_jge_not_taken
377.4706,377.47188,0.0012800000000083855,3242.463539381086,bench_jge_not_taken
377.67218,377.67346,0.0012799999999515421,3258.8014214767795,bench_jge_not_taken
377.87374,377.87502,0.0012800000000083855,3250.9115664514306,bench_jge_not_taken
378.0753,378.07658,0.0012799999999515421,3218.0643126837062,bench_jge_not_taken
378.27688,378.27816,0.0012800000000083855,3224.441444055606,bench_jge_not_taken
378.47844,378.47972,0.0012800000000083855,3226.690702168613,bench_jge_not_taken
378.68,378.6813,0.0013000000000147338,3280.4667530980114,bench_jge_not_taken
378.88158,378.88286,0.0012800000000083855,3228.70599574402,bench_jge_not_taken
379.08314,379.08442,0.0012800000000083855,3239.0306890172797,bench_jge_not_taken
379.2847,379.28598,0.0012800000000083855,3241.745156730072,bench_jge_not_taken
379.48626,379.48754,0.0012800000000083855,3264.471562596895,bench_jge_not_taken
379.68782,379.6891,0.0012800000000083855,3254.038493643633,bench_jge_not_taken
379.8894,379.89068,0.0012799999999515421,3256.470488712017,bench_jge_not_taken
380.09096,380.09224,0.0012800000000083855,3255.3971978174463,bench_jge_not_taken
380.29254,380.29382,0.0012800000000083855,3227.8815494228015,bench_jge_not_taken
380.4941,380.49538,0.0012800000000083855,3227.357049492366,bench_jge_not_taken
380.69566,380.69694,0.0012800000000083855,3220.1856421626876,bench_jge_not_taken
380.89724,380.89852,0.0012800000000083855,3217.019969617047,bench_jge_not_taken
381.0988,381.10008,0.0012800000000083855,3230.8398071008296,bench_jge_not_taken
381.30036,381.30164,0.0012800000000083855,3238.1972344741816,bench_jge_not_taken
381.50192,381.5032,0.0012800000000083855,3252.711440466165,bench_jge_not_taken
381.70348,381.70476,0.0012800000000083855,3248.2909248361498,bench_jge_not_taken
381.90504,381.90632,0.0012800000000083855,3264.7784240849874,bench_jge_not_taken
382.10662,382.1079,0.0012799999999515421,3252.461671226137,bench_jge_not_taken
382.3082,382.30948,0.0012800000000083855,3243.976118998194,bench_jge_not_taken
382.50976,382.51104,0.0012799999999515421,3242.075941384564,bench_jge_not_taken
382.71134,382.71262,0.0012800000000083855,3229.5757485743893,bench_jge_not_taken
382.9129,382.91418,0.0012800000000083855,3211.254153895877,bench_jge_not_taken
383.11446,383.11576,0.0013000000000147338,3286.959517322248,bench_jge_not_taken
383.31604,383.31732,0.0012800000000083855,3225.417083622883,bench_jge_not_taken
383.51762,383.5189,0.0012799999999515421,3238.0832544052687,bench_jge_not_taken
383.71918,383.72048,0.0013000000000147338,3296.135673342692,bench_jge_not_taken
383.92076,383.92204,0.0012800000000083855,3255.458278615581,bench_jge_not_taken
384.12234,384.12362,0.0012800000000083855,3247.320514658116,bench_jge_not_taken
384.32392,384.3252,0.0012800000000083855,3242.4812321835034,bench_jge_not_taken
384.52548,384.52678,0.0012999999999578904,3298.67774608741,bench_jge_not_taken
384.72706,384.72834,0.0012800000000083855,3240.6530925343923,bench_jge_not_taken
384.92864,384.92992,0.0012800000000083855,3222.599630272483,bench_jge_not_taken
385.1302,385.13148,0.0012800000000083855,3231.5052394089516,bench_jge_not_taken
385.33178,385.33306,0.0012800000000083855,3205.8957824765503,bench_jge_not_taken
385.53334,385.53462,0.0012800000000083855,3229.8123417597635,bench_jge_not_taken
385.73492,385.7362,0.0012800000000083855,3233.7250816929245,bench_jge_not_taken
385.93648,385.93776,0.0012800000000083855,3252.811573922211,bench_jge_not_taken
386.13806,386.13934,0.0012800000000083855,3247.0499351877247,bench_jge_not_taken
386.33964,386.34092,0.0012800000000083855,3247.856854024213,bench_jge_not_taken
386.5412,386.54248,0.0012800000000083855,3254.2169420259047,bench_jge_not_taken
386.74278,386.74406,0.0012800000000083855,3250.19805695089,bench_jge_not_taken
386.94436,386.94564,0.0012800000000083855,3255.4167788582313,bench_jge_not_taken
387.14592,387.1472,0.0012800000000083855,3245.43087978951,bench_jge_not_taken
387.3475,387.34878,0.0012799999999515421,3228.5793520037396,bench_jge_not_taken
387.54908,387.55036,0.0012800000000083855,3207.1607792962527,bench_jge_not_taken
387.75064,387.75192,0.0012800000000083855,3228.092994571722,bench_jge_not_taken
387.95222,387.9535,0.0012800000000083855,3246.107443715819,bench_jge_not_taken
388.1538,388.1551,0.0013000000000147338,3290.365282492642,bench_jge_not_taken
388.35538,388.35666,0.0012799999999515421,3254.0095223578264,bench_jge_not_taken
388.55696,388.55824,0.0012800000000083855,3239.9485376881835,bench_jge_not_taken
388.75854,388.75982,0.0012800000000083855,3247.2065743328194,bench_jge_not_taken
388.9601,388.96138,0.0012800000000083855,3254.9691060727905,bench_jge_not_taken
389.16168,389.16296,0.0012800000000083855,3249.437361985557,bench_jge_not_taken
389.36324,389.36454,0.0012999999999578904,3306.151896131625,bench_jge_not_taken
389.56482,389.5661,0.0012800000000083855,3226.1944026934925,bench_jge_not_taken
389.7664,389.76768,0.0012800000000083855,3210.5238945538645,bench_jge_not_taken
389.96798,389.96926,0.0012800000000083855,3211.7210771149453,bench_jge_not_taken
390.16954,390.17082,0.0012800000000083855,3223.525639655048,bench_jge_not_taken
390.37112,390.3724,0.0012800000000083855,3234.7846147720206,bench_jge_not_taken
390.57268,390.57398,0.0013000000000147338,3290.5400614699897,bench_jge_not_taken
390.77426,390.77554,0.0012799999999515421,3259.1219314838113,bench_jge_not_taken
390.97584,390.97712,0.0012800000000083855,3240.9453625065044,bench_jge_not_taken
391.1774,391.17868,0.0012800000000083855,3242.416642642098,bench_jge_not_taken
391.37896,391.38024,0.0012800000000083855,3252.8263423820235,bench_jge_not_taken
391.58052,391.5818,0.0012800000000083855,3238.2922503464797,bench_jge_not_taken
391.7821,391.78338,0.0012800000000083855,3241.9343618825455,bench_jge_not_taken
391.98368,391.98496,0.0012800000000083855,3223.2979964727247,bench_jge_not_taken
392.18524,392.18654,0.0012999999999578904,3270.1990961787187,bench_jge_not_taken
392.38682,392.3881,0.0012800000000083855,3217.950547138463,bench_jge_not_taken
392.5884,392.5897,0.0013000000000147338,3285.4614174449325,bench_jge_taken
392.78998,392.7913,0.0013199999999642387,3339.2584509181725,bench_jge_taken
392.99158,392.99288,0.0013000000000147338,3292.817180085343,bench_jge_taken
393.19318,393.19448,0.0013000000000147338,3303.365125366397,bench_jge_taken
393.39478,393.39608,0.0012999999999578904,3309.555509936027,bench_jge_taken
393.59638,393.59768,0.0013000000000147338,3294.419094488331,bench_jge_taken
393.79796,393.79926,0.0013000000000147338,3295.3319186810745,bench_jge_taken
393.99956,394.00086,0.0013000000000147338,3280.165887019787,bench_jge_taken
394.20114,394.20244,0.0013000000000147338,3269.875142753007,bench_jge_taken
394.40274,394.40404,0.0013000000000147338,3257.17154894507,bench_jge_taken
394.60434,394.60564,0.0013000000000147338,3270.9490810978764,bench_jge_taken
394.80592,394.80722,0.0012999999999578904,3274.885134193697,bench_jge_taken
395.00752,395.00882,0.0013000000000147338,3286.0390097313198,bench_jge_taken
395.20912,395.21042,0.0013000000000147338,3285.9200542300755,bench_jge_taken
395.4107,395.41202,0.0013199999999642387,3348.547895331554,bench_jge_taken
395.6123,395.6136,0.0013000000000147338,3311.9444945270434,bench_jge_taken
395.8139,395.8152,0.0013000000000147338,3301.923333246133,bench_jge_taken
396.01548,396.01678,0.0012999999999578904,3291.3192057637657,bench_jge_taken
396.21708,396.21838,0.0013000000000147338,3278.7820371180596,bench_jge_taken
396.41868,396.41998,0.0013000000000147338,3283.074989491492,bench_jge_taken
396.62026,396.62156,0.0013000000000147338,3266.028582629253,bench_jge_taken
396.82186,396.82316,0.0012999999999578904,3266.9367267563457,bench_jge_taken
397.02346,397.02476,0.0013000000000147338,3272.1162029007255,bench_jge_taken
397.22504,397.22634,0.0013000000000147338,3286.4511805140846,bench_jge_taken
397.42664,397.42794,0.0012999999999578904,3312.0382878682885,bench_jge_taken
397.62822,397.62952,0.0013000000000147338,3299.3168267815763,bench_jge_taken
397.82982,397.83112,0.0013000000000147338,3299.4061499356103,bench_jge_taken
398.03142,398.03272,0.0012999999999578904,3302.5563576858935,bench_jge_taken
398.23302,398.23432,0.0013000000000147338,3292.8456669081215,bench_jge_taken
398.4346,398.4359,0.0013000000000147338,3277.425328315641,bench_jge_taken
398.63618,398.63748,0.0012999999999578904,3284.9996372705027,bench_jge_taken
398.83776,398.83908,0.001320000000021082,3326.4616155596523,bench_jge_taken
399.03936,399.04066,0.0013000000000147338,3263.437731702474,bench_jge_taken
399.24096,399.24226,0.0013000000000147338,3267.5785851186006,bench_jge_taken
399.44254,399.44384,0.0013000000000147338,3286.7447403601027,bench_jge_taken
399.64414,399.64544,0.0013000000000147338,3291.2646560433514,bench_jge_taken
399.84572,399.84704,0.001320000000021082,3349.304962968157,bench_jge_taken
400.04732,400.04862,0.0013000000000147338,3311.905816696285,bench_jge_taken
400.2489,400.2502,0.0013000000000147338,3307.440106335638,bench_jge_taken
400.4505,400.4518,0.0013000000000147338,3289.2881706827447,bench_jge_taken
400.65208,400.65338,0.0013000000000147338,3276.095937505351,bench_jge_taken
400.85366,400.85498,0.001320000000021082,3327.8140542711058,bench_jge_taken
401.05526,401.05656,0.0013000000000147338,3267.7098666771844,bench_jge_taken
401.25684,401.25814,0.0013000000000147338,3271.078334686304,bench_jge_taken
401.45842,401.45972,0.0013000000000147338,3280.2841207464526,bench_jge_taken
401.66002,401.66132,0.0013000000000147338,3279.3901069544418,bench_jge_taken
401.8616,401.8629,0.0013000000000147338,3291.5013260539267,bench_jge_taken
402.0632,402.0645,0.0013000000000147338,3299.2974180213664,bench_jge_taken
402.26478,402.26608,0.0013000000000147338,3294.952353509154,bench_jge_taken
402.46638,402.46768,0.0012999999999578904,3293.6959991975536,bench_jge_taken
402.66796,402.66926,0.0013000000000147338,3296.5661469389843,bench_jge_taken
402.86956,402.87086,0.0013000000000147338,3277.720012745195,bench_jge_taken
403.07114,403.07244,0.0012999999999578904,3282.2782708126747,bench_jge_taken
403.27274,403.27404,0.0013000000000147338,3265.8567745633222,bench_jge_taken
403.47434,403.47564,0.0013000000000147338,3248.1236104381437,bench_jge_taken
403.67592,403.67722,0.0012999999999578904,3281.5043347635747,bench_jge_taken
403.87752,403.87882,0.0013000000000147338,3283.7736001564244,bench_jge_taken
404.07912,404.08042,0.0013000000000147338,3277.007443874925,bench_jge_taken
404.2807,404.282,0.0012999999999578904,3288.864551451607,bench_jge_taken
404.4823,404.4836,0.0013000000000147338,3307.1944280907105,bench_jge_taken
404.68388,404.68518,0.0013000000000147338,3300.8593018613424,bench_jge_taken
404.88548,404.88678,0.0013000000000147338,3299.4844532097245,bench_jge_taken
405.08706,405.08838,0.0013199999999642387,3333.1032678500724,bench_jge_taken
405.28866,405.28996,0.0013000000000147338,3276.7971884892927,bench_jge_taken
405.49026,405.49156,0.0013000000000147338,3273.648337971372,bench_jge_taken
405.69186,405.69316,0.0012999999999578904,3274.0816985019032,bench_jge_taken
405.89346,405.89476,0.0013000000000147338,3271.7518322516767,bench_jge_taken
406.09504,406.09634,0.0013000000000147338,3282.215588305814,bench_jge_taken
406.29662,406.29794,0.0013199999999642387,3355.995076607351,bench_jge_taken
406.49822,406.49952,0.0013000000000147338,3305.0068724350003,bench_jge_taken
406.69982,406.70112,0.0013000000000147338,3292.483519806277,bench_jge_taken
406.9014,406.9027,0.0012999999999578904,3290.9751169969236,bench_jge_taken
407.103,407.1043,0.0013000000000147338,3293.1163278802933,bench_jge_taken
407.30458,407.30588,0.0013000000000147338,3279.2352233538786,bench_jge_taken
407.50618,407.50748,0.0013000000000147338,3266.6635327494273,bench_jge_taken
407.70776,407.70906,0.0013000000000147338,3264.245879873886,bench_jge_taken
407.90936,407.91066,0.0013000000000147338,3272.2585415870312,bench_jge_taken
408.11094,408.11224,0.0012999999999578904,3283.2815310574388,bench_jge_taken
408.31254,408.31384,0.0013000000000147338,3283.6351497436463,bench_jge_taken
408.51412,408.51542,0.0013000000000147338,3301.1915372157227,bench_jge_taken
408.71572,408.71702,0.0013000000000147338,3302.7659659758206,bench_jge_taken
408.91732,408.91862,0.0012999999999578904,3300.1817901384807,bench_jge_taken
409.11892,409.12022,0.0013000000000147338,3297.346378714295,bench_jge_taken
409.3205,409.32182,0.001320000000021082,3366.4469468086336,bench_jge_taken
409.5221,409.5234,0.0012999999999578904,3282.884389505778,bench_jge_taken
409.72368,409.72498,0.0013000000000147338,3266.611050386525,bench_jge_taken
409.92528,409.92658,0.0013000000000147338,3269.0684940189753,bench_jge_taken
410.12686,410.12816,0.0012999999999578904,3276.5901832608247,bench_jge_taken
410.32844,410.32974,0.0013000000000147338,3287.1397491958905,bench_jge_taken
410.53002,410.53134,0.001320000000021082,3344.26387917976,bench_jge_taken
410.73162,410.73292,0.0012999999999578904,3286.26282035893,bench_jge_taken
410.9332,410.9345,0.0013000000000147338,3292.017348614613,bench_jge_taken
411.13478,411.13608,0.0013000000000147338,3297.5903922254247,bench_jge_taken
411.33638,411.33768,0.0012999999999578904,3307.07138625109,bench_jge_taken
411.53796,411.53926,0.0013000000000147338,3295.3381538795447,bench_jge_taken
411.73956,411.74086,0.0013000000000147338,3255.656498997958,bench_jge_taken
411.94114,411.94244,0.0012999999999578904,3272.3366467947267,bench_jge_taken
412.14274,412.14404,0.0013000000000147338,3268.7728549747408,bench_jge_taken
412.34432,412.34562,0.0013000000000147338,3280.0481329205345,bench_jge_taken
412.54592,412.54722,0.0012999999999578904,3273.689339277043,bench_jge_taken
412.74752,412.74828,0.0007600000000138607,1861.7325439468777,bench_jmp
412.94858,412.94934,0.0007600000000138607,1868.6289200957017,bench_jmp
413.14962,413.1504,0.0007799999999633656,1929.5203754492484,bench_jmp
413.35068,413.35146,0.0007799999999633656,1925.0459991375817,bench_jmp
413.55174,413.55252,0.000780000000020209,1913.3524061731912,bench_jmp
413.7528,413.75358,0.000780000000020209,1911.2040592030778,bench_jmp
413.95384,413.95462,0.0007799999999633656,1911.3929801592244,bench_jmp
414.1549,414.15568,0.000780000000020209,1912.9335764400032,bench_jmp
414.35596,414.35674,0.000780000000020209,1912.6792136238907,bench_jmp
414.55702,414.5578,0.0007799999999633656,1881.7206727177547,bench_jmp
414.75808,414.75886,0.000780000000020209,1889.3708847954267,bench_jmp
414.95914,414.95992,0.000780000000020209,1897.8318246631504,bench_jmp
415.1602,415.16098,0.000780000000020209,1895.933491237039,bench_jmp
415.36126,415.36204,0.0007799999999633656,1904.3019552699925,bench_jmp
415.56232,415.5631,0.000780000000020209,1910.0783975407653,bench_jmp
415.76338,415.76416,0.000780000000020209,1924.3172440347112,bench_jmp
415.96444,415.96522,0.0007799999999633656,1908.2154076376844,bench_jmp
416.1655,416.16628,0.0007799999999633656,1916.3491506153584,bench_jmp
416.36656,416.36732,0.0007600000000138607,1862.4613830298958,bench_jmp
416.5676,416.56838,0.0007799999999633656,1929.8931931901911,bench_jmp
416.76866,416.76944,0.0007799999999633656,1921.0581457219878,bench_jmp
416.96972,416.9705,0.000780000000020209,1920.000335723729,bench_jmp
417.17078,417.17154,0.0007600000000138607,1865.0468253023773,bench_jmp
417.37182,417.3726,0.0007799999999633656,1913.273588194548,bench_jmp
417.57288,417.57366,0.000780000000020209,1904.716247281413,bench_jmp
417.77394,417.77472,0.000780000000020209,1919.0811389738028,bench_jmp
417.975,417.97578,0.0007799999999633656,1900.8664133772206,bench_jmp
418.17606,418.17684,0.000780000000020209,1889.538634617637,bench_jmp
418.37712,418.3779,0.000780000000020209,1909.9063659662816,bench_jmp
418.57818,418.57896,0.000780000000020209,1898.8068192853939,bench_jmp
418.77922,418.78,0.0007799999999633656,1908.1692629511206,bench_jmp
418.98028,418.98106,0.000780000000020209,1900.9578927021983,bench_jmp
419.18134,419.18212,0.000780000000020209,1911.5714473327284,bench_jmp
419.3824,419.38316,0.0007599999999570173,1866.1871411615946,bench_jmp
419.58344,419.58422,0.000780000000020209,1916.567843929663,bench_jmp
419.7845,419.78528,0.000780000000020209,1911.1001981065597,bench_jmp
419.98556,419.98634,0.0007799999999633656,1925.8392764145426,bench_jmp
420.18664,420.1874,0.0007600000000138607,1853.6087242266592,bench_jmp
420.3877,420.38848,0.000780000000020209,1910.3310048186045,bench_jmp
420.58876,420.58954,0.000780000000020209,1902.8472505150196,bench_jmp
420.78982,420.7906,0.0007799999999633656,1913.3770697675109,bench_jmp
420.99088,420.99166,0.000780000000020209,1896.453402054133,bench_jmp
421.19194,421.19272,0.000780000000020209,1894.7883998608447,bench_jmp
421.393,421.39378,0.000780000000020209,1912.122597046159,bench_jmp
421.59406,421.59484,0.0007799999999633656,1895.0504575834818,bench_jmp
421.79512,421.7959,0.000780000000020209,1914.6799459643546,bench_jmp
421.99618,421.99696,0.000780000000020209,1908.7284594449109,bench_jmp
422.19726,422.19804,0.0007799999999633656,1916.9169244150205,bench_jmp
422.39832,422.3991,0.0007799999999633656,1907.1094946893372,bench_jmp
422.59938,422.60016,0.000780000000020209,1923.9215180830865,bench_jmp
422.80044,422.80122,0.000780000000020209,1917.3721084972262,bench_jmp
423.00152,423.0023,0.0007799999999633656,1924.630398754921,bench_jmp
423.20258,423.20336,0.0007799999999633656,1916.7345738001245,bench_jmp
423.40364,423.40442,0.000780000000020209,1925.9800157141267,bench_jmp
423.6047,423.60548,0.000780000000020209,1930.7303010150015,bench_jmp
423.80576,423.80654,0.0007799999999633656,1923.72543494271,bench_jmp
424.00682,424.0076,0.000780000000020209,1930.36758811457,bench_jmp
424.20788,424.20866,0.000780000000020209,1909.1466628610451,bench_jmp
424.40894,424.40972,0.000780000000020209,1891.2620028151084,bench_jmp
424.61,424.61078,0.0007799999999633656,1903.5194580448692,bench_jmp
424.81106,424.81184,0.000780000000020209,1892.1179813857834,bench_jmp
425.01212,425.0129,0.000780000000020209,1888.3444159890444,bench_jmp
425.21318,425.21396,0.0007799999999633656,1900.002367218217,bench_jmp
425.41424,425.41502,0.000780000000020209,1919.0304610438557,bench_jmp
425.61532,425.6161,0.000780000000020209,1922.6080924807113,bench_jmp
425.81638,425.81716,0.000780000000020209,1923.4977011213136,bench_jmp
426.01744,426.01822,0.0007799999999633656,1913.7830588872107,bench_jmp
426.2185,426.21928,0.000780000000020209,1914.4028332589967,bench_jmp
426.41956,426.42034,0.000780000000020209,1914.753306249627,bench_jmp
426.62062,426.6214,0.000780000000020209,1903.414249013152,bench_jmp
426.82168,426.82246,0.0007799999999633656,1909.2393898392838,bench_jmp
427.02274,427.02352,0.000780000000020209,1919.7167526533929,bench_jmp
427.2238,427.22458,0.000780000000020209,1915.2706885368225,bench_jmp
427.42486,427.42564,0.0007799999999633656,1911.8457286450307,bench_jmp
427.62592,427.6267,0.000780000000020209,1903.972753837959,bench_jmp
427.82698,427.82776,0.000780000000020209,1891.1749777002397,bench_jmp
428.02804,428.02882,0.000780000000020209,1905.870863761713,bench_jmp
428.2291,428.22988,0.0007799999999633656,1893.2355194261975,bench_jmp
428.43016,428.43094,0.000780000000020209,1902.7506257943019,bench_jmp
428.63122,428.632,0.000780000000020209,1919.9758419403702,bench_jmp
428.83228,428.83306,0.0007799999999633656,1919.65386726221,bench_jmp
429.03334,429.03412,0.0007799999999633656,1909.9726107883919,bench_jmp
429.2344,429.23518,0.000780000000020209,1936.5830720051677,bench_jmp
429.43546,429.43624,0.000780000000020209,1920.3226501725253,bench_jmp
429.63652,429.6373,0.0007799999999633656,1923.2838692958005,bench_jmp
429.83758,429.83836,0.000780000000020209,1920.480188035598,bench_jmp
430.03864,430.03942,0.000780000000020209,1916.8119459074273,bench_jmp
430.2397,430.24048,0.0007799999999633656,1922.8292674565723,bench_jmp
430.44078,430.44156,0.0007799999999633656,1907.6967704030733,bench_jmp
430.64182,430.6426,0.000780000000020209,1900.58137528633,bench_jmp
430.8429,430.84366,0.0007600000000138607,1838.9471620752552,bench_jmp
431.04394,431.04472,0.0007799999999633656,1900.709944207142,bench_jmp
431.245,431.24578,0.000780000000020209,1907.872771893097,bench_jmp
431.44606,431.44684,0.000780000000020209,1893.620162795924,bench_jmp
431.64712,431.6479,0.000780000000020209,1901.2351730503995,bench_jmp
431.84816,431.84894,0.000780000000020209,1910.621481997083,bench_jmp
432.04922,432.05,0.000780000000020209,1913.14711706476,bench_jmp
432.25028,432.25104,0.0007600000000138607,1874.1080537884868,bench_jmp
432.45132,432.4521,0.0007799999999633656,1921.6670234671499,bench_jmp
432.65238,432.65316,0.000780000000020209,1912.390047274554,bench_jmp
