t_start_s,t_end_s,duration_s,energy_nJ,event_label
9.82076,9.82384,0.003080000000000638,7979.582061526933,bench_add_reg_reg
10.02404,10.02712,0.003080000000000638,7977.817074863244,bench_add_reg_reg
10.2273,10.2304,0.0030999999999998806,8040.996640920356,bench_add_reg_reg
10.43058,10.43366,0.0030799999999988614,7963.491368569606,bench_add_reg_reg
10.63384,10.63692,0.003080000000000638,7987.6921325942185,bench_add_reg_reg
10.8371,10.8402,0.0030999999999998806,8034.176568034892,bench_add_reg_reg
11.04038,11.04346,0.0030799999999988614,7971.16678440588,bench_add_reg_reg
11.24364,11.24674,0.003100000000001657,8016.816123859,bench_add_reg_reg
11.44692,11.45,0.0030799999999988614,7969.828180499713,bench_add_reg_reg
11.65018,11.65328,0.0030999999999998806,8011.224518994845,bench_add_reg_reg
11.85346,11.85654,0.003080000000000638,7967.915234622932,bench_add_reg_reg
12.05674,12.05982,0.003080000000000638,7987.765506843193,bench_add_reg_reg
12.26,12.2631,0.0030999999999998806,8020.03195742117,bench_add_reg_reg
12.46328,12.46636,0.003080000000000638,7975.459513256486,bench_add_reg_reg
12.66656,12.66964,0.0030799999999988614,7968.046583697675,bench_add_reg_reg
12.86982,12.8729,0.0030799999999988614,7986.347828988058,bench_add_reg_reg
13.0731,13.07618,0.003080000000000638,7959.301276133745,bench_add_reg_reg
13.27636,13.27946,0.0030999999999998806,8029.862176626209,bench_add_reg_reg
13.47964,13.48272,0.003080000000000638,7983.459273820485,bench_add_reg_reg
13.68292,13.686,0.003080000000000638,7984.656665941806,bench_add_reg_reg
13.88618,13.88926,0.003080000000000638,7994.376381395386,bench_add_reg_reg
14.08946,14.09254,0.0030799999999988614,7987.653806336397,bench_add_reg_reg
14.29274,14.29582,0.003080000000000638,7980.584350881709,bench_add_reg_reg
14.496,14.49908,0.0030799999999988614,7973.936139602512,bench_add_reg_reg
14.69928,14.70236,0.003080000000000638,7969.669399318841,bench_add_reg_reg
14.90254,14.90564,0.0030999999999998806,8024.875752161616,bench_add_reg_reg
15.10582,15.10892,0.0030999999999998806,8043.24514931063,bench_add_reg_reg
15.3091,15.31218,0.0030799999999988614,7969.861552115677,bench_add_reg_reg
15.51238,15.51546,0.0030799999999988614,7983.771848954761,bench_add_reg_reg
15.71564,15.71874,0.0030999999999998806,8028.610609471031,bench_add_reg_reg
15.91892,15.922,0.003080000000000638,7968.728400302659,bench_add_reg_reg
16.12218,16.12528,0.0030999999999998806,8044.017727951942,bench_add_reg_reg
16.32546,16.32854,0.003080000000000638,7985.524721445358,bench_add_reg_reg
16.52874,16.53182,0.003080000000000638,7975.045118948417,bench_add_reg_reg
16.732,16.73508,0.003080000000000638,7980.252210983958,bench_add_reg_reg
16.93528,16.93836,0.003080000000000638,7976.524366533902,bench_add_reg_reg
17.13854,17.14164,0.0030999999999998806,8041.546579916124,bench_add_reg_reg
17.34182,17.3449,0.003080000000000638,7981.152844152094,bench_add_reg_reg
17.5451,17.54818,0.003079999999997085,7984.226786057408,bench_add_reg_reg
17.74838,17.75146,0.003080000000000638,7977.930684575074,bench_add_reg_reg
17.95164,17.954720000000002,0.003080000000000638,7992.527661845929,bench_add_reg_reg
18.15492,18.158,0.003080000000000638,7978.443834000208,bench_add_reg_reg
18.3582,18.36128,0.003080000000000638,7985.30341824638,bench_add_reg_reg
18.56146,18.56456,0.0030999999999998806,8042.353480122251,bench_add_reg_reg
18.76474,18.76782,0.003080000000000638,7987.174778246857,bench_add_reg_reg
18.96802,18.9711,0.003080000000000638,7984.827796464839,bench_add_reg_reg
19.17128,19.17438,0.0030999999999998806,8038.770265411458,bench_add_reg_reg
19.37456,19.37764,0.003080000000000638,7979.528461585495,bench_add_reg_reg
19.57782,19.58092,0.0030999999999998806,8044.2850431429615,bench_add_reg_reg
19.7811,19.78418,0.003080000000000638,7995.723320639199,bench_add_reg_reg
19.98438,19.98746,0.003079999999997085,7980.06867756211,bench_add_reg_reg
20.18764,20.19072,0.003080000000000638,7988.488050180213,bench_add_reg_reg
20.39092,20.394,0.003079999999997085,7974.924896835326,bench_add_reg_reg
20.59418,20.59728,0.0030999999999998806,8038.369885178818,bench_add_reg_reg
20.79746,20.80054,0.003080000000000638,7972.803239246098,bench_add_reg_reg
21.00074,21.00382,0.003080000000000638,7963.337521070173,bench_add_reg_reg
21.20402,21.2071,0.003080000000000638,7978.571804707337,bench_add_reg_reg
21.40728,21.41036,0.003080000000000638,7989.272419364367,bench_add_reg_reg
21.61056,21.61364,0.003080000000000638,7975.4480789430945,bench_add_reg_reg
21.81382,21.81692,0.0030999999999998806,8042.103627230544,bench_add_reg_reg
22.0171,22.02018,0.003080000000000638,7976.634295193546,bench_add_reg_reg
22.22038,22.22346,0.003080000000000638,7961.694539992627,bench_add_reg_reg
22.42364,22.42672,0.003080000000000638,7994.785297198602,bench_add_reg_reg
22.62692,22.63,0.003080000000000638,7978.103237694933,bench_add_reg_reg
22.83018,22.83328,0.0030999999999998806,8033.116110601081,bench_add_reg_reg
23.03346,23.03654,0.003079999999997085,7988.912288556763,bench_add_reg_reg
23.23674,23.23982,0.003080000000000638,7993.711363524997,bench_add_reg_reg
23.44,23.4431,0.0030999999999998806,8041.052937040593,bench_add_reg_reg
23.64328,23.64636,0.003080000000000638,7987.976586447054,bench_add_reg_reg
23.84654,23.84962,0.003080000000000638,7980.823586695724,bench_add_reg_reg
24.04982,24.0529,0.003080000000000638,7990.37772696599,bench_add_reg_reg
24.25308,24.25616,0.003080000000000638,7997.285984457511,bench_add_reg_reg
24.45636,24.45944,0.003080000000000638,7984.857494012581,bench_add_reg_reg
24.65962,24.6627,0.003080000000000638,7997.82910617193,bench_add_reg_reg
24.86288,24.86596,0.003080000000000638,7984.158254695112,bench_add_reg_reg
25.06614,25.06924,0.0030999999999998806,8041.74911929165,bench_add_reg_reg
25.26942,25.2725,0.003080000000000638,7984.318253585701,bench_add_reg_reg
25.47268,25.47576,0.003080000000000638,7976.398617030398,bench_add_reg_reg
25.67594,25.67904,0.0030999999999998806,8047.956489025364,bench_add_reg_reg
25.87922,25.8823,0.003080000000000638,8005.607838278205,bench_add_reg_reg
26.08248,26.08558,0.0030999999999998806,8047.895038034027,bench_add_reg_reg
26.28576,26.28884,0.003080000000000638,7983.468377498532,bench_add_reg_reg
26.48902,26.4921,0.003080000000000638,7977.376184427564,bench_add_reg_reg
26.69228,26.69538,0.0030999999999998806,8042.36266063448,bench_add_reg_reg
26.89556,26.89864,0.003080000000000638,7987.357450185284,bench_add_reg_reg
27.09884,27.10192,0.003080000000000638,7989.425894340466,bench_add_reg_reg
27.3021,27.30518,0.003080000000000638,7982.24455677151,bench_add_reg_reg
27.50538,27.50846,0.003080000000000638,7981.00189073239,bench_add_reg_reg
27.70864,27.71172,0.003080000000000638,7987.466086635619,bench_add_reg_reg
27.9119,27.915,0.0030999999999998806,8032.437614165076,bench_add_reg_reg
28.11518,28.11826,0.003080000000000638,7995.3102581227795,bench_add_reg_reg
28.31844,28.32152,0.003080000000000638,7999.511037489957,bench_add_reg_reg
28.5217,28.5248,0.0030999999999998806,8045.554233249181,bench_add_reg_reg
28.72498,28.72806,0.003080000000000638,7991.157686340462,bench_add_reg_reg
28.92824,28.93132,0.003080000000000638,8001.758353786909,bench_add_reg_reg
29.1315,29.13458,0.003080000000000638,7992.009595038588,bench_add_reg_reg
29.33476,29.33786,0.0030999999999998806,8049.968774430181,bench_add_reg_reg
29.53804,29.54112,0.003080000000000638,7996.67688552548,bench_add_reg_reg
29.74132,29.7444,0.003079999999997085,7980.893431223092,bench_add_reg_reg
29.94458,29.94766,0.003080000000000638,8006.2544415733055,bench_add_reg_reg
30.14786,30.1539,0.006039999999998713,16062.491254410994,bench_add_imm_reg
30.35408,30.3601,0.00601999999999947,15996.808987109605,bench_add_imm_reg
30.5603,30.56632,0.00601999999999947,16004.687994715945,bench_add_imm_reg
30.7665,30.77254,0.006039999999998713,16050.547857299125,bench_add_imm_reg
30.97272,30.97876,0.006040000000002266,16046.99361604368,bench_add_imm_reg
31.17894,31.18498,0.006039999999998713,16053.715064186279,bench_add_imm_reg
31.38516,31.39118,0.00601999999999947,16000.781599430651,bench_add_imm_reg
31.59138,31.5974,0.00601999999999947,15994.48592634667,bench_add_imm_reg
31.79758,31.80362,0.006039999999998713,16062.585997857092,bench_add_imm_reg
32.0038,32.00984,0.006039999999998713,16060.099666935064,bench_add_imm_reg
32.21002,32.21604,0.00601999999999947,15985.477650536837,bench_add_imm_reg
32.41622,32.42226,0.006039999999998713,16054.047753563642,bench_add_imm_reg
32.62244,32.62848,0.0060400000000058185,16043.88211855558,bench_add_imm_reg
32.82866,32.8347,0.006039999999998713,16071.857914790671,bench_add_imm_reg
33.03488,33.0409,0.00601999999999947,15998.656642620339,bench_add_imm_reg
33.2411,33.24712,0.00601999999999947,15986.517737616738,bench_add_imm_reg
33.44732,33.45334,0.00601999999999947,16001.880278344428,bench_add_imm_reg
33.65352,33.65956,0.006039999999998713,16068.737085438417,bench_add_imm_reg
33.85974,33.86578,0.006039999999998713,16062.014647753987,bench_add_imm_reg
34.06596,34.072,0.0060400000000058185,16069.557771569638,bench_add_imm_reg
34.27218,34.2782,0.00601999999999947,15990.813779642802,bench_add_imm_reg
34.47838,34.48442,0.006039999999998713,16050.591098605531,bench_add_imm_reg
34.6846,34.69062,0.00601999999999947,15995.027648747484,bench_add_imm_reg
34.8908,34.89684,0.006039999999998713,16057.305582795821,bench_add_imm_reg
35.09702,35.10304,0.00601999999999947,16007.963847366385,bench_add_imm_reg
35.30322,35.30926,0.006039999999998713,16065.00990455419,bench_add_imm_reg
35.50944,35.51548,0.006039999999998713,16075.5798523286,bench_add_imm_reg
35.71564,35.72168,0.006039999999998713,16061.994160985883,bench_add_imm_reg
35.92186,35.9279,0.006039999999998713,16041.72412771259,bench_add_imm_reg
36.12808,36.13412,0.0060400000000058185,16045.543493254978,bench_add_imm_reg
36.3343,36.34034,0.006039999999998713,16051.380229179114,bench_add_imm_reg
36.54052,36.54656,0.006039999999998713,16049.693301315956,bench_add_imm_reg
36.74674,36.75278,0.006039999999998713,16053.030111356033,bench_add_imm_reg
36.95296,36.959,0.0060400000000058185,16062.584272603392,bench_add_imm_reg
37.15918,37.16522,0.006039999999998713,16061.071101573285,bench_add_imm_reg
37.3654,37.37144,0.006039999999998713,16074.429571157456,bench_add_imm_reg
37.57162,37.57766,0.006039999999998713,16042.548797553662,bench_add_imm_reg
37.77784,37.78388,0.0060400000000058185,16070.15206014587,bench_add_imm_reg
37.98408,37.9901,0.00601999999999947,16004.371694287624,bench_add_imm_reg
38.19028,38.19632,0.006039999999998713,16042.678095395331,bench_add_imm_reg
38.3965,38.40254,0.006039999999998713,16057.435388206006,bench_add_imm_reg
38.60272,38.60874,0.00601999999999947,15985.892468597203,bench_add_imm_reg
38.80892,38.81496,0.006039999999998713,16059.58223109599,bench_add_imm_reg
39.01514,39.02118,0.006039999999998713,16066.251061851766,bench_add_imm_reg
39.22134,39.22738,0.006039999999998713,16052.853849248137,bench_add_imm_reg
39.42756,39.4336,0.006039999999998713,16036.066319789234,bench_add_imm_reg
39.63378,39.6398,0.00601999999999947,16008.41873092345,bench_add_imm_reg
39.83998,39.84602,0.0060400000000058185,16060.42585570263,bench_add_imm_reg
40.0462,40.05224,0.006039999999998713,16061.499484345819,bench_add_imm_reg
40.25242,40.25844,0.00601999999999947,16009.876041205274,bench_add_imm_reg
40.45862,40.46466,0.006039999999998713,16062.197047280459,bench_add_imm_reg
40.66484,40.67086,0.00601999999999947,15999.35440113657,bench_add_imm_reg
40.87106,40.87708,0.00601999999999947,16008.287395814212,bench_add_imm_reg
41.07726,41.0833,0.006039999999998713,16056.872694748034,bench_add_imm_reg
41.28348,41.2895,0.00601999999999947,16005.071066319812,bench_add_imm_reg
41.48968,41.49572,0.006039999999998713,16049.428770780289,bench_add_imm_reg
41.6959,41.70194,0.006039999999998713,16062.93152318747,bench_add_imm_reg
41.90212,41.90816,0.0060400000000058185,16055.720946769228,bench_add_imm_reg
42.10834,42.11438,0.006039999999998713,16050.154191904316,bench_add_imm_reg
42.31454,42.32058,0.006039999999998713,16085.009796074386,bench_add_imm_reg
42.52076,42.5268,0.006039999999998713,16065.925864963161,bench_add_imm_reg
42.72698,42.733,0.00601999999999947,16005.269740707055,bench_add_imm_reg
42.93318,42.93922,0.006039999999998713,16069.078096184567,bench_add_imm_reg
43.1394,43.14544,0.006039999999998713,16061.770967203227,bench_add_imm_reg
43.34562,43.35164,0.006020000000006576,16000.51649847989,bench_add_imm_reg
43.55182,43.55786,0.006039999999998713,16067.9304925684,bench_add_imm_reg
43.75804,43.76408,0.006039999999998713,16062.085987063982,bench_add_imm_reg
43.96426,43.9703,0.006039999999998713,16060.149625404536,bench_add_imm_reg
44.17048,44.1765,0.00601999999999947,16013.787682168024,bench_add_imm_reg
44.37668,44.38272,0.006039999999998713,16062.504984434168,bench_add_imm_reg
44.5829,44.58894,0.006039999999998713,16063.96950780811,bench_add_imm_reg
44.78912,44.79516,0.0060400000000058185,16058.069448935645,bench_add_imm_reg
44.99534,45.00136,0.00601999999999947,15999.023362527312,bench_add_imm_reg
45.20156,45.20758,0.00601999999999947,16002.818047997956,bench_add_imm_reg
45.40776,45.4138,0.006039999999998713,16060.667918059113,bench_add_imm_reg
45.61398,45.62002,0.006039999999998713,16050.914367658266,bench_add_imm_reg
45.8202,45.82624,0.006039999999998713,16060.82188896422,bench_add_imm_reg
46.02642,46.03246,0.006039999999998713,16057.946910145922,bench_add_imm_reg
46.23264,46.23866,0.00601999999999947,16017.460683357556,bench_add_imm_reg
46.43884,46.44488,0.006039999999998713,16095.405337396542,bench_add_imm_reg
46.64506,46.6511,0.006039999999998713,16088.122301731451,bench_add_imm_reg
46.85128,46.85732,0.006039999999998713,16085.662813851837,bench_add_imm_reg
47.0575,47.06354,0.0060400000000058185,16059.887043683071,bench_add_imm_reg
47.26372,47.26974,0.00601999999999947,16002.125700468918,bench_add_imm_reg
47.46992,47.47596,0.006039999999998713,16066.308245058139,bench_add_imm_reg
47.67614,47.68218,0.0060400000000058185,16062.734432070114,bench_add_imm_reg
47.88236,47.88838,0.00601999999999947,16009.525959379222,bench_add_imm_reg
48.08858,48.0946,0.00601999999999947,16022.136297540603,bench_add_imm_reg
48.2948,48.30082,0.00601999999999947,16029.574177225975,bench_add_imm_reg
48.50102,48.50704,0.006020000000006576,16044.71974775224,bench_add_imm_reg
48.70722,48.71326,0.006039999999998713,16086.663075252198,bench_add_imm_reg
48.91344,48.91948,0.006039999999998713,16083.007990377966,bench_add_imm_reg
49.11966,49.1257,0.006039999999998713,16092.67964492873,bench_add_imm_reg
49.32588,49.33192,0.006039999999998713,16083.39936705018,bench_add_imm_reg
49.5321,49.53814,0.006039999999998713,16094.574874729182,bench_add_imm_reg
49.73832,49.74436,0.006039999999998713,16065.884078849078,bench_add_imm_reg
49.94454,49.95058,0.006039999999998713,16021.6485895169,bench_add_imm_reg
50.15076,50.15678,0.00601999999999947,15991.299054584139,bench_add_imm_reg
50.35698,50.363,0.00601999999999947,16004.483967551858,bench_add_imm_reg
50.5632,50.56922,0.00601999999999947,16003.006286916225,bench_add_imm_reg
50.76942,50.7761,0.006680000000002906,19410.594163938564,bench_add_idx_reg
50.97628,50.98298,0.006699999999995043,19422.248178145583,bench_add_idx_reg
51.18316,51.18984,0.0066799999999958,19346.67238498699,bench_add_idx_reg
51.39004,51.39672,0.006680000000002906,19358.98622964404,bench_add_idx_reg
51.5969,51.60358,0.006680000000002906,19359.57074399035,bench_add_idx_reg
51.80376,51.81044,0.006680000000002906,19362.114532860618,bench_add_idx_reg
52.01064,52.01732,0.0066799999999958,19356.349157155833,bench_add_idx_reg
52.2175,52.22418,0.0066799999999958,19370.266238679797,bench_add_idx_reg
52.42438,52.43106,0.006680000000002906,19383.212900728333,bench_add_idx_reg
52.63124,52.63792,0.006680000000002906,19384.18461476368,bench_add_idx_reg
52.8381,52.8448,0.006700000000002149,19436.543046038034,bench_add_idx_reg
53.04498,53.05166,0.0066799999999958,19376.58716457448,bench_add_idx_reg
53.25184,53.25854,0.006700000000002149,19437.819095333834,bench_add_idx_reg
53.45872,53.4654,0.006680000000002906,19385.146989960547,bench_add_idx_reg
53.66558,53.67228,0.006700000000002149,19446.557217750273,bench_add_idx_reg
53.87246,53.87914,0.006680000000002906,19411.898998087374,bench_add_idx_reg
54.07934,54.08602,0.0066799999999958,19375.228907433866,bench_add_idx_reg
54.2862,54.29288,0.0066799999999958,19384.172521519213,bench_add_idx_reg
54.49308,54.49976,0.006680000000002906,19393.896460540804,bench_add_idx_reg
54.69996,54.70664,0.006680000000002906,19380.905663137433,bench_add_idx_reg
54.90682,54.91352,0.006699999999995043,19435.065546988546,bench_add_idx_reg
55.1137,55.12038,0.0066799999999958,19372.482025051664,bench_add_idx_reg
55.32056,55.32724,0.006680000000002906,19399.28553300764,bench_add_idx_reg
55.52744,55.53412,0.006680000000002906,19388.885509696363,bench_add_idx_reg
55.7343,55.74098,0.006680000000002906,19370.045585101136,bench_add_idx_reg
55.94116,55.94784,0.0066799999999958,19391.998690539498,bench_add_idx_reg
56.14804,56.15472,0.0066799999999958,19371.646477362177,bench_add_idx_reg
56.3549,56.36158,0.0066799999999958,19365.718108588924,bench_add_idx_reg
56.56178,56.56846,0.006680000000002906,19378.57243698955,bench_add_idx_reg
56.76864,56.77532,0.006680000000002906,19403.34765707161,bench_add_idx_reg
56.97552,56.9822,0.0066799999999958,19417.425929555022,bench_add_idx_reg
57.18238,57.18908,0.006699999999995043,19474.439884054682,bench_add_idx_reg
57.38926,57.39594,0.006680000000002906,19414.358469665724,bench_add_idx_reg
57.59612,57.60282,0.006700000000002149,19478.873508057757,bench_add_idx_reg
57.803,57.80968,0.006680000000002906,19374.078528498965,bench_add_idx_reg
58.00988,58.01656,0.0066799999999958,19314.942841870485,bench_add_idx_reg
58.21674,58.22342,0.0066799999999958,19231.277238565213,bench_add_idx_reg
58.42362,58.4303,0.006680000000002906,19164.085071542253,bench_add_idx_reg
58.63048,58.63718,0.006700000000002149,19174.378528265537,bench_add_idx_reg
58.83736,58.84404,0.006680000000002906,19144.085117159386,bench_add_idx_reg
59.04424,59.05092,0.0066799999999958,19196.926702266428,bench_add_idx_reg
59.25112,59.2578,0.006680000000002906,19213.57579297178,bench_add_idx_reg
59.458,59.46468,0.006680000000002906,19263.510187165473,bench_add_idx_reg
59.66486,59.67154,0.006680000000002906,19317.955677406448,bench_add_idx_reg
59.87174,59.87842,0.0066799999999958,19325.41527551164,bench_add_idx_reg
60.0786,60.08528,0.0066799999999958,19318.55259229155,bench_add_idx_reg
60.28548,60.29216,0.006680000000002906,19283.306128353972,bench_add_idx_reg
60.49236,60.49904,0.006680000000002906,19267.041194261506,bench_add_idx_reg
60.69922,60.7059,0.006680000000002906,19248.121047867702,bench_add_idx_reg
60.9061,60.91278,0.0066799999999958,19272.30654283039,bench_add_idx_reg
61.11298,61.11966,0.006680000000002906,19311.917789753858,bench_add_idx_reg
61.31984,61.32654,0.006700000000002149,19449.847876099782,bench_add_idx_reg
61.52672,61.5334,0.006680000000002906,19451.007605539213,bench_add_idx_reg
61.7336,61.74028,0.0066799999999958,19430.202364442226,bench_add_idx_reg
61.94046,61.94714,0.0066799999999958,19448.655981092357,bench_add_idx_reg
62.14734,62.15402,0.006680000000002906,19448.75801215767,bench_add_idx_reg
62.35422,62.3609,0.006680000000002906,19418.85647830399,bench_add_idx_reg
62.5611,62.56778,0.0066799999999958,19394.55606042074,bench_add_idx_reg
62.76798,62.77466,0.0066799999999958,19357.746299342863,bench_add_idx_reg
62.97486,62.98154,0.006680000000002906,19386.69797033879,bench_add_idx_reg
63.18172,63.1884,0.006680000000002906,19395.93943302414,bench_add_idx_reg
63.38858,63.39526,0.006680000000002906,19408.119006556688,bench_add_idx_reg
63.59546,63.60214,0.0066799999999958,19384.353707996524,bench_add_idx_reg
63.80232,63.809,0.0066799999999958,19336.79250067625,bench_add_idx_reg
64.00918,64.01588,0.006699999999995043,19491.85606556514,bench_add_idx_reg
64.21606,64.22274,0.006680000000002906,19559.926881928903,bench_add_idx_reg
64.42294,64.42962,0.006680000000002906,19710.761588076002,bench_add_idx_reg
64.62982,64.6365,0.006680000000002906,19805.143985441802,bench_add_idx_reg
64.83668,64.84336,0.006680000000002906,19703.067105736594,bench_add_idx_reg
65.04356,65.05024,0.006680000000002906,19577.203579256002,bench_add_idx_reg
65.25044,65.25712,0.006680000000002906,19475.07654550404,bench_add_idx_reg
65.4573,65.46398,0.006680000000002906,19443.36287445192,bench_add_idx_reg
65.66418,65.67086,0.006680000000002906,19422.31727997534,bench_add_idx_reg
65.87104,65.87772,0.006680000000002906,19378.41667096193,bench_add_idx_reg
66.07792,66.0846,0.006679999999988695,19354.998026939804,bench_add_idx_reg
66.28478,66.29148,0.006700000000009254,19430.9528451682,bench_add_idx_reg
66.49166,66.49834,0.006680000000002906,19362.095322002177,bench_add_idx_reg
66.69854,66.70522,0.006680000000002906,19382.687399639155,bench_add_idx_reg
66.90542,66.9121,0.006679999999988695,19370.0654292124,bench_add_idx_reg
67.11228,67.11896,0.006680000000002906,19362.626306255515,bench_add_idx_reg
67.31914,67.32584,0.006699999999995043,19434.45232229545,bench_add_idx_reg
67.52602,67.5327,0.006680000000002906,19357.85762966362,bench_add_idx_reg
67.73288,67.73958,0.006700000000009254,19453.0962105194,bench_add_idx_reg
67.93976,67.94644,0.006679999999988695,19372.81314047393,bench_add_idx_reg
68.14664,68.15332,0.006679999999988695,19369.760656229544,bench_add_idx_reg
68.3535,68.36018,0.006680000000002906,19385.140526584128,bench_add_idx_reg
68.56036,68.56704,0.006680000000002906,19351.27492529075,bench_add_idx_reg
68.76722,68.77392,0.006700000000009254,19434.615350356384,bench_add_idx_reg
68.9741,68.98078,0.006679999999988695,19354.227457625933,bench_add_idx_reg
69.18096,69.18764,0.006680000000002906,19359.80709270576,bench_add_idx_reg
69.38784,69.39452,0.006680000000002906,19356.35534814551,bench_add_idx_reg
69.5947,69.6014,0.006699999999995043,19419.406203071638,bench_add_idx_reg
69.80158,69.80828,0.006699999999995043,19409.677325731463,bench_add_idx_reg
70.00846,70.01514,0.006680000000002906,19328.41181523062,bench_add_idx_reg
70.21534,70.22202,0.006680000000002906,19346.018368387067,bench_add_idx_reg
70.4222,70.42888,0.006680000000002906,19295.819273691373,bench_add_idx_reg
70.62906,70.63574,0.006680000000002906,19311.03771087786,bench_add_idx_reg
70.83594,70.84262,0.006680000000002906,19334.638554146666,bench_add_idx_reg
71.04282,71.0495,0.006679999999988695,19328.282284516677,bench_add_idx_reg
71.24968,71.25636,0.006680000000002906,19368.7809212224,bench_add_idx_reg
71.45656,71.46324,0.006680000000002906,19789.51793630576,bench_add_sym_reg
71.66342,71.6701,0.006680000000002906,19927.66862503136,bench_add_sym_reg
71.87028,71.87696,0.006680000000002906,19833.560977141013,bench_add_sym_reg
72.07714,72.08382,0.006680000000002906,19656.48171259956,bench_add_sym_reg
72.284,72.29066,0.0066599999999965576,19550.73266987453,bench_add_sym_reg
72.49086,72.49754,0.006680000000002906,19583.486949567996,bench_add_sym_reg
72.69772,72.7044,0.006680000000002906,19581.18143724993,bench_add_sym_reg
72.90458,72.91126,0.006680000000002906,19597.491077155915,bench_add_sym_reg
73.11144,73.11812,0.006680000000002906,19642.445626676155,bench_add_sym_reg
73.31832,73.325,0.006680000000002906,19696.629052058306,bench_add_sym_reg
73.52518,73.53186,0.006679999999988695,19714.310232048625,bench_add_sym_reg
73.73206,73.73874,0.006680000000002906,19764.358049731527,bench_add_sym_reg
73.93892,73.9456,0.006680000000002906,19778.06321578952,bench_add_sym_reg
74.14578,74.15246,0.006680000000002906,19798.567325350552,bench_add_sym_reg
74.35266,74.35934,0.006680000000002906,19810.3664047179,bench_add_sym_reg
74.55954,74.5662,0.0066599999999965576,19750.88672944308,bench_add_sym_reg
74.7664,74.77308,0.006679999999988695,19821.210573391607,bench_add_sym_reg
74.97326,74.97994,0.006680000000002906,19796.448193965083,bench_add_sym_reg
75.18014,75.18682,0.006680000000002906,19782.389632902145,bench_add_sym_reg
75.387,75.39368,0.006680000000002906,19770.997951281635,bench_add_sym_reg
75.59386,75.60054,0.006679999999988695,19760.170055053266,bench_add_sym_reg
75.80072,75.8074,0.006680000000002906,19765.004136142856,bench_add_sym_reg
76.00758,76.01426,0.006679999999988695,19790.132543967487,bench_add_sym_reg
76.21444,76.22112,0.006680000000002906,19746.5815628032,bench_add_sym_reg
76.4213,76.42798,0.006680000000002906,19732.88610578379,bench_add_sym_reg
76.62816,76.63484,0.006680000000002906,19726.070635961576,bench_add_sym_reg
76.83502,76.8417,0.006680000000002906,19723.61454042556,bench_add_sym_reg
77.04188,77.04856,0.006679999999988695,19703.797018119625,bench_add_sym_reg
77.24874,77.25542,0.006680000000002906,19706.176610206872,bench_add_sym_reg
77.45562,77.46228,0.006660000000010768,19647.041950406587,bench_add_sym_reg
77.66248,77.66916,0.006680000000002906,19704.547079752796,bench_add_sym_reg
77.86934,77.87602,0.006680000000002906,19748.833097993007,bench_add_sym_reg
78.0762,78.08288,0.006680000000002906,19791.484768511353,bench_add_sym_reg
78.28308,78.28976,0.006680000000002906,19807.866942145978,bench_add_sym_reg
78.48994,78.49662000000001,0.006680000000002906,19824.641812599282,bench_add_sym_reg
78.6968,78.70348,0.006680000000002906,19823.780974847476,bench_add_sym_reg
78.90366,78.91034,0.006680000000002906,19810.743287679095,bench_add_sym_reg
79.11054,79.1172,0.0066599999999965576,19759.29344770402,bench_add_sym_reg
79.3174,79.32408,0.006679999999988695,19852.677797863867,bench_add_sym_reg
79.52426,79.53094,0.006680000000002906,19836.109497127432,bench_add_sym_reg
79.73114,79.7378,0.0066599999999965576,19725.37448163114,bench_add_sym_reg
79.938,79.94468,0.006680000000002906,19790.571543861588,bench_add_sym_reg
80.14486,80.15154,0.006680000000002906,19766.8962297133,bench_add_sym_reg
80.35174,80.3584,0.0066599999999965576,19694.189701683772,bench_add_sym_reg
80.5586,80.56528,0.006680000000002906,19776.100297466914,bench_add_sym_reg
80.76546,80.77214,0.006679999999988695,19769.394500146384,bench_add_sym_reg
80.97232,80.979,0.006680000000002906,19800.199780155133,bench_add_sym_reg
81.1792,81.18586,0.006660000000010768,19713.793424922445,bench_add_sym_reg
81.38606,81.39274,0.006680000000002906,19761.53123891864,bench_add_sym_reg
81.59292,81.5996,0.006679999999988695,19753.89857540055,bench_add_sym_reg
81.7998,81.80648,0.006679999999988695,19743.85216828636,bench_add_sym_reg
82.00668,82.01336,0.006680000000002906,19779.863103764972,bench_add_sym_reg
82.21354,82.22022,0.006680000000002906,19757.206398072252,bench_add_sym_reg
82.4204,82.42708,0.006680000000002906,19750.100397512346,bench_add_sym_reg
82.62728,82.63394,0.0066599999999965576,19677.483402182537,bench_add_sym_reg
82.83414,82.84082,0.006679999999988695,19739.440891390645,bench_add_sym_reg
83.04102,83.0477,0.006680000000002906,19748.809982563722,bench_add_sym_reg
83.2479,83.25458,0.006680000000002906,19730.897124399624,bench_add_sym_reg
83.45478,83.46144,0.0066599999999965576,19695.07708678856,bench_add_sym_reg
83.66164,83.66832,0.006679999999988695,19767.01378353153,bench_add_sym_reg
83.86852,83.8752,0.006680000000002906,19740.807041532727,bench_add_sym_reg
84.0754,84.08208,0.006680000000002906,19748.746776029202,bench_add_sym_reg
84.28226,84.28894,0.006680000000002906,19745.87774603709,bench_add_sym_reg
84.48914,84.49582,0.006679999999988695,19763.651774229238,bench_add_sym_reg
84.696,84.70268,0.006680000000002906,19757.006652662192,bench_add_sym_reg
84.90288,84.90956,0.006680000000002906,19738.154655797363,bench_add_sym_reg
85.10976,85.11644,0.006680000000002906,19756.27290085928,bench_add_sym_reg
85.31662,85.3233,0.006680000000002906,19737.17440619097,bench_add_sym_reg
85.5235,85.53016,0.0066599999999965576,19695.05024374415,bench_add_sym_reg
85.73036,85.73704,0.006679999999988695,19755.62557807261,bench_add_sym_reg
85.93722,85.9439,0.006680000000002906,19749.04269446547,bench_add_sym_reg
86.1441,86.15078,0.006680000000002906,19729.48752111738,bench_add_sym_reg
86.35098,86.35764,0.0066599999999965576,19686.413584264268,bench_add_sym_reg
86.55784,86.56452,0.006680000000002906,19714.324173992543,bench_add_sym_reg
86.76472,86.7714,0.006680000000002906,19692.097550732087,bench_add_sym_reg
86.9716,86.97826,0.006660000000010768,19617.75506151264,bench_add_sym_reg
87.17846,87.18514,0.006680000000002906,19715.06153466939,bench_add_sym_reg
87.38534,87.39202,0.006680000000002906,19716.945798143974,bench_add_sym_reg
87.5922,87.59888,0.006679999999988695,19734.216670004695,bench_add_sym_reg
87.79906,87.80574,0.006680000000002906,19656.211512637572,bench_add_sym_reg
88.00594,88.01262,0.006680000000002906,19673.358039008956,bench_add_sym_reg
88.2128,88.21948,0.006680000000002906,19719.99992151579,bench_add_sym_reg
88.41968,88.42636,0.006680000000002906,19717.859728270083,bench_add_sym_reg
88.62654,88.63322,0.006679999999988695,19813.396588398427,bench_add_sym_reg
88.8334,88.84008,0.006680000000002906,20166.64708034128,bench_add_sym_reg
89.04028,89.04694,0.006660000000010768,21166.47808816099,bench_add_sym_reg
89.24714,89.25382,0.006680000000002906,25728.3954531987,bench_add_sym_reg
89.454,89.46068,0.006680000000002906,23623.341391805887,bench_add_sym_reg
89.66088,89.66756,0.006679999999988695,21398.58412319831,bench_add_sym_reg
89.86774,89.87442,0.006680000000002906,20379.243602518083,bench_add_sym_reg
90.07462,90.0813,0.006680000000002906,20185.164257427357,bench_add_sym_reg
90.28148,90.28816,0.006680000000002906,19746.647477157527,bench_add_sym_reg
90.48836,90.49504,0.006680000000002906,19827.71658339389,bench_add_sym_reg
90.69524,90.70192,0.006680000000002906,19911.396473189212,bench_add_sym_reg
90.9021,90.90878,0.006679999999988695,19840.767453389562,bench_add_sym_reg
91.10898,91.11564,0.0066599999999965576,19740.568588009774,bench_add_sym_reg
91.31584,91.32252,0.006680000000002906,19802.47769971434,bench_add_sym_reg
91.5227,91.52938,0.006680000000002906,19773.771355403005,bench_add_sym_reg
91.72956,91.73624,0.006679999999988695,19760.49916582361,bench_add_sym_reg
91.93642,91.9431,0.006680000000002906,19698.74046510997,bench_add_sym_reg
92.1433,92.14998,0.006680000000002906,19452.36087311905,bench_add_abs_reg
92.35016,92.35684,0.006680000000002906,19416.19838588626,bench_add_abs_reg
92.55702,92.5637,0.006680000000002906,19396.75223083339,bench_add_abs_reg
92.76388,92.77056,0.006680000000002906,19411.313042519796,bench_add_abs_reg
92.97074,92.97742,0.006679999999988695,19390.757754409784,bench_add_abs_reg
93.1776,93.18428,0.006680000000002906,19414.166004870807,bench_add_abs_reg
93.38446,93.39114,0.006679999999988695,19422.419923323283,bench_add_abs_reg
93.59132,93.598,0.006680000000002906,19444.706181539066,bench_add_abs_reg
93.79818,93.80486,0.006680000000002906,19487.962622668212,bench_add_abs_reg
94.00504,94.01172,0.006680000000002906,19498.40113055988,bench_add_abs_reg
94.2119,94.21858,0.006680000000002906,19495.55358384636,bench_add_abs_reg
94.41876,94.42544,0.006679999999988695,19491.737238096113,bench_add_abs_reg
94.62562,94.6323,0.006680000000002906,19494.436099203,bench_add_abs_reg
94.83248,94.83916,0.006680000000002906,19473.157508770026,bench_add_abs_reg
95.03934,95.04602,0.006680000000002906,19483.243499425804,bench_add_abs_reg
95.2462,95.25288,0.006680000000002906,19489.881526685982,bench_add_abs_reg
95.45306,95.45974,0.006680000000002906,19482.555557052983,bench_add_abs_reg
95.65992,95.6666,0.006680000000002906,19506.818896633686,bench_add_abs_reg
95.86678,95.87346,0.006679999999988695,19537.12104816028,bench_add_abs_reg
96.07366,96.08034,0.006680000000002906,19517.319244339382,bench_add_abs_reg
96.28052,96.2872,0.006680000000002906,19528.28938142346,bench_add_abs_reg
96.48738,96.49406,0.006680000000002906,19531.49339883448,bench_add_abs_reg
96.69424,96.70092,0.006680000000002906,19494.492069362408,bench_add_abs_reg
96.9011,96.90778,0.006680000000002906,19483.28296189055,bench_add_abs_reg
97.10796,97.11464,0.006679999999988695,19477.142398210108,bench_add_abs_reg
97.31482,97.3215,0.006680000000002906,19486.82530318404,bench_add_abs_reg
97.5217,97.52836,0.006660000000010768,19399.983077342462,bench_add_abs_reg
97.72856,97.73524,0.006680000000002906,19467.68644965042,bench_add_abs_reg
97.93542,97.9421,0.006680000000002906,19470.842327002596,bench_add_abs_reg
98.14228,98.14896,0.006680000000002906,19446.04836638077,bench_add_abs_reg
98.34914,98.35582,0.006679999999988695,19478.195127995794,bench_add_abs_reg
98.556,98.56268,0.006680000000002906,19466.51181905471,bench_add_abs_reg
98.76286,98.76954,0.006680000000002906,19473.171804572517,bench_add_abs_reg
98.96972,98.9764,0.006680000000002906,19471.956510105778,bench_add_abs_reg
99.17658,99.18324,0.0066599999999965576,19404.036658805602,bench_add_abs_reg
99.38344,99.3901,0.006660000000010768,19403.117140788272,bench_add_abs_reg
99.5903,99.59698,0.006680000000002906,19456.129088075322,bench_add_abs_reg
99.79716,99.80384,0.006679999999988695,19445.04074050391,bench_add_abs_reg
100.00402,100.0107,0.006680000000002906,19468.01362792908,bench_add_abs_reg
100.21088,100.21756,0.006680000000002906,19458.95662066377,bench_add_abs_reg
100.41774,100.42442,0.006680000000002906,19473.027435605938,bench_add_abs_reg
100.6246,100.63126,0.0066599999999965576,19405.945537135998,bench_add_abs_reg
100.83144,100.83812,0.006680000000002906,19473.710851752665,bench_add_abs_reg
101.0383,101.04498,0.006679999999988695,19487.61164905723,bench_add_abs_reg
101.24516,101.25184,0.006680000000002906,19479.080417668065,bench_add_abs_reg
101.45202,101.45868,0.0066599999999965576,19414.787963020943,bench_add_abs_reg
101.65886,101.66554,0.006679999999988695,19474.700160754972,bench_add_abs_reg
101.86572,101.8724,0.006680000000002906,19361.62754428508,bench_add_abs_reg
102.07258,102.07926,0.006680000000002906,19345.903808724688,bench_add_abs_reg
102.27944,102.28612,0.006680000000002906,19388.738146527332,bench_add_abs_reg
102.4863,102.49298,0.006680000000002906,19452.848120136,bench_add_abs_reg
102.69316,102.69984,0.006679999999988695,19436.96389902634,bench_add_abs_reg
102.90002,102.9067,0.006680000000002906,19451.499583674573,bench_add_abs_reg
103.10688,103.11356,0.006680000000002906,19459.570923361684,bench_add_abs_reg
103.31374,103.32042,0.006680000000002906,19467.864115731518,bench_add_abs_reg
103.5206,103.52728,0.006680000000002906,19461.730823394733,bench_add_abs_reg
103.72746,103.73414,0.006680000000002906,19486.732489904625,bench_add_abs_reg
103.93432,103.941,0.006680000000002906,19522.704198033418,bench_add_abs_reg
104.1412,104.14786,0.0066599999999965576,19420.956810925738,bench_add_abs_reg
104.34806,104.35472,0.0066599999999965576,19397.685232094085,bench_add_abs_reg
104.5549,104.56158,0.006680000000002906,19483.016456950652,bench_add_abs_reg
104.76176,104.76844,0.006680000000002906,19438.870742461822,bench_add_abs_reg
104.96862,104.9753,0.006680000000002906,19512.09150022572,bench_add_abs_reg
105.17548,105.18216,0.006680000000002906,19524.27530429398,bench_add_abs_reg
105.38234,105.38902,0.006680000000002906,19505.85784391411,bench_add_abs_reg
105.5892,105.59588,0.006679999999988695,19498.16739183165,bench_add_abs_reg
105.79606,105.80272,0.0066599999999965576,19449.966454402762,bench_add_abs_reg
106.00292,106.00958,0.0066599999999965576,19419.244469598132,bench_add_abs_reg
106.20978,106.21646,0.006680000000002906,19485.30566646723,bench_add_abs_reg
106.41664,106.42332,0.006680000000002906,19511.70041925126,bench_add_abs_reg
106.6235,106.63018,0.006679999999988695,19508.436352445955,bench_add_abs_reg
106.83036,106.83704,0.006680000000002906,19523.750252564947,bench_add_abs_reg
107.03722,107.0439,0.006679999999988695,19541.2723719728,bench_add_abs_reg
107.24408,107.25076,0.006680000000002906,19512.654687286675,bench_add_abs_reg
107.45096,107.45762,0.006660000000010768,19466.621358911296,bench_add_abs_reg
107.6578,107.66448,0.006680000000002906,19509.048163900534,bench_add_abs_reg
107.86466,107.87134,0.006680000000002906,19503.705822872114,bench_add_abs_reg
108.07152,108.0782,0.006679999999988695,19523.3364193352,bench_add_abs_reg
108.27838,108.28506,0.006680000000002906,19502.435030890425,bench_add_abs_reg
108.48524,108.49192,0.006679999999988695,19508.82029949023,bench_add_abs_reg
108.6921,108.69878,0.006680000000002906,19519.460669262382,bench_add_abs_reg
108.89896,108.90564,0.006680000000002906,19499.670367229024,bench_add_abs_reg
109.10582,109.1125,0.006680000000002906,19503.355163624987,bench_add_abs_reg
109.31268,109.31936,0.006680000000002906,19486.839114697006,bench_add_abs_reg
109.51954,109.52622,0.006679999999988695,19499.491904826962,bench_add_abs_reg
109.7264,109.73308,0.006680000000002906,19503.93113075814,bench_add_abs_reg
109.93328,109.93994,0.006660000000010768,19427.63525297201,bench_add_abs_reg
110.14014,110.14682,0.006680000000002906,19466.77772561759,bench_add_abs_reg
110.347,110.35368,0.006680000000002906,19499.923381963534,bench_add_abs_reg
110.55386,110.56052,0.0066599999999965576,19445.60282862744,bench_add_abs_reg
110.76072,110.76738,0.0066599999999965576,19450.121542892997,bench_add_abs_reg
110.96756,110.97424,0.006679999999988695,19506.68926347317,bench_add_abs_reg
111.17442,111.1811,0.006680000000002906,19516.18207852317,bench_add_abs_reg
111.38128,111.38796,0.006680000000002906,19517.866685061712,bench_add_abs_reg
111.58814,111.59482,0.006680000000002906,19516.874516858887,bench_add_abs_reg
111.795,111.80168,0.006680000000002906,19543.353791821766,bench_add_abs_reg
112.00186,112.00854,0.006680000000002906,19519.7201194349,bench_add_abs_reg
112.20872,112.2154,0.006680000000002906,19527.141896549914,bench_add_abs_reg
112.41558,112.42226,0.006679999999988695,19521.629454066682,bench_add_abs_reg
112.62244,112.62912,0.006680000000002906,19515.359061778974,bench_add_abs_reg
112.8293,112.833,0.0036999999999949296,12099.964560458167,bench_add_ind_reg
113.03318,113.03686,0.003680000000002792,12020.53134563418,bench_add_ind_reg
113.23706,113.24074,0.003680000000002792,12041.79617111407,bench_add_ind_reg
113.44094,113.44462,0.003680000000002792,12037.728298464679,bench_add_ind_reg
113.6448,113.6485,0.0036999999999949296,12103.0134311713,bench_add_ind_reg
113.84866,113.85236,0.0037000000000091404,12108.066277607863,bench_add_ind_reg
114.05254,114.05624,0.0037000000000091404,12095.887479401172,bench_add_ind_reg
114.2564,114.2601,0.0036999999999949296,12100.995520578535,bench_add_ind_reg
114.46028,114.46398,0.0037000000000091404,12115.752596903327,bench_add_ind_reg
114.66416,114.66784,0.003680000000002792,12036.727203531542,bench_add_ind_reg
114.86802,114.87172,0.0036999999999949296,12105.083495826657,bench_add_ind_reg
115.0719,115.0756,0.0036999999999949296,12112.63666626142,bench_add_ind_reg
115.27578,115.27946,0.003680000000002792,12031.99959360973,bench_add_ind_reg
115.47964,115.48334,0.0036999999999949296,12107.295887527614,bench_add_ind_reg
115.68352,115.68722,0.0036999999999949296,12095.919288678211,bench_add_ind_reg
115.8874,115.8911,0.0036999999999949296,12116.776569729502,bench_add_ind_reg
116.09128,116.09498,0.0037000000000091404,12107.512748365869,bench_add_ind_reg
116.29516,116.29886,0.0037000000000091404,12097.228872618669,bench_add_ind_reg
116.49904,116.50272,0.003680000000002792,12043.848421899684,bench_add_ind_reg
116.7029,116.7066,0.0036999999999949296,12091.590559557644,bench_add_ind_reg
116.90678,116.91046,0.003680000000002792,12044.331722436506,bench_add_ind_reg
117.11066,117.11434,0.003680000000002792,12029.74743676399,bench_add_ind_reg
117.31452,117.31822,0.0036999999999949296,12104.15597537727,bench_add_ind_reg
117.5184,117.5221,0.0036999999999949296,12107.757248432205,bench_add_ind_reg
117.72228,117.72598,0.0037000000000091404,12098.389863998633,bench_add_ind_reg
117.92616,117.92986,0.0037000000000091404,12111.81728638064,bench_add_ind_reg
118.13004,118.13372,0.003680000000002792,12045.4103965395,bench_add_ind_reg
118.3339,118.3376,0.0036999999999949296,12089.993404206902,bench_add_ind_reg
118.53776,118.54146,0.0036999999999949296,12098.699214386492,bench_add_ind_reg
118.74164,118.74534,0.0036999999999949296,12103.018548789636,bench_add_ind_reg
118.94552,118.9492,0.003680000000002792,12041.826059585677,bench_add_ind_reg
119.14938,119.15308,0.0037000000000091404,12101.911860546857,bench_add_ind_reg
119.35326,119.35696,0.0036999999999949296,12084.314185178355,bench_add_ind_reg
119.55714,119.56084,0.0036999999999949296,12106.798440201675,bench_add_ind_reg
119.76102,119.7647,0.003680000000002792,12057.44309119075,bench_add_ind_reg
119.9649,119.96858,0.003680000000002792,12035.192740157478,bench_add_ind_reg
120.16876,120.17246,0.0036999999999949296,12090.484285710063,bench_add_ind_reg
120.37264,120.37634,0.0036999999999949296,12093.326954620128,bench_add_ind_reg
120.57652,120.58022,0.0036999999999949296,12123.382685224236,bench_add_ind_reg
120.7804,120.7841,0.0036999999999949296,12105.801524576895,bench_add_ind_reg
120.98428,120.98798,0.0036999999999949296,12091.631512141228,bench_add_ind_reg
121.18816,121.19186,0.0037000000000091404,12090.736264392954,bench_add_ind_reg
121.39204,121.39574,0.0037000000000091404,12111.798166327282,bench_add_ind_reg
121.59592,121.5996,0.0036799999999885813,12049.391008875844,bench_add_ind_reg
121.7998,121.80348,0.0036799999999885813,12000.28455346795,bench_add_ind_reg
122.00368,122.00736,0.003680000000002792,12003.216785388477,bench_add_ind_reg
122.20754,122.21124,0.0037000000000091404,12076.99532623578,bench_add_ind_reg
122.41142,122.41512,0.0036999999999949296,12013.192491123069,bench_add_ind_reg
122.6153,122.61898,0.0036799999999885813,11994.785566311135,bench_add_ind_reg
122.81918,122.82286,0.003680000000002792,12004.97031212797,bench_add_ind_reg
123.02306,123.02674,0.003680000000002792,11995.538582568879,bench_add_ind_reg
123.22692,123.23062,0.0036999999999949296,12086.659397446434,bench_add_ind_reg
123.4308,123.4345,0.0036999999999949296,12094.227815961398,bench_add_ind_reg
123.63468,123.63838,0.0036999999999949296,12113.28443603868,bench_add_ind_reg
123.83856,123.84226,0.0036999999999949296,12104.032305051756,bench_add_ind_reg
124.04244,124.04614,0.0036999999999949296,12114.15792813735,bench_add_ind_reg
124.24632,124.25002,0.0037000000000091404,12121.09366667618,bench_add_ind_reg
124.4502,124.4539,0.0037000000000091404,12100.298383769112,bench_add_ind_reg
124.65408,124.65778,0.0037000000000091404,12086.665388225509,bench_add_ind_reg
124.85798,124.86166,0.003680000000002792,12032.759971926313,bench_add_ind_reg
125.06186,125.06554,0.003680000000002792,12036.874562045186,bench_add_ind_reg
125.26574,125.26942,0.003680000000002792,12036.043433480774,bench_add_ind_reg
125.46962,125.47332,0.0036999999999949296,12091.594820359911,bench_add_ind_reg
125.6735,125.67718,0.003680000000002792,12024.409377491587,bench_add_ind_reg
125.87736,125.88106,0.0037000000000091404,12100.254190184954,bench_add_ind_reg
126.08124,126.08492,0.003680000000002792,12043.995058638367,bench_add_ind_reg
126.2851,126.2888,0.0036999999999949296,12090.876812563894,bench_add_ind_reg
126.48898,126.49268,0.0036999999999949296,12106.802205073147,bench_add_ind_reg
126.69286,126.69654,0.003680000000002792,12050.123964445698,bench_add_ind_reg
126.89672,126.90042,0.0036999999999949296,12114.39881937757,bench_add_ind_reg
127.1006,127.1043,0.0036999999999949296,12112.584782280936,bench_add_ind_reg
127.30448,127.30816,0.003680000000002792,12035.694848755502,bench_add_ind_reg
127.50834,127.51204,0.0036999999999949296,12104.906437436595,bench_add_ind_reg
127.71222,127.71592,0.0036999999999949296,12102.47295674192,bench_add_ind_reg
127.9161,127.9198,0.0036999999999949296,12100.33592999089,bench_add_ind_reg
128.11998,128.12368,0.0037000000000091404,12104.722787656103,bench_add_ind_reg
128.32386,128.32754,0.003680000000002792,12032.673349613337,bench_add_ind_reg
128.52772,128.53142,0.0037000000000091404,12111.474135918395,bench_add_ind_reg
128.7316,128.7353,0.0037000000000091404,12094.364359534124,bench_add_ind_reg
128.93548,128.93916,0.0036799999999743704,12048.309643203476,bench_add_ind_reg
129.13934,129.14304,0.0037000000000091404,12095.995545418462,bench_add_ind_reg
129.34322,129.3469,0.003680000000002792,12032.957861676174,bench_add_ind_reg
129.54708,129.55078,0.0037000000000091404,12114.027498785663,bench_add_ind_reg
129.75096,129.75466,0.0037000000000091404,12113.596415173797,bench_add_ind_reg
129.95484,129.95854,0.0037000000000091404,12100.460450194438,bench_add_ind_reg
130.15872,130.16242,0.0037000000000091404,12097.075707307167,bench_add_ind_reg
130.3626,130.36628,0.003680000000002792,12032.85779338942,bench_add_ind_reg
130.56648,130.57018,0.0036999999999807187,12110.200992257198,bench_add_ind_reg
130.77036,130.77404,0.003680000000002792,12053.664538553601,bench_add_ind_reg
130.97424,130.97792,0.003680000000002792,12049.65572572346,bench_add_ind_reg
131.1781,131.1818,0.0037000000000091404,12123.425381753366,bench_add_ind_reg
131.38198,131.38568,0.0037000000000091404,12111.79735607892,bench_add_ind_reg
131.58586,131.58956,0.0037000000000091404,12041.434487358956,bench_add_ind_reg
131.78974,131.79344,0.0037000000000091404,12025.209567538826,bench_add_ind_reg
131.99362,131.99732,0.0037000000000091404,12011.326560778816,bench_add_ind_reg
132.1975,132.2012,0.0037000000000091404,12099.564299016229,bench_add_ind_reg
132.40138,132.40508,0.0037000000000091404,12099.857819295024,bench_add_ind_reg
132.60526,132.60896,0.0037000000000091404,12095.942434418206,bench_add_ind_reg
132.80914,132.81284,0.0036999999999807187,12024.70940764176,bench_add_ind_reg
133.01302,133.01672,0.0036999999999807187,11964.563566662826,bench_add_ind_reg
133.21692,133.22064,0.0037200000000154887,12107.346570168525,bench_add_aut_reg
133.42082,133.42454,0.0037200000000154887,12093.115900693263,bench_add_aut_reg
133.62474,133.62844,0.0037000000000091404,12039.357498321235,bench_add_aut_reg
133.82864,133.83236,0.003719999999987067,12152.394477701553,bench_add_aut_reg
134.03254,134.03626,0.003719999999987067,12225.479274015031,bench_add_aut_reg
134.23646,134.24016,0.0037000000000091404,12205.572002595944,bench_add_aut_reg
134.44036,134.44408,0.0037200000000154887,12278.429686610907,bench_add_aut_reg
134.64426,134.64798,0.003719999999987067,12259.392330847086,bench_add_aut_reg
134.84816,134.85188,0.003719999999987067,12225.438861598135,bench_add_aut_reg
135.05208,135.05578,0.0037000000000091404,12248.590176488578,bench_add_aut_reg
135.25598,135.2597,0.0037200000000154887,12405.304424514485,bench_add_aut_reg
135.4599,135.4636,0.0037000000000091404,12401.72835768817,bench_add_aut_reg
135.6638,135.66752,0.003719999999987067,12699.68111994863,bench_add_aut_reg
135.8677,135.87142,0.003719999999987067,12632.558457509951,bench_add_aut_reg
136.07162,136.07532,0.0037000000000091404,12406.978248650064,bench_add_aut_reg
136.27552,136.27922,0.0037000000000091404,12357.870680311511,bench_add_aut_reg
136.4794,136.48312,0.0037200000000154887,12409.96547048694,bench_add_aut_reg
136.6833,136.687,0.0037000000000091404,12281.15795416215,bench_add_aut_reg
136.8872,136.8909,0.0036999999999807187,12344.209190859794,bench_add_aut_reg
137.0911,137.0948,0.0036999999999807187,12294.961523668771,bench_add_aut_reg
137.29498,137.2987,0.003719999999987067,12371.595951220585,bench_add_aut_reg
137.49888,137.50258,0.0036999999999807187,12356.19557083522,bench_add_aut_reg
137.70276,137.70648,0.003719999999987067,12376.022140919215,bench_add_aut_reg
137.90666,137.91036,0.0037000000000091404,12298.505441314683,bench_add_aut_reg
138.11054,138.11426,0.0037200000000154887,12346.891372045446,bench_add_aut_reg
138.31444,138.31814,0.0037000000000091404,12234.757358703091,bench_add_aut_reg
138.51834,138.52204,0.0037000000000091404,12276.100164775457,bench_add_aut_reg
138.72224,138.72594,0.0037000000000091404,12320.9404875812,bench_add_aut_reg
138.92614,138.92984,0.0037000000000091404,12312.969858790395,bench_add_aut_reg
139.13002,139.13374,0.003719999999987067,12322.20578003305,bench_add_aut_reg
139.33392,139.33764,0.003719999999987067,12296.993045557962,bench_add_aut_reg
139.53782,139.54154,0.003719999999987067,12284.459064207518,bench_add_aut_reg
139.74172,139.74544,0.0037200000000154887,12281.534802214019,bench_add_aut_reg
139.94562,139.94934,0.0037200000000154887,12301.828132526807,bench_add_aut_reg
140.14952,140.15322,0.0037000000000091404,12250.824011892597,bench_add_aut_reg
140.3534,140.35712,0.0037200000000154887,12317.915319047297,bench_add_aut_reg
140.5573,140.56102,0.0037200000000154887,12291.165811528947,bench_add_aut_reg
140.7612,140.7649,0.0037000000000091404,12236.325701265876,bench_add_aut_reg
140.9651,140.9688,0.0036999999999807187,12220.371309603232,bench_add_aut_reg
141.169,141.1727,0.0036999999999807187,12212.905392454126,bench_add_aut_reg
141.3729,141.3766,0.0037000000000091404,12230.679912054551,bench_add_aut_reg
141.5768,141.5805,0.0037000000000091404,12211.100847954474,bench_add_aut_reg
141.7807,141.7844,0.0037000000000091404,12235.508183978049,bench_add_aut_reg
141.98458,141.9883,0.0037200000000154887,12297.631227461548,bench_add_aut_reg
142.18848,142.1922,0.0037200000000154887,12277.727904781852,bench_add_aut_reg
142.39238,142.3961,0.003719999999987067,12252.91296835734,bench_add_aut_reg
142.59628,142.6,0.003719999999987067,12275.074352464755,bench_add_aut_reg
142.80018,142.80388,0.0036999999999807187,12212.977204407784,bench_add_aut_reg
143.00408,143.00778,0.0037000000000091404,12229.049231418734,bench_add_aut_reg
143.20798,143.21168,0.0037000000000091404,12280.51662680764,bench_add_aut_reg
143.41188,143.41558,0.0037000000000091404,12327.981961455442,bench_add_aut_reg
143.61578,143.61948,0.0037000000000091404,12421.806594386879,bench_add_aut_reg
143.81968,143.82338,0.0036999999999807187,12422.849193619184,bench_add_aut_reg
144.02358,144.02728,0.0036999999999807187,12292.621305613977,bench_add_aut_reg
144.22748,144.23118,0.0036999999999807187,12271.500888679573,bench_add_aut_reg
144.43138,144.43508,0.0037000000000091404,12270.344696035661,bench_add_aut_reg
144.63528,144.63898,0.0037000000000091404,12280.2513302603,bench_add_aut_reg
144.83918,144.8429,0.003719999999987067,12326.600553891101,bench_add_aut_reg
145.04308,145.0468,0.003719999999987067,12310.178999280806,bench_add_aut_reg
145.247,145.2507,0.0036999999999807187,12222.394104981298,bench_add_aut_reg
145.4509,145.4546,0.0037000000000091404,12225.281912862183,bench_add_aut_reg
145.6548,145.6585,0.0037000000000091404,12207.679052401585,bench_add_aut_reg
145.8587,145.86242,0.003719999999987067,12277.279661462191,bench_add_aut_reg
146.0626,146.06632,0.003719999999987067,12246.90854545339,bench_add_aut_reg
146.2665,146.27022,0.003719999999987067,12248.120969115558,bench_add_aut_reg
146.4704,146.47412,0.003719999999987067,12254.10011592811,bench_add_aut_reg
146.6743,146.67802,0.0037200000000154887,12263.678116772935,bench_add_aut_reg
146.8782,146.88192,0.0037200000000154887,12281.813535422001,bench_add_aut_reg
147.0821,147.0858,0.0037000000000091404,12216.395169993155,bench_add_aut_reg
147.286,147.2897,0.0037000000000091404,12226.864369617555,bench_add_aut_reg
147.48988,147.4936,0.003719999999987067,12282.617613630215,bench_add_aut_reg
147.6938,147.6975,0.0036999999999807187,12212.969714247622,bench_add_aut_reg
147.8977,147.9014,0.0037000000000091404,12220.63502299578,bench_add_aut_reg
148.1016,148.1053,0.0037000000000091404,12230.07694820936,bench_add_aut_reg
148.3055,148.30922,0.0037200000000154887,12285.68451949918,bench_add_aut_reg
148.50942,148.51312,0.0036999999999807187,12208.563238320285,bench_add_aut_reg
148.71332,148.71704,0.003719999999987067,12283.050855580399,bench_add_aut_reg
148.91724,148.92094,0.0037000000000091404,12207.785658566443,bench_add_aut_reg
149.12114,149.12484,0.0037000000000091404,12233.2513006716,bench_add_aut_reg
149.32504,149.32874,0.0037000000000091404,12216.049698211262,bench_add_aut_reg
149.52894,149.53264,0.0036999999999807187,12217.678883983264,bench_add_aut_reg
149.73282,149.73654,0.003719999999987067,12287.341540171632,bench_add_aut_reg
149.93672,149.94044,0.003719999999987067,12297.033418390689,bench_add_aut_reg
150.14062,150.14434,0.003719999999987067,12281.256765084157,bench_add_aut_reg
150.34452,150.34824,0.0037200000000154887,12284.316550989915,bench_add_aut_reg
150.54842,150.55212,0.0037000000000091404,12225.981210385893,bench_add_aut_reg
150.75232,150.75602,0.0037000000000091404,12232.468393663294,bench_add_aut_reg
150.95622,150.95992,0.0037000000000091404,12225.923957333673,bench_add_aut_reg
151.1601,151.16382,0.003719999999987067,12291.075733911808,bench_add_aut_reg
151.364,151.3677,0.0037000000000091404,12219.308768431494,bench_add_aut_reg
151.56788,151.5716,0.003719999999987067,12296.867209910388,bench_add_aut_reg
151.77176,151.77548,0.003719999999987067,12296.500923068526,bench_add_aut_reg
151.97564,151.97936,0.0037200000000154887,12272.631614524169,bench_add_aut_reg
152.17954,152.18326,0.003719999999987067,12298.240575432283,bench_add_aut_reg
152.38342,152.38714,0.003719999999987067,12294.355397999017,bench_add_aut_reg
152.58732,152.59102,0.0036999999999807187,12240.468524334192,bench_add_aut_reg
152.7912,152.79492,0.003719999999987067,12292.261607903798,bench_add_aut_reg
152.9951,152.9988,0.0036999999999807187,12215.348815014593,bench_add_aut_reg
153.199,153.2027,0.0036999999999807187,12229.913456770144,bench_add_aut_reg
153.4029,153.4066,0.0037000000000091404,12240.806850632596,bench_add_aut_reg
153.60678,153.61408,0.007300000000014961,22910.68290364865,bench_add_reg_idx
153.81426,153.82154,0.007280000000008613,22836.155777353935,bench_add_reg_idx
154.02172,154.02902,0.007300000000014961,22917.32498449404,bench_add_reg_idx
154.2292,154.23648,0.007280000000008613,22826.95733479021,bench_add_reg_idx
154.43666,154.44394,0.007280000000008613,22853.140579563275,bench_add_reg_idx
154.64414,154.65142,0.007280000000008613,22839.958036811742,bench_add_reg_idx
154.8516,154.8589,0.007300000000014961,22916.631428569734,bench_add_reg_idx
155.05908,155.06636,0.007280000000008613,22820.49867792909,bench_add_reg_idx
155.26656,155.27384,0.007280000000008613,22849.751890200147,bench_add_reg_idx
155.47404,155.48132,0.007280000000008613,22828.895982848906,bench_add_reg_idx
155.6815,155.68878,0.007280000000008613,22858.13928118832,bench_add_reg_idx
155.88898,155.89626,0.007280000000008613,22831.458400498534,bench_add_reg_idx
156.09644,156.10372,0.007280000000008613,22837.447510128986,bench_add_reg_idx
156.30392,156.3112,0.007280000000008613,22845.490011415077,bench_add_reg_idx
156.51138,156.51866,0.007280000000008613,22840.363755849234,bench_add_reg_idx
156.71886,156.72614,0.007279999999980191,22828.99868435757,bench_add_reg_idx
156.92632,156.93362,0.0072999999999865395,22915.374517864122,bench_add_reg_idx
157.13378,157.14108,0.0072999999999865395,22888.843473003053,bench_add_reg_idx
157.34126,157.34854,0.007280000000008613,22831.13284505014,bench_add_reg_idx
157.54874,157.55602,0.007279999999980191,22817.734226056804,bench_add_reg_idx
157.7562,157.76348,0.007279999999980191,22874.227529332802,bench_add_reg_idx
157.96368,157.97096,0.007279999999980191,22834.9047456222,bench_add_reg_idx
158.17114,158.17842,0.007279999999980191,22860.771827338453,bench_add_reg_idx
158.3786,158.38588,0.007279999999980191,22827.305262847,bench_add_reg_idx
158.58606,158.59336,0.0072999999999865395,22919.771773701206,bench_add_reg_idx
158.79352,158.8008,0.007280000000008613,22813.457436886776,bench_add_reg_idx
159.00098,159.00826,0.007280000000008613,22848.16982460069,bench_add_reg_idx
159.20844,159.21572,0.007280000000008613,22830.22070539272,bench_add_reg_idx
159.4159,159.42318,0.007280000000008613,22852.819433928533,bench_add_reg_idx
159.62336,159.63064,0.007280000000008613,22819.795694692297,bench_add_reg_idx
159.83082,159.8381,0.007280000000008613,22852.376177930782,bench_add_reg_idx
160.0383,160.04558,0.007280000000008613,22828.46932302055,bench_add_reg_idx
160.24576,160.25304,0.007280000000008613,22847.81392200671,bench_add_reg_idx
160.45324,160.46052,0.007280000000008613,22826.631586093463,bench_add_reg_idx
160.6607,160.66798,0.007280000000008613,22851.83546368867,bench_add_reg_idx
160.86816,160.87546,0.007300000000014961,22885.349649048723,bench_add_reg_idx
161.07564,161.08292,0.007280000000008613,22848.77001310611,bench_add_reg_idx
161.2831,161.29038,0.007280000000008613,22826.758478792715,bench_add_reg_idx
161.49058,161.49786,0.007280000000008613,22871.22855663956,bench_add_reg_idx
161.69804,161.70532,0.007280000000008613,22811.655260185315,bench_add_reg_idx
161.90552,161.9128,0.007280000000008613,22854.943170705243,bench_add_reg_idx
162.11298,162.12026,0.007280000000008613,22815.072855473336,bench_add_reg_idx
162.32046,162.32774,0.007280000000008613,22857.59773341085,bench_add_reg_idx
162.52792,162.5352,0.007280000000008613,22831.743175655538,bench_add_reg_idx
162.73538,162.74266,0.007280000000008613,22819.714099194523,bench_add_reg_idx
162.94286,162.95014,0.007280000000008613,22790.01645513612,bench_add_reg_idx
163.15032,163.1576,0.007280000000008613,22821.86646250014,bench_add_reg_idx
163.3578,163.36508,0.007280000000008613,22817.080102418684,bench_add_reg_idx
163.56526,163.57256,0.007300000000014961,22912.929332863085,bench_add_reg_idx
163.77274,163.78002,0.007280000000008613,22847.011534056906,bench_add_reg_idx
163.9802,163.9875,0.007300000000014961,22911.18132653827,bench_add_reg_idx
164.18768,164.19496,0.007280000000008613,22821.30001813964,bench_add_reg_idx
164.39516,164.40244,0.007280000000008613,22858.396135301336,bench_add_reg_idx
164.60262,164.60992,0.0072999999999865395,22887.163395019397,bench_add_reg_idx
164.8101,164.81738,0.007280000000008613,22861.059498999773,bench_add_reg_idx
165.01756,165.02484,0.007280000000008613,22846.849018270485,bench_add_reg_idx
165.22504,165.23232,0.007279999999980191,22842.273497892893,bench_add_reg_idx
165.4325,165.43978,0.007280000000008613,22842.232249704888,bench_add_reg_idx
165.63996,165.64724,0.007280000000008613,22880.421951440494,bench_add_reg_idx
165.84744,165.85472,0.007279999999980191,22843.78370962749,bench_add_reg_idx
166.0549,166.06218,0.007280000000008613,22853.76623508248,bench_add_reg_idx
166.26238,166.26966,0.007279999999980191,22844.582714545104,bench_add_reg_idx
166.46984,166.47712,0.007280000000008613,22845.957719284666,bench_add_reg_idx
166.67732,166.6846,0.007279999999980191,22841.323160036463,bench_add_reg_idx
166.88478,166.89208,0.0072999999999865395,22904.193741225914,bench_add_reg_idx
167.09226,167.09954,0.007279999999980191,22856.567564821948,bench_add_reg_idx
167.29974,167.30702,0.007279999999980191,22843.513959025713,bench_add_reg_idx
167.5072,167.51448,0.007279999999980191,22828.167895720657,bench_add_reg_idx
167.71468,167.72196,0.007280000000008613,22855.899925370086,bench_add_reg_idx
167.92214,167.92942,0.007279999999980191,22836.87886077229,bench_add_reg_idx
168.12962,168.1369,0.007280000000008613,22864.624233945306,bench_add_reg_idx
168.33708,168.34438,0.007300000000014961,22902.791502465865,bench_add_reg_idx
168.54458,168.55186,0.007280000000008613,22846.940718617403,bench_add_reg_idx
168.75206,168.75934,0.007280000000008613,22841.14462326154,bench_add_reg_idx
168.95954,168.96682,0.007280000000008613,22860.565099429543,bench_add_reg_idx
169.16702,169.1743,0.007279999999980191,22837.16361032424,bench_add_reg_idx
169.3745,169.38178,0.007279999999980191,22864.439482737063,bench_add_reg_idx
169.58198,169.58926,0.007280000000008613,22843.548464616168,bench_add_reg_idx
169.78946,169.79674,0.007280000000008613,22877.655862854423,bench_add_reg_idx
169.99692,170.00422,0.007300000000014961,22921.79690911325,bench_add_reg_idx
170.2044,170.21168,0.007280000000008613,22846.65729387574,bench_add_reg_idx
170.41188,170.41916,0.007280000000008613,22841.96662020755,bench_add_reg_idx
170.61936,170.62664,0.007280000000008613,22861.010595253625,bench_add_reg_idx
170.82684,170.83412,0.007280000000008613,22845.182470075666,bench_add_reg_idx
171.0343,171.0416,0.0072999999999865395,22925.817726603425,bench_add_reg_idx
171.24178,171.24908,0.0072999999999865395,22918.86706599657,bench_add_reg_idx
171.44928,171.45656,0.007280000000008613,22861.34448370626,bench_add_reg_idx
171.65676,171.66404,0.007280000000008613,22850.573547209526,bench_add_reg_idx
171.86424,171.87152,0.007280000000008613,22862.350181700327,bench_add_reg_idx
172.0717,172.079,0.007300000000014961,22900.01009362662,bench_add_reg_idx
172.27918,172.28646,0.007280000000008613,22872.17865468044,bench_add_reg_idx
172.48666,172.49394,0.007280000000008613,22835.693475817698,bench_add_reg_idx
172.69414,172.70142,0.007280000000008613,22878.072010379,bench_add_reg_idx
172.9016,172.90888,0.007280000000008613,22832.368949922326,bench_add_reg_idx
173.10908,173.11636,0.007279999999980191,22853.51458465348,bench_add_reg_idx
173.31656,173.32384,0.007279999999980191,22840.622507438715,bench_add_reg_idx
173.52404,173.53132,0.007279999999980191,22836.487039394386,bench_add_reg_idx
173.73152,173.7388,0.007280000000008613,22844.84246748135,bench_add_reg_idx
173.93898,173.94628,0.007300000000014961,22925.898616712402,bench_add_reg_idx
174.14646,174.15374,0.007280000000008613,22859.33422392891,bench_add_reg_idx
174.35394,174.3612,0.007260000000002265,23175.516873603618,bench_add_reg_sym
174.56138,174.56866,0.007279999999980191,23248.149107611265,bench_add_reg_sym
174.76884,174.7761,0.007260000000002265,23177.62875231504,bench_add_reg_sym
174.97628,174.98354,0.007260000000002265,23180.520168977928,bench_add_reg_sym
175.18372,175.19098,0.007260000000002265,23168.147224939024,bench_add_reg_sym
175.39116,175.39842,0.007259999999973843,23172.467017926912,bench_add_reg_sym
175.5986,175.60586,0.007260000000002265,23188.578842681287,bench_add_reg_sym
175.80604,175.8133,0.007260000000002265,23169.30611152773,bench_add_reg_sym
176.01348,176.02074,0.007260000000002265,23175.625556623858,bench_add_reg_sym
176.22092,176.22818,0.007260000000002265,23165.183952085197,bench_add_reg_sym
176.42838,176.43564,0.007260000000002265,23183.436593980423,bench_add_reg_sym
176.63582,176.64308,0.007260000000002265,23188.547226607836,bench_add_reg_sym
176.84326,176.85052,0.007260000000002265,23157.15966746978,bench_add_reg_sym
177.0507,177.05796,0.007260000000002265,23181.942384700204,bench_add_reg_sym
177.25814,177.2654,0.007260000000002265,23158.30001841053,bench_add_reg_sym
177.4656,177.47286,0.007260000000002265,23184.336044365053,bench_add_reg_sym
177.67304,177.6803,0.007260000000002265,23172.97633970786,bench_add_reg_sym
177.8805,177.88776,0.007259999999973843,23169.69410042128,bench_add_reg_sym
178.08794,178.09522,0.007280000000008613,23239.161153352765,bench_add_reg_sym
178.2954,178.30266,0.007260000000002265,23179.74559497934,bench_add_reg_sym
178.50286,178.51012,0.007260000000002265,23162.41602181088,bench_add_reg_sym
178.71032,178.71758,0.007260000000002265,23156.846403148487,bench_add_reg_sym
178.91778,178.92504,0.007260000000002265,23174.838013953686,bench_add_reg_sym
179.12524,179.1325,0.007260000000002265,23172.09532718091,bench_add_reg_sym
179.33268,179.33996,0.007279999999980191,23225.950587010102,bench_add_reg_sym
179.54014,179.5474,0.007260000000002265,23168.65327535883,bench_add_reg_sym
179.7476,179.75486,0.007260000000002265,23169.495745103515,bench_add_reg_sym
179.95504,179.96232,0.007280000000008613,23240.324212263477,bench_add_reg_sym
180.1625,180.16976,0.007260000000002265,23161.604213536328,bench_add_reg_sym
180.36996,180.37722,0.007260000000002265,23175.339936285334,bench_add_reg_sym
180.57742,180.58468,0.007260000000002265,23181.139344821866,bench_add_reg_sym
180.78486,180.79212,0.007260000000002265,23178.877471954074,bench_add_reg_sym
180.99232,180.99958,0.007260000000002265,23165.74067110998,bench_add_reg_sym
181.19978,181.20704,0.007260000000002265,23181.662664288702,bench_add_reg_sym
181.40722,181.41448,0.007260000000002265,23154.415034229776,bench_add_reg_sym
181.61466,181.62192,0.007260000000002265,23176.102116711776,bench_add_reg_sym
181.82212,181.82938,0.007259999999973843,23156.23196532149,bench_add_reg_sym
182.02956,182.03682,0.007260000000002265,23177.118641330853,bench_add_reg_sym
182.23702,182.24428,0.007260000000002265,23167.786721612523,bench_add_reg_sym
182.44446,182.45172,0.007260000000002265,23170.189021627924,bench_add_reg_sym
182.6519,182.65918,0.007279999999980191,23224.499882136417,bench_add_reg_sym
182.85936,182.86662,0.007260000000002265,23178.926110276087,bench_add_reg_sym
183.06682,183.07408,0.007260000000002265,23168.283896527217,bench_add_reg_sym
183.27428,183.28154,0.007260000000002265,23180.654861504343,bench_add_reg_sym
183.48172,183.48898,0.007260000000002265,23186.076516291327,bench_add_reg_sym
183.68918,183.69644,0.007260000000002265,23177.7716660933,bench_add_reg_sym
183.89664,183.9039,0.007260000000002265,23170.9717307317,bench_add_reg_sym
184.10408,184.11134,0.007260000000002265,23168.56376129089,bench_add_reg_sym
184.31154,184.3188,0.007260000000002265,23179.877533119834,bench_add_reg_sym
184.51898,184.52626,0.007280000000008613,23235.871212118967,bench_add_reg_sym
184.72644,184.7337,0.007260000000002265,23177.00046580811,bench_add_reg_sym
184.9339,184.94116,0.007260000000002265,23181.09774729729,bench_add_reg_sym
185.14134,185.1486,0.007259999999973843,23182.82862883987,bench_add_reg_sym
185.3488,185.35606,0.007260000000002265,23180.132294080257,bench_add_reg_sym
185.55624,185.5635,0.007260000000002265,23161.24562873467,bench_add_reg_sym
185.7637,185.77096,0.007260000000002265,23187.539770740954,bench_add_reg_sym
185.97114,185.9784,0.007260000000002265,23174.570600975334,bench_add_reg_sym
186.1786,186.18586,0.007260000000002265,23192.442771987186,bench_add_reg_sym
186.38606,186.39332,0.007260000000002265,23176.25757773205,bench_add_reg_sym
186.5935,186.60076,0.007260000000002265,23182.049724281005,bench_add_reg_sym
186.80096,186.80822,0.007260000000002265,23182.553644298052,bench_add_reg_sym
187.0084,187.01568,0.007280000000008613,23241.485960342696,bench_add_reg_sym
187.21586,187.22312,0.007260000000002265,23175.28922810265,bench_add_reg_sym
187.42332,187.43058,0.007260000000002265,23174.56416786237,bench_add_reg_sym
187.63078,187.63804,0.007260000000002265,23197.286315267556,bench_add_reg_sym
187.83824,187.8455,0.007259999999973843,23182.15452591924,bench_add_reg_sym
188.0457,188.05296,0.007260000000002265,23167.4442719709,bench_add_reg_sym
188.25316,188.26042,0.007260000000002265,23168.463897896243,bench_add_reg_sym
188.46062,188.46788,0.007260000000002265,23177.452052485613,bench_add_reg_sym
188.66808,188.67534,0.007260000000002265,23197.139829870714,bench_add_reg_sym
188.87554,188.8828,0.007260000000002265,23172.1311691289,bench_add_reg_sym
189.083,189.09026,0.007260000000002265,23193.21054500195,bench_add_reg_sym
189.29046,189.29772,0.007260000000002265,23177.521859766504,bench_add_reg_sym
189.49792,189.50518,0.007260000000002265,23181.80254894253,bench_add_reg_sym
189.70538,189.71264,0.007260000000002265,23158.224106307145,bench_add_reg_sym
189.91282,189.92008,0.007260000000002265,23220.313205388244,bench_add_reg_sym
190.12028,190.12754,0.007260000000002265,23187.593547633398,bench_add_reg_sym
190.32772,190.335,0.007280000000008613,23236.623925650565,bench_add_reg_sym
190.53518,190.54244,0.007260000000002265,23198.718205104036,bench_add_reg_sym
190.74264,190.7499,0.007260000000002265,23175.024844249176,bench_add_reg_sym
190.9501,190.95736,0.007260000000002265,23196.224013816984,bench_add_reg_sym
191.15756,191.16482,0.007260000000002265,23181.98926282125,bench_add_reg_sym
191.36502,191.37228,0.007260000000002265,23183.033000685668,bench_add_reg_sym
191.57248,191.57974,0.007259999999973843,23170.838232536316,bench_add_reg_sym
191.77992,191.7872,0.007280000000008613,23234.894042863605,bench_add_reg_sym
191.98738,191.99464,0.007260000000002265,23198.767940054793,bench_add_reg_sym
192.19484,192.2021,0.007260000000002265,23179.98416722565,bench_add_reg_sym
192.40228,192.40954,0.007260000000002265,23197.080246178775,bench_add_reg_sym
192.60974,192.617,0.007260000000002265,23186.51703187001,bench_add_reg_sym
192.81718,192.82444,0.007260000000002265,23187.414314603142,bench_add_reg_sym
193.02464,193.0319,0.007260000000002265,23177.85820458847,bench_add_reg_sym
193.23208,193.23934,0.007260000000002265,23172.329857485194,bench_add_reg_sym
193.43954,193.4468,0.007260000000002265,23182.038227103825,bench_add_reg_sym
193.64698,193.65424,0.007259999999973843,23177.78897463256,bench_add_reg_sym
193.85442,193.86168,0.007260000000002265,23176.79531640138,bench_add_reg_sym
194.06188,194.06914,0.007260000000002265,23191.855682533787,bench_add_reg_sym
194.26932,194.27658,0.007260000000002265,23181.651337079184,bench_add_reg_sym
194.47676,194.48402,0.007259999999973843,23194.609209811068,bench_add_reg_sym
194.6842,194.69146,0.007260000000002265,23189.01738851209,bench_add_reg_sym
194.89166,194.89892,0.007260000000002265,23196.889075923464,bench_add_reg_sym
195.0991,195.10638,0.007280000000008613,22712.579257812842,bench_add_reg_abs
195.30656,195.31384,0.007280000000008613,22713.013980563046,bench_add_reg_abs
195.51404,195.52132,0.007280000000008613,22694.562112475793,bench_add_reg_abs
195.7215,195.72878,0.007280000000008613,22712.112769976622,bench_add_reg_abs
195.92896,195.93624,0.007280000000008613,22720.940124732693,bench_add_reg_abs
196.13644,196.14372,0.007280000000008613,22711.019392618222,bench_add_reg_abs
196.3439,196.35118,0.007280000000008613,22728.04537557806,bench_add_reg_abs
196.55138,196.55866,0.007280000000008613,22739.848860100734,bench_add_reg_abs
196.75884,196.76612,0.007280000000008613,22708.723989806243,bench_add_reg_abs
196.96632,196.9736,0.007280000000008613,22729.518997972486,bench_add_reg_abs
197.17378,197.18106,0.007280000000008613,22698.530186923897,bench_add_reg_abs
197.38126,197.38854,0.007280000000008613,22711.937103911052,bench_add_reg_abs
197.58874,197.59602,0.007280000000008613,22726.271857999698,bench_add_reg_abs
197.79622,197.8035,0.007280000000008613,22711.7904974452,bench_add_reg_abs
198.0037,198.01098,0.007279999999980191,22718.590951928323,bench_add_reg_abs
198.21118,198.21846,0.007279999999980191,22698.863877388703,bench_add_reg_abs
198.41864,198.42592,0.007279999999980191,22723.593364876222,bench_add_reg_abs
198.62612,198.6334,0.007280000000008613,22708.282789707606,bench_add_reg_abs
198.83358,198.84086,0.007279999999980191,22718.581333694074,bench_add_reg_abs
199.04104,199.04834,0.0072999999999865395,22777.85168723181,bench_add_reg_abs
199.24852,199.2558,0.007279999999980191,22725.316784278173,bench_add_reg_abs
199.456,199.46328,0.007280000000008613,22703.47458313103,bench_add_reg_abs
199.66348,199.67076,0.007280000000008613,22726.12000585533,bench_add_reg_abs
199.87094,199.87822,0.007280000000008613,22707.615534334116,bench_add_reg_abs
200.07842,200.0857,0.007280000000008613,22721.492969458435,bench_add_reg_abs
200.2859,200.29318,0.007280000000008613,22718.63445176716,bench_add_reg_abs
200.49338,200.50066,0.007280000000008613,22720.81551843176,bench_add_reg_abs
200.70086,200.70814,0.007279999999980191,22709.13699170455,bench_add_reg_abs
200.90834,200.91562,0.007279999999980191,22693.170106441587,bench_add_reg_abs
201.11582,201.1231,0.007279999999980191,22711.978710658517,bench_add_reg_abs
201.3233,201.33058,0.007280000000008613,22703.796539013892,bench_add_reg_abs
201.53078,201.53806,0.007280000000008613,22706.795241711527,bench_add_reg_abs
201.73824,201.74552,0.007280000000008613,22705.331551869476,bench_add_reg_abs
201.94572,201.953,0.007280000000008613,22717.38154117818,bench_add_reg_abs
202.1532,202.16048,0.007280000000008613,22704.313197198346,bench_add_reg_abs
202.36068,202.36796,0.007280000000008613,22704.41908857728,bench_add_reg_abs
202.56816,202.57544,0.007279999999980191,22729.84284435856,bench_add_reg_abs
202.77564,202.78292,0.007279999999980191,22710.775008830515,bench_add_reg_abs
202.9831,202.9904,0.0072999999999865395,22774.19777582799,bench_add_reg_abs
203.19058,203.19786,0.007279999999980191,22710.9503326288,bench_add_reg_abs
203.39806,203.40534,0.007280000000008613,22716.676369338766,bench_add_reg_abs
203.60554,203.61282,0.007280000000008613,22702.448766237598,bench_add_reg_abs
203.81302,203.8203,0.007280000000008613,22704.76991546257,bench_add_reg_abs
204.02048,204.02776,0.007280000000008613,22720.266187123325,bench_add_reg_abs
204.22796,204.23524,0.007280000000008613,22708.052084806135,bench_add_reg_abs
204.43542,204.4427,0.007280000000008613,22698.40298688686,bench_add_reg_abs
204.64288,204.65016,0.007280000000008613,22706.38656572076,bench_add_reg_abs
204.85034,204.85762,0.007280000000008613,22712.0226295946,bench_add_reg_abs
205.05782,205.0651,0.007280000000008613,22706.91289103335,bench_add_reg_abs
205.2653,205.27258,0.007280000000008613,22704.950354556306,bench_add_reg_abs
205.47276,205.48004,0.007280000000008613,22696.44716757232,bench_add_reg_abs
205.68024,205.68752,0.007280000000008613,22691.247342177558,bench_add_reg_abs
205.8877,205.89498,0.007280000000008613,22703.87656058192,bench_add_reg_abs
206.09518,206.10246,0.007280000000008613,22701.19651921686,bench_add_reg_abs
206.30264,206.30992,0.007280000000008613,22702.274492501005,bench_add_reg_abs
206.51012,206.5174,0.007280000000008613,22702.092700663903,bench_add_reg_abs
206.7176,206.72488,0.007280000000008613,22700.804257793297,bench_add_reg_abs
206.92506,206.93236,0.0072999999999865395,22764.28615902816,bench_add_reg_abs
207.13254,207.13982,0.007279999999980191,22707.612919560193,bench_add_reg_abs
207.34002,207.3473,0.007279999999980191,22688.005124155192,bench_add_reg_abs
207.5475,207.55478,0.007279999999980191,22690.996113170546,bench_add_reg_abs
207.75498,207.76226,0.007280000000008613,22692.371793115355,bench_add_reg_abs
207.96244,207.96972,0.007280000000008613,22715.299637084594,bench_add_reg_abs
208.16992,208.1772,0.007280000000008613,22711.758140964976,bench_add_reg_abs
208.3774,208.38468,0.007280000000008613,22699.903245108962,bench_add_reg_abs
208.58486,208.59214,0.007280000000008613,22694.681780441133,bench_add_reg_abs
208.79234,208.79962,0.007280000000008613,22706.420114289605,bench_add_reg_abs
208.99982,209.0071,0.007280000000008613,22689.479510321955,bench_add_reg_abs
209.20728,209.21456,0.007280000000008613,22723.76055831786,bench_add_reg_abs
209.41476,209.42204,0.007280000000008613,22716.304233788956,bench_add_reg_abs
209.62222,209.6295,0.007280000000008613,22696.448441156102,bench_add_reg_abs
209.8297,209.83698,0.007280000000008613,22666.763735494573,bench_add_reg_abs
210.03716,210.04446,0.0072999999999865395,22767.771431202214,bench_add_reg_abs
210.24464,210.25192,0.007280000000008613,22686.40001540012,bench_add_reg_abs
210.45212,210.4594,0.007279999999980191,22693.1972591529,bench_add_reg_abs
210.6596,210.66688,0.007279999999980191,22689.37108333253,bench_add_reg_abs
210.86708,210.87436,0.007280000000008613,22696.187379797986,bench_add_reg_abs
211.07456,211.08184,0.007280000000008613,22683.68874912108,bench_add_reg_abs
211.28204,211.28932,0.007280000000008613,22692.719462819856,bench_add_reg_abs
211.48952,211.4968,0.007280000000008613,22696.571981097677,bench_add_reg_abs
211.69702,211.7043,0.007279999999980191,22696.329753317266,bench_add_reg_abs
211.9045,211.91178,0.007279999999980191,22687.03932867822,bench_add_reg_abs
212.11198,212.11926,0.007280000000008613,22665.624094688148,bench_add_reg_abs
212.31944,212.32672,0.007280000000008613,22684.280315910426,bench_add_reg_abs
212.52692,212.5342,0.007280000000008613,22671.082301556155,bench_add_reg_abs
212.7344,212.74168,0.007280000000008613,22670.318852204688,bench_add_reg_abs
212.94188,212.94916,0.007280000000008613,22686.837078097222,bench_add_reg_abs
213.14936,213.15664,0.007280000000008613,22680.831593488263,bench_add_reg_abs
213.35682,213.36412,0.007300000000014961,22740.732291762484,bench_add_reg_abs
213.5643,213.57158,0.007280000000008613,22688.33085664572,bench_add_reg_abs
213.77176,213.77904,0.007280000000008613,22681.097732882845,bench_add_reg_abs
213.97922,213.98652,0.007300000000014961,22761.94856041007,bench_add_reg_abs
214.1867,214.19398,0.007280000000008613,22679.574750392632,bench_add_reg_abs
214.39416,214.40144,0.007280000000008613,22671.57976285659,bench_add_reg_abs
214.60164,214.60892,0.007280000000008613,22679.86356982179,bench_add_reg_abs
214.80912,214.8164,0.007279999999980191,22679.412770022114,bench_add_reg_abs
215.01658,215.02386,0.007280000000008613,22678.541024242302,bench_add_reg_abs
215.22406,215.23134,0.007279999999980191,22691.60276272644,bench_add_reg_abs
215.43152,215.4388,0.007279999999980191,22676.30374285731,bench_add_reg_abs
215.639,215.64628,0.007279999999980191,22671.84007906793,bench_add_reg_abs
215.84646,215.84952,0.0030600000000049477,7817.44958600974,bench_inc_reg
216.04972,216.05278,0.0030600000000049477,7814.136724931036,bench_inc_reg
216.25298,216.25604,0.0030600000000049477,7800.666540867479,bench_inc_reg
216.45622,216.45928,0.0030600000000049477,7819.419514863822,bench_inc_reg
216.65946,216.66252,0.0030600000000049477,7817.196580597003,bench_inc_reg
216.86272,216.86578,0.0030600000000049477,7809.85750957949,bench_inc_reg
217.06598,217.06904,0.0030600000000049477,7818.027348273262,bench_inc_reg
217.26922,217.27228,0.0030600000000049477,7820.349575502424,bench_inc_reg
217.47248,217.47554,0.0030600000000049477,7828.467134406098,bench_inc_reg
217.67574,217.6788,0.0030600000000049477,7800.828213821753,bench_inc_reg
217.879,217.88206,0.0030600000000049477,7804.981449168828,bench_inc_reg
218.08226,218.08532,0.0030600000000049477,7813.549165166529,bench_inc_reg
218.28552,218.28858,0.0030600000000049477,7801.242317090191,bench_inc_reg
218.48878,218.49184,0.0030600000000049477,7792.780778854357,bench_inc_reg
218.69204,218.6951,0.0030600000000049477,7811.312095745894,bench_inc_reg
218.8953,218.89834,0.0030399999999985994,7751.026235057655,bench_inc_reg
219.09854,219.1016,0.003059999999976526,7804.077954426491,bench_inc_reg
219.3018,219.30486,0.0030600000000049477,7809.8771930892935,bench_inc_reg
219.50504,219.5081,0.0030600000000049477,7835.372693374529,bench_inc_reg
219.7083,219.71136,0.0030600000000049477,7823.4932734684235,bench_inc_reg
219.91156,219.91462,0.0030600000000049477,7802.99569247829,bench_inc_reg
220.1148,220.11786,0.0030600000000049477,7820.153920920751,bench_inc_reg
220.31806,220.32112,0.0030600000000049477,7810.925790119718,bench_inc_reg
220.52132,220.52438,0.0030600000000049477,7809.2053160174455,bench_inc_reg
220.72456,220.72762,0.0030600000000049477,7820.267025395407,bench_inc_reg
220.92782,220.93088,0.0030600000000049477,7818.085127525963,bench_inc_reg
221.13108,221.13414,0.0030600000000049477,7809.842368603768,bench_inc_reg
221.33432,221.33738,0.0030600000000049477,7817.716435549199,bench_inc_reg
221.53758,221.54064,0.0030600000000049477,7807.846134546838,bench_inc_reg
221.74084,221.7439,0.0030600000000049477,7821.982691547855,bench_inc_reg
221.94408,221.94714,0.003059999999976526,7806.562604313576,bench_inc_reg
222.14732,222.15038,0.0030600000000049477,7820.690397647415,bench_inc_reg
222.35058,222.35364,0.0030600000000049477,7791.340944826576,bench_inc_reg
222.55384,222.5569,0.0030600000000049477,7799.917384987606,bench_inc_reg
222.75708,222.76014,0.0030600000000049477,7829.17551464567,bench_inc_reg
222.96034,222.9634,0.0030600000000049477,7817.052726177369,bench_inc_reg
223.16358,223.16664,0.0030600000000049477,7799.392775649138,bench_inc_reg
223.36684,223.3699,0.0030600000000049477,7800.571243293098,bench_inc_reg
223.57008,223.57314,0.0030600000000049477,7810.719124990694,bench_inc_reg
223.77334,223.7764,0.0030600000000049477,7824.7529803955695,bench_inc_reg
223.97658,223.97964,0.003059999999976526,7815.45296304371,bench_inc_reg
224.17984,224.1829,0.003059999999976526,7816.3473586777045,bench_inc_reg
224.3831,224.38616,0.003059999999976526,7812.608268506851,bench_inc_reg
224.58634,224.5894,0.0030600000000049477,7824.118784637566,bench_inc_reg
224.7896,224.79266,0.0030600000000049477,7800.190660646921,bench_inc_reg
224.99286,224.99592,0.0030600000000049477,7815.5173757208695,bench_inc_reg
225.19612,225.19918,0.0030600000000049477,7801.449829721207,bench_inc_reg
225.39938,225.40244,0.0030600000000049477,7818.259093918429,bench_inc_reg
225.60262,225.60568,0.0030600000000049477,7819.79689142721,bench_inc_reg
225.80588,225.80894,0.0030600000000049477,7808.898142550252,bench_inc_reg
226.00912,226.01218,0.0030600000000049477,7815.288307626507,bench_inc_reg
226.21236,226.21542,0.0030600000000049477,7829.073211196429,bench_inc_reg
226.41562,226.41868,0.0030600000000049477,7811.659702583282,bench_inc_reg
226.61886,226.62192,0.003059999999976526,7825.18877175172,bench_inc_reg
226.8221,226.82516,0.0030600000000049477,7827.070888606496,bench_inc_reg
227.02536,227.02842,0.0030600000000049477,7805.0255496142745,bench_inc_reg
227.2286,227.23166,0.0030600000000049477,7821.806620354444,bench_inc_reg
227.43184,227.4349,0.0030600000000049477,7833.954510296794,bench_inc_reg
227.6351,227.63816,0.0030600000000049477,7813.205195141573,bench_inc_reg
227.83834,227.8414,0.0030600000000049477,7815.6337584552,bench_inc_reg
228.04158,228.04464,0.003059999999976526,7818.709458156369,bench_inc_reg
228.24484,228.2479,0.003059999999976526,7823.083798800127,bench_inc_reg
228.44808,228.45114,0.0030600000000049477,7801.475587777895,bench_inc_reg
228.65132,228.65438,0.0030600000000049477,7805.882901898016,bench_inc_reg
228.85456,228.85762,0.0030600000000049477,7816.171492467509,bench_inc_reg
229.0578,229.06086,0.0030600000000049477,7826.083125565734,bench_inc_reg
229.26106,229.26412,0.0030600000000049477,7819.481198696673,bench_inc_reg
229.46432,229.46738,0.0030600000000049477,7800.135449527552,bench_inc_reg
229.66756,229.67062,0.0030600000000049477,7811.871618036034,bench_inc_reg
229.87082,229.87388,0.0030600000000049477,7803.799351683565,bench_inc_reg
230.07408,230.07714,0.0030600000000049477,7803.960689347943,bench_inc_reg
230.27732,230.28038,0.0030600000000049477,7808.037016086241,bench_inc_reg
230.48058,230.48364,0.0030600000000049477,7802.899687095224,bench_inc_reg
230.68382,230.68688,0.0030600000000049477,7821.723399698433,bench_inc_reg
230.88708,230.89014,0.0030600000000049477,7804.1010280279825,bench_inc_reg
231.09032,231.09338,0.0030600000000049477,7829.292817057923,bench_inc_reg
231.29358,231.29664,0.0030600000000049477,7812.72786671132,bench_inc_reg
231.49682,231.49988,0.003059999999976526,7820.477706775187,bench_inc_reg
231.70008,231.70314,0.003059999999976526,7824.560142982977,bench_inc_reg
231.90334,231.9064,0.0030600000000049477,7791.034635175327,bench_inc_reg
232.1066,232.10966,0.0030600000000049477,7818.157235178581,bench_inc_reg
232.30984,232.3129,0.0030600000000049477,7831.959647595221,bench_inc_reg
232.51312,232.51618,0.0030600000000049477,7804.091416784378,bench_inc_reg
232.71636,232.71942,0.0030600000000049477,7811.4503109888155,bench_inc_reg
232.91962,232.92268,0.0030600000000049477,7822.436215359402,bench_inc_reg
233.12288,233.12594,0.0030600000000049477,7820.185658060841,bench_inc_reg
233.32614,233.3292,0.003059999999976526,7816.681519547088,bench_inc_reg
233.5294,233.53246,0.003059999999976526,7806.429371636589,bench_inc_reg
233.73264,233.7357,0.0030600000000049477,7825.725050650505,bench_inc_reg
233.9359,233.93896,0.0030600000000049477,7815.332969197206,bench_inc_reg
234.13914,234.1422,0.0030600000000049477,7822.246316369171,bench_inc_reg
234.3424,234.34546,0.0030600000000049477,7811.237347792774,bench_inc_reg
234.54566,234.54872,0.0030600000000049477,7802.302225043024,bench_inc_reg
234.74892,234.75198,0.0030600000000049477,7802.365901893228,bench_inc_reg
234.95218,234.95524,0.0030600000000049477,7814.155684332298,bench_inc_reg
235.15544,235.1585,0.0030600000000049477,7822.7637685038635,bench_inc_reg
235.3587,235.36176,0.0030600000000049477,7832.169313930036,bench_inc_reg
235.56196,235.56502,0.0030600000000049477,7827.403682765178,bench_inc_reg
235.76522,235.76828,0.0030600000000049477,7807.5171075907065,bench_inc_reg
235.96848,235.97154,0.0030600000000049477,7809.63343569465,bench_inc_reg
236.17174,236.17902,0.007280000000008613,22612.520286374096,bench_inc_idx
236.3792,236.38648,0.007280000000008613,22600.2590218842,bench_inc_idx
236.58668,236.59396,0.007280000000008613,22596.99511809892,bench_inc_idx
236.79416,236.80144,0.007280000000008613,22524.81208418219,bench_inc_idx
237.00164,237.00892,0.007279999999980191,22516.971225786798,bench_inc_idx
237.20912,237.2164,0.007279999999980191,22531.991826773126,bench_inc_idx
237.4166,237.42388,0.007280000000008613,22569.24816177182,bench_inc_idx
237.62408,237.63136,0.007280000000008613,22615.002947886413,bench_inc_idx
237.83156,237.83884,0.007280000000008613,22587.375380121317,bench_inc_idx
238.03902,238.0463,0.007280000000008613,22566.369553123266,bench_inc_idx
238.2465,238.25378,0.007280000000008613,22500.883436324228,bench_inc_idx
238.45396,238.46126,0.007300000000014961,22582.576375035773,bench_inc_idx
238.66144,238.66872,0.007280000000008613,22547.678933504652,bench_inc_idx
238.86892,238.8762,0.007280000000008613,22595.17770728803,bench_inc_idx
239.0764,239.08368,0.007279999999980191,22590.862463632824,bench_inc_idx
239.28386,239.29116,0.0072999999999865395,22672.788642768537,bench_inc_idx
239.49136,239.49864,0.007280000000008613,22489.895548235632,bench_inc_idx
239.69882,239.7061,0.007279999999980191,22517.86757487176,bench_inc_idx
239.9063,239.91358,0.007280000000008613,22525.150782921562,bench_inc_idx
240.11376,240.12104,0.007279999999980191,22570.116103098328,bench_inc_idx
240.32124,240.32852,0.007280000000008613,22601.805361947525,bench_inc_idx
240.52872,240.536,0.007280000000008613,22588.385245789555,bench_inc_idx
240.7362,240.74348,0.007280000000008613,22578.921527625596,bench_inc_idx
240.94368,240.95096,0.007280000000008613,22524.64563588375,bench_inc_idx
241.15116,241.15844,0.007280000000008613,22493.95137888222,bench_inc_idx
241.35864,241.36592,0.007279999999980191,22543.384290705984,bench_inc_idx
241.5661,241.57338,0.007279999999980191,22562.455134408377,bench_inc_idx
241.7736,241.78088,0.007280000000008613,22616.974297005036,bench_inc_idx
241.98108,241.98836,0.007280000000008613,22581.21225985808,bench_inc_idx
242.18856,242.19584,0.007280000000008613,22530.45439489955,bench_inc_idx
242.39604,242.40332,0.007280000000008613,22506.343838784014,bench_inc_idx
242.60352,242.6108,0.007280000000008613,22534.322105373893,bench_inc_idx
242.811,242.81828,0.007279999999980191,22548.16685796919,bench_inc_idx
243.01848,243.02576,0.007279999999980191,22607.382840877577,bench_inc_idx
243.22596,243.23324,0.007280000000008613,22591.852382786234,bench_inc_idx
243.43344,243.44072,0.007280000000008613,22588.812450439393,bench_inc_idx
243.64092,243.6482,0.007280000000008613,22519.353344128845,bench_inc_idx
243.8484,243.85568,0.007280000000008613,22519.046664262314,bench_inc_idx
244.05588,244.06316,0.007280000000008613,22530.11858791898,bench_inc_idx
244.26338,244.27066,0.007279999999980191,22597.059633053424,bench_inc_idx
244.47086,244.47814,0.007280000000008613,22585.884172028826,bench_inc_idx
244.67834,244.68562,0.007280000000008613,22615.81702859182,bench_inc_idx
244.8858,244.89308,0.007280000000008613,22521.090556429874,bench_inc_idx
245.09328,245.10056,0.007280000000008613,22549.013646811738,bench_inc_idx
245.30076,245.30804,0.007280000000008613,22510.568778984834,bench_inc_idx
245.50824,245.51552,0.007280000000008613,22555.78283921575,bench_inc_idx
245.71572,245.723,0.007280000000008613,22594.53002133142,bench_inc_idx
245.9232,245.93048,0.007279999999980191,22604.81586440521,bench_inc_idx
246.13066,246.13794,0.007279999999980191,22589.613704415824,bench_inc_idx
246.33814,246.34542,0.007279999999980191,22527.977893997868,bench_inc_idx
246.54562,246.5529,0.007279999999980191,22507.83466029214,bench_inc_idx
246.7531,246.76038,0.007280000000008613,22545.531387468018,bench_inc_idx
246.96058,246.96786,0.007280000000008613,22599.262688335402,bench_inc_idx
247.16806,247.17534,0.007280000000008613,22616.84923435222,bench_inc_idx
247.37554,247.38282,0.007280000000008613,22605.929616865826,bench_inc_idx
247.58302,247.5903,0.007280000000008613,22546.841767643735,bench_inc_idx
247.79048,247.79776,0.007280000000008613,22527.24553461138,bench_inc_idx
247.99796,248.00524,0.007279999999980191,22525.49619873331,bench_inc_idx
248.20544,248.21272,0.007279999999980191,22556.35885748164,bench_inc_idx
248.4129,248.42018,0.007279999999980191,22609.86065951642,bench_inc_idx
248.62038,248.62766,0.007279999999980191,22591.076288310167,bench_inc_idx
248.82786,248.83514,0.007280000000008613,22603.392784981042,bench_inc_idx
249.03532,249.0426,0.007279999999980191,22498.734057820126,bench_inc_idx
249.2428,249.25008,0.007280000000008613,22548.89811857666,bench_inc_idx
249.45028,249.45756,0.007280000000008613,22537.422692428343,bench_inc_idx
249.65776,249.66504,0.007280000000008613,22597.708520504028,bench_inc_idx
249.86524,249.87252,0.007280000000008613,22614.952963803313,bench_inc_idx
250.07272,250.08,0.007280000000008613,22608.095800995157,bench_inc_idx
250.2802,250.28748,0.007279999999980191,22567.98043608213,bench_inc_idx
250.48768,250.49496,0.007279999999980191,22517.810107612266,bench_inc_idx
250.69516,250.70244,0.007280000000008613,22520.815113119,bench_inc_idx
250.90262,250.9099,0.007279999999980191,22559.776175704017,bench_inc_idx
251.1101,251.11738,0.007280000000008613,22597.514975380964,bench_inc_idx
251.31758,251.32486,0.007280000000008613,22621.5726766066,bench_inc_idx
251.52506,251.53234,0.007280000000008613,22631.2660519281,bench_inc_idx
251.73254,251.73982,0.007280000000008613,22503.170496810002,bench_inc_idx
251.94002,251.9473,0.007280000000008613,22523.508125473854,bench_inc_idx
252.1475,252.15478,0.007279999999980191,22532.56221295666,bench_inc_idx
252.35496,252.36224,0.007280000000008613,22573.747315936725,bench_inc_idx
252.56244,252.56972,0.007279999999980191,22618.670407620044,bench_inc_idx
252.76992,252.7772,0.007279999999980191,22589.50017619265,bench_inc_idx
252.9774,252.98468,0.007280000000008613,22591.89580336813,bench_inc_idx
253.18486,253.19214,0.007280000000008613,22531.29797990279,bench_inc_idx
253.39234,253.39962,0.007280000000008613,22527.077370348627,bench_inc_idx
253.59982,253.6071,0.007280000000008613,22544.07650327965,bench_inc_idx
253.8073,253.81458,0.007280000000008613,22608.916992345134,bench_inc_idx
254.01478,254.02206,0.007280000000008613,22604.26574389128,bench_inc_idx
254.22224,254.22952,0.007280000000008613,22639.67435576754,bench_inc_idx
254.42972,254.437,0.007280000000008613,22514.359648365655,bench_inc_idx
254.6372,254.64448,0.007279999999980191,22546.213413526555,bench_inc_idx
254.84468,254.85196,0.007279999999980191,22531.894969225417,bench_inc_idx
255.05216,255.05946,0.007300000000014961,22624.053445228074,bench_inc_idx
255.25964,255.26694,0.007300000000014961,22677.193395838513,bench_inc_idx
255.46712,255.4744,0.007280000000008613,22589.616617213727,bench_inc_idx
255.6746,255.68188,0.007280000000008613,22586.554989710206,bench_inc_idx
255.88208,255.88936,0.007280000000008613,22533.186052484172,bench_inc_idx
256.08956,256.09684,0.007279999999980191,22517.967263631606,bench_inc_idx
256.29704,256.30432,0.007280000000037035,22559.95851721017,bench_inc_idx
256.50452,256.5118,0.007279999999980191,22595.7987224033,bench_inc_idx
256.712,256.71928,0.007280000000037035,22606.33992508172,bench_inc_idx
256.91948,256.92674,0.007259999999973843,22794.776088470207,bench_inc_sym
257.12694,257.1342,0.007260000000030686,22816.443264125788,bench_inc_sym
257.3344,257.34166,0.007259999999973843,22865.609859503584,bench_inc_sym
257.54186,257.54912,0.007260000000030686,22901.311644917187,bench_inc_sym
257.74932,257.75658,0.007259999999973843,22895.570909514452,bench_inc_sym
257.95678,257.96404,0.007260000000030686,22829.354913075982,bench_inc_sym
258.16424,258.1715,0.007259999999973843,22813.69069116688,bench_inc_sym
258.3717,258.37896,0.007260000000030686,22809.189695495563,bench_inc_sym
258.57916,258.58642,0.007259999999973843,22859.647315840997,bench_inc_sym
258.78662,258.79388,0.007259999999973843,22884.811211761666,bench_inc_sym
258.99408,259.00134,0.007260000000030686,22901.505103893338,bench_inc_sym
259.20154,259.2088,0.007259999999973843,22902.683219792118,bench_inc_sym
259.409,259.41626,0.007260000000030686,22788.83034140305,bench_inc_sym
259.61646,259.62372,0.007259999999973843,22809.77814450617,bench_inc_sym
259.82392,259.83118,0.007260000000030686,22826.269730085307,bench_inc_sym
260.03138,260.03864,0.007259999999973843,22862.460242971636,bench_inc_sym
260.23884,260.2461,0.007260000000030686,22892.212327665566,bench_inc_sym
260.44632,260.45358,0.007259999999973843,22875.795697241156,bench_inc_sym
260.65378,260.66104,0.007260000000030686,22851.522415975815,bench_inc_sym
260.86124,260.8685,0.007259999999973843,22800.20549885021,bench_inc_sym
261.0687,261.07596,0.007260000000030686,22798.932080716273,bench_inc_sym
261.27616,261.28342,0.007259999999973843,22834.95547009015,bench_inc_sym
261.48362,261.49088,0.007260000000030686,22875.088516255877,bench_inc_sym
261.69108,261.69834,0.007259999999973843,22885.537287140123,bench_inc_sym
261.89854,261.9058,0.007259999999973843,22910.63482865204,bench_inc_sym
262.106,262.11326,0.007260000000030686,22806.285980719316,bench_inc_sym
262.31346,262.32072,0.007259999999973843,22801.121689756743,bench_inc_sym
262.52092,262.52818,0.007260000000030686,22818.005345857342,bench_inc_sym
262.72836,262.73562,0.007259999999973843,22854.445064363947,bench_inc_sym
262.93582,262.94306,0.007240000000024338,22838.108560615947,bench_inc_sym
263.14326,263.15052,0.007259999999973843,22878.69379149085,bench_inc_sym
263.3507,263.35796,0.007259999999973843,22853.846242568903,bench_inc_sym
263.55814,263.5654,0.007260000000030686,22815.695470309798,bench_inc_sym
263.7656,263.77286,0.007259999999973843,22790.73218806952,bench_inc_sym
263.97306,263.98032,0.007260000000030686,22836.346174697384,bench_inc_sym
264.1805,264.18776,0.007260000000030686,22864.568019385835,bench_inc_sym
264.38796,264.3952,0.007239999999967495,22831.142675033225,bench_inc_sym
264.5954,264.60266,0.007260000000030686,22907.311469412514,bench_inc_sym
264.80284,264.8101,0.007259999999973843,22805.326506416044,bench_inc_sym
265.01028,265.01754,0.007259999999973843,22822.655599948972,bench_inc_sym
265.21774,265.22498,0.007240000000024338,22750.877223520765,bench_inc_sym
265.42518,265.43244,0.007259999999973843,22854.649731796904,bench_inc_sym
265.63262,265.63988,0.007260000000030686,22879.8085638383,bench_inc_sym
265.84008,265.84732,0.007240000000024338,22820.55793570245,bench_inc_sym
266.04752,266.05478,0.007259999999973843,22864.871947015657,bench_inc_sym
266.25498,266.26224,0.007260000000030686,22808.182714610055,bench_inc_sym
266.46242,266.46968,0.007259999999973843,22803.39247771647,bench_inc_sym
266.66988,266.67712,0.007240000000024338,22774.448352941363,bench_inc_sym
266.87732,266.88458,0.007260000000030686,22855.2484187401,bench_inc_sym
267.08478,267.09204,0.007259999999973843,22894.627982661037,bench_inc_sym
267.29224,267.29948,0.007240000000024338,22831.14908037711,bench_inc_sym
267.49968,267.50694,0.007259999999973843,22830.794432581584,bench_inc_sym
267.70714,267.7144,0.007260000000030686,22814.351129437062,bench_inc_sym
267.91458,267.92184,0.007259999999973843,22803.905475803076,bench_inc_sym
268.12204,268.12928,0.007239999999967495,22783.143087186658,bench_inc_sym
268.32948,268.33674,0.007260000000030686,22875.975384487145,bench_inc_sym
268.53694,268.5442,0.007259999999973843,22879.854291592786,bench_inc_sym
268.74438,268.75164,0.007260000000030686,22886.181625164587,bench_inc_sym
268.95184,268.9591,0.007259999999973843,22808.476535051854,bench_inc_sym
269.1593,269.16656,0.007260000000030686,22797.550854836347,bench_inc_sym
269.36674,269.374,0.007260000000030686,22835.091508559417,bench_inc_sym
269.5742,269.58146,0.007259999999973843,22868.63233187077,bench_inc_sym
269.78166,269.78892,0.007260000000030686,22880.015210348352,bench_inc_sym
269.98912,269.99636,0.007239999999967495,22832.393380706446,bench_inc_sym
270.19656,270.20382,0.007260000000030686,22826.912759439136,bench_inc_sym
270.40402,270.41126,0.007240000000024338,22748.74775678352,bench_inc_sym
270.61146,270.61872,0.007259999999973843,22800.03501093607,bench_inc_sym
270.8189,270.82616,0.007260000000030686,22846.702456104693,bench_inc_sym
271.02636,271.03362,0.007259999999973843,22887.25107434318,bench_inc_sym
271.2338,271.24106,0.007260000000030686,22890.092716653053,bench_inc_sym
271.44124,271.4485,0.007260000000030686,22907.414201272008,bench_inc_sym
271.6487,271.65596,0.007259999999973843,22795.79347689034,bench_inc_sym
271.85614,271.8634,0.007260000000030686,22831.248429234336,bench_inc_sym
272.0636,272.07086,0.007259999999973843,22814.633233854027,bench_inc_sym
272.27106,272.2783,0.007240000000024338,22798.453269134825,bench_inc_sym
272.4785,272.48576,0.007260000000030686,22867.47007640397,bench_inc_sym
272.68596,272.69322,0.007259999999973843,22900.68573775319,bench_inc_sym
272.89342,272.90068,0.007260000000030686,22854.039331530053,bench_inc_sym
273.10086,273.10812,0.007259999999973843,22807.060165710594,bench_inc_sym
273.30832,273.31558,0.007260000000030686,22807.096128918114,bench_inc_sym
273.51576,273.52302,0.007259999999973843,22847.4085730637,bench_inc_sym
273.72322,273.73048,0.007259999999973843,22885.553638833702,bench_inc_sym
273.93068,273.93794,0.007260000000030686,22871.050450580122,bench_inc_sym
274.13812,274.14538,0.007259999999973843,22906.23839935738,bench_inc_sym
274.34558,274.35284,0.007260000000030686,22795.2222969438,bench_inc_sym
274.55304,274.5603,0.007259999999973843,22808.727794251503,bench_inc_sym
274.7605,274.76776,0.007260000000030686,22805.456055890638,bench_inc_sym
274.96794,274.9752,0.007259999999973843,22855.944738172348,bench_inc_sym
275.1754,275.18266,0.007259999999973843,22881.053427612078,bench_inc_sym
275.38286,275.39012,0.007260000000030686,22874.566922070575,bench_inc_sym
275.59032,275.59758,0.007259999999973843,22847.307377881494,bench_inc_sym
275.79778,275.80504,0.007260000000030686,22797.71957555951,bench_inc_sym
276.00524,276.0125,0.007259999999973843,22802.746849981537,bench_inc_sym
276.2127,276.21996,0.007260000000030686,22838.422607265013,bench_inc_sym
276.42016,276.4274,0.007239999999967495,22804.51770861468,bench_inc_sym
276.6276,276.63486,0.007260000000030686,22877.814439225684,bench_inc_sym
276.83506,276.84232,0.007259999999973843,22896.87499162449,bench_inc_sym
277.0425,277.04976,0.007259999999973843,22812.46433725209,bench_inc_sym
277.24994,277.2572,0.007260000000030686,22815.73293507682,bench_inc_sym
277.4574,277.46466,0.007259999999973843,22786.56420755359,bench_inc_sym
277.66486,277.67214,0.007280000000037035,22640.543833961936,bench_inc_abs
277.87234,277.87962,0.007279999999980191,22668.092332246993,bench_inc_abs
278.07982,278.0871,0.007280000000037035,22661.72776011452,bench_inc_abs
278.2873,278.29458,0.007279999999980191,22659.68484330948,bench_inc_abs
278.49478,278.50206,0.007279999999980191,22570.863033117454,bench_inc_abs
278.70226,278.70954,0.007279999999980191,22586.326021637982,bench_inc_abs
278.90974,278.91702,0.007279999999980191,22615.29221658169,bench_inc_abs
279.11724,279.1245,0.007260000000030686,22591.197081009945,bench_inc_abs
279.32472,279.332,0.007279999999980191,22675.44092836174,bench_inc_abs
279.5322,279.53946,0.007260000000030686,22616.15931765529,bench_inc_abs
279.73968,279.74696,0.007279999999980191,22604.520760866966,bench_inc_abs
279.94716,279.95442,0.007260000000030686,22526.938624322647,bench_inc_abs
280.15464,280.1619,0.007260000000030686,22515.383260417955,bench_inc_abs
280.36212,280.3694,0.007279999999980191,22623.33228013415,bench_inc_abs
280.5696,280.57688,0.007280000000037035,22679.2444266691,bench_inc_abs
280.7771,280.78438,0.007279999999980191,22646.78687083256,bench_inc_abs
280.98458,280.99186,0.007279999999980191,22664.44759670228,bench_inc_abs
281.19206,281.19934,0.007279999999980191,22551.90419258449,bench_inc_abs
281.39954,281.40682,0.007279999999980191,22587.369689660034,bench_inc_abs
281.60702,281.6143,0.007280000000037035,22598.33476285468,bench_inc_abs
281.8145,281.82178,0.007279999999980191,22651.16966556449,bench_inc_abs
282.02198,282.02926,0.007280000000037035,22658.308746882558,bench_inc_abs
282.22946,282.23674,0.007279999999980191,22679.22212362531,bench_inc_abs
282.43694,282.44422,0.007279999999980191,22600.88340839136,bench_inc_abs
282.64442,282.6517,0.007279999999980191,22581.72915077819,bench_inc_abs
282.8519,282.85916,0.007259999999973843,22515.281326982946,bench_inc_abs
283.05938,283.06664,0.007260000000030686,22564.66353787115,bench_inc_abs
283.26684,283.27412,0.007279999999980191,22664.67532601758,bench_inc_abs
283.47432,283.4816,0.007280000000037035,22643.007959830706,bench_inc_abs
283.6818,283.68908,0.007279999999980191,22652.967467374816,bench_inc_abs
283.88928,283.89656,0.007280000000037035,22565.046469793073,bench_inc_abs
284.09676,284.10404,0.007279999999980191,22569.683515404475,bench_inc_abs
284.30424,284.31152,0.007279999999980191,22586.55851235073,bench_inc_abs
284.51172,284.519,0.007279999999980191,22624.931423854854,bench_inc_abs
284.7192,284.72648,0.007279999999980191,22667.42795000695,bench_inc_abs
284.92668,284.93396,0.007280000000037035,22641.28614228241,bench_inc_abs
285.13418,285.14144,0.007259999999973843,22560.383803118253,bench_inc_abs
285.34166,285.34892,0.007260000000030686,22508.869867403133,bench_inc_abs
285.54914,285.55642,0.007279999999980191,22566.566662797777,bench_inc_abs
285.75662,285.7639,0.007279999999980191,22580.924595178964,bench_inc_abs
285.9641,285.97138,0.007280000000037035,22656.500344285654,bench_inc_abs
286.17158,286.17886,0.007279999999980191,22639.049733925996,bench_inc_abs
286.37906,286.38634,0.007280000000037035,22680.764317175577,bench_inc_abs
286.58654,286.59382,0.007279999999980191,22547.812040360823,bench_inc_abs
286.79402,286.8013,0.007280000000037035,22581.590477036865,bench_inc_abs
287.0015,287.00876,0.007259999999973843,22506.076979834885,bench_inc_abs
287.20896,287.21624,0.007280000000037035,22619.138271668635,bench_inc_abs
287.41644,287.42372,0.007279999999980191,22666.288793485495,bench_inc_abs
287.62392,287.63118,0.007259999999973843,22589.67688065828,bench_inc_abs
287.83138,287.83866,0.007279999999980191,22634.703183947826,bench_inc_abs
288.03886,288.04614,0.007279999999980191,22568.289579302018,bench_inc_abs
288.24632,288.2536,0.007279999999980191,22550.888815832168,bench_inc_abs
288.4538,288.46106,0.007259999999973843,22544.45682504258,bench_inc_abs
288.66126,288.66854,0.007279999999980191,22656.61811683314,bench_inc_abs
288.86872,288.876,0.007279999999980191,22670.69191199713,bench_inc_abs
289.0762,289.08348,0.007280000000037035,22660.207303819916,bench_inc_abs
289.28368,289.29096,0.007279999999980191,22590.167240645023,bench_inc_abs
289.49114,289.49842,0.007280000000037035,22566.33864028511,bench_inc_abs
289.69862,289.7059,0.007279999999980191,22603.156550263408,bench_inc_abs
289.90608,289.91336,0.007280000000037035,22623.946969512017,bench_inc_abs
290.11356,290.12084,0.007279999999980191,22670.60926875329,bench_inc_abs
290.32102,290.3283,0.007280000000037035,22647.12422166276,bench_inc_abs
290.5285,290.53578,0.007279999999980191,22651.937650450334,bench_inc_abs
290.73598,290.74324,0.007260000000030686,22486.020505991142,bench_inc_abs
290.94344,290.95072,0.007279999999980191,22584.213868169336,bench_inc_abs
291.15092,291.1582,0.007280000000037035,22575.810256069908,bench_inc_abs
291.3584,291.36568,0.007279999999980191,22638.275229772124,bench_inc_abs
291.56586,291.57314,0.007280000000037035,22647.866071310815,bench_inc_abs
291.77334,291.78062,0.007279999999980191,22649.808647041886,bench_inc_abs
291.98082,291.9881,0.007279999999980191,22581.030558730778,bench_inc_abs
292.18828,292.19556,0.007279999999980191,22579.506044208392,bench_inc_abs
292.39576,292.40304,0.007279999999980191,22556.65981437545,bench_inc_abs
292.60322,292.6105,0.007279999999980191,22623.394017512597,bench_inc_abs
292.8107,292.81798,0.007279999999980191,22649.985253751398,bench_inc_abs
293.01818,293.02546,0.007280000000037035,22659.47624122215,bench_inc_abs
293.22566,293.23292,0.007259999999973843,22584.132328546908,bench_inc_abs
293.43312,293.4404,0.007280000000037035,22569.24498837688,bench_inc_abs
293.6406,293.64788,0.007279999999980191,22545.512912263148,bench_inc_abs
293.84806,293.85534,0.007280000000037035,22587.5651697893,bench_inc_abs
294.05554,294.06282,0.007279999999980191,22629.441635162442,bench_inc_abs
294.263,294.27028,0.007280000000037035,22676.350774834253,bench_inc_abs
294.47048,294.47776,0.007279999999980191,22642.99887924531,bench_inc_abs
294.67794,294.68522,0.007280000000037035,22602.806303306592,bench_inc_abs
294.88542,294.8927,0.007279999999980191,22562.166836514207,bench_inc_abs
295.0929,295.10016,0.007260000000030686,22508.399365570884,bench_inc_abs
295.30036,295.30764,0.007279999999980191,22593.67857121072,bench_inc_abs
295.50784,295.51512,0.007280000000037035,22670.88405100932,bench_inc_abs
295.71532,295.7226,0.007279999999980191,22650.390663118313,bench_inc_abs
295.9228,295.93006,0.007260000000030686,22598.932653297747,bench_inc_abs
296.13026,296.13754,0.007279999999980191,22550.03048799421,bench_inc_abs
296.33774,296.34502,0.007279999999980191,22580.96350352078,bench_inc_abs
296.54522,296.55248,0.007260000000030686,22498.263586409725,bench_inc_abs
296.75268,296.75996,0.007279999999980191,22623.85250528343,bench_inc_abs
296.96016,296.96744,0.007280000000037035,22647.278895723386,bench_inc_abs
297.16764,297.1749,0.007259999999973843,22588.32800194253,bench_inc_abs
297.3751,297.38238,0.007280000000037035,22590.93887418264,bench_inc_abs
297.58258,297.58984,0.007259999999973843,22517.883772871184,bench_inc_abs
297.79004,297.79732,0.007280000000037035,22565.90917253239,bench_inc_abs
297.9975,298.00478,0.007279999999980191,22610.845018578642,bench_inc_abs
298.20496,298.21224,0.007279999999980191,22620.683247156023,bench_inc_abs
298.41242,298.41546,0.0030399999999985994,7700.079949568493,bench_rlam_1_reg
298.61566,298.6187,0.0030399999999985994,7704.18373169839,bench_rlam_1_reg
298.8189,298.82194,0.0030399999999985994,7695.783444220778,bench_rlam_1_reg
299.02212,299.02516,0.003040000000055443,7698.309882697974,bench_rlam_1_reg
299.22536,299.2284,0.0030399999999985994,7694.977822219875,bench_rlam_1_reg
299.4286,299.43164,0.0030399999999985994,7699.963292090126,bench_rlam_1_reg
299.63184,299.63488,0.0030399999999985994,7699.9497995608535,bench_rlam_1_reg
299.83508,299.83812,0.0030399999999985994,7682.432315775262,bench_rlam_1_reg
300.03832,300.04136,0.0030399999999985994,7695.869372693722,bench_rlam_1_reg
300.24156,300.2446,0.0030399999999985994,7704.905902505794,bench_rlam_1_reg
300.4448,300.44784,0.0030399999999985994,7682.526439902439,bench_rlam_1_reg
300.64802,300.65108,0.0030600000000049477,7760.911078691774,bench_rlam_1_reg
300.85126,300.8543,0.0030399999999985994,7705.881085681927,bench_rlam_1_reg
301.05448,301.05752,0.0030399999999985994,7706.426577630784,bench_rlam_1_reg
301.25772,301.26076,0.0030399999999985994,7663.435549469171,bench_rlam_1_reg
301.46096,301.464,0.0030399999999985994,7691.261884753454,bench_rlam_1_reg
301.66418,301.66722,0.0030399999999985994,7686.054389929896,bench_rlam_1_reg
301.86742,301.87046,0.0030399999999985994,7695.873982739997,bench_rlam_1_reg
302.07066,302.0737,0.0030399999999985994,7678.7025597955035,bench_rlam_1_reg
302.2739,302.27694,0.0030399999999985994,7686.763023940612,bench_rlam_1_reg
302.47714,302.48018,0.0030399999999985994,7693.866807952319,bench_rlam_1_reg
302.68036,302.6834,0.0030399999999985994,7699.1826319095535,bench_rlam_1_reg
302.8836,302.88664,0.0030399999999985994,7691.542846155224,bench_rlam_1_reg
303.08684,303.08988,0.0030399999999985994,7682.32896458436,bench_rlam_1_reg
303.29006,303.2931,0.0030399999999985994,7697.12595736275,bench_rlam_1_reg
303.4933,303.49634,0.0030399999999985994,7686.559758152618,bench_rlam_1_reg
303.69654,303.69958,0.0030399999999985994,7683.835735052012,bench_rlam_1_reg
303.89978,303.90282,0.0030399999999985994,7673.148130984647,bench_rlam_1_reg
304.10302,304.10606,0.0030399999999985994,7674.067367321467,bench_rlam_1_reg
304.30626,304.3093,0.0030399999999985994,7672.112230206962,bench_rlam_1_reg
304.50948,304.51252,0.0030399999999985994,7697.028664415674,bench_rlam_1_reg
304.71272,304.71576,0.0030399999999985994,7702.381622522037,bench_rlam_1_reg
304.91596,304.919,0.0030399999999985994,7696.992505812605,bench_rlam_1_reg
305.1192,305.12224,0.0030399999999985994,7692.696498717123,bench_rlam_1_reg
305.32244,305.32548,0.003040000000055443,7688.7278330147965,bench_rlam_1_reg
305.52566,305.5287,0.0030399999999985994,7684.382793934364,bench_rlam_1_reg
305.7289,305.73194,0.0030399999999985994,7681.056139978855,bench_rlam_1_reg
305.93214,305.93518,0.0030399999999985994,7676.1165587181085,bench_rlam_1_reg
306.13536,306.1384,0.0030399999999985994,7683.834524365959,bench_rlam_1_reg
306.3386,306.34164,0.0030399999999985994,7691.5355213004605,bench_rlam_1_reg
306.54184,306.54488,0.0030399999999985994,7672.717676036947,bench_rlam_1_reg
306.74506,306.7481,0.0030399999999985994,7683.348115506742,bench_rlam_1_reg
306.9483,306.95134,0.0030399999999985994,7683.181948945843,bench_rlam_1_reg
307.15154,307.15458,0.0030399999999985994,7675.383365707679,bench_rlam_1_reg
307.35476,307.3578,0.0030399999999985994,7688.497141937364,bench_rlam_1_reg
307.55798,307.56102,0.0030399999999985994,7682.352182466441,bench_rlam_1_reg
307.76122,307.76426,0.0030399999999985994,7680.058504926111,bench_rlam_1_reg
307.96444,307.96748,0.0030399999999985994,7668.555970271843,bench_rlam_1_reg
308.16768,308.17072,0.0030399999999985994,7685.569627196105,bench_rlam_1_reg
308.37092,308.37396,0.0030399999999985994,7673.444345115486,bench_rlam_1_reg
308.57416,308.5772,0.0030399999999985994,7664.978599634174,bench_rlam_1_reg
308.7774,308.78044,0.0030399999999985994,7675.126506942794,bench_rlam_1_reg
308.98064,308.98368,0.0030399999999985994,7676.114402716381,bench_rlam_1_reg
309.18388,309.18692,0.0030399999999985994,7676.9212936080485,bench_rlam_1_reg
309.3871,309.39014,0.0030399999999985994,7690.07705386296,bench_rlam_1_reg
309.59034,309.59338,0.0030399999999985994,7656.71894883604,bench_rlam_1_reg
309.79358,309.79662,0.0030399999999985994,7674.734606392391,bench_rlam_1_reg
309.99682,309.99986,0.0030399999999985994,7682.03400540354,bench_rlam_1_reg
310.20006,310.2031,0.0030399999999985994,7659.945962947025,bench_rlam_1_reg
310.4033,310.40634,0.0030399999999985994,7672.287190795536,bench_rlam_1_reg
310.60652,310.60956,0.0030399999999985994,7676.936294890312,bench_rlam_1_reg
310.80976,310.8128,0.0030399999999985994,7671.256996696983,bench_rlam_1_reg
311.013,311.01604,0.0030399999999985994,7665.041948213944,bench_rlam_1_reg
311.21624,311.21928,0.0030399999999985994,7669.0464210432965,bench_rlam_1_reg
311.41946,311.4225,0.0030399999999985994,7682.905106331381,bench_rlam_1_reg
311.6227,311.62574,0.0030399999999985994,7670.252721285645,bench_rlam_1_reg
311.82592,311.82896,0.0030399999999985994,7660.637544471609,bench_rlam_1_reg
312.02916,312.0322,0.0030399999999985994,7666.374961848355,bench_rlam_1_reg
312.23238,312.23542,0.0030399999999985994,7674.052305529345,bench_rlam_1_reg
312.4356,312.43864,0.0030399999999985994,7685.233829522307,bench_rlam_1_reg
312.63884,312.64188,0.0030399999999985994,7659.866106684677,bench_rlam_1_reg
312.84206,312.8451,0.0030399999999985994,7676.715850818216,bench_rlam_1_reg
313.0453,313.04834,0.0030399999999985994,7652.06216368918,bench_rlam_1_reg
313.24854,313.25158,0.0030399999999985994,7664.604349997048,bench_rlam_1_reg
313.45178,313.45482,0.0030399999999985994,7663.553939211374,bench_rlam_1_reg
313.655,313.65804,0.003040000000055443,7663.19037663367,bench_rlam_1_reg
313.85824,313.86128,0.0030399999999985994,7660.330184704764,bench_rlam_1_reg
314.06148,314.06452,0.0030399999999985994,7654.641661778329,bench_rlam_1_reg
314.2647,314.26774,0.0030399999999985994,7663.921059570848,bench_rlam_1_reg
314.46792,314.47096,0.0030399999999985994,7678.410867234119,bench_rlam_1_reg
314.67116,314.6742,0.0030399999999985994,7663.338531280249,bench_rlam_1_reg
314.8744,314.87744,0.0030399999999985994,7646.338436757891,bench_rlam_1_reg
315.07762,315.08066,0.0030399999999985994,7660.6756285467645,bench_rlam_1_reg
315.28086,315.2839,0.0030399999999985994,7665.965920300276,bench_rlam_1_reg
315.48408,315.48712,0.0030399999999985994,7670.087192668619,bench_rlam_1_reg
315.68732,315.69036,0.0030399999999985994,7655.176355038897,bench_rlam_1_reg
315.89056,315.8936,0.0030399999999985994,7635.69531263689,bench_rlam_1_reg
316.09378,316.09682,0.0030399999999985994,7654.005957309128,bench_rlam_1_reg
316.297,316.30004,0.0030399999999985994,7659.141137240057,bench_rlam_1_reg
316.50024,316.50328,0.0030399999999985994,7659.201764019499,bench_rlam_1_reg
316.70348,316.70652,0.0030399999999985994,7655.559286932769,bench_rlam_1_reg
316.9067,316.90974,0.0030399999999985994,7668.7136781424915,bench_rlam_1_reg
317.10994,317.11298,0.0030399999999985994,7664.433363829159,bench_rlam_1_reg
317.31318,317.31622,0.0030399999999985994,7648.632356434329,bench_rlam_1_reg
317.51642,317.51946,0.0030399999999985994,7654.648066968862,bench_rlam_1_reg
317.71966,317.7227,0.0030399999999985994,7641.209927392641,bench_rlam_1_reg
317.92288,317.92592,0.0030399999999985994,7663.017564899181,bench_rlam_1_reg
318.12612,318.12916,0.0030399999999985994,7651.36686851025,bench_rlam_1_reg
318.32936,318.3324,0.0030399999999985994,7648.971043523102,bench_rlam_1_reg
318.5326,318.53564,0.0030399999999985994,7647.615275348709,bench_rlam_1_reg
318.73584,318.73952,0.003680000000031214,9212.961811648984,bench_rlam_2_reg
318.93972,318.9434,0.0036799999999743704,9205.055839761122,bench_rlam_2_reg
319.1436,319.14728,0.003680000000031214,9236.18659152355,bench_rlam_2_reg
319.34748,319.35118,0.0036999999999807187,9261.424320223385,bench_rlam_2_reg
319.55136,319.55506,0.003700000000037562,9274.984891624783,bench_rlam_2_reg
319.75526,319.75894,0.0036799999999743704,9227.516441527398,bench_rlam_2_reg
319.95914,319.96282,0.003680000000031214,9225.176021073372,bench_rlam_2_reg
320.16302,320.1667,0.0036799999999743704,9209.8666959546,bench_rlam_2_reg
320.36688,320.37058,0.003700000000037562,9280.601320895186,bench_rlam_2_reg
320.57076,320.57446,0.0036999999999807187,9279.013448347705,bench_rlam_2_reg
320.77464,320.77832,0.003680000000031214,9234.678594023448,bench_rlam_2_reg
320.97852,320.9822,0.0036799999999743704,9210.138842394683,bench_rlam_2_reg
321.1824,321.18608,0.003680000000031214,9218.679517595327,bench_rlam_2_reg
321.38628,321.38996,0.0036799999999743704,9224.296035178011,bench_rlam_2_reg
321.59016,321.59384,0.0036799999999743704,9223.0381117283,bench_rlam_2_reg
321.79404,321.79772,0.003680000000031214,9205.848951902739,bench_rlam_2_reg
321.99794,322.00162,0.0036799999999743704,9211.692344317566,bench_rlam_2_reg
322.20182,322.2055,0.0036799999999743704,9216.7174140278,bench_rlam_2_reg
322.4057,322.4094,0.0036999999999807187,9264.226583694444,bench_rlam_2_reg
322.6096,322.61328,0.0036799999999743704,9201.695481258794,bench_rlam_2_reg
322.81348,322.81718,0.0036999999999807187,9270.68982033478,bench_rlam_2_reg
323.01738,323.02106,0.0036799999999743704,9196.41116627707,bench_rlam_2_reg
323.22126,323.22494,0.003680000000031214,9204.476303514259,bench_rlam_2_reg
323.42514,323.42884,0.0036999999999807187,9266.239374362478,bench_rlam_2_reg
323.62904,323.63272,0.003680000000031214,9194.121738060583,bench_rlam_2_reg
323.83292,323.83662,0.0036999999999807187,9256.308602589741,bench_rlam_2_reg
324.03682,324.0405,0.003680000000031214,9211.394186223442,bench_rlam_2_reg
324.2407,324.24438,0.0036799999999743704,9214.856550033797,bench_rlam_2_reg
324.44458,324.44828,0.003700000000037562,9264.580952116223,bench_rlam_2_reg
324.64848,324.65216,0.0036799999999743704,9209.559902018556,bench_rlam_2_reg
324.85236,324.85604,0.003680000000031214,9197.230876979635,bench_rlam_2_reg
325.05624,325.05992,0.0036799999999743704,9212.948945285476,bench_rlam_2_reg
325.26012,325.26382,0.003700000000037562,9259.59960568318,bench_rlam_2_reg
325.46402,325.4677,0.0036799999999743704,9214.898659782888,bench_rlam_2_reg
325.6679,325.67158,0.003680000000031214,9220.027648935034,bench_rlam_2_reg
325.87178,325.87546,0.0036799999999743704,9210.53841238414,bench_rlam_2_reg
326.07566,326.07934,0.0036799999999743704,9213.905674320757,bench_rlam_2_reg
326.27954,326.28322000000003,0.003680000000031214,9207.862680852857,bench_rlam_2_reg
326.48342,326.4871,0.0036799999999743704,9210.25316921534,bench_rlam_2_reg
326.68732,326.691,0.0036799999999743704,9204.382039540194,bench_rlam_2_reg
326.8912,326.89488,0.0036799999999743704,9211.649862030448,bench_rlam_2_reg
327.0951,327.09878,0.0036799999999743704,9209.129910383837,bench_rlam_2_reg
327.29898,327.30266,0.003680000000031214,9206.706334465423,bench_rlam_2_reg
327.50286,327.50654,0.0036799999999743704,9208.20023392381,bench_rlam_2_reg
327.70674,327.71042,0.0036799999999743704,9196.388297625761,bench_rlam_2_reg
327.91062,327.9143,0.003680000000031214,9196.063999633034,bench_rlam_2_reg
328.1145,328.1182,0.0036999999999807187,9266.008164207999,bench_rlam_2_reg
328.3184,328.32208,0.003680000000031214,9210.527103932209,bench_rlam_2_reg
328.52228,328.52596,0.0036799999999743704,9202.68974724897,bench_rlam_2_reg
328.72618,328.72986,0.0036799999999743704,9202.495645673778,bench_rlam_2_reg
328.93006,328.93374,0.0036799999999743704,9202.897392584671,bench_rlam_2_reg
329.13394,329.13762,0.003680000000031214,9205.609599669711,bench_rlam_2_reg
329.33782,329.34152,0.0036999999999807187,9264.312121023399,bench_rlam_2_reg
329.54172,329.5454,0.0036799999999743704,9212.74640824053,bench_rlam_2_reg
329.74558,329.74928,0.0036999999999807187,9258.197897511955,bench_rlam_2_reg
329.94946,329.95314,0.003680000000031214,9215.376235165098,bench_rlam_2_reg
330.15334,330.15702,0.0036799999999743704,9213.328747936208,bench_rlam_2_reg
330.35722,330.36092,0.003700000000037562,9267.029839213787,bench_rlam_2_reg
330.56112,330.5648,0.0036799999999743704,9207.499420660753,bench_rlam_2_reg
330.765,330.76868,0.003680000000031214,9205.180762888784,bench_rlam_2_reg
330.96888,330.97256,0.0036799999999743704,9217.598757172082,bench_rlam_2_reg
331.17274,331.17644,0.003700000000037562,9264.922996627176,bench_rlam_2_reg
331.37662,331.38032,0.0036999999999807187,9278.083941862045,bench_rlam_2_reg
331.5805,331.5842,0.003700000000037562,9251.083089152997,bench_rlam_2_reg
331.78438,331.78808,0.0036999999999807187,9265.195392019781,bench_rlam_2_reg
331.98828,331.99196,0.003680000000031214,9210.237073803188,bench_rlam_2_reg
332.19216,332.19584,0.0036799999999743704,9209.532134629624,bench_rlam_2_reg
332.39604,332.39972,0.0036799999999743704,9198.025176222858,bench_rlam_2_reg
332.59992,332.6036,0.0036799999999743704,9185.894974446477,bench_rlam_2_reg
332.80378,332.80748,0.0036999999999807187,9262.461506236426,bench_rlam_2_reg
333.00768,333.01136,0.003680000000031214,9205.42283225074,bench_rlam_2_reg
333.21154,333.21524,0.0036999999999807187,9261.349386017446,bench_rlam_2_reg
333.41542,333.4191,0.003680000000031214,9209.020380022323,bench_rlam_2_reg
333.6193,333.62298,0.0036799999999743704,9220.52631846191,bench_rlam_2_reg
333.82318,333.82686,0.003680000000031214,9196.200196253318,bench_rlam_2_reg
334.02706,334.03074,0.0036799999999743704,9221.282612935725,bench_rlam_2_reg
334.23094,334.23462,0.003680000000031214,9204.683920923875,bench_rlam_2_reg
334.43482,334.4385,0.0036799999999743704,9203.406232340827,bench_rlam_2_reg
334.6387,334.64238,0.003680000000031214,9214.098688769782,bench_rlam_2_reg
334.84258,334.84626,0.0036799999999743704,9216.030780162795,bench_rlam_2_reg
335.04646,335.05014,0.0036799999999743704,9194.948521821838,bench_rlam_2_reg
335.25034,335.25402,0.003680000000031214,9194.32841715132,bench_rlam_2_reg
335.4542,335.4579,0.0036999999999807187,9264.19241348668,bench_rlam_2_reg
335.65808,335.66178,0.003700000000037562,9264.000982618802,bench_rlam_2_reg
335.86196,335.86566,0.0036999999999807187,9269.465082269719,bench_rlam_2_reg
336.06584,336.06952,0.003680000000031214,9206.3759268274,bench_rlam_2_reg
336.26972,336.2734,0.0036799999999743704,9219.082745205105,bench_rlam_2_reg
336.4736,336.47728,0.003680000000031214,9213.515422402645,bench_rlam_2_reg
336.67748,336.68116,0.0036799999999743704,9213.967411716396,bench_rlam_2_reg
336.88136,336.88504,0.003680000000031214,9198.19607874587,bench_rlam_2_reg
337.08524,337.08892,0.0036799999999743704,9192.67909827686,bench_rlam_2_reg
337.2891,337.2928,0.0036999999999807187,9265.935164819375,bench_rlam_2_reg
337.49298,337.49666,0.003680000000031214,9212.247920306674,bench_rlam_2_reg
337.69686,337.70054,0.0036799999999743704,9198.225729568043,bench_rlam_2_reg
337.90074,337.90442,0.003680000000031214,9206.829541446408,bench_rlam_2_reg
338.10462,338.1083,0.0036799999999743704,9201.819098015465,bench_rlam_2_reg
338.3085,338.31218,0.003680000000031214,9200.396840547797,bench_rlam_2_reg
338.51238,338.51606,0.0036799999999743704,9213.256812587862,bench_rlam_2_reg
338.71626,338.71994,0.003680000000031214,9203.895505148012,bench_rlam_2_reg
338.92014,338.92382,0.0036799999999743704,9206.643414153838,bench_rlam_2_reg
339.12402,339.12832,0.004300000000000637,10444.091502595842,bench_rlam_3_reg
339.32852,339.33284,0.0043199999999501415,10501.86050574913,bench_rlam_3_reg
339.53304,339.53734,0.004299999999943793,10409.88889041579,bench_rlam_3_reg
339.73754,339.74184,0.004300000000000637,10419.549858170243,bench_rlam_3_reg
339.94204,339.94636,0.004320000000006985,10500.417735892177,bench_rlam_3_reg
340.14656,340.15086,0.004300000000000637,10425.105222940294,bench_rlam_3_reg
340.35106,340.35536,0.004300000000000637,10425.383443934965,bench_rlam_3_reg
340.55556,340.55988,0.004320000000006985,10486.203734772473,bench_rlam_3_reg
340.76006,340.76438,0.004320000000006985,10491.239153791197,bench_rlam_3_reg
340.96456,340.96888,0.004320000000006985,10496.4263783905,bench_rlam_3_reg
341.16906,341.17338,0.004320000000006985,10497.944050021511,bench_rlam_3_reg
341.37356,341.37786,0.004300000000000637,10432.816657713016,bench_rlam_3_reg
341.57806,341.58236,0.004300000000000637,10441.997789319206,bench_rlam_3_reg
341.78256,341.78686,0.004300000000000637,10429.210914311494,bench_rlam_3_reg
341.98706,341.99136,0.004300000000000637,10434.967374903716,bench_rlam_3_reg
342.19156,342.19588,0.004320000000006985,10490.422586479308,bench_rlam_3_reg
342.39606,342.40038,0.004320000000006985,10483.502156603428,bench_rlam_3_reg
342.60058,342.60488,0.004300000000000637,10432.760808632424,bench_rlam_3_reg
342.80506,342.80938,0.0043199999999501415,10490.428011249567,bench_rlam_3_reg
343.00958,343.01388,0.004299999999943793,10437.1704089784,bench_rlam_3_reg
343.21408,343.21838,0.004300000000000637,10425.445951960004,bench_rlam_3_reg
343.41858,343.42288,0.004300000000000637,10425.521880367422,bench_rlam_3_reg
343.62308,343.6274,0.004320000000006985,10496.451710350584,bench_rlam_3_reg
343.8276,343.8319,0.004300000000000637,10431.738148891744,bench_rlam_3_reg
344.0321,344.0364,0.004300000000000637,10436.618949744092,bench_rlam_3_reg
344.2366,344.2409,0.004300000000000637,10423.50579518457,bench_rlam_3_reg
344.4411,344.4454,0.004300000000000637,10414.216697686188,bench_rlam_3_reg
344.6456,344.6499,0.004300000000000637,10434.218002483252,bench_rlam_3_reg
344.8501,344.8544,0.004300000000000637,10454.133069147696,bench_rlam_3_reg
345.0546,345.05892,0.004320000000006985,10483.64100281998,bench_rlam_3_reg
345.2591,345.26342,0.004320000000006985,10474.433114308675,bench_rlam_3_reg
345.4636,345.46792,0.004320000000006985,10491.440999354898,bench_rlam_3_reg
345.66812,345.67242,0.004300000000000637,10436.02253312177,bench_rlam_3_reg
345.87262,345.87692,0.004300000000000637,10428.11056833454,bench_rlam_3_reg
346.07712,346.08142,0.004300000000000637,10442.99602276872,bench_rlam_3_reg
346.28162,346.28592,0.004300000000000637,10426.057281451,bench_rlam_3_reg
346.48612,346.49042,0.004299999999943793,10439.748850023307,bench_rlam_3_reg
346.69062,346.69492,0.004300000000000637,10428.718160813762,bench_rlam_3_reg
346.89512,346.89942,0.004300000000000637,10433.724995220018,bench_rlam_3_reg
347.09962,347.10394,0.004320000000006985,10484.24667445778,bench_rlam_3_reg
347.30412,347.30844,0.004320000000006985,10505.461797595879,bench_rlam_3_reg
347.50864,347.51294,0.004300000000000637,10430.102825616344,bench_rlam_3_reg
347.71314,347.71744,0.004300000000000637,10430.823352645533,bench_rlam_3_reg
347.91764,347.92194,0.004300000000000637,10439.155274073397,bench_rlam_3_reg
348.12214,348.12646,0.004320000000006985,10477.799829118532,bench_rlam_3_reg
348.32666,348.33096,0.004300000000000637,10430.68238999899,bench_rlam_3_reg
348.53116,348.53548,0.004320000000006985,10487.342239377745,bench_rlam_3_reg
348.73566,348.73998,0.004320000000006985,10476.407529813318,bench_rlam_3_reg
348.94018,348.94448,0.004300000000000637,10434.233585837424,bench_rlam_3_reg
349.14468,349.14898,0.004300000000000637,10426.228651784466,bench_rlam_3_reg
349.34918,349.35348,0.004300000000000637,10425.981380997611,bench_rlam_3_reg
349.55368,349.55798,0.004300000000000637,10416.565928619071,bench_rlam_3_reg
349.75818,349.76248,0.004300000000000637,10420.356437110593,bench_rlam_3_reg
349.96268,349.96698,0.004300000000000637,10423.007549272277,bench_rlam_3_reg
350.16718,350.17148,0.004300000000000637,10440.01661707328,bench_rlam_3_reg
350.37168,350.37598,0.004300000000000637,10411.166853716908,bench_rlam_3_reg
350.57618,350.58048,0.004300000000000637,10440.471854502948,bench_rlam_3_reg
350.78068,350.78498,0.004300000000000637,10426.732974577506,bench_rlam_3_reg
350.98518,350.9895,0.004320000000006985,10476.685634363534,bench_rlam_3_reg
351.18968,351.194,0.004320000000006985,10481.210802690177,bench_rlam_3_reg
351.39418,351.39848,0.004300000000000637,10419.904673473775,bench_rlam_3_reg
351.59868,351.60298,0.004300000000000637,10435.896259732457,bench_rlam_3_reg
351.80318,351.80748,0.004300000000000637,10417.600846854088,bench_rlam_3_reg
352.00768,352.01198,0.004300000000000637,10415.639919235826,bench_rlam_3_reg
352.21218,352.21648,0.004300000000000637,10427.160335251989,bench_rlam_3_reg
352.41668,352.42098,0.004300000000000637,10419.2783916454,bench_rlam_3_reg
352.62118,352.62548,0.004300000000000637,10420.403380421985,bench_rlam_3_reg
352.82568,352.82998,0.004300000000000637,10418.918444790552,bench_rlam_3_reg
353.03016,353.03448,0.0043199999999501415,10475.294785429312,bench_rlam_3_reg
353.23466,353.23896,0.004300000000000637,10430.111614978216,bench_rlam_3_reg
353.43914,353.44344,0.004300000000000637,10419.640531769246,bench_rlam_3_reg
353.64362,353.64794,0.004320000000006985,10463.645404696359,bench_rlam_3_reg
353.84812,353.85244,0.004320000000006985,10472.46000731748,bench_rlam_3_reg
354.05262,354.05692,0.004300000000000637,10423.806163027994,bench_rlam_3_reg
354.2571,354.26142,0.004320000000006985,10471.488223441545,bench_rlam_3_reg
354.4616,354.4659,0.004300000000000637,10439.92289343259,bench_rlam_3_reg
354.66608,354.6704,0.0043199999999501415,10478.514507267037,bench_rlam_3_reg
354.87058,354.8749,0.004320000000006985,10468.599642631134,bench_rlam_3_reg
355.07508,355.07938,0.004300000000000637,10422.574453987578,bench_rlam_3_reg
355.27958,355.2839,0.004320000000006985,10485.11309084699,bench_rlam_3_reg
355.48408,355.4884,0.004320000000006985,10467.688699734677,bench_rlam_3_reg
355.68858,355.6929,0.004320000000006985,10478.418248258851,bench_rlam_3_reg
355.89308,355.8974,0.004320000000006985,10478.715221420169,bench_rlam_3_reg
356.09758,356.1019,0.004320000000006985,10476.409741705995,bench_rlam_3_reg
356.30208,356.30638,0.004300000000000637,10403.669041129462,bench_rlam_3_reg
356.50658,356.51088,0.004300000000000637,10404.129903774312,bench_rlam_3_reg
356.71108,356.71538,0.004300000000000637,10415.428110876022,bench_rlam_3_reg
356.91558,356.91988,0.004300000000000637,10415.914272900725,bench_rlam_3_reg
357.12008,357.12438,0.004300000000000637,10425.990188967695,bench_rlam_3_reg
357.32458,357.32888,0.004300000000000637,10396.898642621345,bench_rlam_3_reg
357.52908,357.53338,0.004300000000000637,10423.391161007086,bench_rlam_3_reg
357.73358,357.73788,0.004300000000000637,10413.220366451977,bench_rlam_3_reg
357.93808,357.94238,0.004300000000000637,10415.415298191023,bench_rlam_3_reg
358.14258,358.14688,0.004300000000000637,10433.503645465647,bench_rlam_3_reg
358.34706,358.35138,0.004320000000006985,10477.068810747433,bench_rlam_3_reg
358.55156,358.55588,0.004320000000006985,10478.376899869805,bench_rlam_3_reg
358.75606,358.76036,0.004300000000000637,10422.658962207175,bench_rlam_3_reg
358.96056,358.96486,0.004300000000000637,10414.150564479902,bench_rlam_3_reg
359.16504,359.16936,0.004320000000006985,10477.771034961475,bench_rlam_3_reg
359.36954,359.37384,0.004300000000000637,10414.015806760563,bench_rlam_3_reg
359.57404,359.57898,0.004939999999976408,11683.761014052385,bench_rlam_4_reg
359.77916,359.78408,0.004920000000026903,11639.714853441621,bench_rlam_4_reg
359.98428,359.9892,0.0049199999999700594,11640.017572707988,bench_rlam_4_reg
360.1894,360.19432,0.004920000000026903,11638.103979709269,bench_rlam_4_reg
360.3945,360.39944,0.004940000000033251,11697.632668153743,bench_rlam_4_reg
360.59962,360.60456,0.004939999999976408,11686.86095385365,bench_rlam_4_reg
360.80474,360.80968,0.004940000000033251,11698.747875725123,bench_rlam_4_reg
361.00986,361.0148,0.004939999999976408,11708.865615013143,bench_rlam_4_reg
361.21498,361.21992,0.004939999999976408,11698.323797820203,bench_rlam_4_reg
361.4201,361.42504,0.004940000000033251,11697.616451507696,bench_rlam_4_reg
361.62522,361.63016,0.004939999999976408,11684.26905053541,bench_rlam_4_reg
361.83034,361.83528,0.004940000000033251,11692.571947448967,bench_rlam_4_reg
362.03548,362.04042,0.004939999999976408,11678.48792387072,bench_rlam_4_reg
362.2406,362.24554,0.004940000000033251,11692.712139433275,bench_rlam_4_reg
362.44574,362.45068,0.004939999999976408,11699.587546696237,bench_rlam_4_reg
362.65086,362.6558,0.004939999999976408,11703.025551895576,bench_rlam_4_reg
362.856,362.86094,0.004940000000033251,11681.471560241403,bench_rlam_4_reg
363.06112,363.06606,0.004939999999976408,11683.718068448927,bench_rlam_4_reg
363.26624,363.27118,0.004940000000033251,11691.004964613161,bench_rlam_4_reg
363.47138,363.47632,0.004939999999976408,11691.072462063528,bench_rlam_4_reg
363.6765,363.68144,0.004940000000033251,11691.644000917444,bench_rlam_4_reg
363.88164,363.88658,0.004939999999976408,11680.277355424478,bench_rlam_4_reg
364.08676,364.0917,0.004939999999976408,11692.14111045978,bench_rlam_4_reg
364.2919,364.29682,0.004920000000026903,11625.755869385031,bench_rlam_4_reg
364.49702,364.50196,0.004939999999976408,11685.206557083151,bench_rlam_4_reg
364.70216,364.70708,0.004920000000026903,11643.304906391497,bench_rlam_4_reg
364.90728,364.91222,0.004939999999976408,11695.958545834099,bench_rlam_4_reg
365.11242,365.11734,0.004920000000026903,11622.368327877182,bench_rlam_4_reg
365.31754,365.32248,0.004939999999976408,11695.4201179844,bench_rlam_4_reg
365.52266,365.5276,0.004940000000033251,11689.144435889948,bench_rlam_4_reg
365.7278,365.73272,0.0049199999999700594,11625.923446773566,bench_rlam_4_reg
365.93292,365.93786,0.004939999999976408,11690.533601125611,bench_rlam_4_reg
366.13806,366.143,0.004939999999976408,11681.075193869721,bench_rlam_4_reg
366.34318,366.34812,0.004939999999976408,11688.624441088059,bench_rlam_4_reg
366.54832,366.55324,0.004920000000026903,11640.934182873487,bench_rlam_4_reg
366.75344,366.75838,0.004939999999976408,11705.404661992721,bench_rlam_4_reg
366.95858,366.9635,0.004920000000026903,11637.271267900385,bench_rlam_4_reg
367.1637,367.16864,0.004939999999976408,11690.984780375898,bench_rlam_4_reg
367.36884,367.37378,0.004940000000033251,11689.768128663938,bench_rlam_4_reg
367.57396,367.5789,0.004939999999976408,11684.49583690743,bench_rlam_4_reg
367.7791,367.78404,0.004939999999976408,11676.617201805551,bench_rlam_4_reg
367.98422,367.98916,0.004940000000033251,11681.841851759773,bench_rlam_4_reg
368.18934,368.19428,0.004939999999976408,11691.042382666723,bench_rlam_4_reg
368.39448,368.39942,0.004940000000033251,11678.529703148628,bench_rlam_4_reg
368.59962,368.60456,0.004939999999976408,11682.306053044143,bench_rlam_4_reg
368.80474,368.80968,0.004940000000033251,11706.178085968759,bench_rlam_4_reg
369.00988,369.01482,0.004939999999976408,11685.229362852511,bench_rlam_4_reg
369.215,369.21994,0.004940000000033251,11688.748444518233,bench_rlam_4_reg
369.42014,369.42506,0.0049199999999700594,11643.576794231221,bench_rlam_4_reg
369.62526,369.6302,0.004939999999976408,11706.696194506329,bench_rlam_4_reg
369.8304,369.83534,0.004939999999976408,11679.499964179528,bench_rlam_4_reg
370.03552,370.04044,0.0049199999999700594,11652.022818952146,bench_rlam_4_reg
370.24064,370.24556,0.004920000000026903,11658.950990605868,bench_rlam_4_reg
370.44576,370.4507,0.004939999999976408,11681.473990842855,bench_rlam_4_reg
370.65088,370.65582,0.004940000000033251,11690.016375020086,bench_rlam_4_reg
370.856,370.86094,0.004940000000033251,11692.56636183439,bench_rlam_4_reg
371.06114,371.06608,0.004939999999976408,11696.969785172212,bench_rlam_4_reg
371.26626,371.2712,0.004940000000033251,11708.779842685468,bench_rlam_4_reg
371.47138,371.47632,0.004939999999976408,11705.083006466473,bench_rlam_4_reg
371.67652,371.68146,0.004940000000033251,11685.610048093316,bench_rlam_4_reg
371.88164,371.88658,0.004939999999976408,11690.312407382633,bench_rlam_4_reg
372.08676,372.0917,0.004939999999976408,11685.34776653046,bench_rlam_4_reg
372.29188,372.29682,0.004940000000033251,11681.17208414795,bench_rlam_4_reg
372.497,372.50194,0.004939999999976408,11697.292821419182,bench_rlam_4_reg
372.70212,372.70706,0.004940000000033251,11681.085359396795,bench_rlam_4_reg
372.90726,372.9122,0.004939999999976408,11675.784129121686,bench_rlam_4_reg
373.11238,373.11732,0.004940000000033251,11691.953179054006,bench_rlam_4_reg
373.3175,373.32244,0.004939999999976408,11700.789476692746,bench_rlam_4_reg
373.52262,373.52756,0.004939999999976408,11689.126298226223,bench_rlam_4_reg
373.72774,373.73268,0.004940000000033251,11662.94283708608,bench_rlam_4_reg
373.93286,373.9378,0.004939999999976408,11697.959478421739,bench_rlam_4_reg
374.13798,374.14292,0.004939999999976408,11699.271439487275,bench_rlam_4_reg
374.3431,374.34804,0.004940000000033251,11687.26414218181,bench_rlam_4_reg
374.54822,374.55316,0.004939999999976408,11702.518078893241,bench_rlam_4_reg
374.75334,374.75828,0.004940000000033251,11697.295974100396,bench_rlam_4_reg
374.95848,374.9634,0.0049199999999700594,11644.224361448156,bench_rlam_4_reg
375.16358,375.16852,0.004939999999976408,11714.632059364783,bench_rlam_4_reg
375.3687,375.37364,0.004940000000033251,11704.680898781804,bench_rlam_4_reg
375.57382,375.57876,0.004939999999976408,11685.93295377515,bench_rlam_4_reg
375.77896,375.78388,0.004920000000026903,11629.208293818117,bench_rlam_4_reg
375.98408,375.98902,0.004939999999976408,11696.01877912907,bench_rlam_4_reg
376.18922,376.19416,0.004940000000033251,11686.547782831472,bench_rlam_4_reg
376.39436,376.39928,0.0049199999999700594,11619.374786896275,bench_rlam_4_reg
376.59948,376.60442,0.004939999999976408,11705.593343270077,bench_rlam_4_reg
376.80462,376.80956,0.004939999999976408,11688.667330841185,bench_rlam_4_reg
377.00976,377.0147,0.004939999999976408,11691.674971868124,bench_rlam_4_reg
377.21488,377.21982,0.004940000000033251,11688.237944704244,bench_rlam_4_reg
377.42002,377.42496,0.004939999999976408,11697.626758755196,bench_rlam_4_reg
377.62514,377.63008,0.004940000000033251,11695.643297951594,bench_rlam_4_reg
377.83028,377.83522,0.004939999999976408,11701.825237765846,bench_rlam_4_reg
378.0354,378.04034,0.004940000000033251,11703.570981134957,bench_rlam_4_reg
378.24054,378.24548,0.004939999999976408,11674.130014079215,bench_rlam_4_reg
378.44566,378.4506,0.004940000000033251,11690.635185319858,bench_rlam_4_reg
378.65078,378.65572,0.004939999999976408,11691.045744755904,bench_rlam_4_reg
378.85592,378.86084,0.0049199999999700594,11629.635505277533,bench_rlam_4_reg
379.06104,379.06598,0.004940000000033251,11679.982636211753,bench_rlam_4_reg
379.26616,379.2711,0.004939999999976408,11687.689633046706,bench_rlam_4_reg
379.47128,379.47622,0.004940000000033251,11694.960240363123,bench_rlam_4_reg
379.67642,379.68136,0.004939999999976408,11679.48307929176,bench_rlam_4_reg
379.88154,379.88648,0.004940000000033251,11697.791090797886,bench_rlam_4_reg
380.08668,380.09274,0.0060599999999908505,15848.6764668199,bench_jge_not_taken
380.29294,380.299,0.0060599999999908505,15839.87128918909,bench_jge_not_taken
380.49918,380.50524,0.0060599999999908505,15861.658446907064,bench_jge_not_taken
380.70544,380.7115,0.0060599999999908505,15840.451435620376,bench_jge_not_taken
380.91168,380.91774,0.0060599999999908505,15846.166508257971,bench_jge_not_taken
381.11794,381.124,0.006060000000047694,15844.15880977718,bench_jge_not_taken
381.32418,381.33024,0.0060599999999908505,15838.590860345137,bench_jge_not_taken
381.53044,381.5365,0.0060599999999908505,15838.823304484462,bench_jge_not_taken
381.73668,381.74274,0.006060000000047694,15842.962113808018,bench_jge_not_taken
381.94294,381.949,0.0060599999999908505,15828.648258434934,bench_jge_not_taken
382.1492,382.15526,0.0060599999999908505,15829.908025892622,bench_jge_not_taken
382.35544,382.3615,0.0060599999999908505,15834.415783153801,bench_jge_not_taken
382.5617,382.56776,0.006060000000047694,15827.063883328683,bench_jge_not_taken
382.76796,382.774,0.006039999999984502,15787.86359163014,bench_jge_not_taken
382.9742,382.98026,0.0060599999999908505,15841.032953441489,bench_jge_not_taken
383.18046,383.18652,0.0060599999999908505,15822.678375976137,bench_jge_not_taken
383.3867,383.39276,0.0060599999999908505,15847.144734547832,bench_jge_not_taken
383.59296,383.59902,0.0060599999999908505,15829.06680877571,bench_jge_not_taken
383.7992,383.80526,0.0060599999999908505,15830.630029076445,bench_jge_not_taken
384.00546,384.01152,0.0060599999999908505,15835.176340721857,bench_jge_not_taken
384.2117,384.21776,0.0060599999999908505,15849.314797649713,bench_jge_not_taken
384.41796,384.42402,0.0060599999999908505,15833.964727336586,bench_jge_not_taken
384.6242,384.63026,0.006060000000047694,15824.652759027884,bench_jge_not_taken
384.83046,384.83652,0.0060599999999908505,15838.061538495931,bench_jge_not_taken
385.0367,385.04276,0.0060599999999908505,15837.568207623386,bench_jge_not_taken
385.24294,385.249,0.006060000000047694,15828.536022585287,bench_jge_not_taken
385.4492,385.45526,0.0060599999999908505,15842.36942460943,bench_jge_not_taken
385.65544,385.6615,0.0060599999999908505,15844.860575146049,bench_jge_not_taken
385.8617,385.86776,0.0060599999999908505,15828.333159423864,bench_jge_not_taken
386.06796,386.07402,0.0060599999999908505,15822.96957257666,bench_jge_not_taken
386.2742,386.28026,0.0060599999999908505,15834.7136457197,bench_jge_not_taken
386.48046,386.48652,0.0060599999999908505,15822.465929644244,bench_jge_not_taken
386.68672,386.69278,0.006060000000047694,15849.103415516971,bench_jge_not_taken
386.89298,386.89904,0.0060599999999908505,15827.16044733095,bench_jge_not_taken
387.09922,387.10528,0.0060599999999908505,15837.160765640469,bench_jge_not_taken
387.30548,387.31154,0.0060599999999908505,15840.011055099656,bench_jge_not_taken
387.51172,387.51778,0.0060599999999908505,15830.532882782994,bench_jge_not_taken
387.71798,387.72402,0.006039999999984502,15762.448122215237,bench_jge_not_taken
387.92422,387.93028,0.0060599999999908505,15833.773987823351,bench_jge_not_taken
388.13046,388.13652,0.0060599999999908505,15828.687946730228,bench_jge_not_taken
388.33672,388.34278,0.0060599999999908505,15820.77914379629,bench_jge_not_taken
388.54298,388.54904,0.0060599999999908505,15813.839940797448,bench_jge_not_taken
388.74922,388.75528,0.006060000000047694,15838.692302484504,bench_jge_not_taken
388.95548,388.96154,0.0060599999999908505,15819.626613476743,bench_jge_not_taken
389.16172,389.16778,0.0060599999999908505,15846.608420820863,bench_jge_not_taken
389.36798,389.37404,0.0060599999999908505,15843.802760337967,bench_jge_not_taken
389.57424,389.5803,0.006060000000047694,15829.377090687622,bench_jge_not_taken
389.7805,389.78656,0.0060599999999908505,15822.39520732618,bench_jge_not_taken
389.98674,389.9928,0.0060599999999908505,15830.976793060501,bench_jge_not_taken
390.193,390.19906,0.0060599999999908505,15816.286045578527,bench_jge_not_taken
390.39926,390.40532,0.0060599999999908505,15807.638447685182,bench_jge_not_taken
390.60552,390.61158,0.0060599999999908505,15823.386597893737,bench_jge_not_taken
390.81176,390.81782,0.0060599999999908505,15828.14017076536,bench_jge_not_taken
391.01802,391.02408,0.006060000000047694,15838.355634027435,bench_jge_not_taken
391.22428,391.23034,0.0060599999999908505,15826.418939937694,bench_jge_not_taken
391.43054,391.4366,0.0060599999999908505,15834.328893084643,bench_jge_not_taken
391.63678,391.64284,0.0060599999999908505,15824.022351274318,bench_jge_not_taken
391.84304,391.8491,0.006060000000047694,15821.216020391566,bench_jge_not_taken
392.0493,392.05536,0.0060599999999908505,15835.126121495026,bench_jge_not_taken
392.25554,392.2616,0.0060599999999908505,15834.910033721368,bench_jge_not_taken
392.4618,392.46786,0.0060599999999908505,15814.748629905196,bench_jge_not_taken
392.66804,392.6741,0.0060599999999908505,15836.72169126061,bench_jge_not_taken
392.8743,392.88036,0.0060599999999908505,15822.38322587011,bench_jge_not_taken
393.08056,393.08662,0.0060599999999908505,15819.079417243804,bench_jge_not_taken
393.28682,393.29288,0.006060000000047694,15837.959626351521,bench_jge_not_taken
393.49306,393.49912,0.0060599999999908505,15819.838824646637,bench_jge_not_taken
393.6993,393.70536,0.0060599999999908505,15846.253514735412,bench_jge_not_taken
393.90556,393.91162,0.006060000000047694,15846.451439550985,bench_jge_not_taken
394.1118,394.11786,0.0060599999999908505,15822.671044111888,bench_jge_not_taken
394.31806,394.32412,0.0060599999999908505,15836.599466844013,bench_jge_not_taken
394.52432,394.53038,0.0060599999999908505,15812.921505403583,bench_jge_not_taken
394.73056,394.73662,0.0060599999999908505,15828.244397377703,bench_jge_not_taken
394.93682,394.94286,0.006039999999984502,15757.538517892664,bench_jge_not_taken
395.14306,395.14912,0.0060599999999908505,15831.883850026361,bench_jge_not_taken
395.3493,395.35536,0.0060599999999908505,15839.811933642555,bench_jge_not_taken
395.55556,395.56162,0.0060599999999908505,15823.079573428919,bench_jge_not_taken
395.76182,395.76788,0.0060599999999908505,15810.783870960078,bench_jge_not_taken
395.96806,395.97412,0.006060000000047694,15837.426490755584,bench_jge_not_taken
396.17432,396.18038,0.0060599999999908505,15844.105083912973,bench_jge_not_taken
396.38056,396.38662,0.0060599999999908505,15835.273680256028,bench_jge_not_taken
396.5868,396.59286,0.0060599999999908505,15842.369601579941,bench_jge_not_taken
396.79306,396.79912,0.0060599999999908505,15834.551169499571,bench_jge_not_taken
396.99932,397.00538,0.0060599999999908505,15830.469096515615,bench_jge_not_taken
397.20556,397.21162,0.0060599999999908505,15847.845510560084,bench_jge_not_taken
397.4118,397.41786,0.0060599999999908505,15823.240107814521,bench_jge_not_taken
397.61806,397.62412,0.0060599999999908505,15843.18580568366,bench_jge_not_taken
397.82432,397.83038,0.0060599999999908505,15822.451750260378,bench_jge_not_taken
398.03056,398.03662,0.006060000000047694,15844.218307317715,bench_jge_not_taken
398.23682,398.24288,0.0060599999999908505,15835.677466775423,bench_jge_not_taken
398.44306,398.44912,0.0060599999999908505,15846.149760743267,bench_jge_not_taken
398.64932,398.65536,0.006039999999984502,15783.082512174662,bench_jge_not_taken
398.85556,398.86162,0.0060599999999908505,15834.846657195172,bench_jge_not_taken
399.0618,399.06786,0.0060599999999908505,15844.024068191755,bench_jge_not_taken
399.26806,399.27412,0.0060599999999908505,15830.944837051791,bench_jge_not_taken
399.4743,399.48036,0.0060599999999908505,15846.11147171828,bench_jge_not_taken
399.68056,399.68662,0.0060599999999908505,15825.36109486834,bench_jge_not_taken
399.8868,399.89286,0.0060599999999908505,15851.746280657771,bench_jge_not_taken
400.09306,400.09912,0.006060000000047694,15851.431333125529,bench_jge_not_taken
400.2993,400.30536,0.0060599999999908505,15836.294831197818,bench_jge_not_taken
400.50554,400.5116,0.0060599999999908505,15845.749608690534,bench_jge_not_taken
400.7118,400.71786,0.0060599999999908505,15921.151321367633,bench_jge_taken
400.91804,400.9241,0.0060599999999908505,15927.260869604543,bench_jge_taken
401.1243,401.13036,0.0060599999999908505,15897.523239236069,bench_jge_taken
401.33054,401.3366,0.0060599999999908505,15906.418636418455,bench_jge_taken
401.5368,401.54286,0.0060599999999908505,15900.286114734301,bench_jge_taken
401.74304,401.7491,0.0060599999999908505,15914.522872745742,bench_jge_taken
401.9493,401.95536,0.0060599999999908505,15905.342106691778,bench_jge_taken
402.15554,402.1616,0.006060000000047694,15928.609729876138,bench_jge_taken
402.3618,402.36786,0.0060599999999908505,15914.502912162317,bench_jge_taken
402.56804,402.5741,0.0060599999999908505,15926.041812618383,bench_jge_taken
402.7743,402.78036,0.0060599999999908505,15915.594759843676,bench_jge_taken
402.98054,402.9866,0.0060599999999908505,15917.126552622714,bench_jge_taken
403.1868,403.19286,0.0060599999999908505,15911.743277655052,bench_jge_taken
403.39306,403.39912,0.0060599999999908505,15904.859181009831,bench_jge_taken
403.5993,403.60536,0.0060599999999908505,15926.572305576847,bench_jge_taken
403.80556,403.81162,0.0060599999999908505,15924.726705970808,bench_jge_taken
404.01182,404.01788,0.0060599999999908505,15925.487147155738,bench_jge_taken
404.21808,404.22414,0.0060599999999908505,15918.836360776986,bench_jge_taken
404.42434,404.4304,0.006060000000047694,15911.661649723303,bench_jge_taken
404.63058,404.63664,0.0060599999999908505,15926.602680676486,bench_jge_taken
404.83684,404.8429,0.0060599999999908505,15924.348118704811,bench_jge_taken
405.04308,405.04914,0.006060000000047694,15911.37766851726,bench_jge_taken
405.24934,405.2554,0.0060599999999908505,15929.83517326328,bench_jge_taken
405.4556,405.46166,0.0060599999999908505,15915.502221295315,bench_jge_taken
405.66186,405.66792,0.0060599999999908505,15920.165874974125,bench_jge_taken
405.8681,405.87416,0.0060599999999908505,15946.980006950384,bench_jge_taken
406.07436,406.08042,0.0060599999999908505,15935.627510744464,bench_jge_taken
406.28062,406.28668,0.0060599999999908505,15919.834054050767,bench_jge_taken
406.48688,406.49294,0.0060599999999908505,15936.861359499864,bench_jge_taken
406.69312,406.69918,0.0060599999999908505,15923.813844534716,bench_jge_taken
406.89938,406.90544,0.0060599999999908505,15942.77327645097,bench_jge_taken
407.10564,407.1117,0.0060599999999908505,15928.969262147175,bench_jge_taken
407.3119,407.31796,0.006060000000047694,15937.374087656763,bench_jge_taken
407.51816,407.5242,0.006039999999984502,15889.14846994832,bench_jge_taken
407.7244,407.73046,0.0060599999999908505,15928.677103926379,bench_jge_taken
407.93066,407.93672,0.0060599999999908505,15923.20114139735,bench_jge_taken
408.1369,408.14296,0.0060599999999908505,15939.702540593362,bench_jge_taken
408.34316,408.34922,0.0060599999999908505,15926.990704588177,bench_jge_taken
408.54942,408.55548,0.0060599999999908505,15939.791034887985,bench_jge_taken
408.7557,408.76174,0.006039999999984502,15876.522648585224,bench_jge_taken
408.96196,408.96802,0.006060000000047694,15930.880746009634,bench_jge_taken
409.16822,409.17428,0.0060599999999908505,15943.483242263563,bench_jge_taken
409.37448,409.38054,0.0060599999999908505,15949.281484328549,bench_jge_taken
409.58074,409.5868,0.0060599999999908505,15938.122533242311,bench_jge_taken
409.78702,409.79308,0.0060599999999908505,15935.758484980419,bench_jge_taken
409.99328,409.99934,0.0060599999999908505,15939.256683883523,bench_jge_taken
410.19954,410.2056,0.0060599999999908505,15938.343820130864,bench_jge_taken
410.4058,410.41186,0.0060599999999908505,15933.341414188406,bench_jge_taken
410.61204,410.6181,0.006060000000047694,15950.242816598098,bench_jge_taken
410.8183,410.82436,0.0060599999999908505,15951.154178434068,bench_jge_taken
411.02456,411.03062,0.0060599999999908505,15933.641539862627,bench_jge_taken
411.23082,411.23688,0.0060599999999908505,15922.060068670951,bench_jge_taken
411.43708,411.44314,0.006060000000047694,15949.780901555858,bench_jge_taken
411.64334,411.64938,0.006039999999984502,15875.739108250362,bench_jge_taken
411.84958,411.85564,0.0060599999999908505,15945.837979643837,bench_jge_taken
412.05584,412.0619,0.0060599999999908505,15951.463161024703,bench_jge_taken
412.2621,412.26816,0.006060000000047694,15936.298431032352,bench_jge_taken
412.46834,412.4744,0.0060599999999908505,15942.983692484657,bench_jge_taken
412.6746,412.68066,0.0060599999999908505,15949.320385670197,bench_jge_taken
412.88086,412.88692,0.0060599999999908505,15947.476336716569,bench_jge_taken
413.08712,413.09318,0.0060599999999908505,15954.965776718773,bench_jge_taken
413.29336,413.29942,0.0060599999999908505,15953.21038269821,bench_jge_taken
413.49962,413.50568,0.0060599999999908505,15960.021167976338,bench_jge_taken
413.70588,413.71194,0.006060000000047694,15954.843433710234,bench_jge_taken
413.91212,413.91818,0.0060599999999908505,15962.360561782969,bench_jge_taken
414.11836,414.12442,0.0060599999999908505,15961.788059196711,bench_jge_taken
414.32462,414.33068,0.0060599999999908505,15946.059625119691,bench_jge_taken
414.53088,414.53694,0.0060599999999908505,15937.203923199242,bench_jge_taken
414.73714,414.7432,0.0060599999999908505,15944.433095837969,bench_jge_taken
414.94338,414.94944,0.0060599999999908505,15957.138461499459,bench_jge_taken
415.14964,415.1557,0.006060000000047694,15942.288383515925,bench_jge_taken
415.35588,415.36194,0.0060599999999908505,15935.220224751198,bench_jge_taken
415.56212,415.56818,0.0060599999999908505,15956.271179007435,bench_jge_taken
415.76838,415.77444,0.006060000000047694,15967.850196312846,bench_jge_taken
415.97464,415.9807,0.0060599999999908505,15938.682516531955,bench_jge_taken
416.18088,416.18694,0.0060599999999908505,15971.149639204501,bench_jge_taken
416.38712,416.39318,0.0060599999999908505,15954.040654448412,bench_jge_taken
416.59336,416.59942,0.0060599999999908505,15949.974812064991,bench_jge_taken
416.79962,416.80568,0.0060599999999908505,15959.838384276169,bench_jge_taken
417.00586,417.01192,0.0060599999999908505,15954.692412621393,bench_jge_taken
417.21212,417.21818,0.0060599999999908505,15962.15248802883,bench_jge_taken
417.41836,417.42442,0.0060599999999908505,15957.152631569868,bench_jge_taken
417.6246,417.63066,0.0060599999999908505,15961.046486621344,bench_jge_taken
417.83086,417.83692,0.006060000000047694,15954.290314248285,bench_jge_taken
418.03712,418.04318,0.0060599999999908505,15961.344817152874,bench_jge_taken
418.24336,418.24942,0.0060599999999908505,15945.355130812957,bench_jge_taken
418.44962,418.45568,0.0060599999999908505,15971.583097699038,bench_jge_taken
418.65586,418.66192,0.0060599999999908505,15959.041970739303,bench_jge_taken
418.86212,418.86818,0.0060599999999908505,15973.683982128787,bench_jge_taken
419.06836,419.07442,0.0060599999999908505,15975.569966246247,bench_jge_taken
419.27462,419.28068,0.0060599999999908505,15964.47776533221,bench_jge_taken
419.48086,419.48692,0.0060599999999908505,15949.872839235302,bench_jge_taken
419.68712,419.69318,0.0060599999999908505,15958.717521256127,bench_jge_taken
419.89338,419.89942,0.006040000000041346,15886.797867834885,bench_jge_taken
420.09962,420.10568,0.0060599999999908505,15956.325130495014,bench_jge_taken
420.30588,420.31194,0.0060599999999908505,15957.356356059674,bench_jge_taken
420.51214,420.5182,0.0060599999999908505,15956.148209501991,bench_jge_taken
420.7184,420.72446,0.006060000000047694,15958.092496866035,bench_jge_taken
420.92468,420.93074,0.0060599999999908505,15934.626795310383,bench_jge_taken
421.13094,421.137,0.0060599999999908505,15962.830467580541,bench_jge_taken
421.3372,421.34086,0.0036600000000248656,9320.887534481126,bench_jmp
421.54106,421.54472,0.003659999999968022,9321.987507768257,bench_jmp
421.74492,421.74856,0.0036400000000185173,9259.794084411751,bench_jmp
421.94876,421.95242,0.0036600000000248656,9337.638067150594,bench_jmp
422.1526,422.15626,0.003659999999968022,9326.64059792324,bench_jmp
422.35646,422.36012,0.003659999999968022,9322.077801818332,bench_jmp
422.56032,422.56396,0.0036400000000185173,9252.495144078552,bench_jmp
422.76416,422.76782,0.003659999999968022,9338.970149318293,bench_jmp
422.96802,422.97168,0.003659999999968022,9345.640337456904,bench_jmp
423.17188,423.17554,0.0036600000000248656,9314.82598891204,bench_jmp
423.37574,423.37938,0.0036400000000185173,9264.485100325073,bench_jmp
423.57958,423.58324,0.003659999999968022,9335.509948342427,bench_jmp
423.78344,423.7871,0.0036600000000248656,9335.69324443091,bench_jmp
423.9873,423.99096,0.003659999999968022,9334.491731047123,bench_jmp
424.19118,424.19482,0.0036400000000185173,9260.566672366836,bench_jmp
424.39504,424.39868,0.0036400000000185173,9267.624602709364,bench_jmp
424.5989,424.60256,0.003659999999968022,9320.451216681728,bench_jmp
424.80276,424.80642,0.0036600000000248656,9304.778731974064,bench_jmp
425.00662,425.01028,0.0036600000000248656,9335.572985065957,bench_jmp
425.21048,425.21412,0.003639999999961674,9261.370696944346,bench_jmp
425.41434,425.41798,0.0036400000000185173,9256.469514281678,bench_jmp
425.61818,425.62184,0.0036600000000248656,9329.42024206158,bench_jmp
425.82204,425.8257,0.003659999999968022,9314.840482455205,bench_jmp
426.0259,426.02956,0.0036600000000248656,9322.941578075297,bench_jmp
426.22976,426.23342,0.0036600000000248656,9319.683443823227,bench_jmp
426.43362,426.43728,0.003659999999968022,9324.83850735628,bench_jmp
426.63748,426.64112,0.0036400000000185173,9269.309055587599,bench_jmp
426.84132,426.84498,0.0036600000000248656,9323.51055095952,bench_jmp
427.04518,427.04884,0.003659999999968022,9318.950904900074,bench_jmp
427.24904,427.2527,0.0036600000000248656,9318.273777677847,bench_jmp
427.4529,427.45656,0.0036600000000248656,9315.09869178846,bench_jmp
427.65676,427.66042,0.003659999999968022,9318.313326129593,bench_jmp
427.86062,427.86428,0.0036600000000248656,9301.61134114505,bench_jmp
428.06446,428.06812,0.0036600000000248656,9324.704024543042,bench_jmp
428.26832,428.27196,0.003639999999961674,9265.425305236467,bench_jmp
428.47216,428.4758,0.0036400000000185173,9268.611995561872,bench_jmp
428.676,428.67966,0.0036600000000248656,9317.407265846043,bench_jmp
428.87984,428.8835,0.0036600000000248656,9309.172912097558,bench_jmp
429.08368,429.08732,0.003639999999961674,9267.083799828688,bench_jmp
429.28752,429.29118,0.0036600000000248656,9309.720581010759,bench_jmp
429.49136,429.49502,0.0036600000000248656,9316.910714914322,bench_jmp
429.6952,429.69886,0.0036600000000248656,9313.655709910545,bench_jmp
429.89904,429.9027,0.003659999999968022,9317.968650634759,bench_jmp
430.1029,430.10654,0.0036400000000185173,9258.942932418187,bench_jmp
430.30674,430.3104,0.0036600000000248656,9307.577502982416,bench_jmp
430.51058,430.51424,0.003659999999968022,9327.72778664366,bench_jmp
430.71444,430.7181,0.003659999999968022,9314.716609560292,bench_jmp
430.91828,430.92194,0.0036600000000248656,9321.546827057517,bench_jmp
431.12214,431.12578,0.0036400000000185173,9245.757390789984,bench_jmp
431.32598,431.32964,0.003659999999968022,9326.477798076347,bench_jmp
431.52984,431.53348,0.0036400000000185173,9256.091984048295,bench_jmp
431.73368,431.73734,0.0036600000000248656,9313.194467754396,bench_jmp
431.93752,431.94118,0.003659999999968022,9319.625170815782,bench_jmp
432.14138,432.14502,0.003639999999961674,9250.309860676529,bench_jmp
432.34522,432.34888,0.0036600000000248656,9324.542547184514,bench_jmp
432.54908,432.55272,0.0036400000000185173,9260.803051330193,bench_jmp
432.75292,432.75658,0.003659999999968022,9320.058454660297,bench_jmp
432.95678,432.96042,0.0036400000000185173,9262.569008920169,bench_jmp
433.16062,433.16428,0.0036600000000248656,9334.80585001066,bench_jmp
433.36446,433.36812,0.003659999999968022,9331.341700074203,bench_jmp
433.56832,433.57196,0.003639999999961674,9254.459431282045,bench_jmp
433.77216,433.77582,0.0036600000000248656,9304.924618996427,bench_jmp
433.976,433.97966,0.0036600000000248656,9312.230050627903,bench_jmp
434.17986,434.18352,0.003659999999968022,9310.741324348086,bench_jmp
434.3837,434.38736,0.0036600000000248656,9309.01807973502,bench_jmp
434.58754,434.5912,0.0036600000000248656,9316.782548635674,bench_jmp
434.7914,434.79506,0.003659999999968022,9313.220919483767,bench_jmp
434.99526,434.99892,0.0036600000000248656,9319.857733872243,bench_jmp
435.1991,435.20276,0.0036600000000248656,9320.743149220685,bench_jmp
435.40296,435.4066,0.0036400000000185173,9260.775493498626,bench_jmp
435.6068,435.61046,0.003659999999968022,9307.783890892973,bench_jmp
435.81064,435.8143,0.0036600000000248656,9328.16256544036,bench_jmp
436.0145,436.01814,0.0036400000000185173,9269.49161109913,bench_jmp
436.21834,436.222,0.003659999999968022,9329.002085048614,bench_jmp
436.42218,436.42584,0.003659999999968022,9315.16178641016,bench_jmp
436.62604,436.62968,0.0036400000000185173,9262.611542421857,bench_jmp
436.82988,436.83352,0.0036400000000185173,9266.764649704184,bench_jmp
437.03372,437.03738,0.003659999999968022,9316.231964531802,bench_jmp
437.23756,437.24122,0.0036600000000248656,9317.02534908441,bench_jmp
437.44142,437.44508,0.0036600000000248656,9315.453127561694,bench_jmp
437.64526,437.64892,0.003659999999968022,9313.527818224526,bench_jmp
437.84912,437.85276,0.003639999999961674,9255.275933427594,bench_jmp
438.05296,438.05662,0.0036600000000248656,9312.21048587391,bench_jmp
438.2568,438.26046,0.0036600000000248656,9329.329838578826,bench_jmp
438.46064,438.4643,0.003659999999968022,9323.838744224722,bench_jmp
438.66448,438.66814,0.003659999999968022,9319.577717588323,bench_jmp
438.86832,438.87198,0.0036600000000248656,9322.758924759699,bench_jmp
439.07216,439.07582,0.0036600000000248656,9318.877644903878,bench_jmp
439.276,439.27966,0.003659999999968022,9322.320383410346,bench_jmp
439.47986,439.48352,0.0036600000000248656,9334.660577662878,bench_jmp
439.68372,439.68738,0.0036600000000248656,9318.80344410439,bench_jmp
439.88758,439.89122,0.003639999999961674,9279.450396897486,bench_jmp
440.09142,440.09508,0.003659999999968022,9319.46077606472,bench_jmp
440.29526,440.29892,0.0036600000000248656,9329.721706531645,bench_jmp
440.49912,440.50276,0.0036400000000185173,9260.212178390853,bench_jmp
440.70296,440.70662,0.003659999999968022,9318.741322396489,bench_jmp
440.9068,440.91046,0.0036600000000248656,9312.996263692612,bench_jmp
441.11064,441.1143,0.0036600000000248656,9327.087688794154,bench_jmp
441.3145,441.31814,0.0036400000000185173,9266.92158220693,bench_jmp
441.51834,441.52198,0.003639999999961674,9269.882927072593,bench_jmp
